[2026-09-25 17:09:31.501] [default] [info] Ran from command: "/home/fh1m/Envs/dockers/auv-ros2/Ros_workspaces/mongla_ws/tools/hailo_compile.py gate_candidate --models /home/fh1m/Envs/dockers/auv-ros2/mongla_data/models --nms-score-th 0.05 --calib-frames 1024 --a16-layers conv54 --out /home/fh1m/hailo_work_gate"
[2026-09-25 17:09:31.503] [default] [info] Failed validating precision mode: precision mode is not accurate
[2026-09-25 17:09:31.503] [default] [info] Loading network parameters
[2026-09-25 17:09:31.710] [default] [info] Starting Hailo allocation and compilation flow
[2026-09-25 17:09:31.711] [default] [info] Adding an output layer after conv51
[2026-09-25 17:09:31.712] [default] [info] Adding an output layer after conv54
[2026-09-25 17:09:31.712] [default] [info] Adding an output layer after conv62
[2026-09-25 17:09:31.712] [default] [info] Adding an output layer after conv65
[2026-09-25 17:09:31.712] [default] [info] Adding an output layer after conv77
[2026-09-25 17:09:31.712] [default] [info] Adding an output layer after conv80
[2026-09-25 17:09:31.741] [default] [info] Model name: gate_candidate
[2026-09-25 17:09:31.782] [default] [info] Building optimization options for network layers...
[2026-09-25 17:09:37.300] [default] [info] Successfully built optimization options - 5s 517ms
[2026-09-25 17:09:37.310] [default] [info] Trying to compile the network in a single context
[2026-09-25 17:09:37.310] [default] [info] Trying to solve in single context
[2026-09-25 17:09:39.561] [default] [info] Single context flow failed: Recoverable single context error
[2026-09-25 17:09:39.572] [default] [info] Building optimization options for network layers...
[2026-09-25 17:09:47.557] [default] [info] Successfully built optimization options - 7s 984ms
[2026-09-25 17:09:47.557] [default] [info] Using Multi-context flow
[2026-09-25 17:09:47.557] [default] [info] Resources optimization params: max_control_utilization=60%, max_compute_utilization=60%, max_compute_16bit_utilization=60%, max_memory_utilization (weights)=60%, max_input_aligner_utilization=60%, max_apu_utilization=60%
[2026-09-25 17:09:47.566] [default] [info] Finding the best partition to contexts...
[2026-09-25 17:09:53.015] [default] [info] Iteration failed on: Automri finished with too many resources on context_0
[2026-09-25 17:09:53.872] [default] [info] Iteration failed on: Automri finished with too many resources on context_0
[2026-09-25 17:10:12.658] [default] [info] Partition iteration #2:
Unikorn FPS: 95.2883
Fast Unikorn FPS: 153.896
Contexts Info:
gate_candidate_context_0 info - Status: VALID, bottleneck fps: 333.338
gate_candidate_context_1 info - Status: VALID, bottleneck fps: 1,377.34
Partition is Valid

[2026-09-25 17:10:12.658] [default] [info] Found valid partition to 2 contexts

[2026-09-25 17:10:12.658] [default] [info] Iteration #2 - 2 contexts,
[2026-09-25 17:10:12.658] [default] [info] Searching for a better partition...
[2026-09-25 17:10:32.263] [default] [info] Partition iteration #4:
Unikorn FPS: 99.2967
Fast Unikorn FPS: 159.678
Contexts Info:
gate_candidate_context_0 info - Status: VALID, bottleneck fps: 360.853
gate_candidate_context_1 info - Status: VALID, bottleneck fps: 1,362.96
Partition is Valid

[2026-09-25 17:10:32.263] [default] [info] Found valid partition to 2 contexts, Performance improved by 4.2%

[2026-09-25 17:10:32.263] [default] [info] Iteration #4 - 2 contexts,
[2026-09-25 17:10:32.264] [default] [info] Searching for a better partition...
[2026-09-25 17:10:54.340] [default] [info] Partition iteration #10:
Unikorn FPS: 116.771
Fast Unikorn FPS: 181.094
Contexts Info:
gate_candidate_context_0 info - Status: VALID, bottleneck fps: 650.265
gate_candidate_context_1 info - Status: VALID, bottleneck fps: 794.144
Partition is Valid

[2026-09-25 17:10:54.340] [default] [info] Found valid partition to 2 contexts, Performance improved by 17.6%

[2026-09-25 17:10:54.340] [default] [info] Iteration #10 - 2 contexts,
[2026-09-25 17:10:54.341] [default] [info] Searching for a better partition...
[2026-09-25 17:11:21.909] [default] [info] Partition iteration #16:
Unikorn FPS: 115.312
Fast Unikorn FPS: 187.825
Contexts Info:
gate_candidate_context_0 info - Status: VALID, bottleneck fps: 767.779
gate_candidate_context_1 info - Status: VALID, bottleneck fps: 794.144
gate_candidate_context_2 info - Status: VALID, bottleneck fps: 31,250, solution depleted.
Partition failed on: Pro unikorn is below the best. Current: 115.312451, Best: 116.770770

[2026-09-25 17:11:41.543] [default] [info] Partition iteration #18:
Unikorn FPS: 117.191
Fast Unikorn FPS: 187.927
Contexts Info:
gate_candidate_context_0 info - Status: VALID, bottleneck fps: 767.779
gate_candidate_context_1 info - Status: VALID, bottleneck fps: 794.144
gate_candidate_context_2 info - Status: VALID, bottleneck fps: 31,250, solution depleted.
Partition is Valid

[2026-09-25 17:11:41.543] [default] [info] Found valid partition to 3 contexts, Performance improved by 0.4%

[2026-09-25 17:11:41.543] [default] [info] Iteration #18 - 3 contexts,
[2026-09-25 17:11:41.543] [default] [info] Searching for a better partition...
[2026-09-25 17:11:59.720] [default] [info] Partition iteration #20:
Unikorn FPS: 116.719
Fast Unikorn FPS: 190.026
Contexts Info:
gate_candidate_context_0 info - Status: VALID, bottleneck fps: 784.9
gate_candidate_context_1 info - Status: VALID, bottleneck fps: 794.144
gate_candidate_context_2 info - Status: VALID, bottleneck fps: 25,375.9, solution depleted.
Partition failed on: Pro unikorn is below the best. Current: 116.719226, Best: 117.191158

[2026-09-25 17:12:18.108] [default] [info] Partition iteration #22:
Unikorn FPS: 116.969
Fast Unikorn FPS: 192.179
Contexts Info:
gate_candidate_context_0 info - Status: VALID, bottleneck fps: 810.933
gate_candidate_context_1 info - Status: VALID, bottleneck fps: 794.144
gate_candidate_context_2 info - Status: VALID, bottleneck fps: 11,178.8, solution depleted.
Partition failed on: Pro unikorn is below the best. Current: 116.969206, Best: 117.191158

[2026-09-25 17:12:33.221] [default] [info] Partition iteration #23:
Unikorn FPS: 115.221
Fast Unikorn FPS: 193.619
Contexts Info:
gate_candidate_context_0 info - Status: VALID, bottleneck fps: 810.933
gate_candidate_context_1 info - Status: VALID, bottleneck fps: 794.144
gate_candidate_context_2 info - Status: VALID, bottleneck fps: 11,178.8, solution depleted.
Partition failed on: Pro unikorn is below the best. Current: 115.221299, Best: 117.191158

[2026-09-25 17:12:51.403] [default] [info] Partition iteration #26:
Unikorn FPS: 111.222
Fast Unikorn FPS: 194.267
Contexts Info:
gate_candidate_context_0 info - Status: VALID, bottleneck fps: 939.333
gate_candidate_context_1 info - Status: VALID, bottleneck fps: 831.644
gate_candidate_context_2 info - Status: VALID, bottleneck fps: 2,966.17, solution depleted.
Partition failed on: Pro unikorn is below the best. Current: 111.221925, Best: 117.191158

[2026-09-25 17:13:07.655] [default] [info] Partition iteration #31:
Unikorn FPS: 119.611
Fast Unikorn FPS: 224.946
Contexts Info:
gate_candidate_context_0 info - Status: VALID, bottleneck fps: 939.333
gate_candidate_context_1 info - Status: VALID, bottleneck fps: 1,223.86
gate_candidate_context_2 info - Status: VALID, bottleneck fps: 2,966.17, solution depleted.
Partition is Valid

[2026-09-25 17:13:07.655] [default] [info] Found valid partition to 3 contexts, Performance improved by 2.1%

[2026-09-25 17:13:07.655] [default] [info] Iteration #31 - 3 contexts,
[2026-09-25 17:13:07.655] [default] [info] Searching for a better partition...
[2026-09-25 17:13:25.989] [default] [info] Partition iteration #33:
Unikorn FPS: 152.496
Fast Unikorn FPS: 227.806
Contexts Info:
gate_candidate_context_0 info - Status: VALID, bottleneck fps: 975.372
gate_candidate_context_1 info - Status: VALID, bottleneck fps: 1,223.86
gate_candidate_context_2 info - Status: VALID, bottleneck fps: 2,966.17, solution depleted.
Partition is Valid

[2026-09-25 17:13:25.989] [default] [info] Found valid partition to 3 contexts, Performance improved by 27.5%

[2026-09-25 17:13:25.989] [default] [info] Iteration #33 - 3 contexts,
[2026-09-25 17:13:25.989] [default] [info] Searching for a better partition...
[2026-09-25 17:13:44.571] [default] [info] Partition iteration #35:
Unikorn FPS: 140.948
Fast Unikorn FPS: 229.815
Contexts Info:
gate_candidate_context_0 info - Status: VALID, bottleneck fps: 1,016.26
gate_candidate_context_1 info - Status: VALID, bottleneck fps: 1,223.86
gate_candidate_context_2 info - Status: VALID, bottleneck fps: 2,966.17, solution depleted.
Partition failed on: Pro unikorn is below the best. Current: 140.948322, Best: 152.496424

[2026-09-25 17:14:05.000] [default] [info] Partition iteration #37:
Unikorn FPS: 137.942
Fast Unikorn FPS: 235.099
Contexts Info:
gate_candidate_context_0 info - Status: VALID, bottleneck fps: 1,070.84
gate_candidate_context_1 info - Status: VALID, bottleneck fps: 1,223.86
gate_candidate_context_2 info - Status: VALID, bottleneck fps: 2,966.17, solution depleted.
Partition failed on: Pro unikorn is below the best. Current: 137.941961, Best: 152.496424

[2026-09-25 17:14:26.317] [default] [info] Partition iteration #43:
Unikorn FPS: 141.756
Fast Unikorn FPS: 235.155
Contexts Info:
gate_candidate_context_0 info - Status: VALID, bottleneck fps: 1,095.89
gate_candidate_context_1 info - Status: VALID, bottleneck fps: 1,223.86
gate_candidate_context_2 info - Status: VALID, bottleneck fps: 2,966.17, solution depleted.
Partition failed on: Pro unikorn is below the best. Current: 141.756080, Best: 152.496424

[2026-09-25 17:14:46.525] [default] [info] Partition iteration #45:
Unikorn FPS: 141.075
Fast Unikorn FPS: 255.11
Contexts Info:
gate_candidate_context_0 info - Status: VALID, bottleneck fps: 1,267.37
gate_candidate_context_1 info - Status: VALID, bottleneck fps: 1,223.86
gate_candidate_context_2 info - Status: VALID, bottleneck fps: 2,966.17, solution depleted.
Partition failed on: Pro unikorn is below the best. Current: 141.075332, Best: 152.496424

[2026-09-25 17:15:02.506] [default] [info] Partition iteration #46:
Unikorn FPS: 142.736
Fast Unikorn FPS: 265.585
Contexts Info:
gate_candidate_context_0 info - Status: VALID, bottleneck fps: 1,267.37
gate_candidate_context_1 info - Status: VALID, bottleneck fps: 1,362.96
gate_candidate_context_2 info - Status: VALID, bottleneck fps: 2,966.17, solution depleted.
Partition failed on: Pro unikorn is below the best. Current: 142.735806, Best: 152.496424

[2026-09-25 17:15:21.190] [default] [info] Partition iteration #48:
Unikorn FPS: 142.885
Fast Unikorn FPS: 265.585
Contexts Info:
gate_candidate_context_0 info - Status: VALID, bottleneck fps: 1,267.37
gate_candidate_context_1 info - Status: VALID, bottleneck fps: 1,362.96
gate_candidate_context_2 info - Status: VALID, bottleneck fps: 2,966.17, solution depleted.
Partition failed on: Pro unikorn is below the best. Current: 142.885230, Best: 152.496424

[2026-09-25 17:15:50.395] [default] [info] Partition iteration #50:
Unikorn FPS: 144.707
Fast Unikorn FPS: 266.685
Contexts Info:
gate_candidate_context_0 info - Status: VALID, bottleneck fps: 1,287.91
gate_candidate_context_1 info - Status: VALID, bottleneck fps: 1,288.5
gate_candidate_context_2 info - Status: VALID, bottleneck fps: 2,966.17, solution depleted.
Partition failed on: Pro unikorn is below the best. Current: 144.707326, Best: 152.496424

[2026-09-25 17:16:09.140] [default] [info] Partition iteration #54:
Unikorn FPS: 145.442
Fast Unikorn FPS: 267.235
Contexts Info:
gate_candidate_context_0 info - Status: VALID, bottleneck fps: 1,287.91
gate_candidate_context_1 info - Status: VALID, bottleneck fps: 1,288.5
gate_candidate_context_2 info - Status: VALID, bottleneck fps: 2,966.17, solution depleted.
Partition failed on: Pro unikorn is below the best. Current: 145.442246, Best: 152.496424

[2026-09-25 17:16:30.540] [default] [info] Partition iteration #62:
Unikorn FPS: 137.575
Fast Unikorn FPS: 267.912
Contexts Info:
gate_candidate_context_0 info - Status: VALID, bottleneck fps: 1,302.08
gate_candidate_context_1 info - Status: VALID, bottleneck fps: 1,288.5
gate_candidate_context_2 info - Status: VALID, bottleneck fps: 2,966.17, solution depleted.
Partition failed on: Pro unikorn is below the best. Current: 137.575350, Best: 152.496424

[2026-09-25 17:16:44.510] [default] [info] Partition iteration #65:
Unikorn FPS: 128.925
Fast Unikorn FPS: 273.813
Contexts Info:
gate_candidate_context_0 info - Status: VALID, bottleneck fps: 1,302.08
gate_candidate_context_1 info - Status: VALID, bottleneck fps: 1,377.34
gate_candidate_context_2 info - Status: VALID, bottleneck fps: 2,966.17, solution depleted.
Partition failed on: Pro unikorn is below the best. Current: 128.924895, Best: 152.496424

[2026-09-25 17:17:01.285] [default] [info] Partition iteration #67:
Unikorn FPS: 129.428
Fast Unikorn FPS: 275.027
Contexts Info:
gate_candidate_context_0 info - Status: VALID, bottleneck fps: 1,302.08
gate_candidate_context_1 info - Status: VALID, bottleneck fps: 1,377.34
gate_candidate_context_2 info - Status: VALID, bottleneck fps: 2,966.17, solution depleted.
Partition failed on: Pro unikorn is below the best. Current: 129.428257, Best: 152.496424

[2026-09-25 17:17:25.035] [default] [info] Partition iteration #85:
Unikorn FPS: 128.199
Fast Unikorn FPS: 277.852
Contexts Info:
gate_candidate_context_0 info - Status: VALID, bottleneck fps: 1,302.08
gate_candidate_context_1 info - Status: VALID, bottleneck fps: 1,563.61
gate_candidate_context_2 info - Status: VALID, bottleneck fps: 1,953.12
Partition failed on: Pro unikorn is below the best. Current: 128.199222, Best: 152.496424

[2026-09-25 17:17:56.687] [default] [info] Partition iteration #113:
Unikorn FPS: 135.694
Fast Unikorn FPS: 286.939
Contexts Info:
gate_candidate_context_0 info - Status: VALID, bottleneck fps: 1,302.08, solution depleted.
gate_candidate_context_1 info - Status: VALID, bottleneck fps: 2,115.08
gate_candidate_context_2 info - Status: VALID, bottleneck fps: 1,576.47
Partition failed on: Pro unikorn is below the best. Current: 135.694128, Best: 152.496424

[2026-09-25 17:18:13.292] [default] [info] Partition iteration #114:
Unikorn FPS: 148.106
Fast Unikorn FPS: 303.278
Contexts Info:
gate_candidate_context_0 info - Status: VALID, bottleneck fps: 1,302.08, solution depleted.
gate_candidate_context_1 info - Status: VALID, bottleneck fps: 2,571.37
gate_candidate_context_2 info - Status: VALID, bottleneck fps: 1,563.61
Partition failed on: Pro unikorn is below the best. Current: 148.105764, Best: 152.496424

[2026-09-25 17:18:38.845] [default] [info] Partition iteration #120:
Unikorn FPS: 142.008
Fast Unikorn FPS: 310.343
Contexts Info:
gate_candidate_context_0 info - Status: VALID, bottleneck fps: 1,302.08, solution depleted.
gate_candidate_context_1 info - Status: VALID, bottleneck fps: 3,463.11
gate_candidate_context_2 info - Status: VALID, bottleneck fps: 1,377.34
Partition failed on: Pro unikorn is below the best. Current: 142.007617, Best: 152.496424

[2026-09-25 17:18:54.201] [default] [info] Partition iteration #121:
Unikorn FPS: 143.866
Fast Unikorn FPS: 310.563
Contexts Info:
gate_candidate_context_0 info - Status: VALID, bottleneck fps: 1,302.08, solution depleted.
gate_candidate_context_1 info - Status: VALID, bottleneck fps: 3,463.11
gate_candidate_context_2 info - Status: VALID, bottleneck fps: 1,377.34
Partition failed on: Pro unikorn is below the best. Current: 143.865640, Best: 152.496424

[2026-09-25 17:19:13.351] [default] [info] Partition iteration #123:
Unikorn FPS: 151.101
Fast Unikorn FPS: 312.681
Contexts Info:
gate_candidate_context_0 info - Status: VALID, bottleneck fps: 1,302.08, solution depleted.
gate_candidate_context_1 info - Status: VALID, bottleneck fps: 3,730.16, solution depleted.
gate_candidate_context_2 info - Status: VALID, bottleneck fps: 1,362.96
Partition failed on: Pro unikorn is below the best. Current: 151.100675, Best: 152.496424

[2026-09-25 17:19:31.286] [default] [info] Partition iteration #132:
Unikorn FPS: 144.568
Fast Unikorn FPS: 314.251
Contexts Info:
gate_candidate_context_0 info - Status: VALID, bottleneck fps: 1,302.08, solution depleted.
gate_candidate_context_1 info - Status: VALID, bottleneck fps: 3,730.16, solution depleted.
gate_candidate_context_2 info - Status: VALID, bottleneck fps: 1,496.9
gate_candidate_context_3 info - Status: VALID, bottleneck fps: 11,178.8, solution depleted.
Partition failed on: Pro unikorn is below the best. Current: 144.568155, Best: 152.496424

[2026-09-25 17:20:00.201] [default] [info] Partition iteration #184:
Unikorn FPS: 135.949
Fast Unikorn FPS: 314.361
Contexts Info:
gate_candidate_context_0 info - Status: VALID, bottleneck fps: 1,302.08, solution depleted.
gate_candidate_context_1 info - Status: VALID, bottleneck fps: 3,730.16, solution depleted.
gate_candidate_context_2 info - Status: VALID, bottleneck fps: 4,970.98, solution depleted.
gate_candidate_context_3 info - Status: VALID, bottleneck fps: 1,563.61
Partition failed on: Pro unikorn is below the best. Current: 135.948974, Best: 152.496424

[2026-09-25 17:20:13.169] [default] [info] Partition iteration #185:
Unikorn FPS: 136.395
Fast Unikorn FPS: 314.577
Contexts Info:
gate_candidate_context_0 info - Status: VALID, bottleneck fps: 1,302.08, solution depleted.
gate_candidate_context_1 info - Status: VALID, bottleneck fps: 3,730.16, solution depleted.
gate_candidate_context_2 info - Status: VALID, bottleneck fps: 4,970.98, solution depleted.
gate_candidate_context_3 info - Status: VALID, bottleneck fps: 1,563.61
Partition failed on: Pro unikorn is below the best. Current: 136.394781, Best: 152.496424

[2026-09-25 17:20:25.919] [default] [info] Partition iteration #186:
Unikorn FPS: 136.473
Fast Unikorn FPS: 314.834
Contexts Info:
gate_candidate_context_0 info - Status: VALID, bottleneck fps: 1,302.08, solution depleted.
gate_candidate_context_1 info - Status: VALID, bottleneck fps: 3,730.16, solution depleted.
gate_candidate_context_2 info - Status: VALID, bottleneck fps: 4,970.98, solution depleted.
gate_candidate_context_3 info - Status: VALID, bottleneck fps: 1,563.61
Partition failed on: Pro unikorn is below the best. Current: 136.473494, Best: 152.496424

[2026-09-25 17:20:39.038] [default] [info] Partition iteration #188:
Unikorn FPS: 130.146
Fast Unikorn FPS: 316.04
Contexts Info:
gate_candidate_context_0 info - Status: VALID, bottleneck fps: 1,302.08, solution depleted.
gate_candidate_context_1 info - Status: VALID, bottleneck fps: 3,730.16, solution depleted.
gate_candidate_context_2 info - Status: VALID, bottleneck fps: 4,970.98, solution depleted.
gate_candidate_context_3 info - Status: VALID, bottleneck fps: 1,563.61
Partition failed on: Pro unikorn is below the best. Current: 130.145888, Best: 152.496424

[2026-09-25 17:20:53.400] [default] [info] Partition iteration #195:
Unikorn FPS: 141.357
Fast Unikorn FPS: 316.093
Contexts Info:
gate_candidate_context_0 info - Status: VALID, bottleneck fps: 1,302.08, solution depleted.
gate_candidate_context_1 info - Status: VALID, bottleneck fps: 3,730.16, solution depleted.
gate_candidate_context_2 info - Status: VALID, bottleneck fps: 4,970.98, solution depleted.
gate_candidate_context_3 info - Status: VALID, bottleneck fps: 1,563.61
Partition failed on: Pro unikorn is below the best. Current: 141.357428, Best: 152.496424

[2026-09-25 17:21:07.970] [default] [info] Partition iteration #196:
Unikorn FPS: 140.044
Fast Unikorn FPS: 316.718
Contexts Info:
gate_candidate_context_0 info - Status: VALID, bottleneck fps: 1,302.08, solution depleted.
gate_candidate_context_1 info - Status: VALID, bottleneck fps: 3,730.16, solution depleted.
gate_candidate_context_2 info - Status: VALID, bottleneck fps: 4,970.98, solution depleted.
gate_candidate_context_3 info - Status: VALID, bottleneck fps: 1,563.61
Partition failed on: Pro unikorn is below the best. Current: 140.044063, Best: 152.496424

[2026-09-25 17:21:21.578] [default] [info] Partition iteration #200:
Unikorn FPS: 139.008
Fast Unikorn FPS: 316.985
Contexts Info:
gate_candidate_context_0 info - Status: VALID, bottleneck fps: 1,302.08, solution depleted.
gate_candidate_context_1 info - Status: VALID, bottleneck fps: 3,730.16, solution depleted.
gate_candidate_context_2 info - Status: VALID, bottleneck fps: 4,970.98, solution depleted.
gate_candidate_context_3 info - Status: VALID, bottleneck fps: 1,563.61
Partition failed on: Pro unikorn is below the best. Current: 139.008001, Best: 152.496424

[2026-09-25 17:21:34.184] [default] [info] Partition iteration #201:
Unikorn FPS: 137.345
Fast Unikorn FPS: 317.251
Contexts Info:
gate_candidate_context_0 info - Status: VALID, bottleneck fps: 1,302.08, solution depleted.
gate_candidate_context_1 info - Status: VALID, bottleneck fps: 3,730.16, solution depleted.
gate_candidate_context_2 info - Status: VALID, bottleneck fps: 4,970.98, solution depleted.
gate_candidate_context_3 info - Status: VALID, bottleneck fps: 1,563.61
Partition failed on: Pro unikorn is below the best. Current: 137.345135, Best: 152.496424

[2026-09-25 17:21:47.352] [default] [info] Partition iteration #203:
Unikorn FPS: 139.831
Fast Unikorn FPS: 317.922
Contexts Info:
gate_candidate_context_0 info - Status: VALID, bottleneck fps: 1,302.08, solution depleted.
gate_candidate_context_1 info - Status: VALID, bottleneck fps: 3,730.16, solution depleted.
gate_candidate_context_2 info - Status: VALID, bottleneck fps: 4,970.98, solution depleted.
gate_candidate_context_3 info - Status: VALID, bottleneck fps: 1,563.61
Partition failed on: Pro unikorn is below the best. Current: 139.830933, Best: 152.496424

[2026-09-25 17:22:00.330] [default] [info] Partition iteration #204:
Unikorn FPS: 141.183
Fast Unikorn FPS: 318.593
Contexts Info:
gate_candidate_context_0 info - Status: VALID, bottleneck fps: 1,302.08, solution depleted.
gate_candidate_context_1 info - Status: VALID, bottleneck fps: 3,730.16, solution depleted.
gate_candidate_context_2 info - Status: VALID, bottleneck fps: 4,970.98, solution depleted.
gate_candidate_context_3 info - Status: VALID, bottleneck fps: 1,563.61
Partition failed on: Pro unikorn is below the best. Current: 141.183383, Best: 152.496424

[2026-09-25 17:22:13.990] [default] [info] Partition iteration #205:
Unikorn FPS: 142.659
Fast Unikorn FPS: 319.267
Contexts Info:
gate_candidate_context_0 info - Status: VALID, bottleneck fps: 1,302.08, solution depleted.
gate_candidate_context_1 info - Status: VALID, bottleneck fps: 3,730.16, solution depleted.
gate_candidate_context_2 info - Status: VALID, bottleneck fps: 4,970.98, solution depleted.
gate_candidate_context_3 info - Status: VALID, bottleneck fps: 1,563.61
Partition failed on: Pro unikorn is below the best. Current: 142.658947, Best: 152.496424

[2026-09-25 17:22:25.133] [default] [info] Partition iteration #206:
Fast Unikorn FPS: 320.076
Contexts Info:
gate_candidate_context_0 info - Status: VALID, bottleneck fps: 1,302.08, solution depleted.
gate_candidate_context_1 info - Status: VALID, bottleneck fps: 3,730.16, solution depleted.
gate_candidate_context_2 info - Status: FAILED, bottleneck fps: 4,970.98, solution depleted.
gate_candidate_context_3 info - Status: VALID, bottleneck fps: 1,563.61
Partition failed on: Validator failed on node: dw1_defuse_1x1_d1 with Agent infeasible


[2026-09-25 17:22:25.133] [default] [info] Iteration failed on: Validator failed on node: dw1_defuse_1x1_d1 with Agent infeasible

[2026-09-25 17:22:43.781] [default] [info] Partition iteration #214:
Unikorn FPS: 149.892
Fast Unikorn FPS: 319.73
Contexts Info:
gate_candidate_context_0 info - Status: VALID, bottleneck fps: 1,302.08, solution depleted.
gate_candidate_context_1 info - Status: VALID, bottleneck fps: 3,730.16, solution depleted.
gate_candidate_context_2 info - Status: VALID, bottleneck fps: 4,879.18
gate_candidate_context_3 info - Status: VALID, bottleneck fps: 1,543.54
Partition failed on: Pro unikorn is below the best. Current: 149.892054, Best: 152.496424

[2026-09-25 17:22:57.785] [default] [info] Partition iteration #216:
Unikorn FPS: 149.158
Fast Unikorn FPS: 320.207
Contexts Info:
gate_candidate_context_0 info - Status: VALID, bottleneck fps: 1,302.08, solution depleted.
gate_candidate_context_1 info - Status: VALID, bottleneck fps: 3,730.16, solution depleted.
gate_candidate_context_2 info - Status: VALID, bottleneck fps: 4,879.18
gate_candidate_context_3 info - Status: VALID, bottleneck fps: 1,543.54
Partition failed on: Pro unikorn is below the best. Current: 149.157786, Best: 152.496424

[2026-09-25 17:23:17.291] [default] [info] Partition to contexts finished successfully
[2026-09-25 17:23:17.291] [default] [info] Partitioner finished after 276 iterations, Time it took: 13m 29s 723ms
[2026-09-25 17:23:17.291] [default] [info] Partitioner finished after 276 iterations, Time it took: 13m 29s 723ms
gate_candidate_context_0: input_layer1, normalization1, conv1, conv2, conv_feature_splitter1_1, conv_feature_splitter1_2, conv4, conv5, ew_add1, concat1, conv6, conv7, conv_feature_splitter2_1, conv_feature_splitter2_2, conv9, conv10, ew_add2, concat2, conv11, conv12, conv_feature_splitter3_1, conv_feature_splitter3_2, conv14, conv15, conv16, conv17, ew_add3, conv18, conv19, ew_add4, concat3, conv20, concat4, conv21, conv22, conv_feature_splitter4_1, conv_feature_splitter4_2, conv24, conv25, conv26, conv27, ew_add5, conv28, conv29, ew_add6, concat5, conv30, concat6, conv31, conv32, maxpool1, maxpool2, maxpool3, concat7, conv33, conv_feature_splitter5_1, conv_feature_splitter5_2, conv_feature_splitter6_1, conv_feature_splitter6_2, conv_feature_splitter6_3
gate_candidate_context_1: matmul1, activation1, reduce_max_softmax1, matmul2_reshape, ew_sub_softmax1, reduce_sum_softmax1, ew_mult_softmax1, matmul2, dw1, conv36, conv37, conv38, concat8, conv39, resize1, concat9, conv_feature_splitter7_1, conv_feature_splitter7_2, conv41, conv42, ew_add10, concat10, conv43, resize2, concat11, conv_feature_splitter8_1, conv_feature_splitter8_2, conv45, conv46, ew_add11, concat12, conv47, conv48, conv49, dw2, concat13, conv50, conv52, conv_feature_splitter9_1, conv_feature_splitter9_2, conv51, dw3, conv56, output_from_conv51_to_yolov8_nms_postprocess, conv53, conv57, conv54, ew_add12, output_from_conv54_to_yolov8_nms_postprocess, concat14, conv58, conv59, conv60, dw4, concat15, conv61, conv63, conv_feature_splitter10_1, conv_feature_splitter10_2, conv62, dw5, conv67, conv68, output_from_conv62_to_yolov8_nms_postprocess, conv64, conv69, conv65, conv70, output_from_conv65_to_yolov8_nms_postprocess, ew_add13
gate_candidate_context_2: conv71, conv72, ew_add14, concat16, conv73, concat17, conv74, conv75, dw6, conv76, conv78, conv77, dw7, output_from_conv77_to_yolov8_nms_postprocess, conv79, conv80, output_from_conv80_to_yolov8_nms_postprocess
[2026-09-25 17:23:17.292] [default] [info] Applying selected partition to 3 contexts...
[2026-09-25 17:23:17.344] [default] [info] Adjust Edges Start State buffers:
+--------------------------------------------------------------------------+--------------------------------------------------------------------------+--------------------------+
| Src                                                                      | Dst                                                                      | Buffers                  |
+--------------------------------------------------------------------------+--------------------------------------------------------------------------+--------------------------+
| input_layer1                                                             | normalization1_sd0                                                       | 2 (L3 memory cuts: 1)    |
| input_layer1                                                             | normalization1_sd1                                                       | 2 (L3 memory cuts: 1)    |
| normalization1_sd0                                                       | normalization1_sdc                                                       | 2 (L3 memory cuts: 1)    |
| normalization1_sd1                                                       | normalization1_sdc                                                       | 2 (L3 memory cuts: 1)    |
| normalization1_sdc                                                       | conv1_ws                                                                 | 2 (L3 memory cuts: 1)    |
| conv1_ws                                                                 | conv1_sd0                                                                | 2 (L3 memory cuts: 1)    |
| conv1_ws                                                                 | conv1_sd1                                                                | 2 (L3 memory cuts: 1)    |
| conv1_ws                                                                 | conv1_sd2                                                                | 2 (L3 memory cuts: 1)    |
| conv1_ws                                                                 | conv1_sd3                                                                | 2 (L3 memory cuts: 1)    |
| conv1_sd0                                                                | conv1_sdc                                                                | 2 (L3 memory cuts: 1)    |
| conv1_sd1                                                                | conv1_sdc                                                                | 2 (L3 memory cuts: 1)    |
| conv1_sd2                                                                | conv1_sdc                                                                | 2 (L3 memory cuts: 1)    |
| conv1_sd3                                                                | conv1_sdc                                                                | 2 (L3 memory cuts: 1)    |
| conv1_sdc                                                                | conv2_ws                                                                 | 2 (L3 memory cuts: 1)    |
| conv2_ws                                                                 | conv2_sd0                                                                | 2 (L3 memory cuts: 1)    |
| conv2_ws                                                                 | conv2_sd1                                                                | 2 (L3 memory cuts: 1)    |
| conv2_ws                                                                 | conv2_sd2                                                                | 2 (L3 memory cuts: 1)    |
| conv2_sd0                                                                | conv2_sdc                                                                | 2 (L3 memory cuts: 1)    |
| conv2_sd1                                                                | conv2_sdc                                                                | 2 (L3 memory cuts: 1)    |
| conv2_sd2                                                                | conv2_sdc                                                                | 2 (L3 memory cuts: 1)    |
| conv2_sdc                                                                | conv_feature_splitter1_1                                                 | 2 (L3 memory cuts: 1)    |
| conv2_sdc                                                                | conv_feature_splitter1_2                                                 | 2 (L3 memory cuts: 1)    |
| conv_feature_splitter1_1                                                 | concat1                                                                  | 2 (L3 memory cuts: 1)    |
| conv_feature_splitter1_2                                                 | conv4                                                                    | 2 (L3 memory cuts: 1)    |
| conv_feature_splitter1_2                                                 | ew_add1                                                                  | 2 (L3 memory cuts: 1)    |
| conv_feature_splitter1_2                                                 | concat1                                                                  | 2 (L3 memory cuts: 1)    |
| conv4                                                                    | conv5                                                                    | 4[S] (L3 memory cuts: 1) |
| conv5                                                                    | ew_add1                                                                  | 2 (L3 memory cuts: 1)    |
| ew_add1                                                                  | concat1                                                                  | 2 (L3 memory cuts: 1)    |
| concat1                                                                  | conv6                                                                    | 2[S] (L3 memory cuts: 1) |
| conv6                                                                    | conv7_ws                                                                 | 2 (L3 memory cuts: 1)    |
| conv7_ws                                                                 | conv7_sd0                                                                | 2 (L3 memory cuts: 1)    |
| conv7_ws                                                                 | conv7_sd1                                                                | 2 (L3 memory cuts: 1)    |
| conv7_ws                                                                 | conv7_sd2                                                                | 2 (L3 memory cuts: 1)    |
| conv7_sd0                                                                | conv7_sdc                                                                | 2 (L3 memory cuts: 1)    |
| conv7_sd1                                                                | conv7_sdc                                                                | 2 (L3 memory cuts: 1)    |
| conv7_sd2                                                                | conv7_sdc                                                                | 2 (L3 memory cuts: 1)    |
| conv7_sdc                                                                | conv_feature_splitter2_1                                                 | 2 (L3 memory cuts: 1)    |
| conv7_sdc                                                                | conv_feature_splitter2_2                                                 | 2 (L3 memory cuts: 1)    |
| conv_feature_splitter2_1                                                 | concat2                                                                  | 2 (L3 memory cuts: 1)    |
| conv_feature_splitter2_2                                                 | conv9                                                                    | 2 (L3 memory cuts: 1)    |
| conv_feature_splitter2_2                                                 | ew_add2                                                                  | 2 (L3 memory cuts: 1)    |
| conv_feature_splitter2_2                                                 | concat2                                                                  | 2 (L3 memory cuts: 1)    |
| conv9                                                                    | conv10                                                                   | 5[S] (L3 memory cuts: 1) |
| conv10                                                                   | ew_add2                                                                  | 2 (L3 memory cuts: 1)    |
| ew_add2                                                                  | concat2                                                                  | 2 (L3 memory cuts: 1)    |
| concat2                                                                  | conv11                                                                   | 3[S] (L3 memory cuts: 1) |
| conv11                                                                   | conv12_ws                                                                | 2 (L3 memory cuts: 1)    |
| conv11                                                                   | gate_candidate_gate_candidate_context_0_to_gate_candidate_context_1_2876 | 2 (L3 memory cuts: 1)    |
| conv12_ws                                                                | conv12_sd0                                                               | 2 (L3 memory cuts: 1)    |
| conv12_ws                                                                | conv12_sd1                                                               | 2 (L3 memory cuts: 1)    |
| conv12_sd0                                                               | conv12_sdc                                                               | 2 (L3 memory cuts: 1)    |
| conv12_sd1                                                               | conv12_sdc                                                               | 2 (L3 memory cuts: 1)    |
| conv12_sdc                                                               | conv_feature_splitter3_1                                                 | 2 (L3 memory cuts: 1)    |
| conv12_sdc                                                               | conv_feature_splitter3_2                                                 | 2 (L3 memory cuts: 1)    |
| conv_feature_splitter3_1                                                 | concat4                                                                  | 2[S] (L3 memory cuts: 1) |
| conv_feature_splitter3_2                                                 | conv14                                                                   | 2[S] (L3 memory cuts: 1) |
| conv_feature_splitter3_2                                                 | conv15                                                                   | 2[S] (L3 memory cuts: 1) |
| conv_feature_splitter3_2                                                 | concat4                                                                  | 2[S] (L3 memory cuts: 1) |
| conv14                                                                   | conv16                                                                   | 2 (L3 memory cuts: 1)    |
| conv14                                                                   | ew_add3                                                                  | 2 (L3 memory cuts: 1)    |
| conv16                                                                   | conv17                                                                   | 4[S] (L3 memory cuts: 1) |
| conv17                                                                   | ew_add3                                                                  | 2 (L3 memory cuts: 1)    |
| ew_add3                                                                  | conv18                                                                   | 2 (L3 memory cuts: 1)    |
| ew_add3                                                                  | ew_add4                                                                  | 2 (L3 memory cuts: 1)    |
| conv18                                                                   | conv19                                                                   | 4[S] (L3 memory cuts: 1) |
| conv19                                                                   | ew_add4                                                                  | 2 (L3 memory cuts: 1)    |
| ew_add4                                                                  | concat3                                                                  | 2 (L3 memory cuts: 1)    |
| conv15                                                                   | concat3                                                                  | 2 (L3 memory cuts: 1)    |
| concat3                                                                  | conv20                                                                   | 2[S] (L3 memory cuts: 1) |
| conv20                                                                   | concat4                                                                  | 2[S] (L3 memory cuts: 1) |
| concat4                                                                  | conv21                                                                   | 2[S] (L3 memory cuts: 1) |
| conv21                                                                   | conv22                                                                   | 2 (L3 memory cuts: 1)    |
| conv21                                                                   | gate_candidate_gate_candidate_context_0_to_gate_candidate_context_1_2878 | 2 (L3 memory cuts: 1)    |
| conv22                                                                   | conv_feature_splitter4_1                                                 | 2 (L3 memory cuts: 1)    |
| conv22                                                                   | conv_feature_splitter4_2                                                 | 2 (L3 memory cuts: 1)    |
| conv_feature_splitter4_1                                                 | concat6                                                                  | 2[S] (L3 memory cuts: 1) |
| conv_feature_splitter4_2                                                 | conv24                                                                   | 2[S] (L3 memory cuts: 1) |
| conv_feature_splitter4_2                                                 | conv25                                                                   | 2[S] (L3 memory cuts: 1) |
| conv_feature_splitter4_2                                                 | concat6                                                                  | 2[S] (L3 memory cuts: 1) |
| conv24                                                                   | conv26                                                                   | 2 (L3 memory cuts: 1)    |
| conv24                                                                   | ew_add5                                                                  | 2 (L3 memory cuts: 1)    |
| conv26                                                                   | conv27                                                                   | 4[S] (L3 memory cuts: 1) |
| conv27                                                                   | ew_add5                                                                  | 2 (L3 memory cuts: 1)    |
| ew_add5                                                                  | conv28                                                                   | 2 (L3 memory cuts: 1)    |
| ew_add5                                                                  | ew_add6                                                                  | 2 (L3 memory cuts: 1)    |
| conv28                                                                   | conv29                                                                   | 4[S] (L3 memory cuts: 1) |
| conv29                                                                   | ew_add6                                                                  | 2 (L3 memory cuts: 1)    |
| ew_add6                                                                  | concat5                                                                  | 2 (L3 memory cuts: 1)    |
| conv25                                                                   | concat5                                                                  | 2 (L3 memory cuts: 1)    |
| concat5                                                                  | conv30                                                                   | 2[S] (L3 memory cuts: 1) |
| conv30                                                                   | concat6                                                                  | 2[S] (L3 memory cuts: 1) |
| concat6                                                                  | conv31                                                                   | 2[S] (L3 memory cuts: 1) |
| conv31                                                                   | conv32                                                                   | 2[S] (L3 memory cuts: 1) |
| conv32                                                                   | maxpool1                                                                 | 6 (L3 memory cuts: 1)    |
| conv32                                                                   | concat7                                                                  | 2 (L3 memory cuts: 1)    |
| maxpool1                                                                 | maxpool2                                                                 | 6 (L3 memory cuts: 1)    |
| maxpool1                                                                 | concat7                                                                  | 2 (L3 memory cuts: 1)    |
| maxpool2                                                                 | maxpool3                                                                 | 6 (L3 memory cuts: 1)    |
| maxpool2                                                                 | concat7                                                                  | 2 (L3 memory cuts: 1)    |
| maxpool3                                                                 | concat7                                                                  | 2 (L3 memory cuts: 1)    |
| concat7                                                                  | conv33                                                                   | 2[S] (L3 memory cuts: 1) |
| conv33                                                                   | conv_feature_splitter5_1                                                 | 2[S] (L3 memory cuts: 1) |
| conv33                                                                   | conv_feature_splitter5_2                                                 | 2[S] (L3 memory cuts: 1) |
| conv_feature_splitter5_1                                                 | gate_candidate_gate_candidate_context_0_to_gate_candidate_context_1_2880 | 2[S] (L3 memory cuts: 1) |
| gate_candidate_gate_candidate_context_0_to_gate_candidate_context_1_2880 | gate_candidate_gate_candidate_context_0_to_gate_candidate_context_1_2881 | 1 (0.00[KB]) (DDR)       |
| gate_candidate_gate_candidate_context_0_to_gate_candidate_context_1_2881 | concat8                                                                  | 2[S] (L3 memory cuts: 1) |
| conv_feature_splitter5_2                                                 | conv_feature_splitter6_1                                                 | 2 (L3 memory cuts: 1)    |
| conv_feature_splitter5_2                                                 | conv_feature_splitter6_2                                                 | 2 (L3 memory cuts: 1)    |
| conv_feature_splitter5_2                                                 | conv_feature_splitter6_3                                                 | 2 (L3 memory cuts: 1)    |
| conv_feature_splitter5_2                                                 | gate_candidate_gate_candidate_context_0_to_gate_candidate_context_1_2882 | 2 (L3 memory cuts: 1)    |
| conv_feature_splitter6_1                                                 | gate_candidate_gate_candidate_context_0_to_gate_candidate_context_1_2884 | 2 (L3 memory cuts: 1)    |
| gate_candidate_gate_candidate_context_0_to_gate_candidate_context_1_2884 | gate_candidate_gate_candidate_context_0_to_gate_candidate_context_1_2885 | 1 (0.00[KB]) (DDR)       |
| gate_candidate_gate_candidate_context_0_to_gate_candidate_context_1_2885 | matmul1                                                                  | 2 (L3 memory cuts: 1)    |
| conv_feature_splitter6_2                                                 | gate_candidate_gate_candidate_context_0_to_gate_candidate_context_1_2886 | 40 (L3 memory cuts: 3)   |
| gate_candidate_gate_candidate_context_0_to_gate_candidate_context_1_2886 | gate_candidate_gate_candidate_context_0_to_gate_candidate_context_1_2887 | 1 (0.00[KB]) (DDR)       |
| gate_candidate_gate_candidate_context_0_to_gate_candidate_context_1_2887 | matmul1                                                                  | 40 (L3 memory cuts: 3)   |
| matmul1                                                                  | reduce_max_softmax1                                                      | 2 (L3 memory cuts: 2)    |
| matmul1                                                                  | ew_sub_softmax1                                                          | 2 (L3 memory cuts: 2)    |
| reduce_max_softmax1                                                      | ew_sub_softmax1                                                          | 2 (L3 memory cuts: 1)    |
| ew_sub_softmax1                                                          | reduce_sum_softmax1                                                      | 2 (L3 memory cuts: 2)    |
| ew_sub_softmax1                                                          | ew_mult_softmax1                                                         | 2 (L3 memory cuts: 2)    |
| reduce_sum_softmax1                                                      | ew_mult_softmax1                                                         | 2 (L3 memory cuts: 1)    |
| ew_mult_softmax1                                                         | matmul2                                                                  | 2 (L3 memory cuts: 2)    |
| conv_feature_splitter6_3                                                 | gate_candidate_gate_candidate_context_0_to_gate_candidate_context_1_2888 | 2 (L3 memory cuts: 1)    |
| gate_candidate_gate_candidate_context_0_to_gate_candidate_context_1_2888 | gate_candidate_gate_candidate_context_0_to_gate_candidate_context_1_2889 | 1 (0.00[KB]) (DDR)       |
| gate_candidate_gate_candidate_context_0_to_gate_candidate_context_1_2888 | gate_candidate_gate_candidate_context_0_to_gate_candidate_context_1_2890 | 1 (0.00[KB]) (DDR)       |
| gate_candidate_gate_candidate_context_0_to_gate_candidate_context_1_2889 | activation1                                                              | 2 (L3 memory cuts: 1)    |
| activation1                                                              | matmul2_reshape                                                          | 2 (L3 memory cuts: 1)    |
| matmul2_reshape                                                          | matmul2                                                                  | 40 (L3 memory cuts: 4)   |
| matmul2                                                                  | dw1_defuse_1x1                                                           | 2 (L3 memory cuts: 1)    |
| gate_candidate_gate_candidate_context_0_to_gate_candidate_context_1_2890 | dw1_defuse_width_feature_reshape                                         | 2 (L3 memory cuts: 1)    |
| dw1_defuse_width_feature_reshape                                         | dw1_defuse_reshape_hxf_to_w_transposed                                   | 2 (L3 memory cuts: 1)    |
| dw1_defuse_reshape_hxf_to_w_transposed                                   | dw1_defuse_1x1                                                           | 2 (L3 memory cuts: 2)    |
| dw1_defuse_1x1                                                           | conv36                                                                   | 2 (L3 memory cuts: 1)    |
| gate_candidate_gate_candidate_context_0_to_gate_candidate_context_1_2882 | gate_candidate_gate_candidate_context_0_to_gate_candidate_context_1_2883 | 1 (0.00[KB]) (DDR)       |
| gate_candidate_gate_candidate_context_0_to_gate_candidate_context_1_2883 | conv36                                                                   | 2 (L3 memory cuts: 1)    |
| conv36                                                                   | conv37                                                                   | 2[S] (L3 memory cuts: 1) |
| conv36                                                                   | conv38                                                                   | 2[S] (L3 memory cuts: 1) |
| conv37                                                                   | conv38                                                                   | 2[S] (L3 memory cuts: 1) |
| conv38                                                                   | concat8                                                                  | 2[S] (L3 memory cuts: 1) |
| concat8                                                                  | conv39                                                                   | 2[S] (L3 memory cuts: 1) |
| conv39                                                                   | resize1                                                                  | 2 (L3 memory cuts: 1)    |
| conv39                                                                   | concat15                                                                 | 2 (L3 memory cuts: 1)    |
| resize1                                                                  | concat9                                                                  | 2 (L3 memory cuts: 1)    |
| gate_candidate_gate_candidate_context_0_to_gate_candidate_context_1_2878 | gate_candidate_gate_candidate_context_0_to_gate_candidate_context_1_2879 | 1 (0.00[KB]) (DDR)       |
| gate_candidate_gate_candidate_context_0_to_gate_candidate_context_1_2879 | concat9                                                                  | 2 (L3 memory cuts: 1)    |
| concat9                                                                  | conv_feature_splitter7_1                                                 | 2[S] (L3 memory cuts: 1) |
| concat9                                                                  | conv_feature_splitter7_2                                                 | 2[S] (L3 memory cuts: 1) |
| conv_feature_splitter7_1                                                 | concat10                                                                 | 2 (L3 memory cuts: 1)    |
| conv_feature_splitter7_2                                                 | conv41                                                                   | 2 (L3 memory cuts: 1)    |
| conv_feature_splitter7_2                                                 | ew_add10                                                                 | 2 (L3 memory cuts: 1)    |
| conv_feature_splitter7_2                                                 | concat10                                                                 | 2 (L3 memory cuts: 1)    |
| conv41                                                                   | conv42                                                                   | 5[S] (L3 memory cuts: 1) |
| conv42                                                                   | ew_add10                                                                 | 2 (L3 memory cuts: 1)    |
| ew_add10                                                                 | concat10                                                                 | 2 (L3 memory cuts: 1)    |
| concat10                                                                 | conv43                                                                   | 2[S] (L3 memory cuts: 1) |
| conv43                                                                   | resize2                                                                  | 2 (L3 memory cuts: 1)    |
| conv43                                                                   | concat13                                                                 | 2 (L3 memory cuts: 1)    |
| resize2                                                                  | concat11                                                                 | 2 (L3 memory cuts: 1)    |
| gate_candidate_gate_candidate_context_0_to_gate_candidate_context_1_2876 | gate_candidate_gate_candidate_context_0_to_gate_candidate_context_1_2877 | 1 (0.00[KB]) (DDR)       |
| gate_candidate_gate_candidate_context_0_to_gate_candidate_context_1_2877 | concat11                                                                 | 2 (L3 memory cuts: 1)    |
| concat11                                                                 | conv_feature_splitter8_1                                                 | 2[S] (L3 memory cuts: 1) |
| concat11                                                                 | conv_feature_splitter8_2                                                 | 3[S] (L3 memory cuts: 1) |
| conv_feature_splitter8_1                                                 | concat12                                                                 | 2 (L3 memory cuts: 1)    |
| conv_feature_splitter8_2                                                 | conv45                                                                   | 2 (L3 memory cuts: 1)    |
| conv_feature_splitter8_2                                                 | ew_add11                                                                 | 2 (L3 memory cuts: 1)    |
| conv_feature_splitter8_2                                                 | concat12                                                                 | 2 (L3 memory cuts: 1)    |
| conv45                                                                   | conv46                                                                   | 5[S] (L3 memory cuts: 1) |
| conv46                                                                   | ew_add11                                                                 | 2 (L3 memory cuts: 1)    |
| ew_add11                                                                 | concat12                                                                 | 2 (L3 memory cuts: 1)    |
| concat12                                                                 | conv47                                                                   | 2[S] (L3 memory cuts: 1) |
| conv47                                                                   | conv48                                                                   | 2 (L3 memory cuts: 1)    |
| conv47                                                                   | sh_from_conv47_to_conv49_d0-1_dw2_sd0-1_2900                             | 2 (L3 memory cuts: 1)    |
| conv48                                                                   | concat13                                                                 | 2 (L3 memory cuts: 1)    |
| concat13                                                                 | conv_feature_splitter9_1                                                 | 2[S] (L3 memory cuts: 1) |
| concat13                                                                 | conv_feature_splitter9_2                                                 | 2[S] (L3 memory cuts: 1) |
| conv_feature_splitter9_1                                                 | concat14                                                                 | 2 (L3 memory cuts: 1)    |
| conv_feature_splitter9_2                                                 | conv56                                                                   | 2 (L3 memory cuts: 1)    |
| conv_feature_splitter9_2                                                 | ew_add12                                                                 | 2 (L3 memory cuts: 1)    |
| conv_feature_splitter9_2                                                 | concat14                                                                 | 2 (L3 memory cuts: 1)    |
| conv56                                                                   | conv57                                                                   | 5[S] (L3 memory cuts: 1) |
| conv57                                                                   | ew_add12                                                                 | 2 (L3 memory cuts: 1)    |
| ew_add12                                                                 | concat14                                                                 | 2 (L3 memory cuts: 1)    |
| concat14                                                                 | conv58                                                                   | 2[S] (L3 memory cuts: 1) |
| conv58                                                                   | conv59                                                                   | 2 (L3 memory cuts: 1)    |
| conv58                                                                   | conv60                                                                   | 2 (L3 memory cuts: 1)    |
| conv58                                                                   | dw4                                                                      | 2 (L3 memory cuts: 1)    |
| conv59                                                                   | concat15                                                                 | 2 (L3 memory cuts: 1)    |
| concat15                                                                 | conv_feature_splitter10_1                                                | 2[S] (L3 memory cuts: 1) |
| concat15                                                                 | conv_feature_splitter10_2                                                | 2[S] (L3 memory cuts: 1) |
| conv_feature_splitter10_1                                                | gate_candidate_gate_candidate_context_1_to_gate_candidate_context_2_2891 | 2[S] (L3 memory cuts: 1) |
| gate_candidate_gate_candidate_context_1_to_gate_candidate_context_2_2891 | gate_candidate_gate_candidate_context_1_to_gate_candidate_context_2_2892 | 1 (0.00[KB]) (DDR)       |
| gate_candidate_gate_candidate_context_1_to_gate_candidate_context_2_2892 | concat17                                                                 | 2[S] (L3 memory cuts: 1) |
| conv_feature_splitter10_2                                                | conv67                                                                   | 2[S] (L3 memory cuts: 1) |
| conv_feature_splitter10_2                                                | conv68                                                                   | 2[S] (L3 memory cuts: 1) |
| conv_feature_splitter10_2                                                | gate_candidate_gate_candidate_context_1_to_gate_candidate_context_2_2893 | 2[S] (L3 memory cuts: 1) |
| conv67                                                                   | conv69                                                                   | 2 (L3 memory cuts: 1)    |
| conv67                                                                   | ew_add13                                                                 | 2 (L3 memory cuts: 1)    |
| conv69                                                                   | conv70                                                                   | 4[S] (L3 memory cuts: 1) |
| conv70                                                                   | ew_add13                                                                 | 2 (L3 memory cuts: 1)    |
| ew_add13                                                                 | gate_candidate_gate_candidate_context_1_to_gate_candidate_context_2_2897 | 2 (L3 memory cuts: 1)    |
| gate_candidate_gate_candidate_context_1_to_gate_candidate_context_2_2897 | gate_candidate_gate_candidate_context_1_to_gate_candidate_context_2_2898 | 1 (0.00[KB]) (DDR)       |
| gate_candidate_gate_candidate_context_1_to_gate_candidate_context_2_2897 | gate_candidate_gate_candidate_context_1_to_gate_candidate_context_2_2899 | 1 (0.00[KB]) (DDR)       |
| gate_candidate_gate_candidate_context_1_to_gate_candidate_context_2_2898 | conv71                                                                   | 2 (L3 memory cuts: 1)    |
| conv71                                                                   | conv72                                                                   | 4[S] (L3 memory cuts: 1) |
| conv72                                                                   | ew_add14                                                                 | 2 (L3 memory cuts: 1)    |
| gate_candidate_gate_candidate_context_1_to_gate_candidate_context_2_2899 | ew_add14                                                                 | 2 (L3 memory cuts: 1)    |
| ew_add14                                                                 | concat16                                                                 | 2 (L3 memory cuts: 1)    |
| conv68                                                                   | gate_candidate_gate_candidate_context_1_to_gate_candidate_context_2_2895 | 2 (L3 memory cuts: 1)    |
| gate_candidate_gate_candidate_context_1_to_gate_candidate_context_2_2895 | gate_candidate_gate_candidate_context_1_to_gate_candidate_context_2_2896 | 1 (0.00[KB]) (DDR)       |
| gate_candidate_gate_candidate_context_1_to_gate_candidate_context_2_2896 | concat16                                                                 | 2 (L3 memory cuts: 1)    |
| concat16                                                                 | conv73                                                                   | 2[S] (L3 memory cuts: 1) |
| conv73                                                                   | concat17                                                                 | 2[S] (L3 memory cuts: 1) |
| gate_candidate_gate_candidate_context_1_to_gate_candidate_context_2_2893 | gate_candidate_gate_candidate_context_1_to_gate_candidate_context_2_2894 | 1 (0.00[KB]) (DDR)       |
| gate_candidate_gate_candidate_context_1_to_gate_candidate_context_2_2894 | concat17                                                                 | 2[S] (L3 memory cuts: 1) |
| concat17                                                                 | conv74                                                                   | 2[S] (L3 memory cuts: 1) |
| conv74                                                                   | conv75_ws                                                                | 2 (L3 memory cuts: 1)    |
| conv74                                                                   | dw6_fs                                                                   | 2 (L3 memory cuts: 1)    |
| conv75_ws                                                                | conv75_sd0                                                               | 2 (L3 memory cuts: 1)    |
| conv75_ws                                                                | conv75_sd1                                                               | 2 (L3 memory cuts: 1)    |
| conv75_sd0                                                               | conv75_sdc                                                               | 2 (L3 memory cuts: 1)    |
| conv75_sd1                                                               | conv75_sdc                                                               | 2 (L3 memory cuts: 1)    |
| conv75_sdc                                                               | conv76                                                                   | 4 (L3 memory cuts: 1)    |
| conv76                                                                   | conv77                                                                   | 2 (L3 memory cuts: 1)    |
| conv77                                                                   | output_from_conv77_to_yolov8_nms_postprocess                             | 2 (L3 memory cuts: 1)    |
| dw6_fs                                                                   | dw6_d0                                                                   | 2 (L3 memory cuts: 1)    |
| dw6_fs                                                                   | dw6_d1                                                                   | 2 (L3 memory cuts: 1)    |
| dw6_d0                                                                   | dw6_dc                                                                   | 2 (L3 memory cuts: 1)    |
| dw6_d1                                                                   | dw6_dc                                                                   | 2 (L3 memory cuts: 1)    |
| dw6_dc                                                                   | conv78                                                                   | 2[S] (L3 memory cuts: 1) |
| conv78                                                                   | dw7                                                                      | 4 (L3 memory cuts: 1)    |
| dw7                                                                      | conv79                                                                   | 2 (L3 memory cuts: 1)    |
| conv79                                                                   | conv80                                                                   | 2 (L3 memory cuts: 1)    |
| conv80                                                                   | output_from_conv80_to_yolov8_nms_postprocess                             | 2 (L3 memory cuts: 1)    |
| conv60                                                                   | conv61                                                                   | 5[S] (L3 memory cuts: 1) |
| conv61                                                                   | conv62                                                                   | 2 (L3 memory cuts: 1)    |
| conv62                                                                   | output_from_conv62_to_yolov8_nms_postprocess                             | 2 (L3 memory cuts: 1)    |
| dw4                                                                      | conv63                                                                   | 2 (L3 memory cuts: 1)    |
| conv63                                                                   | dw5                                                                      | 4 (L3 memory cuts: 1)    |
| dw5                                                                      | conv64                                                                   | 2 (L3 memory cuts: 1)    |
| conv64                                                                   | conv65                                                                   | 2 (L3 memory cuts: 1)    |
| conv65                                                                   | output_from_conv65_to_yolov8_nms_postprocess                             | 2 (L3 memory cuts: 1)    |
| sh_from_conv47_to_conv49_d0-1_dw2_sd0-1_2900                             | conv49_d0                                                                | 2 (L3 memory cuts: 1)    |
| sh_from_conv47_to_conv49_d0-1_dw2_sd0-1_2900                             | conv49_d1                                                                | 2 (L3 memory cuts: 1)    |
| sh_from_conv47_to_conv49_d0-1_dw2_sd0-1_2900                             | dw2_sd0                                                                  | 2 (L3 memory cuts: 1)    |
| sh_from_conv47_to_conv49_d0-1_dw2_sd0-1_2900                             | dw2_sd1                                                                  | 2 (L3 memory cuts: 1)    |
| conv49_d0                                                                | conv49_dc                                                                | 2[S] (L3 memory cuts: 1) |
| conv49_d1                                                                | conv49_dc                                                                | 2[S] (L3 memory cuts: 1) |
| conv49_dc                                                                | conv50_d0                                                                | 5[S] (L3 memory cuts: 1) |
| conv49_dc                                                                | conv50_d1                                                                | 5[S] (L3 memory cuts: 1) |
| conv50_d0                                                                | conv50_dc                                                                | 2[S] (L3 memory cuts: 1) |
| conv50_d1                                                                | conv50_dc                                                                | 2[S] (L3 memory cuts: 1) |
| conv50_dc                                                                | conv51                                                                   | 2 (L3 memory cuts: 1)    |
| conv51                                                                   | output_from_conv51_to_yolov8_nms_postprocess                             | 2 (L3 memory cuts: 1)    |
| dw2_sd0                                                                  | dw2_sdc                                                                  | 2 (L3 memory cuts: 1)    |
| dw2_sd1                                                                  | dw2_sdc                                                                  | 2 (L3 memory cuts: 1)    |
| dw2_sdc                                                                  | conv52                                                                   | 2 (L3 memory cuts: 1)    |
| conv52                                                                   | dw3_sd0                                                                  | 2 (L3 memory cuts: 1)    |
| conv52                                                                   | dw3_sd1                                                                  | 2 (L3 memory cuts: 1)    |
| dw3_sd0                                                                  | dw3_sdc                                                                  | 2 (L3 memory cuts: 1)    |
| dw3_sd1                                                                  | dw3_sdc                                                                  | 2 (L3 memory cuts: 1)    |
| dw3_sdc                                                                  | conv53                                                                   | 2 (L3 memory cuts: 1)    |
| conv53                                                                   | conv54                                                                   | 2 (L3 memory cuts: 1)    |
| conv54                                                                   | output_from_conv54_to_yolov8_nms_postprocess                             | 2 (L3 memory cuts: 1)    |
+--------------------------------------------------------------------------+--------------------------------------------------------------------------+--------------------------+
[2026-09-25 17:23:17.382] [default] [info] Adjust Edges After Merges and Joins buffers:
+--------------------------------------------------------------------------+--------------------------------------------------------------------------+--------------------------+
| Src                                                                      | Dst                                                                      | Buffers                  |
+--------------------------------------------------------------------------+--------------------------------------------------------------------------+--------------------------+
| input_layer1                                                             | normalization1_sd0                                                       | 2 (L3 memory cuts: 1)    |
| input_layer1                                                             | normalization1_sd1                                                       | 2 (L3 memory cuts: 1)    |
| normalization1_sd0                                                       | normalization1_sdc                                                       | 2 (L3 memory cuts: 1)    |
| normalization1_sd1                                                       | normalization1_sdc                                                       | 2 (L3 memory cuts: 1)    |
| normalization1_sdc                                                       | conv1_ws                                                                 | 2 (L3 memory cuts: 1)    |
| conv1_ws                                                                 | conv1_sd0                                                                | 2 (L3 memory cuts: 1)    |
| conv1_ws                                                                 | conv1_sd1                                                                | 2 (L3 memory cuts: 1)    |
| conv1_ws                                                                 | conv1_sd2                                                                | 2 (L3 memory cuts: 1)    |
| conv1_ws                                                                 | conv1_sd3                                                                | 2 (L3 memory cuts: 1)    |
| conv1_sd0                                                                | conv1_sdc                                                                | 2 (L3 memory cuts: 1)    |
| conv1_sd1                                                                | conv1_sdc                                                                | 2 (L3 memory cuts: 1)    |
| conv1_sd2                                                                | conv1_sdc                                                                | 2 (L3 memory cuts: 1)    |
| conv1_sd3                                                                | conv1_sdc                                                                | 2 (L3 memory cuts: 1)    |
| conv1_sdc                                                                | conv2_ws                                                                 | 2 (L3 memory cuts: 1)    |
| conv2_ws                                                                 | conv2_sd0                                                                | 2 (L3 memory cuts: 1)    |
| conv2_ws                                                                 | conv2_sd1                                                                | 2 (L3 memory cuts: 1)    |
| conv2_ws                                                                 | conv2_sd2                                                                | 2 (L3 memory cuts: 1)    |
| conv2_sd0                                                                | conv2_sdc                                                                | 2 (L3 memory cuts: 1)    |
| conv2_sd1                                                                | conv2_sdc                                                                | 2 (L3 memory cuts: 1)    |
| conv2_sd2                                                                | conv2_sdc                                                                | 2 (L3 memory cuts: 1)    |
| conv2_sdc                                                                | conv_feature_splitter1_1                                                 | 2 (L3 memory cuts: 1)    |
| conv2_sdc                                                                | conv_feature_splitter1_2                                                 | 2 (L3 memory cuts: 1)    |
| conv_feature_splitter1_1                                                 | concat1                                                                  | 2 (L3 memory cuts: 1)    |
| conv_feature_splitter1_2                                                 | conv4                                                                    | 2 (L3 memory cuts: 1)    |
| conv_feature_splitter1_2                                                 | ew_add1                                                                  | 2 (L3 memory cuts: 1)    |
| conv_feature_splitter1_2                                                 | concat1                                                                  | 2 (L3 memory cuts: 1)    |
| conv4                                                                    | conv5                                                                    | 4[S] (L3 memory cuts: 1) |
| conv5                                                                    | ew_add1                                                                  | 2 (L3 memory cuts: 1)    |
| ew_add1                                                                  | concat1                                                                  | 2 (L3 memory cuts: 1)    |
| concat1                                                                  | conv6                                                                    | 2[S] (L3 memory cuts: 1) |
| conv6                                                                    | conv7_ws                                                                 | 2 (L3 memory cuts: 1)    |
| conv7_ws                                                                 | conv7_sd0                                                                | 2 (L3 memory cuts: 1)    |
| conv7_ws                                                                 | conv7_sd1                                                                | 2 (L3 memory cuts: 1)    |
| conv7_ws                                                                 | conv7_sd2                                                                | 2 (L3 memory cuts: 1)    |
| conv7_sd0                                                                | conv7_sdc                                                                | 2 (L3 memory cuts: 1)    |
| conv7_sd1                                                                | conv7_sdc                                                                | 2 (L3 memory cuts: 1)    |
| conv7_sd2                                                                | conv7_sdc                                                                | 2 (L3 memory cuts: 1)    |
| conv7_sdc                                                                | conv_feature_splitter2_1                                                 | 2 (L3 memory cuts: 1)    |
| conv7_sdc                                                                | conv_feature_splitter2_2                                                 | 2 (L3 memory cuts: 1)    |
| conv_feature_splitter2_1                                                 | concat2                                                                  | 2 (L3 memory cuts: 1)    |
| conv_feature_splitter2_2                                                 | conv9                                                                    | 2 (L3 memory cuts: 1)    |
| conv_feature_splitter2_2                                                 | ew_add2                                                                  | 2 (L3 memory cuts: 1)    |
| conv_feature_splitter2_2                                                 | concat2                                                                  | 2 (L3 memory cuts: 1)    |
| conv9                                                                    | conv10                                                                   | 5[S] (L3 memory cuts: 1) |
| conv10                                                                   | ew_add2                                                                  | 2 (L3 memory cuts: 1)    |
| ew_add2                                                                  | concat2                                                                  | 2 (L3 memory cuts: 1)    |
| concat2                                                                  | conv11                                                                   | 3[S] (L3 memory cuts: 1) |
| conv11                                                                   | conv12_ws                                                                | 2 (L3 memory cuts: 1)    |
| conv11                                                                   | gate_candidate_gate_candidate_context_0_to_gate_candidate_context_1_2876 | 2 (L3 memory cuts: 1)    |
| conv12_ws                                                                | conv12_sd0                                                               | 2 (L3 memory cuts: 1)    |
| conv12_ws                                                                | conv12_sd1                                                               | 2 (L3 memory cuts: 1)    |
| conv12_sd0                                                               | conv12_sdc                                                               | 2 (L3 memory cuts: 1)    |
| conv12_sd1                                                               | conv12_sdc                                                               | 2 (L3 memory cuts: 1)    |
| conv12_sdc                                                               | conv_feature_splitter3_1                                                 | 2 (L3 memory cuts: 1)    |
| conv12_sdc                                                               | conv_feature_splitter3_2                                                 | 2 (L3 memory cuts: 1)    |
| conv_feature_splitter3_1                                                 | concat4                                                                  | 2[S] (L3 memory cuts: 1) |
| conv_feature_splitter3_2                                                 | conv14                                                                   | 2[S] (L3 memory cuts: 1) |
| conv_feature_splitter3_2                                                 | conv15                                                                   | 2[S] (L3 memory cuts: 1) |
| conv_feature_splitter3_2                                                 | concat4                                                                  | 2[S] (L3 memory cuts: 1) |
| conv14                                                                   | conv16                                                                   | 2 (L3 memory cuts: 1)    |
| conv14                                                                   | ew_add3                                                                  | 2 (L3 memory cuts: 1)    |
| conv16                                                                   | conv17                                                                   | 4[S] (L3 memory cuts: 1) |
| conv17                                                                   | ew_add3                                                                  | 2 (L3 memory cuts: 1)    |
| ew_add3                                                                  | conv18                                                                   | 2 (L3 memory cuts: 1)    |
| ew_add3                                                                  | ew_add4                                                                  | 2 (L3 memory cuts: 1)    |
| conv18                                                                   | conv19                                                                   | 4[S] (L3 memory cuts: 1) |
| conv19                                                                   | ew_add4                                                                  | 2 (L3 memory cuts: 1)    |
| ew_add4                                                                  | concat3                                                                  | 2 (L3 memory cuts: 1)    |
| conv15                                                                   | concat3                                                                  | 2 (L3 memory cuts: 1)    |
| concat3                                                                  | conv20                                                                   | 2[S] (L3 memory cuts: 1) |
| conv20                                                                   | concat4                                                                  | 2[S] (L3 memory cuts: 1) |
| concat4                                                                  | conv21                                                                   | 2[S] (L3 memory cuts: 1) |
| conv21                                                                   | conv22                                                                   | 2 (L3 memory cuts: 1)    |
| conv21                                                                   | gate_candidate_gate_candidate_context_0_to_gate_candidate_context_1_2878 | 2 (L3 memory cuts: 1)    |
| conv22                                                                   | conv_feature_splitter4_1                                                 | 2 (L3 memory cuts: 1)    |
| conv22                                                                   | conv_feature_splitter4_2                                                 | 2 (L3 memory cuts: 1)    |
| conv_feature_splitter4_1                                                 | concat6                                                                  | 2[S] (L3 memory cuts: 1) |
| conv_feature_splitter4_2                                                 | conv24                                                                   | 2[S] (L3 memory cuts: 1) |
| conv_feature_splitter4_2                                                 | conv25                                                                   | 2[S] (L3 memory cuts: 1) |
| conv_feature_splitter4_2                                                 | concat6                                                                  | 2[S] (L3 memory cuts: 1) |
| conv24                                                                   | conv26                                                                   | 2 (L3 memory cuts: 1)    |
| conv24                                                                   | ew_add5                                                                  | 2 (L3 memory cuts: 1)    |
| conv26                                                                   | conv27                                                                   | 4[S] (L3 memory cuts: 1) |
| conv27                                                                   | ew_add5                                                                  | 2 (L3 memory cuts: 1)    |
| ew_add5                                                                  | conv28                                                                   | 2 (L3 memory cuts: 1)    |
| ew_add5                                                                  | ew_add6                                                                  | 2 (L3 memory cuts: 1)    |
| conv28                                                                   | conv29                                                                   | 4[S] (L3 memory cuts: 1) |
| conv29                                                                   | ew_add6                                                                  | 2 (L3 memory cuts: 1)    |
| ew_add6                                                                  | concat5                                                                  | 2 (L3 memory cuts: 1)    |
| conv25                                                                   | concat5                                                                  | 2 (L3 memory cuts: 1)    |
| concat5                                                                  | conv30                                                                   | 2[S] (L3 memory cuts: 1) |
| conv30                                                                   | concat6                                                                  | 2[S] (L3 memory cuts: 1) |
| concat6                                                                  | conv31                                                                   | 2[S] (L3 memory cuts: 1) |
| conv31                                                                   | conv32                                                                   | 2[S] (L3 memory cuts: 1) |
| conv32                                                                   | maxpool1                                                                 | 6 (L3 memory cuts: 1)    |
| conv32                                                                   | concat7                                                                  | 2 (L3 memory cuts: 1)    |
| maxpool1                                                                 | maxpool2                                                                 | 6 (L3 memory cuts: 1)    |
| maxpool1                                                                 | concat7                                                                  | 2 (L3 memory cuts: 1)    |
| maxpool2                                                                 | maxpool3                                                                 | 6 (L3 memory cuts: 1)    |
| maxpool2                                                                 | concat7                                                                  | 2 (L3 memory cuts: 1)    |
| maxpool3                                                                 | concat7                                                                  | 2 (L3 memory cuts: 1)    |
| concat7                                                                  | conv33                                                                   | 2[S] (L3 memory cuts: 1) |
| conv33                                                                   | conv_feature_splitter5_1                                                 | 2[S] (L3 memory cuts: 1) |
| conv33                                                                   | conv_feature_splitter5_2                                                 | 2[S] (L3 memory cuts: 1) |
| conv_feature_splitter5_1                                                 | gate_candidate_gate_candidate_context_0_to_gate_candidate_context_1_2880 | 2[S] (L3 memory cuts: 1) |
| gate_candidate_gate_candidate_context_0_to_gate_candidate_context_1_2880 | gate_candidate_gate_candidate_context_0_to_gate_candidate_context_1_2881 | 1 (0.00[KB]) (DDR)       |
| gate_candidate_gate_candidate_context_0_to_gate_candidate_context_1_2881 | concat8                                                                  | 2[S] (L3 memory cuts: 1) |
| conv_feature_splitter5_2                                                 | conv_feature_splitter6_1                                                 | 2 (L3 memory cuts: 1)    |
| conv_feature_splitter5_2                                                 | conv_feature_splitter6_2                                                 | 2 (L3 memory cuts: 1)    |
| conv_feature_splitter5_2                                                 | conv_feature_splitter6_3                                                 | 2 (L3 memory cuts: 1)    |
| conv_feature_splitter5_2                                                 | gate_candidate_gate_candidate_context_0_to_gate_candidate_context_1_2882 | 2 (L3 memory cuts: 1)    |
| conv_feature_splitter6_1                                                 | gate_candidate_gate_candidate_context_0_to_gate_candidate_context_1_2884 | 2 (L3 memory cuts: 1)    |
| gate_candidate_gate_candidate_context_0_to_gate_candidate_context_1_2884 | gate_candidate_gate_candidate_context_0_to_gate_candidate_context_1_2885 | 1 (0.00[KB]) (DDR)       |
| gate_candidate_gate_candidate_context_0_to_gate_candidate_context_1_2885 | matmul1                                                                  | 2 (L3 memory cuts: 1)    |
| conv_feature_splitter6_2                                                 | gate_candidate_gate_candidate_context_0_to_gate_candidate_context_1_2886 | 40 (L3 memory cuts: 3)   |
| gate_candidate_gate_candidate_context_0_to_gate_candidate_context_1_2886 | gate_candidate_gate_candidate_context_0_to_gate_candidate_context_1_2887 | 1 (0.00[KB]) (DDR)       |
| gate_candidate_gate_candidate_context_0_to_gate_candidate_context_1_2887 | matmul1                                                                  | 40 (L3 memory cuts: 3)   |
| matmul1                                                                  | reduce_max_softmax1                                                      | 2 (L3 memory cuts: 2)    |
| matmul1                                                                  | ew_sub_softmax1                                                          | 2 (L3 memory cuts: 2)    |
| reduce_max_softmax1                                                      | ew_sub_softmax1                                                          | 2 (L3 memory cuts: 1)    |
| ew_sub_softmax1                                                          | reduce_sum_softmax1                                                      | 2 (L3 memory cuts: 2)    |
| ew_sub_softmax1                                                          | ew_mult_softmax1                                                         | 2 (L3 memory cuts: 2)    |
| reduce_sum_softmax1                                                      | ew_mult_softmax1                                                         | 2 (L3 memory cuts: 1)    |
| ew_mult_softmax1                                                         | matmul2                                                                  | 2 (L3 memory cuts: 2)    |
| conv_feature_splitter6_3                                                 | gate_candidate_gate_candidate_context_0_to_gate_candidate_context_1_2888 | 2 (L3 memory cuts: 1)    |
| gate_candidate_gate_candidate_context_0_to_gate_candidate_context_1_2888 | gate_candidate_gate_candidate_context_0_to_gate_candidate_context_1_2889 | 1 (0.00[KB]) (DDR)       |
| gate_candidate_gate_candidate_context_0_to_gate_candidate_context_1_2889 | activation1                                                              | 2 (L3 memory cuts: 1)    |
| gate_candidate_gate_candidate_context_0_to_gate_candidate_context_1_2889 | dw1_defuse_width_feature_reshape                                         | 2 (L3 memory cuts: 1)    |
| activation1                                                              | matmul2_reshape                                                          | 2 (L3 memory cuts: 1)    |
| matmul2_reshape                                                          | matmul2                                                                  | 40 (L3 memory cuts: 4)   |
| matmul2                                                                  | dw1_defuse_1x1                                                           | 2 (L3 memory cuts: 1)    |
| dw1_defuse_width_feature_reshape                                         | dw1_defuse_reshape_hxf_to_w_transposed                                   | 2 (L3 memory cuts: 1)    |
| dw1_defuse_reshape_hxf_to_w_transposed                                   | dw1_defuse_1x1                                                           | 2 (L3 memory cuts: 2)    |
| dw1_defuse_1x1                                                           | conv36                                                                   | 2 (L3 memory cuts: 1)    |
| gate_candidate_gate_candidate_context_0_to_gate_candidate_context_1_2882 | gate_candidate_gate_candidate_context_0_to_gate_candidate_context_1_2883 | 1 (0.00[KB]) (DDR)       |
| gate_candidate_gate_candidate_context_0_to_gate_candidate_context_1_2883 | conv36                                                                   | 2 (L3 memory cuts: 1)    |
| conv36                                                                   | conv37                                                                   | 2[S] (L3 memory cuts: 1) |
| conv36                                                                   | conv38                                                                   | 2[S] (L3 memory cuts: 1) |
| conv37                                                                   | conv38                                                                   | 2[S] (L3 memory cuts: 1) |
| conv38                                                                   | concat8                                                                  | 2[S] (L3 memory cuts: 1) |
| concat8                                                                  | conv39                                                                   | 2[S] (L3 memory cuts: 1) |
| conv39                                                                   | resize1                                                                  | 2 (L3 memory cuts: 1)    |
| conv39                                                                   | concat15                                                                 | 2 (L3 memory cuts: 1)    |
| resize1                                                                  | concat9                                                                  | 2 (L3 memory cuts: 1)    |
| gate_candidate_gate_candidate_context_0_to_gate_candidate_context_1_2878 | gate_candidate_gate_candidate_context_0_to_gate_candidate_context_1_2879 | 1 (0.00[KB]) (DDR)       |
| gate_candidate_gate_candidate_context_0_to_gate_candidate_context_1_2879 | concat9                                                                  | 2 (L3 memory cuts: 1)    |
| concat9                                                                  | conv_feature_splitter7_1                                                 | 2[S] (L3 memory cuts: 1) |
| concat9                                                                  | conv_feature_splitter7_2                                                 | 2[S] (L3 memory cuts: 1) |
| conv_feature_splitter7_1                                                 | concat10                                                                 | 2 (L3 memory cuts: 1)    |
| conv_feature_splitter7_2                                                 | conv41                                                                   | 2 (L3 memory cuts: 1)    |
| conv_feature_splitter7_2                                                 | ew_add10                                                                 | 2 (L3 memory cuts: 1)    |
| conv_feature_splitter7_2                                                 | concat10                                                                 | 2 (L3 memory cuts: 1)    |
| conv41                                                                   | conv42                                                                   | 5[S] (L3 memory cuts: 1) |
| conv42                                                                   | ew_add10                                                                 | 2 (L3 memory cuts: 1)    |
| ew_add10                                                                 | concat10                                                                 | 2 (L3 memory cuts: 1)    |
| concat10                                                                 | conv43                                                                   | 2[S] (L3 memory cuts: 1) |
| conv43                                                                   | resize2                                                                  | 2 (L3 memory cuts: 1)    |
| conv43                                                                   | concat13                                                                 | 2 (L3 memory cuts: 1)    |
| resize2                                                                  | concat11                                                                 | 2 (L3 memory cuts: 1)    |
| gate_candidate_gate_candidate_context_0_to_gate_candidate_context_1_2876 | gate_candidate_gate_candidate_context_0_to_gate_candidate_context_1_2877 | 1 (0.00[KB]) (DDR)       |
| gate_candidate_gate_candidate_context_0_to_gate_candidate_context_1_2877 | concat11                                                                 | 2 (L3 memory cuts: 1)    |
| concat11                                                                 | conv_feature_splitter8_1                                                 | 2[S] (L3 memory cuts: 1) |
| concat11                                                                 | conv_feature_splitter8_2                                                 | 3[S] (L3 memory cuts: 1) |
| conv_feature_splitter8_1                                                 | concat12                                                                 | 2 (L3 memory cuts: 1)    |
| conv_feature_splitter8_2                                                 | conv45                                                                   | 2 (L3 memory cuts: 1)    |
| conv_feature_splitter8_2                                                 | ew_add11                                                                 | 2 (L3 memory cuts: 1)    |
| conv_feature_splitter8_2                                                 | concat12                                                                 | 2 (L3 memory cuts: 1)    |
| conv45                                                                   | conv46                                                                   | 5[S] (L3 memory cuts: 1) |
| conv46                                                                   | ew_add11                                                                 | 2 (L3 memory cuts: 1)    |
| ew_add11                                                                 | concat12                                                                 | 2 (L3 memory cuts: 1)    |
| concat12                                                                 | conv47                                                                   | 2[S] (L3 memory cuts: 1) |
| conv47                                                                   | conv48                                                                   | 2 (L3 memory cuts: 1)    |
| conv47                                                                   | sh_from_conv47_to_conv49_d0-1_dw2_sd0-1_2900                             | 2 (L3 memory cuts: 1)    |
| conv48                                                                   | concat13                                                                 | 2 (L3 memory cuts: 1)    |
| concat13                                                                 | conv_feature_splitter9_1                                                 | 2[S] (L3 memory cuts: 1) |
| concat13                                                                 | conv_feature_splitter9_2                                                 | 2[S] (L3 memory cuts: 1) |
| conv_feature_splitter9_1                                                 | concat14                                                                 | 2 (L3 memory cuts: 1)    |
| conv_feature_splitter9_2                                                 | conv56                                                                   | 2 (L3 memory cuts: 1)    |
| conv_feature_splitter9_2                                                 | ew_add12                                                                 | 2 (L3 memory cuts: 1)    |
| conv_feature_splitter9_2                                                 | concat14                                                                 | 2 (L3 memory cuts: 1)    |
| conv56                                                                   | conv57                                                                   | 5[S] (L3 memory cuts: 1) |
| conv57                                                                   | ew_add12                                                                 | 2 (L3 memory cuts: 1)    |
| ew_add12                                                                 | concat14                                                                 | 2 (L3 memory cuts: 1)    |
| concat14                                                                 | conv58                                                                   | 2[S] (L3 memory cuts: 1) |
| conv58                                                                   | conv59                                                                   | 2 (L3 memory cuts: 1)    |
| conv58                                                                   | conv60                                                                   | 2 (L3 memory cuts: 1)    |
| conv58                                                                   | dw4                                                                      | 2 (L3 memory cuts: 1)    |
| conv59                                                                   | concat15                                                                 | 2 (L3 memory cuts: 1)    |
| concat15                                                                 | conv_feature_splitter10_1                                                | 2[S] (L3 memory cuts: 1) |
| concat15                                                                 | conv_feature_splitter10_2                                                | 2[S] (L3 memory cuts: 1) |
| conv_feature_splitter10_1                                                | gate_candidate_gate_candidate_context_1_to_gate_candidate_context_2_2891 | 2[S] (L3 memory cuts: 1) |
| gate_candidate_gate_candidate_context_1_to_gate_candidate_context_2_2891 | gate_candidate_gate_candidate_context_1_to_gate_candidate_context_2_2892 | 1 (0.00[KB]) (DDR)       |
| gate_candidate_gate_candidate_context_1_to_gate_candidate_context_2_2892 | concat17                                                                 | 2[S] (L3 memory cuts: 1) |
| conv_feature_splitter10_2                                                | conv67                                                                   | 2[S] (L3 memory cuts: 1) |
| conv_feature_splitter10_2                                                | conv68                                                                   | 2[S] (L3 memory cuts: 1) |
| conv_feature_splitter10_2                                                | gate_candidate_gate_candidate_context_1_to_gate_candidate_context_2_2893 | 2[S] (L3 memory cuts: 1) |
| conv67                                                                   | conv69                                                                   | 2 (L3 memory cuts: 1)    |
| conv67                                                                   | ew_add13                                                                 | 2 (L3 memory cuts: 1)    |
| conv69                                                                   | conv70                                                                   | 4[S] (L3 memory cuts: 1) |
| conv70                                                                   | ew_add13                                                                 | 2 (L3 memory cuts: 1)    |
| ew_add13                                                                 | gate_candidate_gate_candidate_context_1_to_gate_candidate_context_2_2897 | 2 (L3 memory cuts: 1)    |
| gate_candidate_gate_candidate_context_1_to_gate_candidate_context_2_2897 | gate_candidate_gate_candidate_context_1_to_gate_candidate_context_2_2898 | 1 (0.00[KB]) (DDR)       |
| gate_candidate_gate_candidate_context_1_to_gate_candidate_context_2_2897 | gate_candidate_gate_candidate_context_1_to_gate_candidate_context_2_2899 | 1 (0.00[KB]) (DDR)       |
| gate_candidate_gate_candidate_context_1_to_gate_candidate_context_2_2898 | conv71                                                                   | 2 (L3 memory cuts: 1)    |
| conv71                                                                   | conv72                                                                   | 4[S] (L3 memory cuts: 1) |
| conv72                                                                   | ew_add14                                                                 | 2 (L3 memory cuts: 1)    |
| gate_candidate_gate_candidate_context_1_to_gate_candidate_context_2_2899 | ew_add14                                                                 | 2 (L3 memory cuts: 1)    |
| ew_add14                                                                 | concat16                                                                 | 2 (L3 memory cuts: 1)    |
| conv68                                                                   | gate_candidate_gate_candidate_context_1_to_gate_candidate_context_2_2895 | 2 (L3 memory cuts: 1)    |
| gate_candidate_gate_candidate_context_1_to_gate_candidate_context_2_2895 | gate_candidate_gate_candidate_context_1_to_gate_candidate_context_2_2896 | 1 (0.00[KB]) (DDR)       |
| gate_candidate_gate_candidate_context_1_to_gate_candidate_context_2_2896 | concat16                                                                 | 2 (L3 memory cuts: 1)    |
| concat16                                                                 | conv73                                                                   | 2[S] (L3 memory cuts: 1) |
| conv73                                                                   | concat17                                                                 | 2[S] (L3 memory cuts: 1) |
| gate_candidate_gate_candidate_context_1_to_gate_candidate_context_2_2893 | gate_candidate_gate_candidate_context_1_to_gate_candidate_context_2_2894 | 1 (0.00[KB]) (DDR)       |
| gate_candidate_gate_candidate_context_1_to_gate_candidate_context_2_2894 | concat17                                                                 | 2[S] (L3 memory cuts: 1) |
| concat17                                                                 | conv74                                                                   | 2[S] (L3 memory cuts: 1) |
| conv74                                                                   | conv75_ws                                                                | 2 (L3 memory cuts: 1)    |
| conv74                                                                   | dw6_fs                                                                   | 2 (L3 memory cuts: 1)    |
| conv75_ws                                                                | conv75_sd0                                                               | 2 (L3 memory cuts: 1)    |
| conv75_ws                                                                | conv75_sd1                                                               | 2 (L3 memory cuts: 1)    |
| conv75_sd0                                                               | conv75_sdc                                                               | 2 (L3 memory cuts: 1)    |
| conv75_sd1                                                               | conv75_sdc                                                               | 2 (L3 memory cuts: 1)    |
| conv75_sdc                                                               | conv76                                                                   | 4 (L3 memory cuts: 1)    |
| conv76                                                                   | conv77                                                                   | 2 (L3 memory cuts: 1)    |
| conv77                                                                   | output_from_conv77_to_yolov8_nms_postprocess                             | 2 (L3 memory cuts: 1)    |
| dw6_fs                                                                   | dw6_d0                                                                   | 2 (L3 memory cuts: 1)    |
| dw6_fs                                                                   | dw6_d1                                                                   | 2 (L3 memory cuts: 1)    |
| dw6_d0                                                                   | dw6_dc                                                                   | 2 (L3 memory cuts: 1)    |
| dw6_d1                                                                   | dw6_dc                                                                   | 2 (L3 memory cuts: 1)    |
| dw6_dc                                                                   | conv78                                                                   | 2[S] (L3 memory cuts: 1) |
| conv78                                                                   | dw7                                                                      | 4 (L3 memory cuts: 1)    |
| dw7                                                                      | conv79                                                                   | 2 (L3 memory cuts: 1)    |
| conv79                                                                   | conv80                                                                   | 2 (L3 memory cuts: 1)    |
| conv80                                                                   | output_from_conv80_to_yolov8_nms_postprocess                             | 2 (L3 memory cuts: 1)    |
| conv60                                                                   | conv61                                                                   | 5[S] (L3 memory cuts: 1) |
| conv61                                                                   | conv62                                                                   | 2 (L3 memory cuts: 1)    |
| conv62                                                                   | output_from_conv62_to_yolov8_nms_postprocess                             | 2 (L3 memory cuts: 1)    |
| dw4                                                                      | conv63                                                                   | 2 (L3 memory cuts: 1)    |
| conv63                                                                   | dw5                                                                      | 4 (L3 memory cuts: 1)    |
| dw5                                                                      | conv64                                                                   | 2 (L3 memory cuts: 1)    |
| conv64                                                                   | conv65                                                                   | 2 (L3 memory cuts: 1)    |
| conv65                                                                   | output_from_conv65_to_yolov8_nms_postprocess                             | 2 (L3 memory cuts: 1)    |
| sh_from_conv47_to_conv49_d0-1_dw2_sd0-1_2900                             | conv49_d0                                                                | 2 (L3 memory cuts: 1)    |
| sh_from_conv47_to_conv49_d0-1_dw2_sd0-1_2900                             | conv49_d1                                                                | 2 (L3 memory cuts: 1)    |
| sh_from_conv47_to_conv49_d0-1_dw2_sd0-1_2900                             | dw2_sd0                                                                  | 2 (L3 memory cuts: 1)    |
| sh_from_conv47_to_conv49_d0-1_dw2_sd0-1_2900                             | dw2_sd1                                                                  | 2 (L3 memory cuts: 1)    |
| conv49_d0                                                                | conv49_dc                                                                | 2[S] (L3 memory cuts: 1) |
| conv49_d1                                                                | conv49_dc                                                                | 2[S] (L3 memory cuts: 1) |
| conv49_dc                                                                | conv50_d0                                                                | 5[S] (L3 memory cuts: 1) |
| conv49_dc                                                                | conv50_d1                                                                | 5[S] (L3 memory cuts: 1) |
| conv50_d0                                                                | conv50_dc                                                                | 2[S] (L3 memory cuts: 1) |
| conv50_d1                                                                | conv50_dc                                                                | 2[S] (L3 memory cuts: 1) |
| conv50_dc                                                                | conv51                                                                   | 2 (L3 memory cuts: 1)    |
| conv51                                                                   | output_from_conv51_to_yolov8_nms_postprocess                             | 2 (L3 memory cuts: 1)    |
| dw2_sd0                                                                  | dw2_sdc                                                                  | 2 (L3 memory cuts: 1)    |
| dw2_sd1                                                                  | dw2_sdc                                                                  | 2 (L3 memory cuts: 1)    |
| dw2_sdc                                                                  | conv52                                                                   | 2 (L3 memory cuts: 1)    |
| conv52                                                                   | dw3_sd0                                                                  | 2 (L3 memory cuts: 1)    |
| conv52                                                                   | dw3_sd1                                                                  | 2 (L3 memory cuts: 1)    |
| dw3_sd0                                                                  | dw3_sdc                                                                  | 2 (L3 memory cuts: 1)    |
| dw3_sd1                                                                  | dw3_sdc                                                                  | 2 (L3 memory cuts: 1)    |
| dw3_sdc                                                                  | conv53                                                                   | 2 (L3 memory cuts: 1)    |
| conv53                                                                   | conv54                                                                   | 2 (L3 memory cuts: 1)    |
| conv54                                                                   | output_from_conv54_to_yolov8_nms_postprocess                             | 2 (L3 memory cuts: 1)    |
+--------------------------------------------------------------------------+--------------------------------------------------------------------------+--------------------------+
[2026-09-25 17:23:24.550] [default] [info] Adjust Edges Before Dimaffer buffers:
+--------------------------------------------------------------------------+--------------------------------------------------------------------------+-------------------------------+
| Src                                                                      | Dst                                                                      | Buffers                       |
+--------------------------------------------------------------------------+--------------------------------------------------------------------------+-------------------------------+
| input_layer1                                                             | normalization1_sd0                                                       | 3 (L3 memory cuts: 1)         |
| input_layer1                                                             | normalization1_sd1                                                       | 3 (L3 memory cuts: 1)         |
| normalization1_sd0                                                       | normalization1_sdc                                                       | 2 (L3 memory cuts: 1)         |
| normalization1_sd1                                                       | normalization1_sdc                                                       | 2 (L3 memory cuts: 1)         |
| normalization1_sdc                                                       | conv1_ws                                                                 | 1[RPC] (L3 memory cuts: 1)    |
| conv1_ws                                                                 | conv1_sd0                                                                | 2 (L3 memory cuts: 1)         |
| conv1_ws                                                                 | conv1_sd1                                                                | 2 (L3 memory cuts: 1)         |
| conv1_ws                                                                 | conv1_sd2                                                                | 2 (L3 memory cuts: 1)         |
| conv1_ws                                                                 | conv1_sd3                                                                | 2 (L3 memory cuts: 1)         |
| conv1_sd0                                                                | conv1_sdc                                                                | 2[RPC] (L3 memory cuts: 2)    |
| conv1_sd1                                                                | conv1_sdc                                                                | 2[RPC] (L3 memory cuts: 2)    |
| conv1_sd2                                                                | conv1_sdc                                                                | 2[RPC] (L3 memory cuts: 2)    |
| conv1_sd3                                                                | conv1_sdc                                                                | 2[RPC] (L3 memory cuts: 2)    |
| conv1_sdc                                                                | conv2_ws                                                                 | 2[RPC] (L3 memory cuts: 2)    |
| conv2_ws                                                                 | conv2_sd0                                                                | 3[RPC] (L3 memory cuts: 3)    |
| conv2_ws                                                                 | conv2_sd1                                                                | 3[RPC] (L3 memory cuts: 3)    |
| conv2_ws                                                                 | conv2_sd2                                                                | 2[RPC] (L3 memory cuts: 2)    |
| conv2_sd0                                                                | conv2_sdc                                                                | 1[RPC] (L3 memory cuts: 1)    |
| conv2_sd1                                                                | conv2_sdc                                                                | 1[RPC] (L3 memory cuts: 1)    |
| conv2_sd2                                                                | conv2_sdc                                                                | 2 (L3 memory cuts: 1)         |
| conv2_sdc                                                                | conv_feature_splitter1_1                                                 | 1 (L3 memory cuts: 1)         |
| conv2_sdc                                                                | conv_feature_splitter1_2                                                 | 1 (L3 memory cuts: 1)         |
| conv_feature_splitter1_1                                                 | concat1                                                                  | 7[RPC] (L3 memory cuts: 7)    |
| conv_feature_splitter1_2                                                 | conv4                                                                    | 4[RPC] (L3 memory cuts: 4)    |
| conv_feature_splitter1_2                                                 | ew_add1                                                                  | 6[RPC] (L3 memory cuts: 6)    |
| conv_feature_splitter1_2                                                 | concat1                                                                  | 7[RPC] (L3 memory cuts: 7)    |
| conv4                                                                    | conv5                                                                    | 11[S] (L3 memory cuts: 1)     |
| conv5                                                                    | ew_add1                                                                  | 2 (L3 memory cuts: 1)         |
| ew_add1                                                                  | concat1                                                                  | 3 (L3 memory cuts: 1)         |
| concat1                                                                  | conv6                                                                    | 3[S] (L3 memory cuts: 1)      |
| conv6                                                                    | conv7_ws                                                                 | 2[RPC] (L3 memory cuts: 2)    |
| conv7_ws                                                                 | conv7_sd0                                                                | 2[RPC] (L3 memory cuts: 2)    |
| conv7_ws                                                                 | conv7_sd1                                                                | 2[RPC] (L3 memory cuts: 2)    |
| conv7_ws                                                                 | conv7_sd2                                                                | 2[RPC] (L3 memory cuts: 2)    |
| conv7_sd0                                                                | conv7_sdc                                                                | 1[RPC] (L3 memory cuts: 1)    |
| conv7_sd1                                                                | conv7_sdc                                                                | 1 (L3 memory cuts: 1)         |
| conv7_sd2                                                                | conv7_sdc                                                                | 1 (L3 memory cuts: 1)         |
| conv7_sdc                                                                | conv_feature_splitter2_1                                                 | 1 (L3 memory cuts: 1)         |
| conv7_sdc                                                                | conv_feature_splitter2_2                                                 | 1 (L3 memory cuts: 1)         |
| conv_feature_splitter2_1                                                 | concat2                                                                  | 5 (L3 memory cuts: 1)         |
| conv_feature_splitter2_2                                                 | conv9                                                                    | 5 (L3 memory cuts: 1)         |
| conv_feature_splitter2_2                                                 | ew_add2                                                                  | 5 (L3 memory cuts: 1)         |
| conv_feature_splitter2_2                                                 | concat2                                                                  | 5 (L3 memory cuts: 1)         |
| conv9                                                                    | conv10                                                                   | 9[S] (L3 memory cuts: 1)      |
| conv10                                                                   | ew_add2                                                                  | 2 (L3 memory cuts: 1)         |
| ew_add2                                                                  | concat2                                                                  | 2 (L3 memory cuts: 1)         |
| concat2                                                                  | conv11                                                                   | 5[S] (L3 memory cuts: 1)      |
| conv11                                                                   | conv12_ws                                                                | 2[RPC] (L3 memory cuts: 2)    |
| conv11                                                                   | gate_candidate_gate_candidate_context_0_to_gate_candidate_context_1_2876 | 2[RPC] (L3 memory cuts: 2)    |
| conv12_ws                                                                | conv12_sd0                                                               | 2 (L3 memory cuts: 1)         |
| conv12_ws                                                                | conv12_sd1                                                               | 1 (L3 memory cuts: 1)         |
| conv12_sd0                                                               | conv12_sdc                                                               | 1 (L3 memory cuts: 1)         |
| conv12_sd1                                                               | conv12_sdc                                                               | 1 (L3 memory cuts: 1)         |
| conv12_sdc                                                               | conv_feature_splitter3_1                                                 | 2[RPC] (L3 memory cuts: 2)    |
| conv12_sdc                                                               | conv_feature_splitter3_2                                                 | 2[RPC] (L3 memory cuts: 2)    |
| conv_feature_splitter3_1                                                 | concat4                                                                  | 39[S] (L3 memory cuts: 1)     |
| conv_feature_splitter3_2                                                 | conv14                                                                   | 39[S] (L3 memory cuts: 1)     |
| conv_feature_splitter3_2                                                 | conv15                                                                   | 39[S] (L3 memory cuts: 1)     |
| conv_feature_splitter3_2                                                 | concat4                                                                  | 39[S] (L3 memory cuts: 1)     |
| conv14                                                                   | conv16                                                                   | 5 (L3 memory cuts: 1)         |
| conv14                                                                   | ew_add3                                                                  | 5 (L3 memory cuts: 1)         |
| conv16                                                                   | conv17                                                                   | 5[S] (L3 memory cuts: 1)      |
| conv17                                                                   | ew_add3                                                                  | 1 (L3 memory cuts: 1)         |
| ew_add3                                                                  | conv18                                                                   | 4 (L3 memory cuts: 1)         |
| ew_add3                                                                  | ew_add4                                                                  | 4 (L3 memory cuts: 1)         |
| conv18                                                                   | conv19                                                                   | 5[S] (L3 memory cuts: 1)      |
| conv19                                                                   | ew_add4                                                                  | 1 (L3 memory cuts: 1)         |
| ew_add4                                                                  | concat3                                                                  | 3 (L3 memory cuts: 1)         |
| conv15                                                                   | concat3                                                                  | 9 (L3 memory cuts: 1)         |
| concat3                                                                  | conv20                                                                   | 2[S] (L3 memory cuts: 1)      |
| conv20                                                                   | concat4                                                                  | 1[S] (L3 memory cuts: 1)      |
| concat4                                                                  | conv21                                                                   | 1[S] (L3 memory cuts: 1)      |
| conv21                                                                   | conv22                                                                   | 2 (L3 memory cuts: 1)         |
| conv21                                                                   | gate_candidate_gate_candidate_context_0_to_gate_candidate_context_1_2878 | 2 (L3 memory cuts: 1)         |
| conv22                                                                   | conv_feature_splitter4_1                                                 | 2 (L3 memory cuts: 1)         |
| conv22                                                                   | conv_feature_splitter4_2                                                 | 2 (L3 memory cuts: 1)         |
| conv_feature_splitter4_1                                                 | concat6                                                                  | 28[S] (L3 memory cuts: 1)     |
| conv_feature_splitter4_2                                                 | conv24                                                                   | 28[S] (L3 memory cuts: 1)     |
| conv_feature_splitter4_2                                                 | conv25                                                                   | 28[S] (L3 memory cuts: 1)     |
| conv_feature_splitter4_2                                                 | concat6                                                                  | 28[S] (L3 memory cuts: 1)     |
| conv24                                                                   | conv26                                                                   | 6 (L3 memory cuts: 1)         |
| conv24                                                                   | ew_add5                                                                  | 6 (L3 memory cuts: 1)         |
| conv26                                                                   | conv27                                                                   | 6[S] (L3 memory cuts: 1)      |
| conv27                                                                   | ew_add5                                                                  | 1 (L3 memory cuts: 1)         |
| ew_add5                                                                  | conv28                                                                   | 4 (L3 memory cuts: 1)         |
| ew_add5                                                                  | ew_add6                                                                  | 4 (L3 memory cuts: 1)         |
| conv28                                                                   | conv29                                                                   | 6[S] (L3 memory cuts: 1)      |
| conv29                                                                   | ew_add6                                                                  | 1 (L3 memory cuts: 1)         |
| ew_add6                                                                  | concat5                                                                  | 3 (L3 memory cuts: 1)         |
| conv25                                                                   | concat5                                                                  | 10 (L3 memory cuts: 1)        |
| concat5                                                                  | conv30                                                                   | 2[S] (L3 memory cuts: 1)      |
| conv30                                                                   | concat6                                                                  | 1[S] (L3 memory cuts: 1)      |
| concat6                                                                  | conv31                                                                   | 2[S] (L3 memory cuts: 1)      |
| conv31                                                                   | conv32                                                                   | 2[S] (L3 memory cuts: 1)      |
| conv32                                                                   | maxpool1                                                                 | 10 (L3 memory cuts: 1)        |
| conv32                                                                   | concat7                                                                  | 10 (L3 memory cuts: 1)        |
| maxpool1                                                                 | maxpool2                                                                 | 9 (L3 memory cuts: 1)         |
| maxpool1                                                                 | concat7                                                                  | 9 (L3 memory cuts: 1)         |
| maxpool2                                                                 | maxpool3                                                                 | 7 (L3 memory cuts: 1)         |
| maxpool2                                                                 | concat7                                                                  | 7 (L3 memory cuts: 1)         |
| maxpool3                                                                 | concat7                                                                  | 4 (L3 memory cuts: 1)         |
| concat7                                                                  | conv33                                                                   | 2[S] (L3 memory cuts: 1)      |
| conv33                                                                   | conv_feature_splitter5_1                                                 | 1[S] (L3 memory cuts: 1)      |
| conv33                                                                   | conv_feature_splitter5_2                                                 | 1[S] (L3 memory cuts: 1)      |
| conv_feature_splitter5_1                                                 | gate_candidate_gate_candidate_context_0_to_gate_candidate_context_1_2880 | 1 (L3 memory cuts: 1)         |
| gate_candidate_gate_candidate_context_0_to_gate_candidate_context_1_2880 | gate_candidate_gate_candidate_context_0_to_gate_candidate_context_1_2881 | 1 (0.00[KB]) (DDR)            |
| gate_candidate_gate_candidate_context_0_to_gate_candidate_context_1_2881 | concat8                                                                  | 3 (L3 memory cuts: 1)         |
| conv_feature_splitter5_2                                                 | conv_feature_splitter6_1                                                 | 1[RPC] (L3 memory cuts: 1)    |
| conv_feature_splitter5_2                                                 | conv_feature_splitter6_2                                                 | 1[RPC] (L3 memory cuts: 1)    |
| conv_feature_splitter5_2                                                 | conv_feature_splitter6_3                                                 | 2[RPC] (L3 memory cuts: 2)    |
| conv_feature_splitter5_2                                                 | gate_candidate_gate_candidate_context_0_to_gate_candidate_context_1_2882 | 1[RPC] (L3 memory cuts: 1)    |
| conv_feature_splitter6_1                                                 | gate_candidate_gate_candidate_context_0_to_gate_candidate_context_1_2884 | 1 (L3 memory cuts: 1)         |
| gate_candidate_gate_candidate_context_0_to_gate_candidate_context_1_2884 | gate_candidate_gate_candidate_context_0_to_gate_candidate_context_1_2885 | 1 (0.00[KB]) (DDR)            |
| gate_candidate_gate_candidate_context_0_to_gate_candidate_context_1_2885 | matmul1                                                                  | 2 (L3 memory cuts: 1)         |
| conv_feature_splitter6_2                                                 | gate_candidate_gate_candidate_context_0_to_gate_candidate_context_1_2886 | 1 (L3 memory cuts: 1)         |
| gate_candidate_gate_candidate_context_0_to_gate_candidate_context_1_2886 | gate_candidate_gate_candidate_context_0_to_gate_candidate_context_1_2887 | 1 (0.00[KB]) (DDR)            |
| gate_candidate_gate_candidate_context_0_to_gate_candidate_context_1_2887 | matmul1                                                                  | 40 (L3 memory cuts: 2)        |
| matmul1                                                                  | reduce_max_softmax1                                                      | 2[RPC] (L3 memory cuts: 2)    |
| matmul1                                                                  | ew_sub_softmax1                                                          | 2[RPC] (L3 memory cuts: 2)    |
| reduce_max_softmax1                                                      | ew_sub_softmax1                                                          | 1 (L3 memory cuts: 1)         |
| ew_sub_softmax1                                                          | reduce_sum_softmax1                                                      | 1 (L3 memory cuts: 1)         |
| ew_sub_softmax1                                                          | ew_mult_softmax1                                                         | 1 (L3 memory cuts: 1)         |
| reduce_sum_softmax1                                                      | ew_mult_softmax1                                                         | 2 (L3 memory cuts: 1)         |
| ew_mult_softmax1                                                         | matmul2                                                                  | 3 (L3 memory cuts: 2)         |
| conv_feature_splitter6_3                                                 | gate_candidate_gate_candidate_context_0_to_gate_candidate_context_1_2888 | 1 (L3 memory cuts: 1)         |
| gate_candidate_gate_candidate_context_0_to_gate_candidate_context_1_2888 | gate_candidate_gate_candidate_context_0_to_gate_candidate_context_1_2889 | 1 (0.00[KB]) (DDR)            |
| gate_candidate_gate_candidate_context_0_to_gate_candidate_context_1_2889 | activation1                                                              | 2 (L3 memory cuts: 1)         |
| gate_candidate_gate_candidate_context_0_to_gate_candidate_context_1_2889 | dw1_defuse_width_feature_reshape                                         | 2 (L3 memory cuts: 1)         |
| activation1                                                              | matmul2_reshape                                                          | 1 (L3 memory cuts: 1)         |
| matmul2_reshape                                                          | matmul2                                                                  | 40 (L3 memory cuts: 4)        |
| matmul2                                                                  | dw1_defuse_1x1                                                           | 3 (L3 memory cuts: 1)         |
| dw1_defuse_width_feature_reshape                                         | dw1_defuse_reshape_hxf_to_w_transposed                                   | 5 (L3 memory cuts: 1)         |
| dw1_defuse_reshape_hxf_to_w_transposed                                   | dw1_defuse_1x1                                                           | 21 (L3 memory cuts: 18)       |
| dw1_defuse_1x1                                                           | conv36                                                                   | 4 (L3 memory cuts: 1)         |
| gate_candidate_gate_candidate_context_0_to_gate_candidate_context_1_2882 | gate_candidate_gate_candidate_context_0_to_gate_candidate_context_1_2883 | 1 (0.00[KB]) (DDR)            |
| gate_candidate_gate_candidate_context_0_to_gate_candidate_context_1_2883 | conv36                                                                   | 3 (L3 memory cuts: 1)         |
| conv36                                                                   | conv37                                                                   | 3[S] (L3 memory cuts: 1)      |
| conv36                                                                   | conv38                                                                   | 3[S] (L3 memory cuts: 1)      |
| conv37                                                                   | conv38                                                                   | 2[S] (L3 memory cuts: 1)      |
| conv38                                                                   | concat8                                                                  | 2 (L3 memory cuts: 1)         |
| concat8                                                                  | conv39                                                                   | 2[S] (L3 memory cuts: 1)      |
| conv39                                                                   | resize1                                                                  | 2 (L3 memory cuts: 1)         |
| conv39                                                                   | concat15                                                                 | 14 (L3 memory cuts: 3)        |
| resize1                                                                  | concat9                                                                  | 3 (L3 memory cuts: 1)         |
| gate_candidate_gate_candidate_context_0_to_gate_candidate_context_1_2878 | gate_candidate_gate_candidate_context_0_to_gate_candidate_context_1_2879 | 1 (0.00[KB]) (DDR)            |
| gate_candidate_gate_candidate_context_0_to_gate_candidate_context_1_2879 | concat9                                                                  | 4 (L3 memory cuts: 1)         |
| concat9                                                                  | conv_feature_splitter7_1                                                 | 2[S] (L3 memory cuts: 1)      |
| concat9                                                                  | conv_feature_splitter7_2                                                 | 2[S] (L3 memory cuts: 1)      |
| conv_feature_splitter7_1                                                 | concat10                                                                 | 9[RPC] (L3 memory cuts: 9)    |
| conv_feature_splitter7_2                                                 | conv41                                                                   | 6[RPC] (L3 memory cuts: 6)    |
| conv_feature_splitter7_2                                                 | ew_add10                                                                 | 8[RPC] (L3 memory cuts: 8)    |
| conv_feature_splitter7_2                                                 | concat10                                                                 | 9[RPC] (L3 memory cuts: 9)    |
| conv41                                                                   | conv42                                                                   | 11[S] (L3 memory cuts: 1)     |
| conv42                                                                   | ew_add10                                                                 | 2[RPC] (L3 memory cuts: 2)    |
| ew_add10                                                                 | concat10                                                                 | 2 (L3 memory cuts: 1)         |
| concat10                                                                 | conv43                                                                   | 3[S] (L3 memory cuts: 1)      |
| conv43                                                                   | resize2                                                                  | 7[RPC] (L3 memory cuts: 7)    |
| conv43                                                                   | concat13                                                                 | 7[RPC] (L3 memory cuts: 7)    |
| resize2                                                                  | concat11                                                                 | 2[RPC] (L3 memory cuts: 2)    |
| gate_candidate_gate_candidate_context_0_to_gate_candidate_context_1_2876 | gate_candidate_gate_candidate_context_0_to_gate_candidate_context_1_2877 | 1 (0.00[KB]) (DDR)            |
| gate_candidate_gate_candidate_context_0_to_gate_candidate_context_1_2877 | concat11                                                                 | 13 (L3 memory cuts: 5)        |
| concat11                                                                 | conv_feature_splitter8_1                                                 | 2[RPC] (L3 memory cuts: 2)    |
| concat11                                                                 | conv_feature_splitter8_2                                                 | 2[RPC] (L3 memory cuts: 2)    |
| conv_feature_splitter8_1                                                 | concat12                                                                 | 6 (L3 memory cuts: 1)         |
| conv_feature_splitter8_2                                                 | conv45                                                                   | 6[RPC] (L3 memory cuts: 6)    |
| conv_feature_splitter8_2                                                 | ew_add11                                                                 | 6[RPC] (L3 memory cuts: 6)    |
| conv_feature_splitter8_2                                                 | concat12                                                                 | 6[RPC] (L3 memory cuts: 6)    |
| conv45                                                                   | conv46                                                                   | 7[S] (L3 memory cuts: 1)      |
| conv46                                                                   | ew_add11                                                                 | 2 (L3 memory cuts: 1)         |
| ew_add11                                                                 | concat12                                                                 | 2 (L3 memory cuts: 1)         |
| concat12                                                                 | conv47                                                                   | 2[S] (L3 memory cuts: 1)      |
| conv47                                                                   | conv48                                                                   | 3 (L3 memory cuts: 1)         |
| conv47                                                                   | sh_from_conv47_to_conv49_d0-1_dw2_sd0-1_2900                             | 3 (L3 memory cuts: 1)         |
| conv48                                                                   | concat13                                                                 | 2 (L3 memory cuts: 1)         |
| concat13                                                                 | conv_feature_splitter9_1                                                 | 2[S] (L3 memory cuts: 1)      |
| concat13                                                                 | conv_feature_splitter9_2                                                 | 2[S] (L3 memory cuts: 1)      |
| conv_feature_splitter9_1                                                 | concat14                                                                 | 7[RPC] (L3 memory cuts: 7)    |
| conv_feature_splitter9_2                                                 | conv56                                                                   | 3[RPC] (L3 memory cuts: 3)    |
| conv_feature_splitter9_2                                                 | ew_add12                                                                 | 6[RPC] (L3 memory cuts: 6)    |
| conv_feature_splitter9_2                                                 | concat14                                                                 | 7[RPC] (L3 memory cuts: 7)    |
| conv56                                                                   | conv57                                                                   | 11[S] (L3 memory cuts: 1)     |
| conv57                                                                   | ew_add12                                                                 | 2[RPC] (L3 memory cuts: 2)    |
| ew_add12                                                                 | concat14                                                                 | 2 (L3 memory cuts: 1)         |
| concat14                                                                 | conv58                                                                   | 3[S] (L3 memory cuts: 1)      |
| conv58                                                                   | conv59                                                                   | 3[RPC] (L3 memory cuts: 3)    |
| conv58                                                                   | conv60                                                                   | 3[RPC] (L3 memory cuts: 3)    |
| conv58                                                                   | dw4                                                                      | 3[RPC] (L3 memory cuts: 3)    |
| conv59                                                                   | concat15                                                                 | 2 (L3 memory cuts: 1)         |
| concat15                                                                 | conv_feature_splitter10_1                                                | 2[S] (L3 memory cuts: 1)      |
| concat15                                                                 | conv_feature_splitter10_2                                                | 2[S] (L3 memory cuts: 1)      |
| conv_feature_splitter10_1                                                | gate_candidate_gate_candidate_context_1_to_gate_candidate_context_2_2891 | 1 (L3 memory cuts: 1)         |
| gate_candidate_gate_candidate_context_1_to_gate_candidate_context_2_2891 | gate_candidate_gate_candidate_context_1_to_gate_candidate_context_2_2892 | 1 (0.00[KB]) (DDR)            |
| gate_candidate_gate_candidate_context_1_to_gate_candidate_context_2_2892 | concat17                                                                 | 3 (L3 memory cuts: 1)         |
| conv_feature_splitter10_2                                                | conv67                                                                   | 1 (L3 memory cuts: 1)         |
| conv_feature_splitter10_2                                                | conv68                                                                   | 1 (L3 memory cuts: 1)         |
| conv_feature_splitter10_2                                                | gate_candidate_gate_candidate_context_1_to_gate_candidate_context_2_2893 | 1 (L3 memory cuts: 1)         |
| conv67                                                                   | conv69                                                                   | 4 (L3 memory cuts: 1)         |
| conv67                                                                   | ew_add13                                                                 | 4 (L3 memory cuts: 1)         |
| conv69                                                                   | conv70                                                                   | 5[S] (L3 memory cuts: 1)      |
| conv70                                                                   | ew_add13                                                                 | 1 (L3 memory cuts: 1)         |
| ew_add13                                                                 | gate_candidate_gate_candidate_context_1_to_gate_candidate_context_2_2897 | 1 (L3 memory cuts: 1)         |
| gate_candidate_gate_candidate_context_1_to_gate_candidate_context_2_2897 | gate_candidate_gate_candidate_context_1_to_gate_candidate_context_2_2898 | 1 (0.00[KB]) (DDR)            |
| gate_candidate_gate_candidate_context_1_to_gate_candidate_context_2_2897 | gate_candidate_gate_candidate_context_1_to_gate_candidate_context_2_2899 | 1 (0.00[KB]) (DDR)            |
| gate_candidate_gate_candidate_context_1_to_gate_candidate_context_2_2898 | conv71                                                                   | 4 (L3 memory cuts: 1)         |
| conv71                                                                   | conv72                                                                   | 5[S] (L3 memory cuts: 1)      |
| conv72                                                                   | ew_add14                                                                 | 2 (L3 memory cuts: 1)         |
| gate_candidate_gate_candidate_context_1_to_gate_candidate_context_2_2899 | ew_add14                                                                 | 2 (L3 memory cuts: 1)         |
| ew_add14                                                                 | concat16                                                                 | 2 (L3 memory cuts: 1)         |
| conv68                                                                   | gate_candidate_gate_candidate_context_1_to_gate_candidate_context_2_2895 | 1 (L3 memory cuts: 1)         |
| gate_candidate_gate_candidate_context_1_to_gate_candidate_context_2_2895 | gate_candidate_gate_candidate_context_1_to_gate_candidate_context_2_2896 | 1 (0.00[KB]) (DDR)            |
| gate_candidate_gate_candidate_context_1_to_gate_candidate_context_2_2896 | concat16                                                                 | 3 (L3 memory cuts: 1)         |
| concat16                                                                 | conv73                                                                   | 2[S] (L3 memory cuts: 1)      |
| conv73                                                                   | concat17                                                                 | 2[RPC] (L3 memory cuts: 2)    |
| gate_candidate_gate_candidate_context_1_to_gate_candidate_context_2_2893 | gate_candidate_gate_candidate_context_1_to_gate_candidate_context_2_2894 | 1 (0.00[KB]) (DDR)            |
| gate_candidate_gate_candidate_context_1_to_gate_candidate_context_2_2894 | concat17                                                                 | 3 (L3 memory cuts: 1)         |
| concat17                                                                 | conv74                                                                   | 2[S] (L3 memory cuts: 1)      |
| conv74                                                                   | conv75_ws                                                                | 1[RPC] (L3 memory cuts: 1)    |
| conv74                                                                   | dw6_fs                                                                   | 1[RPC] (L3 memory cuts: 1)    |
| conv75_ws                                                                | conv75_sd0                                                               | 1[RPC] (L3 memory cuts: 1)    |
| conv75_ws                                                                | conv75_sd1                                                               | 2[RPC] (L3 memory cuts: 2)    |
| conv75_sd0                                                               | conv75_sdc                                                               | 2 (L3 memory cuts: 1)         |
| conv75_sd1                                                               | conv75_sdc                                                               | 1[RPC] (L3 memory cuts: 1)    |
| conv75_sdc                                                               | conv76                                                                   | 2[RPC] (L3 memory cuts: 2)    |
| conv76                                                                   | conv77                                                                   | 2 (L3 memory cuts: 1)         |
| conv77                                                                   | output_from_conv77_to_yolov8_nms_postprocess                             | 1 (L3 memory cuts: 1)         |
| dw6_fs                                                                   | dw6_d0                                                                   | 1 (L3 memory cuts: 1)         |
| dw6_fs                                                                   | dw6_d1                                                                   | 1 (L3 memory cuts: 1)         |
| dw6_d0                                                                   | dw6_dc                                                                   | 2[RPC] (L3 memory cuts: 2)    |
| dw6_d1                                                                   | dw6_dc                                                                   | 2[RPC] (L3 memory cuts: 2)    |
| dw6_dc                                                                   | conv78                                                                   | 2[S] (L3 memory cuts: 1)      |
| conv78                                                                   | dw7                                                                      | 4 (L3 memory cuts: 1)         |
| dw7                                                                      | conv79                                                                   | 2 (L3 memory cuts: 1)         |
| conv79                                                                   | conv80                                                                   | 1 (L3 memory cuts: 1)         |
| conv80                                                                   | output_from_conv80_to_yolov8_nms_postprocess                             | 1 (L3 memory cuts: 1)         |
| conv60                                                                   | conv61                                                                   | 10[S] (L3 memory cuts: 1)     |
| conv61                                                                   | conv62                                                                   | 2 (L3 memory cuts: 1)         |
| conv62                                                                   | output_from_conv62_to_yolov8_nms_postprocess                             | 1 (L3 memory cuts: 1)         |
| dw4                                                                      | conv63                                                                   | 2 (L3 memory cuts: 1)         |
| conv63                                                                   | dw5                                                                      | 4 (L3 memory cuts: 1)         |
| dw5                                                                      | conv64                                                                   | 2 (L3 memory cuts: 1)         |
| conv64                                                                   | conv65                                                                   | 1 (L3 memory cuts: 1)         |
| conv65                                                                   | output_from_conv65_to_yolov8_nms_postprocess                             | 1 (L3 memory cuts: 1)         |
| sh_from_conv47_to_conv49_d0-1_dw2_sd0-1_2900                             | conv49_d0                                                                | 2 (L3 memory cuts: 1)         |
| sh_from_conv47_to_conv49_d0-1_dw2_sd0-1_2900                             | conv49_d1                                                                | 2 (L3 memory cuts: 1)         |
| sh_from_conv47_to_conv49_d0-1_dw2_sd0-1_2900                             | dw2_sd0                                                                  | 2 (L3 memory cuts: 1)         |
| sh_from_conv47_to_conv49_d0-1_dw2_sd0-1_2900                             | dw2_sd1                                                                  | 2 (L3 memory cuts: 1)         |
| conv49_d0                                                                | conv49_dc                                                                | 4[S][RPC] (L3 memory cuts: 4) |
| conv49_d1                                                                | conv49_dc                                                                | 4[S][RPC] (L3 memory cuts: 4) |
| conv49_dc                                                                | conv50_d0                                                                | 9[S] (L3 memory cuts: 1)      |
| conv49_dc                                                                | conv50_d1                                                                | 9[S] (L3 memory cuts: 1)      |
| conv50_d0                                                                | conv50_dc                                                                | 4[S][RPC] (L3 memory cuts: 4) |
| conv50_d1                                                                | conv50_dc                                                                | 4[S][RPC] (L3 memory cuts: 4) |
| conv50_dc                                                                | conv51                                                                   | 2 (L3 memory cuts: 1)         |
| conv51                                                                   | output_from_conv51_to_yolov8_nms_postprocess                             | 2[RPC] (L3 memory cuts: 2)    |
| dw2_sd0                                                                  | dw2_sdc                                                                  | 2 (L3 memory cuts: 1)         |
| dw2_sd1                                                                  | dw2_sdc                                                                  | 2 (L3 memory cuts: 1)         |
| dw2_sdc                                                                  | conv52                                                                   | 2 (L3 memory cuts: 1)         |
| conv52                                                                   | dw3_sd0                                                                  | 2 (L3 memory cuts: 1)         |
| conv52                                                                   | dw3_sd1                                                                  | 2 (L3 memory cuts: 1)         |
| dw3_sd0                                                                  | dw3_sdc                                                                  | 2 (L3 memory cuts: 1)         |
| dw3_sd1                                                                  | dw3_sdc                                                                  | 2 (L3 memory cuts: 1)         |
| dw3_sdc                                                                  | conv53                                                                   | 2 (L3 memory cuts: 1)         |
| conv53                                                                   | conv54                                                                   | 2[RPC] (L3 memory cuts: 2)    |
| conv54                                                                   | output_from_conv54_to_yolov8_nms_postprocess                             | 1 (L3 memory cuts: 1)         |
+--------------------------------------------------------------------------+--------------------------------------------------------------------------+-------------------------------+
[2026-09-25 17:23:24.680] [default] [info] Adjust Edges After Dimaffer buffers:
+--------------------------------------------------------------------------+--------------------------------------------------------------------------+-------------------------------+
| Src                                                                      | Dst                                                                      | Buffers                       |
+--------------------------------------------------------------------------+--------------------------------------------------------------------------+-------------------------------+
| input_layer1                                                             | normalization1_sd0                                                       | 3 (L3 memory cuts: 1)         |
| input_layer1                                                             | normalization1_sd1                                                       | 3 (L3 memory cuts: 1)         |
| normalization1_sd0                                                       | normalization1_sdc                                                       | 2 (L3 memory cuts: 1)         |
| normalization1_sd1                                                       | normalization1_sdc                                                       | 2 (L3 memory cuts: 1)         |
| normalization1_sdc                                                       | conv1_ws                                                                 | 1[RPC] (L3 memory cuts: 1)    |
| conv1_ws                                                                 | conv1_sd0                                                                | 2 (L3 memory cuts: 1)         |
| conv1_ws                                                                 | conv1_sd1                                                                | 2 (L3 memory cuts: 1)         |
| conv1_ws                                                                 | conv1_sd2                                                                | 2 (L3 memory cuts: 1)         |
| conv1_ws                                                                 | conv1_sd3                                                                | 2 (L3 memory cuts: 1)         |
| conv1_sd0                                                                | conv1_sdc                                                                | 2[RPC] (L3 memory cuts: 2)    |
| conv1_sd1                                                                | conv1_sdc                                                                | 2[RPC] (L3 memory cuts: 2)    |
| conv1_sd2                                                                | conv1_sdc                                                                | 2[RPC] (L3 memory cuts: 2)    |
| conv1_sd3                                                                | conv1_sdc                                                                | 2[RPC] (L3 memory cuts: 2)    |
| conv1_sdc                                                                | conv2_ws                                                                 | 2[RPC] (L3 memory cuts: 2)    |
| conv2_ws                                                                 | conv2_sd0                                                                | 3[RPC] (L3 memory cuts: 3)    |
| conv2_ws                                                                 | conv2_sd1                                                                | 3[RPC] (L3 memory cuts: 3)    |
| conv2_ws                                                                 | conv2_sd2                                                                | 2[RPC] (L3 memory cuts: 2)    |
| conv2_sd0                                                                | conv2_sdc                                                                | 1[RPC] (L3 memory cuts: 1)    |
| conv2_sd1                                                                | conv2_sdc                                                                | 1[RPC] (L3 memory cuts: 1)    |
| conv2_sd2                                                                | conv2_sdc                                                                | 2 (L3 memory cuts: 1)         |
| conv2_sdc                                                                | conv_feature_splitter1_1                                                 | 1 (L3 memory cuts: 1)         |
| conv2_sdc                                                                | conv_feature_splitter1_2                                                 | 1 (L3 memory cuts: 1)         |
| conv_feature_splitter1_1                                                 | concat1                                                                  | 7[RPC] (L3 memory cuts: 7)    |
| conv_feature_splitter1_2                                                 | conv4                                                                    | 4[RPC] (L3 memory cuts: 4)    |
| conv_feature_splitter1_2                                                 | ew_add1                                                                  | 6[RPC] (L3 memory cuts: 6)    |
| conv_feature_splitter1_2                                                 | concat1                                                                  | 7[RPC] (L3 memory cuts: 7)    |
| conv4                                                                    | conv5                                                                    | 11[S] (L3 memory cuts: 1)     |
| conv5                                                                    | ew_add1                                                                  | 2 (L3 memory cuts: 1)         |
| ew_add1                                                                  | concat1                                                                  | 3 (L3 memory cuts: 1)         |
| concat1                                                                  | conv6                                                                    | 3[S] (L3 memory cuts: 1)      |
| conv6                                                                    | conv7_ws                                                                 | 2[RPC] (L3 memory cuts: 2)    |
| conv7_ws                                                                 | conv7_sd0                                                                | 2[RPC] (L3 memory cuts: 2)    |
| conv7_ws                                                                 | conv7_sd1                                                                | 2[RPC] (L3 memory cuts: 2)    |
| conv7_ws                                                                 | conv7_sd2                                                                | 2[RPC] (L3 memory cuts: 2)    |
| conv7_sd0                                                                | conv7_sdc                                                                | 1[RPC] (L3 memory cuts: 1)    |
| conv7_sd1                                                                | conv7_sdc                                                                | 1 (L3 memory cuts: 1)         |
| conv7_sd2                                                                | conv7_sdc                                                                | 1 (L3 memory cuts: 1)         |
| conv7_sdc                                                                | conv_feature_splitter2_1                                                 | 1 (L3 memory cuts: 1)         |
| conv7_sdc                                                                | conv_feature_splitter2_2                                                 | 1 (L3 memory cuts: 1)         |
| conv_feature_splitter2_1                                                 | concat2                                                                  | 5 (L3 memory cuts: 1)         |
| conv_feature_splitter2_2                                                 | conv9                                                                    | 5 (L3 memory cuts: 1)         |
| conv_feature_splitter2_2                                                 | ew_add2                                                                  | 5 (L3 memory cuts: 1)         |
| conv_feature_splitter2_2                                                 | concat2                                                                  | 5 (L3 memory cuts: 1)         |
| conv9                                                                    | conv10                                                                   | 9[S] (L3 memory cuts: 1)      |
| conv10                                                                   | ew_add2                                                                  | 2 (L3 memory cuts: 1)         |
| ew_add2                                                                  | concat2                                                                  | 2 (L3 memory cuts: 1)         |
| concat2                                                                  | conv11                                                                   | 5[S] (L3 memory cuts: 1)      |
| conv11                                                                   | conv12_ws                                                                | 2[RPC] (L3 memory cuts: 2)    |
| conv11                                                                   | gate_candidate_gate_candidate_context_0_to_gate_candidate_context_1_2876 | 2[RPC] (L3 memory cuts: 2)    |
| conv12_ws                                                                | conv12_sd0                                                               | 2 (L3 memory cuts: 1)         |
| conv12_ws                                                                | conv12_sd1                                                               | 1 (L3 memory cuts: 1)         |
| conv12_sd0                                                               | conv12_sdc                                                               | 1 (L3 memory cuts: 1)         |
| conv12_sd1                                                               | conv12_sdc                                                               | 1 (L3 memory cuts: 1)         |
| conv12_sdc                                                               | conv_feature_splitter3_1                                                 | 2[RPC] (L3 memory cuts: 2)    |
| conv12_sdc                                                               | conv_feature_splitter3_2                                                 | 2[RPC] (L3 memory cuts: 2)    |
| conv_feature_splitter3_1                                                 | concat4                                                                  | 39[S] (L3 memory cuts: 1)     |
| conv_feature_splitter3_2                                                 | conv14                                                                   | 39[S] (L3 memory cuts: 1)     |
| conv_feature_splitter3_2                                                 | conv15                                                                   | 39[S] (L3 memory cuts: 1)     |
| conv_feature_splitter3_2                                                 | concat4                                                                  | 39[S] (L3 memory cuts: 1)     |
| conv14                                                                   | conv16                                                                   | 5 (L3 memory cuts: 1)         |
| conv14                                                                   | ew_add3                                                                  | 5 (L3 memory cuts: 1)         |
| conv16                                                                   | conv17                                                                   | 5[S] (L3 memory cuts: 1)      |
| conv17                                                                   | ew_add3                                                                  | 1 (L3 memory cuts: 1)         |
| ew_add3                                                                  | conv18                                                                   | 4 (L3 memory cuts: 1)         |
| ew_add3                                                                  | ew_add4                                                                  | 4 (L3 memory cuts: 1)         |
| conv18                                                                   | conv19                                                                   | 5[S] (L3 memory cuts: 1)      |
| conv19                                                                   | ew_add4                                                                  | 1 (L3 memory cuts: 1)         |
| ew_add4                                                                  | concat3                                                                  | 3 (L3 memory cuts: 1)         |
| conv15                                                                   | concat3                                                                  | 9 (L3 memory cuts: 1)         |
| concat3                                                                  | conv20                                                                   | 2[S] (L3 memory cuts: 1)      |
| conv20                                                                   | concat4                                                                  | 1[S] (L3 memory cuts: 1)      |
| concat4                                                                  | conv21                                                                   | 1[S] (L3 memory cuts: 1)      |
| conv21                                                                   | conv22                                                                   | 2 (L3 memory cuts: 1)         |
| conv21                                                                   | gate_candidate_gate_candidate_context_0_to_gate_candidate_context_1_2878 | 2 (L3 memory cuts: 1)         |
| conv22                                                                   | conv_feature_splitter4_1                                                 | 2 (L3 memory cuts: 1)         |
| conv22                                                                   | conv_feature_splitter4_2                                                 | 2 (L3 memory cuts: 1)         |
| conv_feature_splitter4_1                                                 | concat6                                                                  | 28[S] (L3 memory cuts: 1)     |
| conv_feature_splitter4_2                                                 | conv24                                                                   | 28[S] (L3 memory cuts: 1)     |
| conv_feature_splitter4_2                                                 | conv25                                                                   | 28[S] (L3 memory cuts: 1)     |
| conv_feature_splitter4_2                                                 | concat6                                                                  | 28[S] (L3 memory cuts: 1)     |
| conv24                                                                   | conv26                                                                   | 6 (L3 memory cuts: 1)         |
| conv24                                                                   | ew_add5                                                                  | 6 (L3 memory cuts: 1)         |
| conv26                                                                   | conv27                                                                   | 6[S] (L3 memory cuts: 1)      |
| conv27                                                                   | ew_add5                                                                  | 1 (L3 memory cuts: 1)         |
| ew_add5                                                                  | conv28                                                                   | 4 (L3 memory cuts: 1)         |
| ew_add5                                                                  | ew_add6                                                                  | 4 (L3 memory cuts: 1)         |
| conv28                                                                   | conv29                                                                   | 6[S] (L3 memory cuts: 1)      |
| conv29                                                                   | ew_add6                                                                  | 1 (L3 memory cuts: 1)         |
| ew_add6                                                                  | concat5                                                                  | 3 (L3 memory cuts: 1)         |
| conv25                                                                   | concat5                                                                  | 10 (L3 memory cuts: 1)        |
| concat5                                                                  | conv30                                                                   | 2[S] (L3 memory cuts: 1)      |
| conv30                                                                   | concat6                                                                  | 1[S] (L3 memory cuts: 1)      |
| concat6                                                                  | conv31                                                                   | 2[S] (L3 memory cuts: 1)      |
| conv31                                                                   | conv32                                                                   | 2[S] (L3 memory cuts: 1)      |
| conv32                                                                   | maxpool1                                                                 | 10 (L3 memory cuts: 1)        |
| conv32                                                                   | concat7                                                                  | 10 (L3 memory cuts: 1)        |
| maxpool1                                                                 | maxpool2                                                                 | 9 (L3 memory cuts: 1)         |
| maxpool1                                                                 | concat7                                                                  | 9 (L3 memory cuts: 1)         |
| maxpool2                                                                 | maxpool3                                                                 | 7 (L3 memory cuts: 1)         |
| maxpool2                                                                 | concat7                                                                  | 7 (L3 memory cuts: 1)         |
| maxpool3                                                                 | concat7                                                                  | 4 (L3 memory cuts: 1)         |
| concat7                                                                  | conv33                                                                   | 2[S] (L3 memory cuts: 1)      |
| conv33                                                                   | conv_feature_splitter5_1                                                 | 1[S] (L3 memory cuts: 1)      |
| conv33                                                                   | conv_feature_splitter5_2                                                 | 1[S] (L3 memory cuts: 1)      |
| conv_feature_splitter5_1                                                 | gate_candidate_gate_candidate_context_0_to_gate_candidate_context_1_2880 | 1 (L3 memory cuts: 1)         |
| gate_candidate_gate_candidate_context_0_to_gate_candidate_context_1_2880 | gate_candidate_gate_candidate_context_0_to_gate_candidate_context_1_2881 | 1 (0.00[KB]) (DDR)            |
| gate_candidate_gate_candidate_context_0_to_gate_candidate_context_1_2881 | concat8                                                                  | 3 (L3 memory cuts: 1)         |
| conv_feature_splitter5_2                                                 | conv_feature_splitter6_1                                                 | 1[RPC] (L3 memory cuts: 1)    |
| conv_feature_splitter5_2                                                 | conv_feature_splitter6_2                                                 | 1[RPC] (L3 memory cuts: 1)    |
| conv_feature_splitter5_2                                                 | conv_feature_splitter6_3                                                 | 2[RPC] (L3 memory cuts: 2)    |
| conv_feature_splitter5_2                                                 | gate_candidate_gate_candidate_context_0_to_gate_candidate_context_1_2882 | 1[RPC] (L3 memory cuts: 1)    |
| conv_feature_splitter6_1                                                 | gate_candidate_gate_candidate_context_0_to_gate_candidate_context_1_2884 | 1 (L3 memory cuts: 1)         |
| gate_candidate_gate_candidate_context_0_to_gate_candidate_context_1_2884 | gate_candidate_gate_candidate_context_0_to_gate_candidate_context_1_2885 | 1 (0.00[KB]) (DDR)            |
| gate_candidate_gate_candidate_context_0_to_gate_candidate_context_1_2885 | matmul1                                                                  | 2 (L3 memory cuts: 1)         |
| conv_feature_splitter6_2                                                 | gate_candidate_gate_candidate_context_0_to_gate_candidate_context_1_2886 | 1 (L3 memory cuts: 1)         |
| gate_candidate_gate_candidate_context_0_to_gate_candidate_context_1_2886 | gate_candidate_gate_candidate_context_0_to_gate_candidate_context_1_2887 | 1 (0.00[KB]) (DDR)            |
| gate_candidate_gate_candidate_context_0_to_gate_candidate_context_1_2887 | matmul1                                                                  | 40 (L3 memory cuts: 2)        |
| matmul1                                                                  | reduce_max_softmax1                                                      | 2[RPC] (L3 memory cuts: 2)    |
| matmul1                                                                  | ew_sub_softmax1                                                          | 2[RPC] (L3 memory cuts: 2)    |
| reduce_max_softmax1                                                      | ew_sub_softmax1                                                          | 1 (L3 memory cuts: 1)         |
| ew_sub_softmax1                                                          | reduce_sum_softmax1                                                      | 1 (L3 memory cuts: 1)         |
| ew_sub_softmax1                                                          | ew_mult_softmax1                                                         | 1 (L3 memory cuts: 1)         |
| reduce_sum_softmax1                                                      | ew_mult_softmax1                                                         | 2 (L3 memory cuts: 1)         |
| ew_mult_softmax1                                                         | matmul2                                                                  | 3 (L3 memory cuts: 2)         |
| conv_feature_splitter6_3                                                 | gate_candidate_gate_candidate_context_0_to_gate_candidate_context_1_2888 | 1 (L3 memory cuts: 1)         |
| gate_candidate_gate_candidate_context_0_to_gate_candidate_context_1_2888 | gate_candidate_gate_candidate_context_0_to_gate_candidate_context_1_2889 | 1 (0.00[KB]) (DDR)            |
| gate_candidate_gate_candidate_context_0_to_gate_candidate_context_1_2889 | activation1                                                              | 2 (L3 memory cuts: 1)         |
| gate_candidate_gate_candidate_context_0_to_gate_candidate_context_1_2889 | dw1_defuse_width_feature_reshape                                         | 2 (L3 memory cuts: 1)         |
| activation1                                                              | matmul2_reshape                                                          | 1 (L3 memory cuts: 1)         |
| matmul2_reshape                                                          | matmul2                                                                  | 40 (L3 memory cuts: 4)        |
| matmul2                                                                  | dw1_defuse_1x1                                                           | 3 (L3 memory cuts: 1)         |
| dw1_defuse_width_feature_reshape                                         | dw1_defuse_reshape_hxf_to_w_transposed                                   | 5 (L3 memory cuts: 1)         |
| dw1_defuse_reshape_hxf_to_w_transposed                                   | dw1_defuse_1x1                                                           | 21 (L3 memory cuts: 18)       |
| dw1_defuse_1x1                                                           | conv36                                                                   | 4 (L3 memory cuts: 1)         |
| gate_candidate_gate_candidate_context_0_to_gate_candidate_context_1_2882 | gate_candidate_gate_candidate_context_0_to_gate_candidate_context_1_2883 | 1 (0.00[KB]) (DDR)            |
| gate_candidate_gate_candidate_context_0_to_gate_candidate_context_1_2883 | conv36                                                                   | 3 (L3 memory cuts: 1)         |
| conv36                                                                   | conv37                                                                   | 3[S] (L3 memory cuts: 1)      |
| conv36                                                                   | conv38                                                                   | 3[S] (L3 memory cuts: 1)      |
| conv37                                                                   | conv38                                                                   | 2[S] (L3 memory cuts: 1)      |
| conv38                                                                   | concat8                                                                  | 2 (L3 memory cuts: 1)         |
| concat8                                                                  | conv39                                                                   | 2[S] (L3 memory cuts: 1)      |
| conv39                                                                   | resize1                                                                  | 2 (L3 memory cuts: 1)         |
| conv39                                                                   | concat15                                                                 | 14 (L3 memory cuts: 3)        |
| resize1                                                                  | concat9                                                                  | 3 (L3 memory cuts: 1)         |
| gate_candidate_gate_candidate_context_0_to_gate_candidate_context_1_2878 | gate_candidate_gate_candidate_context_0_to_gate_candidate_context_1_2879 | 1 (0.00[KB]) (DDR)            |
| gate_candidate_gate_candidate_context_0_to_gate_candidate_context_1_2879 | concat9                                                                  | 4 (L3 memory cuts: 1)         |
| concat9                                                                  | conv_feature_splitter7_1                                                 | 2[S] (L3 memory cuts: 1)      |
| concat9                                                                  | conv_feature_splitter7_2                                                 | 2[S] (L3 memory cuts: 1)      |
| conv_feature_splitter7_1                                                 | concat10                                                                 | 9[RPC] (L3 memory cuts: 9)    |
| conv_feature_splitter7_2                                                 | conv41                                                                   | 6[RPC] (L3 memory cuts: 6)    |
| conv_feature_splitter7_2                                                 | ew_add10                                                                 | 8[RPC] (L3 memory cuts: 8)    |
| conv_feature_splitter7_2                                                 | concat10                                                                 | 9[RPC] (L3 memory cuts: 9)    |
| conv41                                                                   | conv42                                                                   | 11[S] (L3 memory cuts: 1)     |
| conv42                                                                   | ew_add10                                                                 | 2[RPC] (L3 memory cuts: 2)    |
| ew_add10                                                                 | concat10                                                                 | 2 (L3 memory cuts: 1)         |
| concat10                                                                 | conv43                                                                   | 3[S] (L3 memory cuts: 1)      |
| conv43                                                                   | resize2                                                                  | 7[RPC] (L3 memory cuts: 7)    |
| conv43                                                                   | concat13                                                                 | 7[RPC] (L3 memory cuts: 7)    |
| resize2                                                                  | concat11                                                                 | 2[RPC] (L3 memory cuts: 2)    |
| gate_candidate_gate_candidate_context_0_to_gate_candidate_context_1_2876 | gate_candidate_gate_candidate_context_0_to_gate_candidate_context_1_2877 | 1 (0.00[KB]) (DDR)            |
| gate_candidate_gate_candidate_context_0_to_gate_candidate_context_1_2877 | concat11                                                                 | 13 (L3 memory cuts: 5)        |
| concat11                                                                 | conv_feature_splitter8_1                                                 | 2[RPC] (L3 memory cuts: 2)    |
| concat11                                                                 | conv_feature_splitter8_2                                                 | 2[RPC] (L3 memory cuts: 2)    |
| conv_feature_splitter8_1                                                 | concat12                                                                 | 6 (L3 memory cuts: 1)         |
| conv_feature_splitter8_2                                                 | conv45                                                                   | 6[RPC] (L3 memory cuts: 6)    |
| conv_feature_splitter8_2                                                 | ew_add11                                                                 | 6[RPC] (L3 memory cuts: 6)    |
| conv_feature_splitter8_2                                                 | concat12                                                                 | 6[RPC] (L3 memory cuts: 6)    |
| conv45                                                                   | conv46                                                                   | 7[S] (L3 memory cuts: 1)      |
| conv46                                                                   | ew_add11                                                                 | 2 (L3 memory cuts: 1)         |
| ew_add11                                                                 | concat12                                                                 | 2 (L3 memory cuts: 1)         |
| concat12                                                                 | conv47                                                                   | 2[S] (L3 memory cuts: 1)      |
| conv47                                                                   | conv48                                                                   | 3 (L3 memory cuts: 1)         |
| conv47                                                                   | sh_from_conv47_to_conv49_d0-1_dw2_sd0-1_2900                             | 3 (L3 memory cuts: 1)         |
| conv48                                                                   | concat13                                                                 | 2 (L3 memory cuts: 1)         |
| concat13                                                                 | conv_feature_splitter9_1                                                 | 2[S] (L3 memory cuts: 1)      |
| concat13                                                                 | conv_feature_splitter9_2                                                 | 2[S] (L3 memory cuts: 1)      |
| conv_feature_splitter9_1                                                 | concat14                                                                 | 7[RPC] (L3 memory cuts: 7)    |
| conv_feature_splitter9_2                                                 | conv56                                                                   | 3[RPC] (L3 memory cuts: 3)    |
| conv_feature_splitter9_2                                                 | ew_add12                                                                 | 6[RPC] (L3 memory cuts: 6)    |
| conv_feature_splitter9_2                                                 | concat14                                                                 | 7[RPC] (L3 memory cuts: 7)    |
| conv56                                                                   | conv57                                                                   | 11[S] (L3 memory cuts: 1)     |
| conv57                                                                   | ew_add12                                                                 | 2[RPC] (L3 memory cuts: 2)    |
| ew_add12                                                                 | concat14                                                                 | 2 (L3 memory cuts: 1)         |
| concat14                                                                 | conv58                                                                   | 3[S] (L3 memory cuts: 1)      |
| conv58                                                                   | conv59                                                                   | 3[RPC] (L3 memory cuts: 3)    |
| conv58                                                                   | conv60                                                                   | 3[RPC] (L3 memory cuts: 3)    |
| conv58                                                                   | dw4                                                                      | 3[RPC] (L3 memory cuts: 3)    |
| conv59                                                                   | concat15                                                                 | 2 (L3 memory cuts: 1)         |
| concat15                                                                 | conv_feature_splitter10_1                                                | 2[S] (L3 memory cuts: 1)      |
| concat15                                                                 | conv_feature_splitter10_2                                                | 2[S] (L3 memory cuts: 1)      |
| conv_feature_splitter10_1                                                | gate_candidate_gate_candidate_context_1_to_gate_candidate_context_2_2891 | 1 (L3 memory cuts: 1)         |
| gate_candidate_gate_candidate_context_1_to_gate_candidate_context_2_2891 | gate_candidate_gate_candidate_context_1_to_gate_candidate_context_2_2892 | 1 (0.00[KB]) (DDR)            |
| gate_candidate_gate_candidate_context_1_to_gate_candidate_context_2_2892 | concat17                                                                 | 3 (L3 memory cuts: 1)         |
| conv_feature_splitter10_2                                                | conv67                                                                   | 1 (L3 memory cuts: 1)         |
| conv_feature_splitter10_2                                                | conv68                                                                   | 1 (L3 memory cuts: 1)         |
| conv_feature_splitter10_2                                                | gate_candidate_gate_candidate_context_1_to_gate_candidate_context_2_2893 | 1 (L3 memory cuts: 1)         |
| conv67                                                                   | conv69                                                                   | 4 (L3 memory cuts: 1)         |
| conv67                                                                   | ew_add13                                                                 | 4 (L3 memory cuts: 1)         |
| conv69                                                                   | conv70                                                                   | 5[S] (L3 memory cuts: 1)      |
| conv70                                                                   | ew_add13                                                                 | 1 (L3 memory cuts: 1)         |
| ew_add13                                                                 | gate_candidate_gate_candidate_context_1_to_gate_candidate_context_2_2897 | 1 (L3 memory cuts: 1)         |
| gate_candidate_gate_candidate_context_1_to_gate_candidate_context_2_2897 | gate_candidate_gate_candidate_context_1_to_gate_candidate_context_2_2898 | 1 (0.00[KB]) (DDR)            |
| gate_candidate_gate_candidate_context_1_to_gate_candidate_context_2_2897 | gate_candidate_gate_candidate_context_1_to_gate_candidate_context_2_2899 | 1 (0.00[KB]) (DDR)            |
| gate_candidate_gate_candidate_context_1_to_gate_candidate_context_2_2898 | conv71                                                                   | 4 (L3 memory cuts: 1)         |
| conv71                                                                   | conv72                                                                   | 5[S] (L3 memory cuts: 1)      |
| conv72                                                                   | ew_add14                                                                 | 2 (L3 memory cuts: 1)         |
| gate_candidate_gate_candidate_context_1_to_gate_candidate_context_2_2899 | ew_add14                                                                 | 2 (L3 memory cuts: 1)         |
| ew_add14                                                                 | concat16                                                                 | 2 (L3 memory cuts: 1)         |
| conv68                                                                   | gate_candidate_gate_candidate_context_1_to_gate_candidate_context_2_2895 | 1 (L3 memory cuts: 1)         |
| gate_candidate_gate_candidate_context_1_to_gate_candidate_context_2_2895 | gate_candidate_gate_candidate_context_1_to_gate_candidate_context_2_2896 | 1 (0.00[KB]) (DDR)            |
| gate_candidate_gate_candidate_context_1_to_gate_candidate_context_2_2896 | concat16                                                                 | 3 (L3 memory cuts: 1)         |
| concat16                                                                 | conv73                                                                   | 2[S] (L3 memory cuts: 1)      |
| conv73                                                                   | concat17                                                                 | 2[RPC] (L3 memory cuts: 2)    |
| gate_candidate_gate_candidate_context_1_to_gate_candidate_context_2_2893 | gate_candidate_gate_candidate_context_1_to_gate_candidate_context_2_2894 | 1 (0.00[KB]) (DDR)            |
| gate_candidate_gate_candidate_context_1_to_gate_candidate_context_2_2894 | concat17                                                                 | 3 (L3 memory cuts: 1)         |
| concat17                                                                 | conv74                                                                   | 2[S] (L3 memory cuts: 1)      |
| conv74                                                                   | conv75_ws                                                                | 1[RPC] (L3 memory cuts: 1)    |
| conv74                                                                   | dw6_fs                                                                   | 1[RPC] (L3 memory cuts: 1)    |
| conv75_ws                                                                | conv75_sd0                                                               | 1[RPC] (L3 memory cuts: 1)    |
| conv75_ws                                                                | conv75_sd1                                                               | 2[RPC] (L3 memory cuts: 2)    |
| conv75_sd0                                                               | conv75_sdc                                                               | 2 (L3 memory cuts: 1)         |
| conv75_sd1                                                               | conv75_sdc                                                               | 1[RPC] (L3 memory cuts: 1)    |
| conv75_sdc                                                               | conv76                                                                   | 2[RPC] (L3 memory cuts: 2)    |
| conv76                                                                   | conv77                                                                   | 2 (L3 memory cuts: 1)         |
| conv77                                                                   | output_from_conv77_to_yolov8_nms_postprocess                             | 1 (L3 memory cuts: 1)         |
| dw6_fs                                                                   | dw6_d0                                                                   | 1 (L3 memory cuts: 1)         |
| dw6_fs                                                                   | dw6_d1                                                                   | 1 (L3 memory cuts: 1)         |
| dw6_d0                                                                   | dw6_dc                                                                   | 2[RPC] (L3 memory cuts: 2)    |
| dw6_d1                                                                   | dw6_dc                                                                   | 2[RPC] (L3 memory cuts: 2)    |
| dw6_dc                                                                   | conv78                                                                   | 2[S] (L3 memory cuts: 1)      |
| conv78                                                                   | dw7                                                                      | 4 (L3 memory cuts: 1)         |
| dw7                                                                      | conv79                                                                   | 2 (L3 memory cuts: 1)         |
| conv79                                                                   | conv80                                                                   | 1 (L3 memory cuts: 1)         |
| conv80                                                                   | output_from_conv80_to_yolov8_nms_postprocess                             | 1 (L3 memory cuts: 1)         |
| conv60                                                                   | conv61                                                                   | 10[S] (L3 memory cuts: 1)     |
| conv61                                                                   | conv62                                                                   | 2 (L3 memory cuts: 1)         |
| conv62                                                                   | output_from_conv62_to_yolov8_nms_postprocess                             | 1 (L3 memory cuts: 1)         |
| dw4                                                                      | conv63                                                                   | 2 (L3 memory cuts: 1)         |
| conv63                                                                   | dw5                                                                      | 4 (L3 memory cuts: 1)         |
| dw5                                                                      | conv64                                                                   | 2 (L3 memory cuts: 1)         |
| conv64                                                                   | conv65                                                                   | 1 (L3 memory cuts: 1)         |
| conv65                                                                   | output_from_conv65_to_yolov8_nms_postprocess                             | 1 (L3 memory cuts: 1)         |
| sh_from_conv47_to_conv49_d0-1_dw2_sd0-1_2900                             | conv49_d0                                                                | 2 (L3 memory cuts: 1)         |
| sh_from_conv47_to_conv49_d0-1_dw2_sd0-1_2900                             | conv49_d1                                                                | 2 (L3 memory cuts: 1)         |
| sh_from_conv47_to_conv49_d0-1_dw2_sd0-1_2900                             | dw2_sd0                                                                  | 2 (L3 memory cuts: 1)         |
| sh_from_conv47_to_conv49_d0-1_dw2_sd0-1_2900                             | dw2_sd1                                                                  | 2 (L3 memory cuts: 1)         |
| conv49_d0                                                                | conv49_dc                                                                | 4[S][RPC] (L3 memory cuts: 4) |
| conv49_d1                                                                | conv49_dc                                                                | 4[S][RPC] (L3 memory cuts: 4) |
| conv49_dc                                                                | conv50_d0                                                                | 9[S] (L3 memory cuts: 1)      |
| conv49_dc                                                                | conv50_d1                                                                | 9[S] (L3 memory cuts: 1)      |
| conv50_d0                                                                | conv50_dc                                                                | 4[S][RPC] (L3 memory cuts: 4) |
| conv50_d1                                                                | conv50_dc                                                                | 4[S][RPC] (L3 memory cuts: 4) |
| conv50_dc                                                                | conv51                                                                   | 2 (L3 memory cuts: 1)         |
| conv51                                                                   | output_from_conv51_to_yolov8_nms_postprocess                             | 2[RPC] (L3 memory cuts: 2)    |
| dw2_sd0                                                                  | dw2_sdc                                                                  | 2 (L3 memory cuts: 1)         |
| dw2_sd1                                                                  | dw2_sdc                                                                  | 2 (L3 memory cuts: 1)         |
| dw2_sdc                                                                  | conv52                                                                   | 2 (L3 memory cuts: 1)         |
| conv52                                                                   | dw3_sd0                                                                  | 2 (L3 memory cuts: 1)         |
| conv52                                                                   | dw3_sd1                                                                  | 2 (L3 memory cuts: 1)         |
| dw3_sd0                                                                  | dw3_sdc                                                                  | 2 (L3 memory cuts: 1)         |
| dw3_sd1                                                                  | dw3_sdc                                                                  | 2 (L3 memory cuts: 1)         |
| dw3_sdc                                                                  | conv53                                                                   | 2 (L3 memory cuts: 1)         |
| conv53                                                                   | conv54                                                                   | 2[RPC] (L3 memory cuts: 2)    |
| conv54                                                                   | output_from_conv54_to_yolov8_nms_postprocess                             | 1 (L3 memory cuts: 1)         |
+--------------------------------------------------------------------------+--------------------------------------------------------------------------+-------------------------------+
[2026-09-25 17:23:25.436] [default] [info] Pre-allocation Resources for gate_candidate_context_0
+--------------------------------------------------------------------------+-------------+-----------------------+-----------------------+----------------------+----------------+-----+-----+------+
| Node                                                                     | Subclusters | L3 Weight Memory Cuts | L3 Output Memory Cuts | L3 Input Memory Cuts | L4 Memory Cuts | IBs | OBs | APUs |
+--------------------------------------------------------------------------+-------------+-----------------------+-----------------------+----------------------+----------------+-----+-----+------+
| input_layer1                                                             | 0           | 0                     | 0                     | 0                    | 0.500          | 0   | 0   | 0    |
| normalization1_sd0                                                       | 1           | 1                     | 1                     | 0                    | 0.000          | 0   | 0   | 1    |
| normalization1_sd1                                                       | 1           | 1                     | 1                     | 0                    | 0.000          | 0   | 0   | 1    |
| normalization1_sdc                                                       | 1           | 0                     | 1                     | 2                    | 0.000          | 0   | 0   | 1    |
| conv1_ws                                                                 | 1           | 0                     | 4                     | 1                    | 0.000          | 0   | 0   | 1    |
| conv1_sd0                                                                | 1           | 1                     | 2                     | 1                    | 0.000          | 0   | 0   | 1    |
| conv1_sd1                                                                | 1           | 1                     | 2                     | 1                    | 0.000          | 0   | 0   | 1    |
| conv1_sd2                                                                | 1           | 1                     | 2                     | 1                    | 0.000          | 0   | 0   | 1    |
| conv1_sd3                                                                | 1           | 1                     | 2                     | 1                    | 0.000          | 0   | 0   | 1    |
| conv1_sdc                                                                | 1           | 0                     | 2                     | 8                    | 0.000          | 0   | 0   | 1    |
| conv2_ws                                                                 | 1           | 0                     | 8                     | 2                    | 0.000          | 0   | 0   | 1    |
| conv2_sd0                                                                | 4           | 4                     | 1                     | 3                    | 0.000          | 0   | 0   | 1    |
| conv2_sd1                                                                | 4           | 4                     | 1                     | 3                    | 0.000          | 0   | 0   | 1    |
| conv2_sd2                                                                | 4           | 4                     | 1                     | 2                    | 0.000          | 0   | 0   | 1    |
| conv2_sdc                                                                | 1           | 0                     | 2                     | 3                    | 0.000          | 0   | 0   | 1    |
| conv_feature_splitter1_1                                                 | 1           | 1                     | 7                     | 1                    | 0.000          | 0   | 0   | 1    |
| conv_feature_splitter1_2                                                 | 1           | 1                     | 17                    | 1                    | 0.000          | 0   | 0   | 1    |
| conv4                                                                    | 2           | 1                     | 1                     | 4                    | 0.000          | 0   | 0   | 1    |
| conv5                                                                    | 2           | 2                     | 1                     | 1                    | 0.000          | 0   | 0   | 1    |
| ew_add1                                                                  | 1           | 1                     | 1                     | 7                    | 0.000          | 0   | 0   | 1    |
| concat1                                                                  | 1           | 0                     | 1                     | 15                   | 0.000          | 0   | 0   | 1    |
| conv6                                                                    | 4           | 4                     | 2                     | 1                    | 0.000          | 0   | 0   | 1    |
| conv7_ws                                                                 | 1           | 0                     | 6                     | 2                    | 0.000          | 0   | 0   | 1    |
| conv7_sd0                                                                | 8           | 8                     | 1                     | 2                    | 0.000          | 0   | 0   | 1    |
| conv7_sd1                                                                | 8           | 8                     | 1                     | 2                    | 0.000          | 0   | 0   | 1    |
| conv7_sd2                                                                | 8           | 8                     | 1                     | 2                    | 0.000          | 0   | 0   | 1    |
| conv7_sdc                                                                | 1           | 0                     | 2                     | 3                    | 0.000          | 0   | 0   | 1    |
| conv_feature_splitter2_1                                                 | 1           | 1                     | 1                     | 1                    | 0.000          | 0   | 0   | 1    |
| conv_feature_splitter2_2                                                 | 1           | 1                     | 3                     | 1                    | 0.000          | 0   | 0   | 1    |
| conv9                                                                    | 2           | 2                     | 1                     | 1                    | 0.000          | 0   | 0   | 1    |
| conv10                                                                   | 2           | 1                     | 1                     | 1                    | 0.000          | 0   | 0   | 1    |
| ew_add2                                                                  | 1           | 1                     | 1                     | 2                    | 0.000          | 0   | 0   | 1    |
| concat2                                                                  | 1           | 0                     | 1                     | 3                    | 0.000          | 0   | 0   | 1    |
| conv11                                                                   | 4           | 2                     | 4                     | 1                    | 0.000          | 0   | 0   | 1    |
| conv12_ws                                                                | 1           | 0                     | 2                     | 2                    | 0.000          | 0   | 0   | 1    |
| conv12_sd0                                                               | 8           | 8                     | 1                     | 1                    | 0.000          | 0   | 0   | 1    |
| conv12_sd1                                                               | 8           | 8                     | 1                     | 1                    | 0.000          | 0   | 0   | 1    |
| conv12_sdc                                                               | 1           | 0                     | 4                     | 2                    | 0.000          | 0   | 0   | 1    |
| conv_feature_splitter3_1                                                 | 1           | 1                     | 1                     | 2                    | 0.000          | 0   | 0   | 1    |
| conv_feature_splitter3_2                                                 | 1           | 1                     | 3                     | 2                    | 0.000          | 0   | 0   | 1    |
| conv14                                                                   | 1           | 1                     | 2                     | 1                    | 0.000          | 0   | 0   | 1    |
| conv16                                                                   | 1           | 1                     | 1                     | 1                    | 0.000          | 0   | 0   | 1    |
| conv17                                                                   | 1           | 1                     | 1                     | 1                    | 0.000          | 0   | 0   | 1    |
| ew_add3                                                                  | 1           | 1                     | 2                     | 2                    | 0.000          | 0   | 0   | 1    |
| conv18                                                                   | 1           | 1                     | 1                     | 1                    | 0.000          | 0   | 0   | 1    |
| conv19                                                                   | 1           | 1                     | 1                     | 1                    | 0.000          | 0   | 0   | 1    |
| ew_add4                                                                  | 1           | 1                     | 1                     | 2                    | 0.000          | 0   | 0   | 1    |
| conv15                                                                   | 1           | 1                     | 1                     | 1                    | 0.000          | 0   | 0   | 1    |
| concat3                                                                  | 1           | 0                     | 1                     | 2                    | 0.000          | 0   | 0   | 1    |
| conv20                                                                   | 1           | 1                     | 1                     | 1                    | 0.000          | 0   | 0   | 1    |
| concat4                                                                  | 1           | 0                     | 1                     | 3                    | 0.000          | 0   | 0   | 1    |
| conv21                                                                   | 2           | 2                     | 2                     | 1                    | 0.000          | 0   | 0   | 1    |
| conv22                                                                   | 8           | 16                    | 2                     | 1                    | 0.000          | 0   | 0   | 1    |
| conv_feature_splitter4_1                                                 | 1           | 1                     | 1                     | 1                    | 0.000          | 0   | 0   | 1    |
| conv_feature_splitter4_2                                                 | 1           | 1                     | 3                     | 1                    | 0.000          | 0   | 0   | 1    |
| conv24                                                                   | 1           | 1                     | 2                     | 1                    | 0.000          | 0   | 0   | 1    |
| conv26                                                                   | 1           | 2                     | 1                     | 1                    | 0.000          | 0   | 0   | 1    |
| conv27                                                                   | 1           | 2                     | 1                     | 1                    | 0.000          | 0   | 0   | 1    |
| ew_add5                                                                  | 1           | 1                     | 2                     | 2                    | 0.000          | 0   | 0   | 1    |
| conv28                                                                   | 1           | 2                     | 1                     | 1                    | 0.000          | 0   | 0   | 1    |
| conv29                                                                   | 1           | 2                     | 1                     | 1                    | 0.000          | 0   | 0   | 1    |
| ew_add6                                                                  | 1           | 1                     | 1                     | 2                    | 0.000          | 0   | 0   | 1    |
| conv25                                                                   | 1           | 1                     | 1                     | 1                    | 0.000          | 0   | 0   | 1    |
| concat5                                                                  | 1           | 0                     | 1                     | 2                    | 0.000          | 0   | 0   | 1    |
| conv30                                                                   | 1           | 1                     | 1                     | 1                    | 0.000          | 0   | 0   | 1    |
| concat6                                                                  | 1           | 0                     | 1                     | 3                    | 0.000          | 0   | 0   | 1    |
| conv31                                                                   | 2           | 4                     | 1                     | 1                    | 0.000          | 0   | 0   | 1    |
| conv32                                                                   | 1           | 1                     | 2                     | 1                    | 0.000          | 0   | 0   | 1    |
| maxpool1                                                                 | 1           | 0                     | 2                     | 1                    | 0.000          | 0   | 0   | 1    |
| maxpool2                                                                 | 1           | 0                     | 2                     | 1                    | 0.000          | 0   | 0   | 1    |
| maxpool3                                                                 | 1           | 0                     | 1                     | 1                    | 0.000          | 0   | 0   | 1    |
| concat7                                                                  | 1           | 0                     | 1                     | 4                    | 0.000          | 0   | 0   | 1    |
| conv33                                                                   | 4           | 4                     | 2                     | 1                    | 0.000          | 0   | 0   | 1    |
| conv_feature_splitter5_1                                                 | 1           | 1                     | 1                     | 1                    | 0.000          | 0   | 0   | 1    |
| gate_candidate_gate_candidate_context_0_to_gate_candidate_context_1_2880 | 0           | 0                     | 0                     | 0                    | 0.500          | 0   | 0   | 0    |
| conv_feature_splitter5_2                                                 | 1           | 1                     | 5                     | 1                    | 0.000          | 0   | 0   | 1    |
| conv_feature_splitter6_1                                                 | 1           | 1                     | 1                     | 1                    | 0.000          | 0   | 0   | 1    |
| gate_candidate_gate_candidate_context_0_to_gate_candidate_context_1_2884 | 0           | 0                     | 0                     | 0                    | 0.500          | 0   | 0   | 0    |
| conv_feature_splitter6_2                                                 | 1           | 1                     | 1                     | 1                    | 0.000          | 0   | 0   | 1    |
| gate_candidate_gate_candidate_context_0_to_gate_candidate_context_1_2886 | 0           | 0                     | 0                     | 0                    | 0.500          | 0   | 0   | 0    |
| conv_feature_splitter6_3                                                 | 1           | 1                     | 1                     | 2                    | 0.000          | 0   | 0   | 1    |
| gate_candidate_gate_candidate_context_0_to_gate_candidate_context_1_2888 | 0           | 0                     | 0                     | 0                    | 0.500          | 0   | 0   | 0    |
| gate_candidate_gate_candidate_context_0_to_gate_candidate_context_1_2882 | 0           | 0                     | 0                     | 0                    | 0.500          | 0   | 0   | 0    |
| gate_candidate_gate_candidate_context_0_to_gate_candidate_context_1_2878 | 0           | 0                     | 0                     | 0                    | 0.500          | 0   | 0   | 0    |
| gate_candidate_gate_candidate_context_0_to_gate_candidate_context_1_2876 | 0           | 0                     | 0                     | 0                    | 0.500          | 0   | 0   | 0    |
+--------------------------------------------------------------------------+-------------+-----------------------+-----------------------+----------------------+----------------+-----+-----+------+
TOTAL:  LCUs: 77 (60.1562%), Subclusters: 143 (27.9297%), Weight memory cuts: 134 (13.0859%), L3 Output memory cuts: 149 (14.5508%), L3 Input memory cuts: 141 (13.7695%), L3 total cuts: 283 (27.6367%), L4 memory cuts: 0 (0%), IBs: 0 (0%), OBs: 0 (0%), APUs: 77 (48.125%)
[2026-09-25 17:23:25.449] [default] [info] Pre-allocation buffers for gate_candidate_context_0 buffers:
+--------------------------+--------------------------------------------------------------------------+----------------------------+
| Src                      | Dst                                                                      | Buffers                    |
+--------------------------+--------------------------------------------------------------------------+----------------------------+
| input_layer1             | normalization1_sd0                                                       | 3 (L3 memory cuts: 1)      |
| input_layer1             | normalization1_sd1                                                       | 3 (L3 memory cuts: 1)      |
| normalization1_sd0       | normalization1_sdc                                                       | 2 (L3 memory cuts: 1)      |
| normalization1_sd1       | normalization1_sdc                                                       | 2 (L3 memory cuts: 1)      |
| normalization1_sdc       | conv1_ws                                                                 | 1[RPC] (L3 memory cuts: 1) |
| conv1_ws                 | conv1_sd0                                                                | 2 (L3 memory cuts: 1)      |
| conv1_ws                 | conv1_sd1                                                                | 2 (L3 memory cuts: 1)      |
| conv1_ws                 | conv1_sd2                                                                | 2 (L3 memory cuts: 1)      |
| conv1_ws                 | conv1_sd3                                                                | 2 (L3 memory cuts: 1)      |
| conv1_sd0                | conv1_sdc                                                                | 2[RPC] (L3 memory cuts: 2) |
| conv1_sd1                | conv1_sdc                                                                | 2[RPC] (L3 memory cuts: 2) |
| conv1_sd2                | conv1_sdc                                                                | 2[RPC] (L3 memory cuts: 2) |
| conv1_sd3                | conv1_sdc                                                                | 2[RPC] (L3 memory cuts: 2) |
| conv1_sdc                | conv2_ws                                                                 | 2[RPC] (L3 memory cuts: 2) |
| conv2_ws                 | conv2_sd0                                                                | 3[RPC] (L3 memory cuts: 3) |
| conv2_ws                 | conv2_sd1                                                                | 3[RPC] (L3 memory cuts: 3) |
| conv2_ws                 | conv2_sd2                                                                | 2[RPC] (L3 memory cuts: 2) |
| conv2_sd0                | conv2_sdc                                                                | 1[RPC] (L3 memory cuts: 1) |
| conv2_sd1                | conv2_sdc                                                                | 1[RPC] (L3 memory cuts: 1) |
| conv2_sd2                | conv2_sdc                                                                | 2 (L3 memory cuts: 1)      |
| conv2_sdc                | conv_feature_splitter1_1                                                 | 1 (L3 memory cuts: 1)      |
| conv2_sdc                | conv_feature_splitter1_2                                                 | 1 (L3 memory cuts: 1)      |
| conv_feature_splitter1_1 | concat1                                                                  | 7[RPC] (L3 memory cuts: 7) |
| conv_feature_splitter1_2 | conv4                                                                    | 4[RPC] (L3 memory cuts: 4) |
| conv_feature_splitter1_2 | ew_add1                                                                  | 6[RPC] (L3 memory cuts: 6) |
| conv_feature_splitter1_2 | concat1                                                                  | 7[RPC] (L3 memory cuts: 7) |
| conv4                    | conv5                                                                    | 11[S] (L3 memory cuts: 1)  |
| conv5                    | ew_add1                                                                  | 2 (L3 memory cuts: 1)      |
| ew_add1                  | concat1                                                                  | 3 (L3 memory cuts: 1)      |
| concat1                  | conv6                                                                    | 3[S] (L3 memory cuts: 1)   |
| conv6                    | conv7_ws                                                                 | 2[RPC] (L3 memory cuts: 2) |
| conv7_ws                 | conv7_sd0                                                                | 2[RPC] (L3 memory cuts: 2) |
| conv7_ws                 | conv7_sd1                                                                | 2[RPC] (L3 memory cuts: 2) |
| conv7_ws                 | conv7_sd2                                                                | 2[RPC] (L3 memory cuts: 2) |
| conv7_sd0                | conv7_sdc                                                                | 1[RPC] (L3 memory cuts: 1) |
| conv7_sd1                | conv7_sdc                                                                | 1 (L3 memory cuts: 1)      |
| conv7_sd2                | conv7_sdc                                                                | 1 (L3 memory cuts: 1)      |
| conv7_sdc                | conv_feature_splitter2_1                                                 | 1 (L3 memory cuts: 1)      |
| conv7_sdc                | conv_feature_splitter2_2                                                 | 1 (L3 memory cuts: 1)      |
| conv_feature_splitter2_1 | concat2                                                                  | 5 (L3 memory cuts: 1)      |
| conv_feature_splitter2_2 | conv9                                                                    | 5 (L3 memory cuts: 1)      |
| conv_feature_splitter2_2 | ew_add2                                                                  | 5 (L3 memory cuts: 1)      |
| conv_feature_splitter2_2 | concat2                                                                  | 5 (L3 memory cuts: 1)      |
| conv9                    | conv10                                                                   | 9[S] (L3 memory cuts: 1)   |
| conv10                   | ew_add2                                                                  | 2 (L3 memory cuts: 1)      |
| ew_add2                  | concat2                                                                  | 2 (L3 memory cuts: 1)      |
| concat2                  | conv11                                                                   | 5[S] (L3 memory cuts: 1)   |
| conv11                   | conv12_ws                                                                | 2[RPC] (L3 memory cuts: 2) |
| conv11                   | gate_candidate_gate_candidate_context_0_to_gate_candidate_context_1_2876 | 2[RPC] (L3 memory cuts: 2) |
| conv12_ws                | conv12_sd0                                                               | 2 (L3 memory cuts: 1)      |
| conv12_ws                | conv12_sd1                                                               | 1 (L3 memory cuts: 1)      |
| conv12_sd0               | conv12_sdc                                                               | 1 (L3 memory cuts: 1)      |
| conv12_sd1               | conv12_sdc                                                               | 1 (L3 memory cuts: 1)      |
| conv12_sdc               | conv_feature_splitter3_1                                                 | 2[RPC] (L3 memory cuts: 2) |
| conv12_sdc               | conv_feature_splitter3_2                                                 | 2[RPC] (L3 memory cuts: 2) |
| conv_feature_splitter3_1 | concat4                                                                  | 39[S] (L3 memory cuts: 1)  |
| conv_feature_splitter3_2 | conv14                                                                   | 39[S] (L3 memory cuts: 1)  |
| conv_feature_splitter3_2 | conv15                                                                   | 39[S] (L3 memory cuts: 1)  |
| conv_feature_splitter3_2 | concat4                                                                  | 39[S] (L3 memory cuts: 1)  |
| conv14                   | conv16                                                                   | 5 (L3 memory cuts: 1)      |
| conv14                   | ew_add3                                                                  | 5 (L3 memory cuts: 1)      |
| conv16                   | conv17                                                                   | 5[S] (L3 memory cuts: 1)   |
| conv17                   | ew_add3                                                                  | 1 (L3 memory cuts: 1)      |
| ew_add3                  | conv18                                                                   | 4 (L3 memory cuts: 1)      |
| ew_add3                  | ew_add4                                                                  | 4 (L3 memory cuts: 1)      |
| conv18                   | conv19                                                                   | 5[S] (L3 memory cuts: 1)   |
| conv19                   | ew_add4                                                                  | 1 (L3 memory cuts: 1)      |
| ew_add4                  | concat3                                                                  | 3 (L3 memory cuts: 1)      |
| conv15                   | concat3                                                                  | 9 (L3 memory cuts: 1)      |
| concat3                  | conv20                                                                   | 2[S] (L3 memory cuts: 1)   |
| conv20                   | concat4                                                                  | 1[S] (L3 memory cuts: 1)   |
| concat4                  | conv21                                                                   | 1[S] (L3 memory cuts: 1)   |
| conv21                   | conv22                                                                   | 2 (L3 memory cuts: 1)      |
| conv21                   | gate_candidate_gate_candidate_context_0_to_gate_candidate_context_1_2878 | 2 (L3 memory cuts: 1)      |
| conv22                   | conv_feature_splitter4_1                                                 | 2 (L3 memory cuts: 1)      |
| conv22                   | conv_feature_splitter4_2                                                 | 2 (L3 memory cuts: 1)      |
| conv_feature_splitter4_1 | concat6                                                                  | 28[S] (L3 memory cuts: 1)  |
| conv_feature_splitter4_2 | conv24                                                                   | 28[S] (L3 memory cuts: 1)  |
| conv_feature_splitter4_2 | conv25                                                                   | 28[S] (L3 memory cuts: 1)  |
| conv_feature_splitter4_2 | concat6                                                                  | 28[S] (L3 memory cuts: 1)  |
| conv24                   | conv26                                                                   | 6 (L3 memory cuts: 1)      |
| conv24                   | ew_add5                                                                  | 6 (L3 memory cuts: 1)      |
| conv26                   | conv27                                                                   | 6[S] (L3 memory cuts: 1)   |
| conv27                   | ew_add5                                                                  | 1 (L3 memory cuts: 1)      |
| ew_add5                  | conv28                                                                   | 4 (L3 memory cuts: 1)      |
| ew_add5                  | ew_add6                                                                  | 4 (L3 memory cuts: 1)      |
| conv28                   | conv29                                                                   | 6[S] (L3 memory cuts: 1)   |
| conv29                   | ew_add6                                                                  | 1 (L3 memory cuts: 1)      |
| ew_add6                  | concat5                                                                  | 3 (L3 memory cuts: 1)      |
| conv25                   | concat5                                                                  | 10 (L3 memory cuts: 1)     |
| concat5                  | conv30                                                                   | 2[S] (L3 memory cuts: 1)   |
| conv30                   | concat6                                                                  | 1[S] (L3 memory cuts: 1)   |
| concat6                  | conv31                                                                   | 2[S] (L3 memory cuts: 1)   |
| conv31                   | conv32                                                                   | 2[S] (L3 memory cuts: 1)   |
| conv32                   | maxpool1                                                                 | 10 (L3 memory cuts: 1)     |
| conv32                   | concat7                                                                  | 10 (L3 memory cuts: 1)     |
| maxpool1                 | maxpool2                                                                 | 9 (L3 memory cuts: 1)      |
| maxpool1                 | concat7                                                                  | 9 (L3 memory cuts: 1)      |
| maxpool2                 | maxpool3                                                                 | 7 (L3 memory cuts: 1)      |
| maxpool2                 | concat7                                                                  | 7 (L3 memory cuts: 1)      |
| maxpool3                 | concat7                                                                  | 4 (L3 memory cuts: 1)      |
| concat7                  | conv33                                                                   | 2[S] (L3 memory cuts: 1)   |
| conv33                   | conv_feature_splitter5_1                                                 | 1[S] (L3 memory cuts: 1)   |
| conv33                   | conv_feature_splitter5_2                                                 | 1[S] (L3 memory cuts: 1)   |
| conv_feature_splitter5_1 | gate_candidate_gate_candidate_context_0_to_gate_candidate_context_1_2880 | 1 (L3 memory cuts: 1)      |
| conv_feature_splitter5_2 | conv_feature_splitter6_1                                                 | 1[RPC] (L3 memory cuts: 1) |
| conv_feature_splitter5_2 | conv_feature_splitter6_2                                                 | 1[RPC] (L3 memory cuts: 1) |
| conv_feature_splitter5_2 | conv_feature_splitter6_3                                                 | 2[RPC] (L3 memory cuts: 2) |
| conv_feature_splitter5_2 | gate_candidate_gate_candidate_context_0_to_gate_candidate_context_1_2882 | 1[RPC] (L3 memory cuts: 1) |
| conv_feature_splitter6_1 | gate_candidate_gate_candidate_context_0_to_gate_candidate_context_1_2884 | 1 (L3 memory cuts: 1)      |
| conv_feature_splitter6_2 | gate_candidate_gate_candidate_context_0_to_gate_candidate_context_1_2886 | 1 (L3 memory cuts: 1)      |
| conv_feature_splitter6_3 | gate_candidate_gate_candidate_context_0_to_gate_candidate_context_1_2888 | 1 (L3 memory cuts: 1)      |
+--------------------------+--------------------------------------------------------------------------+----------------------------+
[2026-09-25 17:23:25.649] [default] [info] Pre-allocation Resources for gate_candidate_context_1
+--------------------------------------------------------------------------+-------------+-----------------------+-----------------------+----------------------+----------------+-----+-----+------+
| Node                                                                     | Subclusters | L3 Weight Memory Cuts | L3 Output Memory Cuts | L3 Input Memory Cuts | L4 Memory Cuts | IBs | OBs | APUs |
+--------------------------------------------------------------------------+-------------+-----------------------+-----------------------+----------------------+----------------+-----+-----+------+
| gate_candidate_gate_candidate_context_0_to_gate_candidate_context_1_2877 | 0           | 0                     | 0                     | 0                    | 0.500          | 0   | 0   | 0    |
| gate_candidate_gate_candidate_context_0_to_gate_candidate_context_1_2879 | 0           | 0                     | 0                     | 0                    | 0.500          | 0   | 0   | 0    |
| gate_candidate_gate_candidate_context_0_to_gate_candidate_context_1_2881 | 0           | 0                     | 0                     | 0                    | 0.500          | 0   | 0   | 0    |
| gate_candidate_gate_candidate_context_0_to_gate_candidate_context_1_2883 | 0           | 0                     | 0                     | 0                    | 0.500          | 0   | 0   | 0    |
| gate_candidate_gate_candidate_context_0_to_gate_candidate_context_1_2885 | 0           | 0                     | 0                     | 0                    | 0.500          | 0   | 0   | 0    |
| gate_candidate_gate_candidate_context_0_to_gate_candidate_context_1_2887 | 0           | 0                     | 0                     | 0                    | 0.500          | 0   | 0   | 0    |
| matmul1                                                                  | 1           | 0                     | 4                     | 0                    | 0.000          | 0   | 0   | 1    |
| reduce_max_softmax1                                                      | 1           | 0                     | 1                     | 2                    | 0.000          | 0   | 0   | 1    |
| ew_sub_softmax1                                                          | 1           | 1                     | 2                     | 3                    | 0.000          | 0   | 0   | 1    |
| reduce_sum_softmax1                                                      | 1           | 0                     | 1                     | 1                    | 0.000          | 0   | 0   | 1    |
| ew_mult_softmax1                                                         | 1           | 0                     | 2                     | 2                    | 0.000          | 0   | 0   | 1    |
| gate_candidate_gate_candidate_context_0_to_gate_candidate_context_1_2889 | 0           | 0                     | 0                     | 0                    | 0.500          | 0   | 0   | 0    |
| activation1                                                              | 1           | 1                     | 1                     | 0                    | 0.000          | 0   | 0   | 1    |
| matmul2_reshape                                                          | 1           | 0                     | 4                     | 1                    | 0.000          | 0   | 0   | 1    |
| matmul2                                                                  | 2           | 0                     | 1                     | 2                    | 0.000          | 0   | 0   | 1    |
| dw1_defuse_width_feature_reshape                                         | 1           | 0                     | 1                     | 0                    | 0.000          | 0   | 0   | 1    |
| dw1_defuse_reshape_hxf_to_w_transposed                                   | 1           | 0                     | 18                    | 1                    | 0.000          | 0   | 0   | 1    |
| dw1_defuse_1x1                                                           | 1           | 1                     | 1                     | 19                   | 0.000          | 0   | 0   | 1    |
| conv36                                                                   | 1           | 1                     | 2                     | 1                    | 0.000          | 0   | 0   | 1    |
| conv37                                                                   | 1           | 1                     | 1                     | 1                    | 0.000          | 0   | 0   | 1    |
| conv38                                                                   | 1           | 1                     | 1                     | 2                    | 0.000          | 0   | 0   | 1    |
| concat8                                                                  | 1           | 0                     | 1                     | 1                    | 0.000          | 0   | 0   | 1    |
| conv39                                                                   | 2           | 2                     | 4                     | 1                    | 0.000          | 0   | 0   | 1    |
| resize1                                                                  | 1           | 0                     | 1                     | 1                    | 0.000          | 0   | 0   | 1    |
| concat9                                                                  | 1           | 0                     | 2                     | 1                    | 0.000          | 0   | 0   | 1    |
| conv_feature_splitter7_1                                                 | 2           | 2                     | 9                     | 1                    | 0.000          | 0   | 0   | 1    |
| conv_feature_splitter7_2                                                 | 2           | 2                     | 23                    | 1                    | 0.000          | 0   | 0   | 1    |
| conv41                                                                   | 2           | 1                     | 1                     | 6                    | 0.000          | 0   | 0   | 1    |
| conv42                                                                   | 2           | 1                     | 2                     | 1                    | 0.000          | 0   | 0   | 1    |
| ew_add10                                                                 | 1           | 1                     | 1                     | 10                   | 0.000          | 0   | 0   | 1    |
| concat10                                                                 | 1           | 0                     | 1                     | 19                   | 0.000          | 0   | 0   | 1    |
| conv43                                                                   | 2           | 2                     | 14                    | 1                    | 0.000          | 0   | 0   | 1    |
| resize2                                                                  | 1           | 0                     | 2                     | 7                    | 0.000          | 0   | 0   | 1    |
| concat11                                                                 | 1           | 0                     | 4                     | 2                    | 0.000          | 0   | 0   | 1    |
| conv_feature_splitter8_1                                                 | 4           | 4                     | 1                     | 2                    | 0.000          | 0   | 0   | 1    |
| conv_feature_splitter8_2                                                 | 4           | 2                     | 18                    | 2                    | 0.000          | 0   | 0   | 1    |
| conv45                                                                   | 2           | 2                     | 1                     | 6                    | 0.000          | 0   | 0   | 1    |
| conv46                                                                   | 2           | 1                     | 1                     | 1                    | 0.000          | 0   | 0   | 1    |
| ew_add11                                                                 | 1           | 1                     | 1                     | 7                    | 0.000          | 0   | 0   | 1    |
| concat12                                                                 | 1           | 0                     | 1                     | 8                    | 0.000          | 0   | 0   | 1    |
| conv47                                                                   | 3           | 3                     | 2                     | 1                    | 0.000          | 0   | 0   | 1    |
| conv48                                                                   | 4           | 4                     | 1                     | 1                    | 0.000          | 0   | 0   | 1    |
| sh_from_conv47_to_conv49_d0-1_dw2_sd0-1_2900                             | 1           | 0                     | 4                     | 1                    | 0.000          | 0   | 0   | 1    |
| conv49_d0                                                                | 8           | 4                     | 4                     | 1                    | 0.000          | 0   | 0   | 1    |
| conv49_d1                                                                | 8           | 4                     | 4                     | 1                    | 0.000          | 0   | 0   | 1    |
| conv49_dc                                                                | 1           | 0                     | 2                     | 8                    | 0.000          | 0   | 0   | 1    |
| conv50_d0                                                                | 8           | 4                     | 4                     | 1                    | 0.000          | 0   | 0   | 1    |
| conv50_d1                                                                | 8           | 4                     | 4                     | 1                    | 0.000          | 0   | 0   | 1    |
| conv50_dc                                                                | 1           | 0                     | 1                     | 8                    | 0.000          | 0   | 0   | 1    |
| conv51                                                                   | 2           | 1                     | 2                     | 1                    | 0.000          | 0   | 0   | 1    |
| output_from_conv51_to_yolov8_nms_postprocess                             | 0           | 0                     | 0                     | 0                    | 0.500          | 0   | 0   | 0    |
| dw2_sd0                                                                  | 2           | 1                     | 1                     | 1                    | 0.000          | 0   | 0   | 1    |
| dw2_sd1                                                                  | 2           | 1                     | 1                     | 1                    | 0.000          | 0   | 0   | 1    |
| dw2_sdc                                                                  | 1           | 0                     | 1                     | 2                    | 0.000          | 0   | 0   | 1    |
| conv52                                                                   | 2           | 1                     | 2                     | 1                    | 0.000          | 0   | 0   | 1    |
| dw3_sd0                                                                  | 2           | 1                     | 1                     | 1                    | 0.000          | 0   | 0   | 1    |
| dw3_sd1                                                                  | 2           | 1                     | 1                     | 1                    | 0.000          | 0   | 0   | 1    |
| dw3_sdc                                                                  | 1           | 0                     | 1                     | 2                    | 0.000          | 0   | 0   | 1    |
| conv53                                                                   | 2           | 1                     | 2                     | 1                    | 0.000          | 0   | 0   | 1    |
| conv54                                                                   | 1 [16bit]   | 1                     | 1                     | 2                    | 0.000          | 0   | 0   | 1    |
| output_from_conv54_to_yolov8_nms_postprocess                             | 0           | 0                     | 0                     | 0                    | 0.500          | 0   | 0   | 0    |
| concat13                                                                 | 1           | 0                     | 2                     | 8                    | 0.000          | 0   | 0   | 1    |
| conv_feature_splitter9_1                                                 | 1           | 1                     | 7                     | 1                    | 0.000          | 0   | 0   | 1    |
| conv_feature_splitter9_2                                                 | 1           | 1                     | 16                    | 1                    | 0.000          | 0   | 0   | 1    |
| conv56                                                                   | 2           | 1                     | 1                     | 3                    | 0.000          | 0   | 0   | 1    |
| conv57                                                                   | 2           | 1                     | 2                     | 1                    | 0.000          | 0   | 0   | 1    |
| ew_add12                                                                 | 1           | 1                     | 1                     | 8                    | 0.000          | 0   | 0   | 1    |
| concat14                                                                 | 1           | 0                     | 1                     | 15                   | 0.000          | 0   | 0   | 1    |
| conv58                                                                   | 2           | 2                     | 9                     | 1                    | 0.000          | 0   | 0   | 1    |
| conv59                                                                   | 6           | 6                     | 1                     | 3                    | 0.000          | 0   | 0   | 1    |
| conv60                                                                   | 8           | 4                     | 1                     | 3                    | 0.000          | 0   | 0   | 1    |
| conv61                                                                   | 4           | 2                     | 1                     | 1                    | 0.000          | 0   | 0   | 1    |
| conv62                                                                   | 1           | 1                     | 1                     | 1                    | 0.000          | 0   | 0   | 1    |
| output_from_conv62_to_yolov8_nms_postprocess                             | 0           | 0                     | 0                     | 0                    | 0.500          | 0   | 0   | 0    |
| dw4                                                                      | 2           | 1                     | 1                     | 3                    | 0.000          | 0   | 0   | 1    |
| conv63                                                                   | 1           | 1                     | 1                     | 1                    | 0.000          | 0   | 0   | 1    |
| dw5                                                                      | 1           | 1                     | 1                     | 1                    | 0.000          | 0   | 0   | 1    |
| conv64                                                                   | 1           | 1                     | 1                     | 1                    | 0.000          | 0   | 0   | 1    |
| conv65                                                                   | 1           | 1                     | 1                     | 1                    | 0.000          | 0   | 0   | 1    |
| output_from_conv65_to_yolov8_nms_postprocess                             | 0           | 0                     | 0                     | 0                    | 0.500          | 0   | 0   | 0    |
| concat15                                                                 | 1           | 0                     | 2                     | 4                    | 0.000          | 0   | 0   | 1    |
| conv_feature_splitter10_1                                                | 2           | 2                     | 1                     | 1                    | 0.000          | 0   | 0   | 1    |
| gate_candidate_gate_candidate_context_1_to_gate_candidate_context_2_2891 | 0           | 0                     | 0                     | 0                    | 0.500          | 0   | 0   | 0    |
| conv_feature_splitter10_2                                                | 2           | 2                     | 3                     | 1                    | 0.000          | 0   | 0   | 1    |
| conv67                                                                   | 1           | 1                     | 2                     | 1                    | 0.000          | 0   | 0   | 1    |
| conv69                                                                   | 2           | 2                     | 1                     | 1                    | 0.000          | 0   | 0   | 1    |
| conv70                                                                   | 2           | 2                     | 1                     | 1                    | 0.000          | 0   | 0   | 1    |
| ew_add13                                                                 | 1           | 1                     | 1                     | 2                    | 0.000          | 0   | 0   | 1    |
| gate_candidate_gate_candidate_context_1_to_gate_candidate_context_2_2897 | 0           | 0                     | 0                     | 0                    | 0.500          | 0   | 0   | 0    |
| conv68                                                                   | 1           | 1                     | 1                     | 1                    | 0.000          | 0   | 0   | 1    |
| gate_candidate_gate_candidate_context_1_to_gate_candidate_context_2_2895 | 0           | 0                     | 0                     | 0                    | 0.500          | 0   | 0   | 0    |
| gate_candidate_gate_candidate_context_1_to_gate_candidate_context_2_2893 | 0           | 0                     | 0                     | 0                    | 0.500          | 0   | 0   | 0    |
+--------------------------------------------------------------------------+-------------+-----------------------+-----------------------+----------------------+----------------+-----+-----+------+
TOTAL:  LCUs: 77 (60.1562%), Subclusters: 155 (30.2734%), 16bit Subclusters: 1 (0.195312%), Weight memory cuts: 94 (9.17969%), L3 Output memory cuts: 227 (22.168%), L3 Input memory cuts: 214 (20.8984%), L3 total cuts: 321 (31.3477%), L4 memory cuts: 0 (0%), IBs: 0 (0%), OBs: 0 (0%), APUs: 77 (48.125%)
[2026-09-25 17:23:25.662] [default] [info] Pre-allocation buffers for gate_candidate_context_1 buffers:
+--------------------------------------------------------------------------+--------------------------------------------------------------------------+-------------------------------+
| Src                                                                      | Dst                                                                      | Buffers                       |
+--------------------------------------------------------------------------+--------------------------------------------------------------------------+-------------------------------+
| gate_candidate_gate_candidate_context_0_to_gate_candidate_context_1_2877 | concat11                                                                 | 13 (L3 memory cuts: 5)        |
| gate_candidate_gate_candidate_context_0_to_gate_candidate_context_1_2879 | concat9                                                                  | 4 (L3 memory cuts: 1)         |
| gate_candidate_gate_candidate_context_0_to_gate_candidate_context_1_2881 | concat8                                                                  | 3 (L3 memory cuts: 1)         |
| gate_candidate_gate_candidate_context_0_to_gate_candidate_context_1_2883 | conv36                                                                   | 3 (L3 memory cuts: 1)         |
| gate_candidate_gate_candidate_context_0_to_gate_candidate_context_1_2885 | matmul1                                                                  | 2 (L3 memory cuts: 1)         |
| gate_candidate_gate_candidate_context_0_to_gate_candidate_context_1_2887 | matmul1                                                                  | 40 (L3 memory cuts: 2)        |
| matmul1                                                                  | reduce_max_softmax1                                                      | 2[RPC] (L3 memory cuts: 2)    |
| matmul1                                                                  | ew_sub_softmax1                                                          | 2[RPC] (L3 memory cuts: 2)    |
| reduce_max_softmax1                                                      | ew_sub_softmax1                                                          | 1 (L3 memory cuts: 1)         |
| ew_sub_softmax1                                                          | reduce_sum_softmax1                                                      | 1 (L3 memory cuts: 1)         |
| ew_sub_softmax1                                                          | ew_mult_softmax1                                                         | 1 (L3 memory cuts: 1)         |
| reduce_sum_softmax1                                                      | ew_mult_softmax1                                                         | 2 (L3 memory cuts: 1)         |
| ew_mult_softmax1                                                         | matmul2                                                                  | 3 (L3 memory cuts: 2)         |
| gate_candidate_gate_candidate_context_0_to_gate_candidate_context_1_2889 | activation1                                                              | 2 (L3 memory cuts: 1)         |
| gate_candidate_gate_candidate_context_0_to_gate_candidate_context_1_2889 | dw1_defuse_width_feature_reshape                                         | 2 (L3 memory cuts: 1)         |
| activation1                                                              | matmul2_reshape                                                          | 1 (L3 memory cuts: 1)         |
| matmul2_reshape                                                          | matmul2                                                                  | 40 (L3 memory cuts: 4)        |
| matmul2                                                                  | dw1_defuse_1x1                                                           | 3 (L3 memory cuts: 1)         |
| dw1_defuse_width_feature_reshape                                         | dw1_defuse_reshape_hxf_to_w_transposed                                   | 5 (L3 memory cuts: 1)         |
| dw1_defuse_reshape_hxf_to_w_transposed                                   | dw1_defuse_1x1                                                           | 21 (L3 memory cuts: 18)       |
| dw1_defuse_1x1                                                           | conv36                                                                   | 4 (L3 memory cuts: 1)         |
| conv36                                                                   | conv37                                                                   | 3[S] (L3 memory cuts: 1)      |
| conv36                                                                   | conv38                                                                   | 3[S] (L3 memory cuts: 1)      |
| conv37                                                                   | conv38                                                                   | 2[S] (L3 memory cuts: 1)      |
| conv38                                                                   | concat8                                                                  | 2 (L3 memory cuts: 1)         |
| concat8                                                                  | conv39                                                                   | 2[S] (L3 memory cuts: 1)      |
| conv39                                                                   | resize1                                                                  | 2 (L3 memory cuts: 1)         |
| conv39                                                                   | concat15                                                                 | 14 (L3 memory cuts: 3)        |
| resize1                                                                  | concat9                                                                  | 3 (L3 memory cuts: 1)         |
| concat9                                                                  | conv_feature_splitter7_1                                                 | 2[S] (L3 memory cuts: 1)      |
| concat9                                                                  | conv_feature_splitter7_2                                                 | 2[S] (L3 memory cuts: 1)      |
| conv_feature_splitter7_1                                                 | concat10                                                                 | 9[RPC] (L3 memory cuts: 9)    |
| conv_feature_splitter7_2                                                 | conv41                                                                   | 6[RPC] (L3 memory cuts: 6)    |
| conv_feature_splitter7_2                                                 | ew_add10                                                                 | 8[RPC] (L3 memory cuts: 8)    |
| conv_feature_splitter7_2                                                 | concat10                                                                 | 9[RPC] (L3 memory cuts: 9)    |
| conv41                                                                   | conv42                                                                   | 11[S] (L3 memory cuts: 1)     |
| conv42                                                                   | ew_add10                                                                 | 2[RPC] (L3 memory cuts: 2)    |
| ew_add10                                                                 | concat10                                                                 | 2 (L3 memory cuts: 1)         |
| concat10                                                                 | conv43                                                                   | 3[S] (L3 memory cuts: 1)      |
| conv43                                                                   | resize2                                                                  | 7[RPC] (L3 memory cuts: 7)    |
| conv43                                                                   | concat13                                                                 | 7[RPC] (L3 memory cuts: 7)    |
| resize2                                                                  | concat11                                                                 | 2[RPC] (L3 memory cuts: 2)    |
| concat11                                                                 | conv_feature_splitter8_1                                                 | 2[RPC] (L3 memory cuts: 2)    |
| concat11                                                                 | conv_feature_splitter8_2                                                 | 2[RPC] (L3 memory cuts: 2)    |
| conv_feature_splitter8_1                                                 | concat12                                                                 | 6 (L3 memory cuts: 1)         |
| conv_feature_splitter8_2                                                 | conv45                                                                   | 6[RPC] (L3 memory cuts: 6)    |
| conv_feature_splitter8_2                                                 | ew_add11                                                                 | 6[RPC] (L3 memory cuts: 6)    |
| conv_feature_splitter8_2                                                 | concat12                                                                 | 6[RPC] (L3 memory cuts: 6)    |
| conv45                                                                   | conv46                                                                   | 7[S] (L3 memory cuts: 1)      |
| conv46                                                                   | ew_add11                                                                 | 2 (L3 memory cuts: 1)         |
| ew_add11                                                                 | concat12                                                                 | 2 (L3 memory cuts: 1)         |
| concat12                                                                 | conv47                                                                   | 2[S] (L3 memory cuts: 1)      |
| conv47                                                                   | conv48                                                                   | 3 (L3 memory cuts: 1)         |
| conv47                                                                   | sh_from_conv47_to_conv49_d0-1_dw2_sd0-1_2900                             | 3 (L3 memory cuts: 1)         |
| conv48                                                                   | concat13                                                                 | 2 (L3 memory cuts: 1)         |
| sh_from_conv47_to_conv49_d0-1_dw2_sd0-1_2900                             | conv49_d0                                                                | 2 (L3 memory cuts: 1)         |
| sh_from_conv47_to_conv49_d0-1_dw2_sd0-1_2900                             | conv49_d1                                                                | 2 (L3 memory cuts: 1)         |
| sh_from_conv47_to_conv49_d0-1_dw2_sd0-1_2900                             | dw2_sd0                                                                  | 2 (L3 memory cuts: 1)         |
| sh_from_conv47_to_conv49_d0-1_dw2_sd0-1_2900                             | dw2_sd1                                                                  | 2 (L3 memory cuts: 1)         |
| conv49_d0                                                                | conv49_dc                                                                | 4[S][RPC] (L3 memory cuts: 4) |
| conv49_d1                                                                | conv49_dc                                                                | 4[S][RPC] (L3 memory cuts: 4) |
| conv49_dc                                                                | conv50_d0                                                                | 9[S] (L3 memory cuts: 1)      |
| conv49_dc                                                                | conv50_d1                                                                | 9[S] (L3 memory cuts: 1)      |
| conv50_d0                                                                | conv50_dc                                                                | 4[S][RPC] (L3 memory cuts: 4) |
| conv50_d1                                                                | conv50_dc                                                                | 4[S][RPC] (L3 memory cuts: 4) |
| conv50_dc                                                                | conv51                                                                   | 2 (L3 memory cuts: 1)         |
| conv51                                                                   | output_from_conv51_to_yolov8_nms_postprocess                             | 2[RPC] (L3 memory cuts: 2)    |
| dw2_sd0                                                                  | dw2_sdc                                                                  | 2 (L3 memory cuts: 1)         |
| dw2_sd1                                                                  | dw2_sdc                                                                  | 2 (L3 memory cuts: 1)         |
| dw2_sdc                                                                  | conv52                                                                   | 2 (L3 memory cuts: 1)         |
| conv52                                                                   | dw3_sd0                                                                  | 2 (L3 memory cuts: 1)         |
| conv52                                                                   | dw3_sd1                                                                  | 2 (L3 memory cuts: 1)         |
| dw3_sd0                                                                  | dw3_sdc                                                                  | 2 (L3 memory cuts: 1)         |
| dw3_sd1                                                                  | dw3_sdc                                                                  | 2 (L3 memory cuts: 1)         |
| dw3_sdc                                                                  | conv53                                                                   | 2 (L3 memory cuts: 1)         |
| conv53                                                                   | conv54                                                                   | 2[RPC] (L3 memory cuts: 2)    |
| conv54                                                                   | output_from_conv54_to_yolov8_nms_postprocess                             | 1 (L3 memory cuts: 1)         |
| concat13                                                                 | conv_feature_splitter9_1                                                 | 2[S] (L3 memory cuts: 1)      |
| concat13                                                                 | conv_feature_splitter9_2                                                 | 2[S] (L3 memory cuts: 1)      |
| conv_feature_splitter9_1                                                 | concat14                                                                 | 7[RPC] (L3 memory cuts: 7)    |
| conv_feature_splitter9_2                                                 | conv56                                                                   | 3[RPC] (L3 memory cuts: 3)    |
| conv_feature_splitter9_2                                                 | ew_add12                                                                 | 6[RPC] (L3 memory cuts: 6)    |
| conv_feature_splitter9_2                                                 | concat14                                                                 | 7[RPC] (L3 memory cuts: 7)    |
| conv56                                                                   | conv57                                                                   | 11[S] (L3 memory cuts: 1)     |
| conv57                                                                   | ew_add12                                                                 | 2[RPC] (L3 memory cuts: 2)    |
| ew_add12                                                                 | concat14                                                                 | 2 (L3 memory cuts: 1)         |
| concat14                                                                 | conv58                                                                   | 3[S] (L3 memory cuts: 1)      |
| conv58                                                                   | conv59                                                                   | 3[RPC] (L3 memory cuts: 3)    |
| conv58                                                                   | conv60                                                                   | 3[RPC] (L3 memory cuts: 3)    |
| conv58                                                                   | dw4                                                                      | 3[RPC] (L3 memory cuts: 3)    |
| conv59                                                                   | concat15                                                                 | 2 (L3 memory cuts: 1)         |
| conv60                                                                   | conv61                                                                   | 10[S] (L3 memory cuts: 1)     |
| conv61                                                                   | conv62                                                                   | 2 (L3 memory cuts: 1)         |
| conv62                                                                   | output_from_conv62_to_yolov8_nms_postprocess                             | 1 (L3 memory cuts: 1)         |
| dw4                                                                      | conv63                                                                   | 2 (L3 memory cuts: 1)         |
| conv63                                                                   | dw5                                                                      | 4 (L3 memory cuts: 1)         |
| dw5                                                                      | conv64                                                                   | 2 (L3 memory cuts: 1)         |
| conv64                                                                   | conv65                                                                   | 1 (L3 memory cuts: 1)         |
| conv65                                                                   | output_from_conv65_to_yolov8_nms_postprocess                             | 1 (L3 memory cuts: 1)         |
| concat15                                                                 | conv_feature_splitter10_1                                                | 2[S] (L3 memory cuts: 1)      |
| concat15                                                                 | conv_feature_splitter10_2                                                | 2[S] (L3 memory cuts: 1)      |
| conv_feature_splitter10_1                                                | gate_candidate_gate_candidate_context_1_to_gate_candidate_context_2_2891 | 1 (L3 memory cuts: 1)         |
| conv_feature_splitter10_2                                                | conv67                                                                   | 1 (L3 memory cuts: 1)         |
| conv_feature_splitter10_2                                                | conv68                                                                   | 1 (L3 memory cuts: 1)         |
| conv_feature_splitter10_2                                                | gate_candidate_gate_candidate_context_1_to_gate_candidate_context_2_2893 | 1 (L3 memory cuts: 1)         |
| conv67                                                                   | conv69                                                                   | 4 (L3 memory cuts: 1)         |
| conv67                                                                   | ew_add13                                                                 | 4 (L3 memory cuts: 1)         |
| conv69                                                                   | conv70                                                                   | 5[S] (L3 memory cuts: 1)      |
| conv70                                                                   | ew_add13                                                                 | 1 (L3 memory cuts: 1)         |
| ew_add13                                                                 | gate_candidate_gate_candidate_context_1_to_gate_candidate_context_2_2897 | 1 (L3 memory cuts: 1)         |
| conv68                                                                   | gate_candidate_gate_candidate_context_1_to_gate_candidate_context_2_2895 | 1 (L3 memory cuts: 1)         |
+--------------------------------------------------------------------------+--------------------------------------------------------------------------+-------------------------------+
[2026-09-25 17:23:25.726] [default] [info] Pre-allocation Resources for gate_candidate_context_2
+--------------------------------------------------------------------------+-------------+-----------------------+-----------------------+----------------------+----------------+-----+-----+------+
| Node                                                                     | Subclusters | L3 Weight Memory Cuts | L3 Output Memory Cuts | L3 Input Memory Cuts | L4 Memory Cuts | IBs | OBs | APUs |
+--------------------------------------------------------------------------+-------------+-----------------------+-----------------------+----------------------+----------------+-----+-----+------+
| gate_candidate_gate_candidate_context_1_to_gate_candidate_context_2_2892 | 0           | 0                     | 0                     | 0                    | 0.500          | 0   | 0   | 0    |
| gate_candidate_gate_candidate_context_1_to_gate_candidate_context_2_2894 | 0           | 0                     | 0                     | 0                    | 0.500          | 0   | 0   | 0    |
| gate_candidate_gate_candidate_context_1_to_gate_candidate_context_2_2896 | 0           | 0                     | 0                     | 0                    | 0.500          | 0   | 0   | 0    |
| gate_candidate_gate_candidate_context_1_to_gate_candidate_context_2_2898 | 0           | 0                     | 0                     | 0                    | 0.500          | 0   | 0   | 0    |
| conv71                                                                   | 3           | 3                     | 1                     | 0                    | 0.000          | 0   | 0   | 1    |
| conv72                                                                   | 3           | 3                     | 1                     | 1                    | 0.000          | 0   | 0   | 1    |
| gate_candidate_gate_candidate_context_1_to_gate_candidate_context_2_2899 | 0           | 0                     | 0                     | 0                    | 0.500          | 0   | 0   | 0    |
| ew_add14                                                                 | 1           | 1                     | 1                     | 1                    | 0.000          | 0   | 0   | 1    |
| concat16                                                                 | 1           | 0                     | 1                     | 1                    | 0.000          | 0   | 0   | 1    |
| conv73                                                                   | 1           | 1                     | 2                     | 1                    | 0.000          | 0   | 0   | 1    |
| concat17                                                                 | 1           | 0                     | 1                     | 2                    | 0.000          | 0   | 0   | 1    |
| conv74                                                                   | 7           | 7                     | 2                     | 1                    | 0.000          | 0   | 0   | 1    |
| conv75_ws                                                                | 1           | 0                     | 3                     | 1                    | 0.000          | 0   | 0   | 1    |
| conv75_sd0                                                               | 8           | 8                     | 1                     | 1                    | 0.000          | 0   | 0   | 1    |
| conv75_sd1                                                               | 8           | 8                     | 1                     | 2                    | 0.000          | 0   | 0   | 1    |
| conv75_sdc                                                               | 1           | 0                     | 2                     | 2                    | 0.000          | 0   | 0   | 1    |
| conv76                                                                   | 3           | 3                     | 1                     | 2                    | 0.000          | 0   | 0   | 1    |
| conv77                                                                   | 1           | 1                     | 1                     | 1                    | 0.000          | 0   | 0   | 1    |
| output_from_conv77_to_yolov8_nms_postprocess                             | 0           | 0                     | 0                     | 0                    | 0.500          | 0   | 0   | 0    |
| dw6_fs                                                                   | 1           | 0                     | 2                     | 1                    | 0.000          | 0   | 0   | 1    |
| dw6_d0                                                                   | 2           | 1                     | 2                     | 1                    | 0.000          | 0   | 0   | 1    |
| dw6_d1                                                                   | 2           | 1                     | 2                     | 1                    | 0.000          | 0   | 0   | 1    |
| dw6_dc                                                                   | 1           | 0                     | 1                     | 4                    | 0.000          | 0   | 0   | 1    |
| conv78                                                                   | 1           | 1                     | 1                     | 1                    | 0.000          | 0   | 0   | 1    |
| dw7                                                                      | 1           | 1                     | 1                     | 1                    | 0.000          | 0   | 0   | 1    |
| conv79                                                                   | 1           | 1                     | 1                     | 1                    | 0.000          | 0   | 0   | 1    |
| conv80                                                                   | 1           | 1                     | 1                     | 1                    | 0.000          | 0   | 0   | 1    |
| output_from_conv80_to_yolov8_nms_postprocess                             | 0           | 0                     | 0                     | 0                    | 0.500          | 0   | 0   | 0    |
+--------------------------------------------------------------------------+-------------+-----------------------+-----------------------+----------------------+----------------+-----+-----+------+
TOTAL:  LCUs: 21 (16.4062%), Subclusters: 49 (9.57031%), Weight memory cuts: 41 (4.00391%), L3 Output memory cuts: 29 (2.83203%), L3 Input memory cuts: 27 (2.63672%), L3 total cuts: 70 (6.83594%), L4 memory cuts: 0 (0%), IBs: 0 (0%), OBs: 0 (0%), APUs: 21 (13.125%)
[2026-09-25 17:23:25.731] [default] [info] Pre-allocation buffers for gate_candidate_context_2 buffers:
+--------------------------------------------------------------------------+----------------------------------------------+----------------------------+
| Src                                                                      | Dst                                          | Buffers                    |
+--------------------------------------------------------------------------+----------------------------------------------+----------------------------+
| gate_candidate_gate_candidate_context_1_to_gate_candidate_context_2_2892 | concat17                                     | 3 (L3 memory cuts: 1)      |
| gate_candidate_gate_candidate_context_1_to_gate_candidate_context_2_2894 | concat17                                     | 3 (L3 memory cuts: 1)      |
| gate_candidate_gate_candidate_context_1_to_gate_candidate_context_2_2896 | concat16                                     | 3 (L3 memory cuts: 1)      |
| gate_candidate_gate_candidate_context_1_to_gate_candidate_context_2_2898 | conv71                                       | 4 (L3 memory cuts: 1)      |
| conv71                                                                   | conv72                                       | 5[S] (L3 memory cuts: 1)   |
| conv72                                                                   | ew_add14                                     | 2 (L3 memory cuts: 1)      |
| gate_candidate_gate_candidate_context_1_to_gate_candidate_context_2_2899 | ew_add14                                     | 2 (L3 memory cuts: 1)      |
| ew_add14                                                                 | concat16                                     | 2 (L3 memory cuts: 1)      |
| concat16                                                                 | conv73                                       | 2[S] (L3 memory cuts: 1)   |
| conv73                                                                   | concat17                                     | 2[RPC] (L3 memory cuts: 2) |
| concat17                                                                 | conv74                                       | 2[S] (L3 memory cuts: 1)   |
| conv74                                                                   | conv75_ws                                    | 1[RPC] (L3 memory cuts: 1) |
| conv74                                                                   | dw6_fs                                       | 1[RPC] (L3 memory cuts: 1) |
| conv75_ws                                                                | conv75_sd0                                   | 1[RPC] (L3 memory cuts: 1) |
| conv75_ws                                                                | conv75_sd1                                   | 2[RPC] (L3 memory cuts: 2) |
| conv75_sd0                                                               | conv75_sdc                                   | 2 (L3 memory cuts: 1)      |
| conv75_sd1                                                               | conv75_sdc                                   | 1[RPC] (L3 memory cuts: 1) |
| conv75_sdc                                                               | conv76                                       | 2[RPC] (L3 memory cuts: 2) |
| conv76                                                                   | conv77                                       | 2 (L3 memory cuts: 1)      |
| conv77                                                                   | output_from_conv77_to_yolov8_nms_postprocess | 1 (L3 memory cuts: 1)      |
| dw6_fs                                                                   | dw6_d0                                       | 1 (L3 memory cuts: 1)      |
| dw6_fs                                                                   | dw6_d1                                       | 1 (L3 memory cuts: 1)      |
| dw6_d0                                                                   | dw6_dc                                       | 2[RPC] (L3 memory cuts: 2) |
| dw6_d1                                                                   | dw6_dc                                       | 2[RPC] (L3 memory cuts: 2) |
| dw6_dc                                                                   | conv78                                       | 2[S] (L3 memory cuts: 1)   |
| conv78                                                                   | dw7                                          | 4 (L3 memory cuts: 1)      |
| dw7                                                                      | conv79                                       | 2 (L3 memory cuts: 1)      |
| conv79                                                                   | conv80                                       | 1 (L3 memory cuts: 1)      |
| conv80                                                                   | output_from_conv80_to_yolov8_nms_postprocess | 1 (L3 memory cuts: 1)      |
+--------------------------------------------------------------------------+----------------------------------------------+----------------------------+
[2026-09-25 17:23:25.731] [default] [info] gate_candidate_context_0 - Bottleneck FPS: 975.372 (layer: conv7_sd0)
[2026-09-25 17:23:25.731] [default] [info] gate_candidate_context_1 - Bottleneck FPS: 1223.86 (layer: conv50_d0)
[2026-09-25 17:23:25.731] [default] [info] gate_candidate_context_2 - Bottleneck FPS: 2966.17 (layer: conv75_sd1)
[2026-09-25 17:23:26.316] [default] [info] Pre-Allocation Layers FPS: 
gate_candidate_context_0: 
 
			 input_layer1: 1,302.08
			 normalization1_sd0: 1,509.53
			 normalization1_sd1: 1,509.53
			 normalization1_sdc: 2,264.25
			 conv1_ws: 2,280.67
			 conv1_sd0: 1,025.55
			 conv1_sd1: 1,032.33
			 conv1_sd2: 1,032.33
			 conv1_sd3: 1,032.33
			 conv1_sdc: 1,570.19
			 conv2_ws: 1,800.95
			 conv2_sd0: 1,016.26
			 conv2_sd1: 1,030.5
			 conv2_sd2: 1,200.59
			 conv2_sdc: 2,916.62
			 conv_feature_splitter1_1: 1,552.67
			 conv_feature_splitter1_2: 1,520.54
			 conv4: 1,143.01
			 conv5: 1,183.76
			 ew_add1: 2,548.11
			 concat1: 2,004.5
			 conv6: 1,080.32
			 conv7_ws: 1,748.06
			 conv7_sd0: 975.372
			 conv7_sd1: 1,332.53
			 conv7_sd2: 1,332.53
			 conv7_sdc: 4,765.02
			 conv_feature_splitter2_1: 1,750.54
			 conv_feature_splitter2_2: 1,750.54
			 conv9: 1,491.96
			 conv10: 1,418.14
			 ew_add2: 5,074.92
			 concat2: 4,515.13
			 conv11: 1,029.6
			 conv12_ws: 3,503.15
			 conv12_sd0: 1,070.84
			 conv12_sd1: 1,650.03
			 conv12_sdc: 8,499.97
			 conv_feature_splitter3_1: 1,800.33
			 conv_feature_splitter3_2: 1,800.33
			 conv14: 6,884.56
			 conv16: 1,520.43
			 conv17: 1,522.26
			 ew_add3: 19,783.4
			 conv18: 1,520.43
			 conv19: 1,522.26
			 ew_add4: 19,783.4
			 conv15: 6,884.56
			 concat3: 25,209.6
			 conv20: 3,337.2
			 concat4: 9,464.1
			 conv21: 1,242.46
			 conv22: 1,267.37
			 conv_feature_splitter4_1: 1,562.13
			 conv_feature_splitter4_2: 1,562.13
			 conv24: 6,088.19
			 conv26: 1,151.08
			 conv27: 1,152.38
			 ew_add5: 32,789.6
			 conv28: 1,151.08
			 conv29: 1,152.38
			 ew_add6: 32,789.6
			 conv25: 6,088.19
			 concat5: 46,152.1
			 conv30: 3,003.43
			 concat6: 16,511.9
			 conv31: 1,034.6
			 conv32: 1,583.15
			 maxpool1: 1,288.5
			 maxpool2: 1,288.5
			 maxpool3: 1,288.5
			 concat7: 12,596.4
			 conv33: 1,523.57
			 conv_feature_splitter5_1: 1,583.15
			 gate_candidate_gate_candidate_context_0_to_gate_candidate_context_1_2880: 26,040
			 conv_feature_splitter5_2: 1,559.05
			 conv_feature_splitter6_1: 6,086.33
			 gate_candidate_gate_candidate_context_0_to_gate_candidate_context_1_2884: 52,076.6
			 conv_feature_splitter6_2: 5,415.58
			 gate_candidate_gate_candidate_context_0_to_gate_candidate_context_1_2886: 50,498.7
			 conv_feature_splitter6_3: 3,081.64
			 gate_candidate_gate_candidate_context_0_to_gate_candidate_context_1_2888: 26,040
			 gate_candidate_gate_candidate_context_0_to_gate_candidate_context_1_2882: 26,040
			 gate_candidate_gate_candidate_context_0_to_gate_candidate_context_1_2878: 7,812.35
			 gate_candidate_gate_candidate_context_0_to_gate_candidate_context_1_2876: 1,953.12
gate_candidate_context_1: 
 
			 gate_candidate_gate_candidate_context_0_to_gate_candidate_context_1_2877: 1,953.12
			 gate_candidate_gate_candidate_context_0_to_gate_candidate_context_1_2879: 7,812.35
			 gate_candidate_gate_candidate_context_0_to_gate_candidate_context_1_2881: 26,040
			 gate_candidate_gate_candidate_context_0_to_gate_candidate_context_1_2883: 26,040
			 gate_candidate_gate_candidate_context_0_to_gate_candidate_context_1_2885: 52,076.6
			 gate_candidate_gate_candidate_context_0_to_gate_candidate_context_1_2887: 50,498.7
			 matmul1: 1,383.78
			 reduce_max_softmax1: 8,196.89
			 ew_sub_softmax1: 4,150.28
			 reduce_sum_softmax1: 8,237.4
			 ew_mult_softmax1: 4,150.28
			 gate_candidate_gate_candidate_context_0_to_gate_candidate_context_1_2889: 26,040
			 activation1: 18,131.5
			 matmul2_reshape: 25,479.3
			 dw1_defuse_width_feature_reshape: 23,319.5
			 dw1_defuse_reshape_hxf_to_w_transposed: 2,877.49
 
			 matmul2: 2,043.08
			 dw1_defuse_1x1: 3,463.11
			 conv36: 2,440.5
			 conv37: 1,502.96
			 conv38: 1,411.53
			 concat8: 24,469.3
			 conv39: 1,559.33
			 resize1: 2,595.73
			 concat9: 4,970.98
			 conv_feature_splitter7_1: 1,268.31
			 conv_feature_splitter7_2: 1,247.72
			 conv41: 1,299.47
			 conv42: 1,263.84
			 ew_add10: 10,065.7
			 concat10: 9,636
			 conv43: 1,242.46
			 resize2: 1,496.9
			 concat11: 1,939.31
			 conv_feature_splitter8_1: 1,847.57
			 conv_feature_splitter8_2: 1,250.54
			 conv45: 1,491.96
			 conv46: 1,418.14
			 ew_add11: 5,074.92
			 concat12: 4,515.13
			 conv47: 1,576.16
			 conv48: 1,282.98
			 sh_from_conv47_to_conv49_d0-1_dw2_sd0-1_2900: 7,607.6
			 conv49_d0: 1,237.21
			 conv49_d1: 1,237.21
			 conv49_dc: 6,248.15
			 conv50_d0: 1,223.86
			 conv50_d1: 1,223.86
			 conv50_dc: 6,754.59
			 conv51: 1,479.18
			 output_from_conv51_to_yolov8_nms_postprocess: 1,953.12
			 dw2_sd0: 1,382.21
			 dw2_sd1: 1,377.34
			 dw2_sdc: 5,433.38
			 conv52: 1,537.39
			 dw3_sd0: 1,382.21
			 dw3_sd1: 1,377.34
			 dw3_sdc: 5,433.38
			 conv53: 1,479.18
			 conv54: 1,669.87
			 output_from_conv54_to_yolov8_nms_postprocess: 41,662.3
			 concat13: 9,508.64
			 conv_feature_splitter9_1: 1,252.42
			 conv_feature_splitter9_2: 1,232.34
			 conv56: 1,299.47
			 conv57: 1,263.84
			 ew_add12: 10,065.7
			 concat14: 9,636
			 conv58: 1,242.46
			 conv59: 1,636.61
			 conv60: 1,287.12
			 conv61: 1,306.78
			 conv62: 3,415.85
			 output_from_conv62_to_yolov8_nms_postprocess: 7,812.35
			 dw4: 1,362.96
			 conv63: 1,843.82
			 dw5: 1,512.81
			 conv64: 3,492.2
			 conv65: 24,967.2
			 output_from_conv65_to_yolov8_nms_postprocess: 166,597
			 concat15: 16,524.1
			 conv_feature_splitter10_1: 2,106.8
			 gate_candidate_gate_candidate_context_1_to_gate_candidate_context_2_2891: 26,040
			 conv_feature_splitter10_2: 2,106.8
			 conv67: 6,086.33
			 conv69: 2,275.43
			 conv70: 2,294.54
			 ew_add13: 32,789.6
			 gate_candidate_gate_candidate_context_1_to_gate_candidate_context_2_2897: 52,076.6
			 conv68: 6,086.33
			 gate_candidate_gate_candidate_context_1_to_gate_candidate_context_2_2895: 52,076.6
			 gate_candidate_gate_candidate_context_1_to_gate_candidate_context_2_2893: 26,040
gate_candidate_context_2: 
 
			 gate_candidate_gate_candidate_context_1_to_gate_candidate_context_2_2892: 26,040
			 gate_candidate_gate_candidate_context_1_to_gate_candidate_context_2_2894: 26,040
			 gate_candidate_gate_candidate_context_1_to_gate_candidate_context_2_2896: 52,076.6
			 gate_candidate_gate_candidate_context_1_to_gate_candidate_context_2_2898: 52,076.6
			 conv71: 3,095.52
			 conv72: 3,132.42
			 gate_candidate_gate_candidate_context_1_to_gate_candidate_context_2_2899: 52,076.6
			 ew_add14: 32,789.6
			 concat16: 46,152.1
			 conv73: 3,082.12
			 concat17: 16,631.3
			 conv74: 3,255.18
			 conv75_ws: 15,382.8
			 conv75_sd0: 7,557.44
			 conv75_sd1: 2,966.17
			 conv75_sdc: 42,287.8
			 conv76: 3,137.45
			 conv77: 11,025.1
			 output_from_conv77_to_yolov8_nms_postprocess: 31,247.6
			 dw6_fs: 25,414.6
			 dw6_d0: 3,381.95
			 dw6_d1: 3,381.95
			 dw6_dc: 24,469.3
			 conv78: 3,146.11
			 dw7: 4,033.84
			 conv79: 11,428.2
			 conv80: 79,035.8
			 output_from_conv80_to_yolov8_nms_postprocess: 665,557
[2026-09-25 17:23:26.324] [default] [info] Partition passed at control_util 0.6.
[2026-09-25 17:23:28.629] [default] [info] Microcode violation: DUAL_BUFFER_FLIP_OUT in the next 1 cycles after APU_WRITE_TO_MEM
 in layer conv6, line: 36
[2026-09-25 17:23:28.857] [default] [info] Microcode violation: DUAL_BUFFER_FLIP_OUT in the next 1 cycles after APU_WRITE_TO_MEM
 in layer conv11, line: 86
[2026-09-25 17:23:28.950] [default] [info] Microcode violation: DUAL_BUFFER_FLIP_OUT in the next 1 cycles after APU_WRITE_TO_MEM
 in layer conv14, line: 33
[2026-09-25 17:23:29.286] [default] [info] Microcode violation: DUAL_BUFFER_FLIP_OUT in the next 1 cycles after APU_WRITE_TO_MEM
 in layer conv15, line: 33
[2026-09-25 17:23:29.310] [default] [info] Microcode violation: DUAL_BUFFER_FLIP_OUT in the next 1 cycles after APU_WRITE_TO_MEM
 in layer conv21, line: 37
[2026-09-25 17:23:29.405] [default] [info] Microcode violation: DUAL_BUFFER_FLIP_OUT in the next 1 cycles after APU_WRITE_TO_MEM
 in layer conv24, line: 33
[2026-09-25 17:23:30.275] [default] [info] Microcode violation: DUAL_BUFFER_FLIP_OUT in the next 1 cycles after APU_WRITE_TO_MEM
 in layer conv25, line: 33
[2026-09-25 17:23:30.325] [default] [info] Microcode violation: DUAL_BUFFER_FLIP_OUT in the next 1 cycles after APU_WRITE_TO_MEM
 in layer conv32, line: 46
[2026-09-25 17:23:30.464] [default] [info] Microcode violation: DUAL_BUFFER_FLIP_OUT in the next 1 cycles after APU_WRITE_TO_MEM
 in layer conv_feature_splitter5_1, line: 46
[2026-09-25 17:23:30.495] [default] [info] Microcode violation: DUAL_BUFFER_FLIP_OUT in the next 1 cycles after APU_WRITE_TO_MEM
 in layer conv_feature_splitter5_2, line: 59
[2026-09-25 17:23:30.729] [default] [info] Microcode violation: DUAL_BUFFER_FLIP_OUT in the next 1 cycles after APU_WRITE_TO_MEM
 in layer dw1_defuse_width_feature_reshape, line: 10
[2026-09-25 17:23:30.730] [default] [info] Microcode violation: DUAL_BUFFER_FLIP_OUT in the next 1 cycles after APU_WRITE_TO_MEM
 in layer dw1_defuse_width_feature_reshape, line: 39
[2026-09-25 17:23:30.856] [default] [info] Microcode violation: DUAL_BUFFER_FLIP_OUT in the next 1 cycles after APU_WRITE_TO_MEM
 in layer conv38, line: 55
[2026-09-25 17:23:30.891] [default] [info] Microcode violation: DUAL_BUFFER_FLIP_OUT in the next 1 cycles after APU_WRITE_TO_MEM
 in layer conv39, line: 61
[2026-09-25 17:23:30.901] [default] [info] Microcode violation: DUAL_BUFFER_FLIP_OUT in the next 1 cycles after APU_WRITE_TO_MEM
 in layer resize1, line: 15
[2026-09-25 17:23:30.917] [default] [info] Microcode violation: DUAL_BUFFER_FLIP_OUT in the next 1 cycles after APU_WRITE_TO_MEM
 in layer conv_feature_splitter7_1, line: 37
[2026-09-25 17:23:30.935] [default] [info] Microcode violation: DUAL_BUFFER_FLIP_OUT in the next 1 cycles after APU_WRITE_TO_MEM
 in layer conv_feature_splitter7_2, line: 62
[2026-09-25 17:23:31.179] [default] [info] Microcode violation: DUAL_BUFFER_FLIP_OUT in the next 1 cycles after APU_WRITE_TO_MEM
 in layer conv43, line: 37
[2026-09-25 17:23:31.185] [default] [info] Microcode violation: DUAL_BUFFER_FLIP_OUT in the next 1 cycles after APU_WRITE_TO_MEM
 in layer resize2, line: 16
[2026-09-25 17:23:31.315] [default] [info] Microcode violation: DUAL_BUFFER_FLIP_OUT in the next 1 cycles after APU_WRITE_TO_MEM
 in layer conv47, line: 37
[2026-09-25 17:23:31.784] [default] [info] Microcode violation: DUAL_BUFFER_FLIP_OUT in the next 1 cycles after APU_WRITE_TO_MEM
 in layer conv_feature_splitter9_1, line: 33
[2026-09-25 17:23:31.800] [default] [info] Microcode violation: DUAL_BUFFER_FLIP_OUT in the next 1 cycles after APU_WRITE_TO_MEM
 in layer conv_feature_splitter9_2, line: 50
[2026-09-25 17:23:32.048] [default] [info] Microcode violation: DUAL_BUFFER_FLIP_OUT in the next 1 cycles after APU_WRITE_TO_MEM
 in layer conv58, line: 37
[2026-09-25 17:23:32.608] [default] [info] Microcode violation: DUAL_BUFFER_FLIP_OUT in the next 1 cycles after APU_WRITE_TO_MEM
 in layer conv_feature_splitter10_1, line: 37
[2026-09-25 17:23:32.639] [default] [info] Microcode violation: DUAL_BUFFER_FLIP_OUT in the next 1 cycles after APU_WRITE_TO_MEM
 in layer conv_feature_splitter10_2, line: 37
[2026-09-25 17:23:33.122] [default] [info] Microcode violation: DUAL_BUFFER_FLIP_OUT in the next 1 cycles after APU_WRITE_TO_MEM
 in layer conv73, line: 46
[2026-09-25 17:23:33.146] [default] [info] Microcode violation: DUAL_BUFFER_FLIP_OUT in the next 1 cycles after APU_WRITE_TO_MEM
 in layer conv74, line: 37
[2026-09-25 17:23:33.560] [default] [info] Microcode violation: DUAL_BUFFER_FLIP_OUT in the next 1 cycles after APU_WRITE_TO_MEM
 in layer conv78, line: 33
[2026-09-25 17:23:36.401] [default] [info] Microcode violation: DUAL_BUFFER_FLIP_OUT in the next 1 cycles after APU_WRITE_TO_MEM
 in layer conv6, line: 36
[2026-09-25 17:23:36.624] [default] [info] Microcode violation: DUAL_BUFFER_FLIP_OUT in the next 1 cycles after APU_WRITE_TO_MEM
 in layer conv11, line: 86
[2026-09-25 17:23:36.719] [default] [info] Microcode violation: DUAL_BUFFER_FLIP_OUT in the next 1 cycles after APU_WRITE_TO_MEM
 in layer conv14, line: 33
[2026-09-25 17:23:37.060] [default] [info] Microcode violation: DUAL_BUFFER_FLIP_OUT in the next 1 cycles after APU_WRITE_TO_MEM
 in layer conv15, line: 33
[2026-09-25 17:23:37.084] [default] [info] Microcode violation: DUAL_BUFFER_FLIP_OUT in the next 1 cycles after APU_WRITE_TO_MEM
 in layer conv21, line: 37
[2026-09-25 17:23:37.173] [default] [info] Microcode violation: DUAL_BUFFER_FLIP_OUT in the next 1 cycles after APU_WRITE_TO_MEM
 in layer conv24, line: 33
[2026-09-25 17:23:38.049] [default] [info] Microcode violation: DUAL_BUFFER_FLIP_OUT in the next 1 cycles after APU_WRITE_TO_MEM
 in layer conv25, line: 33
[2026-09-25 17:23:38.100] [default] [info] Microcode violation: DUAL_BUFFER_FLIP_OUT in the next 1 cycles after APU_WRITE_TO_MEM
 in layer conv32, line: 46
[2026-09-25 17:23:38.232] [default] [info] Microcode violation: DUAL_BUFFER_FLIP_OUT in the next 1 cycles after APU_WRITE_TO_MEM
 in layer conv_feature_splitter5_1, line: 46
[2026-09-25 17:23:38.263] [default] [info] Microcode violation: DUAL_BUFFER_FLIP_OUT in the next 1 cycles after APU_WRITE_TO_MEM
 in layer conv_feature_splitter5_2, line: 59
[2026-09-25 17:23:38.510] [default] [info] Microcode violation: DUAL_BUFFER_FLIP_OUT in the next 1 cycles after APU_WRITE_TO_MEM
 in layer dw1_defuse_width_feature_reshape, line: 10
[2026-09-25 17:23:38.511] [default] [info] Microcode violation: DUAL_BUFFER_FLIP_OUT in the next 1 cycles after APU_WRITE_TO_MEM
 in layer dw1_defuse_width_feature_reshape, line: 39
[2026-09-25 17:23:38.642] [default] [info] Microcode violation: DUAL_BUFFER_FLIP_OUT in the next 1 cycles after APU_WRITE_TO_MEM
 in layer conv38, line: 55
[2026-09-25 17:23:38.679] [default] [info] Microcode violation: DUAL_BUFFER_FLIP_OUT in the next 1 cycles after APU_WRITE_TO_MEM
 in layer conv39, line: 61
[2026-09-25 17:23:38.689] [default] [info] Microcode violation: DUAL_BUFFER_FLIP_OUT in the next 1 cycles after APU_WRITE_TO_MEM
 in layer resize1, line: 15
[2026-09-25 17:23:38.707] [default] [info] Microcode violation: DUAL_BUFFER_FLIP_OUT in the next 1 cycles after APU_WRITE_TO_MEM
 in layer conv_feature_splitter7_1, line: 37
[2026-09-25 17:23:38.727] [default] [info] Microcode violation: DUAL_BUFFER_FLIP_OUT in the next 1 cycles after APU_WRITE_TO_MEM
 in layer conv_feature_splitter7_2, line: 62
[2026-09-25 17:23:39.001] [default] [info] Microcode violation: DUAL_BUFFER_FLIP_OUT in the next 1 cycles after APU_WRITE_TO_MEM
 in layer conv43, line: 37
[2026-09-25 17:23:39.007] [default] [info] Microcode violation: DUAL_BUFFER_FLIP_OUT in the next 1 cycles after APU_WRITE_TO_MEM
 in layer resize2, line: 16
[2026-09-25 17:23:39.149] [default] [info] Microcode violation: DUAL_BUFFER_FLIP_OUT in the next 1 cycles after APU_WRITE_TO_MEM
 in layer conv47, line: 37
[2026-09-25 17:23:39.669] [default] [info] Microcode violation: DUAL_BUFFER_FLIP_OUT in the next 1 cycles after APU_WRITE_TO_MEM
 in layer conv_feature_splitter9_1, line: 33
[2026-09-25 17:23:39.687] [default] [info] Microcode violation: DUAL_BUFFER_FLIP_OUT in the next 1 cycles after APU_WRITE_TO_MEM
 in layer conv_feature_splitter9_2, line: 50
[2026-09-25 17:23:39.959] [default] [info] Microcode violation: DUAL_BUFFER_FLIP_OUT in the next 1 cycles after APU_WRITE_TO_MEM
 in layer conv58, line: 37
[2026-09-25 17:23:40.579] [default] [info] Microcode violation: DUAL_BUFFER_FLIP_OUT in the next 1 cycles after APU_WRITE_TO_MEM
 in layer conv_feature_splitter10_1, line: 37
[2026-09-25 17:23:40.612] [default] [info] Microcode violation: DUAL_BUFFER_FLIP_OUT in the next 1 cycles after APU_WRITE_TO_MEM
 in layer conv_feature_splitter10_2, line: 37
[2026-09-25 17:23:41.125] [default] [info] Microcode violation: DUAL_BUFFER_FLIP_OUT in the next 1 cycles after APU_WRITE_TO_MEM
 in layer conv73, line: 46
[2026-09-25 17:23:41.151] [default] [info] Microcode violation: DUAL_BUFFER_FLIP_OUT in the next 1 cycles after APU_WRITE_TO_MEM
 in layer conv74, line: 37
[2026-09-25 17:23:41.608] [default] [info] Microcode violation: DUAL_BUFFER_FLIP_OUT in the next 1 cycles after APU_WRITE_TO_MEM
 in layer conv78, line: 33
[2026-09-25 17:23:44.161] [default] [info] Microcode violation: DUAL_BUFFER_FLIP_OUT in the next 1 cycles after APU_WRITE_TO_MEM
 in layer conv6, line: 36
[2026-09-25 17:23:44.374] [default] [info] Microcode violation: DUAL_BUFFER_FLIP_OUT in the next 1 cycles after APU_WRITE_TO_MEM
 in layer conv11, line: 86
[2026-09-25 17:23:44.457] [default] [info] Microcode violation: DUAL_BUFFER_FLIP_OUT in the next 1 cycles after APU_WRITE_TO_MEM
 in layer conv14, line: 33
[2026-09-25 17:23:44.768] [default] [info] Microcode violation: DUAL_BUFFER_FLIP_OUT in the next 1 cycles after APU_WRITE_TO_MEM
 in layer conv15, line: 33
[2026-09-25 17:23:44.790] [default] [info] Microcode violation: DUAL_BUFFER_FLIP_OUT in the next 1 cycles after APU_WRITE_TO_MEM
 in layer conv21, line: 37
[2026-09-25 17:23:44.878] [default] [info] Microcode violation: DUAL_BUFFER_FLIP_OUT in the next 1 cycles after APU_WRITE_TO_MEM
 in layer conv24, line: 33
[2026-09-25 17:23:45.675] [default] [info] Microcode violation: DUAL_BUFFER_FLIP_OUT in the next 1 cycles after APU_WRITE_TO_MEM
 in layer conv25, line: 33
[2026-09-25 17:23:45.720] [default] [info] Microcode violation: DUAL_BUFFER_FLIP_OUT in the next 1 cycles after APU_WRITE_TO_MEM
 in layer conv32, line: 46
[2026-09-25 17:23:45.834] [default] [info] Microcode violation: DUAL_BUFFER_FLIP_OUT in the next 1 cycles after APU_WRITE_TO_MEM
 in layer conv_feature_splitter5_1, line: 46
[2026-09-25 17:23:45.868] [default] [info] Microcode violation: DUAL_BUFFER_FLIP_OUT in the next 1 cycles after APU_WRITE_TO_MEM
 in layer conv_feature_splitter5_2, line: 59
[2026-09-25 17:23:46.097] [default] [info] Microcode violation: DUAL_BUFFER_FLIP_OUT in the next 1 cycles after APU_WRITE_TO_MEM
 in layer dw1_defuse_width_feature_reshape, line: 10
[2026-09-25 17:23:46.098] [default] [info] Microcode violation: DUAL_BUFFER_FLIP_OUT in the next 1 cycles after APU_WRITE_TO_MEM
 in layer dw1_defuse_width_feature_reshape, line: 39
[2026-09-25 17:23:46.220] [default] [info] Microcode violation: DUAL_BUFFER_FLIP_OUT in the next 1 cycles after APU_WRITE_TO_MEM
 in layer conv38, line: 55
[2026-09-25 17:23:46.253] [default] [info] Microcode violation: DUAL_BUFFER_FLIP_OUT in the next 1 cycles after APU_WRITE_TO_MEM
 in layer conv39, line: 61
[2026-09-25 17:23:46.262] [default] [info] Microcode violation: DUAL_BUFFER_FLIP_OUT in the next 1 cycles after APU_WRITE_TO_MEM
 in layer resize1, line: 15
[2026-09-25 17:23:46.278] [default] [info] Microcode violation: DUAL_BUFFER_FLIP_OUT in the next 1 cycles after APU_WRITE_TO_MEM
 in layer conv_feature_splitter7_1, line: 37
[2026-09-25 17:23:46.297] [default] [info] Microcode violation: DUAL_BUFFER_FLIP_OUT in the next 1 cycles after APU_WRITE_TO_MEM
 in layer conv_feature_splitter7_2, line: 62
[2026-09-25 17:23:46.545] [default] [info] Microcode violation: DUAL_BUFFER_FLIP_OUT in the next 1 cycles after APU_WRITE_TO_MEM
 in layer conv43, line: 37
[2026-09-25 17:23:46.551] [default] [info] Microcode violation: DUAL_BUFFER_FLIP_OUT in the next 1 cycles after APU_WRITE_TO_MEM
 in layer resize2, line: 16
[2026-09-25 17:23:46.682] [default] [info] Microcode violation: DUAL_BUFFER_FLIP_OUT in the next 1 cycles after APU_WRITE_TO_MEM
 in layer conv47, line: 37
[2026-09-25 17:23:47.148] [default] [info] Microcode violation: DUAL_BUFFER_FLIP_OUT in the next 1 cycles after APU_WRITE_TO_MEM
 in layer conv_feature_splitter9_1, line: 33
[2026-09-25 17:23:47.165] [default] [info] Microcode violation: DUAL_BUFFER_FLIP_OUT in the next 1 cycles after APU_WRITE_TO_MEM
 in layer conv_feature_splitter9_2, line: 50
[2026-09-25 17:23:47.413] [default] [info] Microcode violation: DUAL_BUFFER_FLIP_OUT in the next 1 cycles after APU_WRITE_TO_MEM
 in layer conv58, line: 37
[2026-09-25 17:23:47.976] [default] [info] Microcode violation: DUAL_BUFFER_FLIP_OUT in the next 1 cycles after APU_WRITE_TO_MEM
 in layer conv_feature_splitter10_1, line: 37
[2026-09-25 17:23:48.006] [default] [info] Microcode violation: DUAL_BUFFER_FLIP_OUT in the next 1 cycles after APU_WRITE_TO_MEM
 in layer conv_feature_splitter10_2, line: 37
[2026-09-25 17:23:48.489] [default] [info] Microcode violation: DUAL_BUFFER_FLIP_OUT in the next 1 cycles after APU_WRITE_TO_MEM
 in layer conv73, line: 46
[2026-09-25 17:23:48.515] [default] [info] Microcode violation: DUAL_BUFFER_FLIP_OUT in the next 1 cycles after APU_WRITE_TO_MEM
 in layer conv74, line: 37
[2026-09-25 17:23:48.970] [default] [info] Microcode violation: DUAL_BUFFER_FLIP_OUT in the next 1 cycles after APU_WRITE_TO_MEM
 in layer conv78, line: 33
[2026-09-25 17:23:49.673] [default] [info] Validating layers feasibility
[2026-09-25 17:23:49.734] [default] [info] input_layer1: Pass
[2026-09-25 17:23:49.735] [default] [info] normalization1_sdc: Pass
[2026-09-25 17:23:49.736] [default] [info] normalization1_sd1: Pass
[2026-09-25 17:23:49.736] [default] [info] conv1_sd2: Pass
[2026-09-25 17:23:49.737] [default] [info] conv1_ws: Pass
[2026-09-25 17:23:49.738] [default] [info] conv1_sd1: Pass
[2026-09-25 17:23:49.739] [default] [info] normalization1_sd0: Pass
[2026-09-25 17:23:49.739] [default] [info] conv2_sd1: Pass
[2026-09-25 17:23:49.739] [default] [info] conv1_sd0: Pass
[2026-09-25 17:23:49.739] [default] [info] conv1_sdc: Pass
[2026-09-25 17:23:49.741] [default] [info] conv1_sd3: Pass
[2026-09-25 17:23:49.742] [default] [info] gate_candidate_gate_candidate_context_0_to_gate_candidate_context_1_2880: Pass
[2026-09-25 17:23:49.743] [default] [info] gate_candidate_gate_candidate_context_0_to_gate_candidate_context_1_2882: Pass
[2026-09-25 17:23:49.744] [default] [info] conv_feature_splitter4_2: Pass
[2026-09-25 17:23:49.744] [default] [info] conv29: Pass
[2026-09-25 17:23:49.745] [default] [info] conv28: Pass
[2026-09-25 17:23:49.746] [default] [info] concat2: Pass
[2026-09-25 17:23:49.748] [default] [info] conv2_sd0: Pass
[2026-09-25 17:23:49.748] [default] [info] conv_feature_splitter3_2: Pass
[2026-09-25 17:23:49.750] [default] [info] conv_feature_splitter4_1: Pass
[2026-09-25 17:23:49.750] [default] [info] conv9: Pass
[2026-09-25 17:23:49.751] [default] [info] conv_feature_splitter1_2: Pass
[2026-09-25 17:23:49.753] [default] [info] conv17: Pass
[2026-09-25 17:23:49.755] [default] [info] conv32: Pass
[2026-09-25 17:23:49.755] [default] [info] conv25: Pass
[2026-09-25 17:23:49.755] [default] [info] ew_add1: Pass
[2026-09-25 17:23:49.756] [default] [info] conv30: Pass
[2026-09-25 17:23:49.756] [default] [info] conv2_sd2: Pass
[2026-09-25 17:23:49.758] [default] [info] maxpool1: Pass
[2026-09-25 17:23:49.760] [default] [info] conv33: Pass
[2026-09-25 17:23:49.760] [default] [info] conv5: Pass
[2026-09-25 17:23:49.761] [default] [info] conv18: Pass
[2026-09-25 17:23:49.762] [default] [info] maxpool2: Pass
[2026-09-25 17:23:49.764] [default] [info] conv7_sd2: Pass
[2026-09-25 17:23:49.766] [default] [info] concat1: Pass
[2026-09-25 17:23:49.766] [default] [info] gate_candidate_gate_candidate_context_0_to_gate_candidate_context_1_2888: Pass
[2026-09-25 17:23:49.766] [default] [info] concat7: Pass
[2026-09-25 17:23:49.767] [default] [info] ew_add6: Pass
[2026-09-25 17:23:49.769] [default] [info] maxpool3: Pass
[2026-09-25 17:23:49.769] [default] [info] conv21: Pass
[2026-09-25 17:23:49.771] [default] [info] ew_add2: Pass
[2026-09-25 17:23:49.771] [default] [info] conv19: Pass
[2026-09-25 17:23:49.772] [default] [info] conv_feature_splitter2_1: Pass
[2026-09-25 17:23:49.773] [default] [info] conv7_sd1: Pass
[2026-09-25 17:23:49.773] [default] [info] conv_feature_splitter3_1: Pass
[2026-09-25 17:23:49.773] [default] [info] conv16: Pass
[2026-09-25 17:23:49.774] [default] [info] conv_feature_splitter6_2: Pass
[2026-09-25 17:23:49.776] [default] [info] conv_feature_splitter5_2: Pass
[2026-09-25 17:23:49.777] [default] [info] conv2_ws: Pass
[2026-09-25 17:23:49.779] [default] [info] conv6: Pass
[2026-09-25 17:23:49.780] [default] [info] ew_add5: Pass
[2026-09-25 17:23:49.781] [default] [info] conv31: Pass
[2026-09-25 17:23:49.782] [default] [info] conv10: Pass
[2026-09-25 17:23:49.783] [default] [info] ew_add4: Pass
[2026-09-25 17:23:49.783] [default] [info] conv11: Pass
[2026-09-25 17:23:49.784] [default] [info] conv12_sdc: Pass
[2026-09-25 17:23:49.785] [default] [info] conv12_ws: Pass
[2026-09-25 17:23:49.790] [default] [info] conv12_sd0: Pass
[2026-09-25 17:23:49.790] [default] [info] conv24: Pass
[2026-09-25 17:23:49.790] [default] [info] concat6: Pass
[2026-09-25 17:23:49.791] [default] [info] conv_feature_splitter6_3: Pass
[2026-09-25 17:23:49.791] [default] [info] conv15: Pass
[2026-09-25 17:23:49.791] [default] [info] conv_feature_splitter2_2: Pass
[2026-09-25 17:23:49.791] [default] [info] conv20: Pass
[2026-09-25 17:23:49.792] [default] [info] gate_candidate_gate_candidate_context_0_to_gate_candidate_context_1_2876: Pass
[2026-09-25 17:23:49.793] [default] [info] conv22: Pass
[2026-09-25 17:23:49.794] [default] [info] conv7_sdc: Pass
[2026-09-25 17:23:49.796] [default] [info] concat3: Pass
[2026-09-25 17:23:49.796] [default] [info] gate_candidate_gate_candidate_context_0_to_gate_candidate_context_1_2878: Pass
[2026-09-25 17:23:49.796] [default] [info] concat4: Pass
[2026-09-25 17:23:49.797] [default] [info] conv27: Pass
[2026-09-25 17:23:49.797] [default] [info] gate_candidate_gate_candidate_context_0_to_gate_candidate_context_1_2884: Pass
[2026-09-25 17:23:49.797] [default] [info] gate_candidate_gate_candidate_context_0_to_gate_candidate_context_1_2886: Pass
[2026-09-25 17:23:49.798] [default] [info] conv_feature_splitter6_1: Pass
[2026-09-25 17:23:49.799] [default] [info] conv4: Pass
[2026-09-25 17:23:49.800] [default] [info] ew_add3: Pass
[2026-09-25 17:23:49.800] [default] [info] conv12_sd1: Pass
[2026-09-25 17:23:49.801] [default] [info] conv_feature_splitter5_1: Pass
[2026-09-25 17:23:49.802] [default] [info] conv14: Pass
[2026-09-25 17:23:49.803] [default] [info] conv26: Pass
[2026-09-25 17:23:49.803] [default] [info] conv2_sdc: Pass
[2026-09-25 17:23:49.805] [default] [info] conv7_ws: Pass
[2026-09-25 17:23:49.808] [default] [info] conv_feature_splitter1_1: Pass
[2026-09-25 17:23:49.809] [default] [info] concat5: Pass
[2026-09-25 17:23:49.809] [default] [info] conv7_sd0: Pass
[2026-09-25 17:23:49.910] [default] [info] reduce_sum_softmax1: Pass
[2026-09-25 17:23:49.911] [default] [info] ew_mult_softmax1: Pass
[2026-09-25 17:23:49.911] [default] [info] matmul2_reshape: Pass
[2026-09-25 17:23:49.912] [default] [info] dw1_defuse_reshape_hxf_to_w_transposed: Pass
[2026-09-25 17:23:49.912] [default] [info] activation1: Pass
[2026-09-25 17:23:49.912] [default] [info] conv36: Pass
[2026-09-25 17:23:49.912] [default] [info] ew_sub_softmax1: Pass
[2026-09-25 17:23:49.913] [default] [info] matmul1: Pass
[2026-09-25 17:23:49.915] [default] [info] matmul2: Pass
[2026-09-25 17:23:49.916] [default] [info] dw1_defuse_width_feature_reshape: Pass
[2026-09-25 17:23:49.917] [default] [info] output_from_conv65_to_yolov8_nms_postprocess: Pass
[2026-09-25 17:23:49.921] [default] [info] conv64: Pass
[2026-09-25 17:23:49.926] [default] [info] conv57: Pass
[2026-09-25 17:23:49.926] [default] [info] conv_feature_splitter8_1: Pass
[2026-09-25 17:23:49.926] [default] [info] output_from_conv51_to_yolov8_nms_postprocess: Pass
[2026-09-25 17:23:49.926] [default] [info] conv58: Pass
[2026-09-25 17:23:49.926] [default] [info] conv_feature_splitter9_2: Pass
[2026-09-25 17:23:49.926] [default] [info] gate_candidate_gate_candidate_context_1_to_gate_candidate_context_2_2891: Pass
[2026-09-25 17:23:49.926] [default] [info] dw1_defuse_1x1: Pass
[2026-09-25 17:23:49.928] [default] [info] concat12: Pass
[2026-09-25 17:23:49.928] [default] [info] output_from_conv54_to_yolov8_nms_postprocess: Pass
[2026-09-25 17:23:49.928] [default] [info] concat14: Pass
[2026-09-25 17:23:49.928] [default] [info] reduce_max_softmax1: Pass
[2026-09-25 17:23:49.928] [default] [info] conv50_d0: Pass
[2026-09-25 17:23:49.928] [default] [info] output_from_conv62_to_yolov8_nms_postprocess: Pass
[2026-09-25 17:23:49.928] [default] [info] dw3_sd0: Pass
[2026-09-25 17:23:49.932] [default] [info] conv49_d0: Pass
[2026-09-25 17:23:49.933] [default] [info] conv53: Pass
[2026-09-25 17:23:49.935] [default] [info] gate_candidate_gate_candidate_context_0_to_gate_candidate_context_1_2889: Pass
[2026-09-25 17:23:49.935] [default] [info] concat15: Pass
[2026-09-25 17:23:49.936] [default] [info] sh_from_conv47_to_conv49_d0-1_dw2_sd0-1_2900: Pass
[2026-09-25 17:23:49.938] [default] [info] dw5: Pass
[2026-09-25 17:23:49.939] [default] [info] conv49_d1: Pass
[2026-09-25 17:23:49.939] [default] [info] conv_feature_splitter10_1: Pass
[2026-09-25 17:23:49.941] [default] [info] conv63: Pass
[2026-09-25 17:23:49.941] [default] [info] conv52: Pass
[2026-09-25 17:23:49.942] [default] [info] gate_candidate_gate_candidate_context_1_to_gate_candidate_context_2_2895: Pass
[2026-09-25 17:23:49.942] [default] [info] gate_candidate_gate_candidate_context_1_to_gate_candidate_context_2_2893: Pass
[2026-09-25 17:23:49.943] [default] [info] conv_feature_splitter7_1: Pass
[2026-09-25 17:23:49.943] [default] [info] conv38: Pass
[2026-09-25 17:23:49.943] [default] [info] dw3_sdc: Pass
[2026-09-25 17:23:49.944] [default] [info] gate_candidate_gate_candidate_context_0_to_gate_candidate_context_1_2881: Pass
[2026-09-25 17:23:49.944] [default] [info] gate_candidate_gate_candidate_context_0_to_gate_candidate_context_1_2883: Pass
[2026-09-25 17:23:49.945] [default] [info] conv62: Pass
[2026-09-25 17:23:49.947] [default] [info] conv51: Pass
[2026-09-25 17:23:49.949] [default] [info] resize1: Pass
[2026-09-25 17:23:49.950] [default] [info] concat8: Pass
[2026-09-25 17:23:49.950] [default] [info] conv43: Pass
[2026-09-25 17:23:49.951] [default] [info] conv39: Pass
[2026-09-25 17:23:49.953] [default] [info] gate_candidate_gate_candidate_context_0_to_gate_candidate_context_1_2879: Pass
[2026-09-25 17:23:49.953] [default] [info] conv49_dc: Pass
[2026-09-25 17:23:49.953] [default] [info] dw2_sd1: Pass
[2026-09-25 17:23:49.954] [default] [info] concat9: Pass
[2026-09-25 17:23:49.955] [default] [info] conv45: Pass
[2026-09-25 17:23:49.956] [default] [info] gate_candidate_gate_candidate_context_1_to_gate_candidate_context_2_2897: Pass
[2026-09-25 17:23:49.957] [default] [info] conv_feature_splitter7_2: Pass
[2026-09-25 17:23:49.957] [default] [info] dw2_sd0: Pass
[2026-09-25 17:23:49.958] [default] [info] conv42: Pass
[2026-09-25 17:23:49.959] [default] [info] gate_candidate_gate_candidate_context_0_to_gate_candidate_context_1_2887: Pass
[2026-09-25 17:23:49.959] [default] [info] conv70: Pass
[2026-09-25 17:23:49.960] [default] [info] gate_candidate_gate_candidate_context_0_to_gate_candidate_context_1_2885: Pass
[2026-09-25 17:23:49.962] [default] [info] ew_add12: Pass
[2026-09-25 17:23:49.963] [default] [info] conv68: Pass
[2026-09-25 17:23:49.964] [default] [info] ew_add13: Pass
[2026-09-25 17:23:49.966] [default] [info] conv65: Pass
[2026-09-25 17:23:49.969] [default] [info] conv56: Pass
[2026-09-25 17:23:49.969] [default] [info] conv41: Pass
[2026-09-25 17:23:49.970] [default] [info] conv50_dc: Pass
[2026-09-25 17:23:49.971] [default] [info] conv48: Pass
[2026-09-25 17:23:49.971] [default] [info] ew_add10: Pass
[2026-09-25 17:23:49.972] [default] [info] gate_candidate_gate_candidate_context_0_to_gate_candidate_context_1_2877: Pass
[2026-09-25 17:23:49.973] [default] [info] ew_add11: Pass
[2026-09-25 17:23:49.974] [default] [info] conv60: Pass
[2026-09-25 17:23:49.975] [default] [info] conv46: Pass
[2026-09-25 17:23:49.975] [default] [info] resize2: Pass
[2026-09-25 17:23:49.975] [default] [info] conv50_d1: Pass
[2026-09-25 17:23:49.977] [default] [info] conv67: Pass
[2026-09-25 17:23:49.980] [default] [info] dw4: Pass
[2026-09-25 17:23:49.981] [default] [info] conv_feature_splitter9_1: Pass
[2026-09-25 17:23:49.982] [default] [info] dw3_sd1: Pass
[2026-09-25 17:23:49.984] [default] [info] concat13: Pass
[2026-09-25 17:23:49.984] [default] [info] conv54: Pass
[2026-09-25 17:23:49.985] [default] [info] dw2_sdc: Pass
[2026-09-25 17:23:49.985] [default] [info] conv_feature_splitter10_2: Pass
[2026-09-25 17:23:49.985] [default] [info] concat11: Pass
[2026-09-25 17:23:49.986] [default] [info] concat10: Pass
[2026-09-25 17:23:49.987] [default] [info] conv37: Pass
[2026-09-25 17:23:49.989] [default] [info] conv59: Pass
[2026-09-25 17:23:49.989] [default] [info] conv61: Pass
[2026-09-25 17:23:49.990] [default] [info] conv47: Pass
[2026-09-25 17:23:49.991] [default] [info] conv_feature_splitter8_2: Pass
[2026-09-25 17:23:49.991] [default] [info] conv69: Pass
[2026-09-25 17:23:50.023] [default] [info] ew_add14: Pass
[2026-09-25 17:23:50.024] [default] [info] concat17: Pass
[2026-09-25 17:23:50.024] [default] [info] conv72: Pass
[2026-09-25 17:23:50.028] [default] [info] conv73: Pass
[2026-09-25 17:23:50.028] [default] [info] concat16: Pass
[2026-09-25 17:23:50.028] [default] [info] conv75_sdc: Pass
[2026-09-25 17:23:50.028] [default] [info] output_from_conv77_to_yolov8_nms_postprocess: Pass
[2026-09-25 17:23:50.028] [default] [info] conv75_ws: Pass
[2026-09-25 17:23:50.030] [default] [info] conv76: Pass
[2026-09-25 17:23:50.030] [default] [info] conv71: Pass
[2026-09-25 17:23:50.030] [default] [info] conv75_sd1: Pass
[2026-09-25 17:23:50.032] [default] [info] output_from_conv80_to_yolov8_nms_postprocess: Pass
[2026-09-25 17:23:50.032] [default] [info] conv74: Pass
[2026-09-25 17:23:50.032] [default] [info] conv78: Pass
[2026-09-25 17:23:50.034] [default] [info] gate_candidate_gate_candidate_context_1_to_gate_candidate_context_2_2892: Pass
[2026-09-25 17:23:50.034] [default] [info] conv80: Pass
[2026-09-25 17:23:50.035] [default] [info] conv75_sd0: Pass
[2026-09-25 17:23:50.035] [default] [info] gate_candidate_gate_candidate_context_1_to_gate_candidate_context_2_2894: Pass
[2026-09-25 17:23:50.037] [default] [info] gate_candidate_gate_candidate_context_1_to_gate_candidate_context_2_2899: Pass
[2026-09-25 17:23:50.038] [default] [info] dw6_d1: Pass
[2026-09-25 17:23:50.038] [default] [info] dw6_dc: Pass
[2026-09-25 17:23:50.038] [default] [info] dw6_fs: Pass
[2026-09-25 17:23:50.039] [default] [info] gate_candidate_gate_candidate_context_1_to_gate_candidate_context_2_2896: Pass
[2026-09-25 17:23:50.039] [default] [info] conv79: Pass
[2026-09-25 17:23:50.039] [default] [info] conv77: Pass
[2026-09-25 17:23:50.040] [default] [info] gate_candidate_gate_candidate_context_1_to_gate_candidate_context_2_2898: Pass
[2026-09-25 17:23:50.041] [default] [info] dw7: Pass
[2026-09-25 17:23:50.042] [default] [info] dw6_d0: Pass
[2026-09-25 17:23:50.043] [default] [info] Layers feasibility validated successfully
[2026-09-25 17:23:50.043] [default] [info] Running resources allocation (mapping) flow, time per context: 59m 59s
[2026-09-25 17:23:50.214] [default] [info] Resolve-prepost Buffers gate_candidate_context_0 buffers:
+------------------------------------+--------------------------------------------------------------------------+----------------------------+
| Src                                | Dst                                                                      | Buffers                    |
+------------------------------------+--------------------------------------------------------------------------+----------------------------+
| input_layer1                       | input_to_cluster_unknown_358_i0                                          | 3 (L3 memory cuts: 1)      |
| input_to_cluster_unknown_358_i0    | normalization1_sd0                                                       | 3 (L3 memory cuts: 1)      |
| input_to_cluster_unknown_358_i0    | normalization1_sd1                                                       | 3 (L3 memory cuts: 1)      |
| normalization1_sd0                 | normalization1_sdc                                                       | 2 (L3 memory cuts: 1)      |
| normalization1_sd1                 | normalization1_sdc                                                       | 2 (L3 memory cuts: 1)      |
| normalization1_sdc                 | conv1_ws                                                                 | 1[RPC] (L3 memory cuts: 1) |
| conv1_ws                           | conv1_sd0                                                                | 2 (L3 memory cuts: 1)      |
| conv1_ws                           | conv1_sd1                                                                | 2 (L3 memory cuts: 1)      |
| conv1_ws                           | conv1_sd2                                                                | 2 (L3 memory cuts: 1)      |
| conv1_ws                           | conv1_sd3                                                                | 2 (L3 memory cuts: 1)      |
| conv1_sd0                          | conv1_sdc                                                                | 2[RPC] (L3 memory cuts: 2) |
| conv1_sd1                          | conv1_sdc                                                                | 2[RPC] (L3 memory cuts: 2) |
| conv1_sd2                          | conv1_sdc                                                                | 2[RPC] (L3 memory cuts: 2) |
| conv1_sd3                          | conv1_sdc                                                                | 2[RPC] (L3 memory cuts: 2) |
| conv1_sdc                          | conv2_ws                                                                 | 2[RPC] (L3 memory cuts: 2) |
| conv2_ws                           | conv2_sd0                                                                | 3[RPC] (L3 memory cuts: 3) |
| conv2_ws                           | conv2_sd1                                                                | 3[RPC] (L3 memory cuts: 3) |
| conv2_ws                           | conv2_sd2                                                                | 2[RPC] (L3 memory cuts: 2) |
| conv2_sd0                          | conv2_sdc                                                                | 1[RPC] (L3 memory cuts: 1) |
| conv2_sd1                          | conv2_sdc                                                                | 1[RPC] (L3 memory cuts: 1) |
| conv2_sd2                          | conv2_sdc                                                                | 2 (L3 memory cuts: 1)      |
| conv2_sdc                          | conv_feature_splitter1_1                                                 | 1 (L3 memory cuts: 1)      |
| conv2_sdc                          | conv_feature_splitter1_2                                                 | 1 (L3 memory cuts: 1)      |
| conv_feature_splitter1_1           | concat1                                                                  | 7[RPC] (L3 memory cuts: 7) |
| conv_feature_splitter1_2           | conv4                                                                    | 4[RPC] (L3 memory cuts: 4) |
| conv_feature_splitter1_2           | ew_add1                                                                  | 6[RPC] (L3 memory cuts: 6) |
| conv_feature_splitter1_2           | concat1                                                                  | 7[RPC] (L3 memory cuts: 7) |
| conv4                              | conv5                                                                    | 11[S] (L3 memory cuts: 1)  |
| conv5                              | ew_add1                                                                  | 2 (L3 memory cuts: 1)      |
| ew_add1                            | concat1                                                                  | 3 (L3 memory cuts: 1)      |
| concat1                            | conv6                                                                    | 3[S] (L3 memory cuts: 1)   |
| conv6                              | conv7_ws                                                                 | 2[RPC] (L3 memory cuts: 2) |
| conv7_ws                           | conv7_sd0                                                                | 2[RPC] (L3 memory cuts: 2) |
| conv7_ws                           | conv7_sd1                                                                | 2[RPC] (L3 memory cuts: 2) |
| conv7_ws                           | conv7_sd2                                                                | 2[RPC] (L3 memory cuts: 2) |
| conv7_sd0                          | conv7_sdc                                                                | 1[RPC] (L3 memory cuts: 1) |
| conv7_sd1                          | conv7_sdc                                                                | 1 (L3 memory cuts: 1)      |
| conv7_sd2                          | conv7_sdc                                                                | 1 (L3 memory cuts: 1)      |
| conv7_sdc                          | conv_feature_splitter2_1                                                 | 1 (L3 memory cuts: 1)      |
| conv7_sdc                          | conv_feature_splitter2_2                                                 | 1 (L3 memory cuts: 1)      |
| conv_feature_splitter2_1           | concat2                                                                  | 5 (L3 memory cuts: 1)      |
| conv_feature_splitter2_2           | conv9                                                                    | 5 (L3 memory cuts: 1)      |
| conv_feature_splitter2_2           | ew_add2                                                                  | 5 (L3 memory cuts: 1)      |
| conv_feature_splitter2_2           | concat2                                                                  | 5 (L3 memory cuts: 1)      |
| conv9                              | conv10                                                                   | 9[S] (L3 memory cuts: 1)   |
| conv10                             | ew_add2                                                                  | 2 (L3 memory cuts: 1)      |
| ew_add2                            | concat2                                                                  | 2 (L3 memory cuts: 1)      |
| concat2                            | conv11                                                                   | 5[S] (L3 memory cuts: 1)   |
| conv11                             | conv12_ws                                                                | 2[RPC] (L3 memory cuts: 2) |
| conv11                             | output_from_cluster_unknown_359_i0                                       | 2[RPC] (L3 memory cuts: 2) |
| conv12_ws                          | conv12_sd0                                                               | 2 (L3 memory cuts: 1)      |
| conv12_ws                          | conv12_sd1                                                               | 1 (L3 memory cuts: 1)      |
| conv12_sd0                         | conv12_sdc                                                               | 1 (L3 memory cuts: 1)      |
| conv12_sd1                         | conv12_sdc                                                               | 1 (L3 memory cuts: 1)      |
| conv12_sdc                         | conv_feature_splitter3_1                                                 | 2[RPC] (L3 memory cuts: 2) |
| conv12_sdc                         | conv_feature_splitter3_2                                                 | 2[RPC] (L3 memory cuts: 2) |
| conv_feature_splitter3_1           | concat4                                                                  | 39[S] (L3 memory cuts: 1)  |
| conv_feature_splitter3_2           | conv14                                                                   | 39[S] (L3 memory cuts: 1)  |
| conv_feature_splitter3_2           | conv15                                                                   | 39[S] (L3 memory cuts: 1)  |
| conv_feature_splitter3_2           | concat4                                                                  | 39[S] (L3 memory cuts: 1)  |
| conv14                             | conv16                                                                   | 5 (L3 memory cuts: 1)      |
| conv14                             | ew_add3                                                                  | 5 (L3 memory cuts: 1)      |
| conv16                             | conv17                                                                   | 5[S] (L3 memory cuts: 1)   |
| conv17                             | ew_add3                                                                  | 1 (L3 memory cuts: 1)      |
| ew_add3                            | conv18                                                                   | 4 (L3 memory cuts: 1)      |
| ew_add3                            | ew_add4                                                                  | 4 (L3 memory cuts: 1)      |
| conv18                             | conv19                                                                   | 5[S] (L3 memory cuts: 1)   |
| conv19                             | ew_add4                                                                  | 1 (L3 memory cuts: 1)      |
| ew_add4                            | concat3                                                                  | 3 (L3 memory cuts: 1)      |
| conv15                             | concat3                                                                  | 9 (L3 memory cuts: 1)      |
| concat3                            | conv20                                                                   | 2[S] (L3 memory cuts: 1)   |
| conv20                             | concat4                                                                  | 1[S] (L3 memory cuts: 1)   |
| concat4                            | conv21                                                                   | 1[S] (L3 memory cuts: 1)   |
| conv21                             | conv22                                                                   | 2 (L3 memory cuts: 1)      |
| conv21                             | output_from_cluster_unknown_360_i0                                       | 2 (L3 memory cuts: 1)      |
| conv22                             | conv_feature_splitter4_1                                                 | 2 (L3 memory cuts: 1)      |
| conv22                             | conv_feature_splitter4_2                                                 | 2 (L3 memory cuts: 1)      |
| conv_feature_splitter4_1           | concat6                                                                  | 28[S] (L3 memory cuts: 1)  |
| conv_feature_splitter4_2           | conv24                                                                   | 28[S] (L3 memory cuts: 1)  |
| conv_feature_splitter4_2           | conv25                                                                   | 28[S] (L3 memory cuts: 1)  |
| conv_feature_splitter4_2           | concat6                                                                  | 28[S] (L3 memory cuts: 1)  |
| conv24                             | conv26                                                                   | 6 (L3 memory cuts: 1)      |
| conv24                             | ew_add5                                                                  | 6 (L3 memory cuts: 1)      |
| conv26                             | conv27                                                                   | 6[S] (L3 memory cuts: 1)   |
| conv27                             | ew_add5                                                                  | 1 (L3 memory cuts: 1)      |
| ew_add5                            | conv28                                                                   | 4 (L3 memory cuts: 1)      |
| ew_add5                            | ew_add6                                                                  | 4 (L3 memory cuts: 1)      |
| conv28                             | conv29                                                                   | 6[S] (L3 memory cuts: 1)   |
| conv29                             | ew_add6                                                                  | 1 (L3 memory cuts: 1)      |
| ew_add6                            | concat5                                                                  | 3 (L3 memory cuts: 1)      |
| conv25                             | concat5                                                                  | 10 (L3 memory cuts: 1)     |
| concat5                            | conv30                                                                   | 2[S] (L3 memory cuts: 1)   |
| conv30                             | concat6                                                                  | 1[S] (L3 memory cuts: 1)   |
| concat6                            | conv31                                                                   | 2[S] (L3 memory cuts: 1)   |
| conv31                             | conv32                                                                   | 2[S] (L3 memory cuts: 1)   |
| conv32                             | maxpool1                                                                 | 10 (L3 memory cuts: 1)     |
| conv32                             | concat7                                                                  | 10 (L3 memory cuts: 1)     |
| maxpool1                           | maxpool2                                                                 | 9 (L3 memory cuts: 1)      |
| maxpool1                           | concat7                                                                  | 9 (L3 memory cuts: 1)      |
| maxpool2                           | maxpool3                                                                 | 7 (L3 memory cuts: 1)      |
| maxpool2                           | concat7                                                                  | 7 (L3 memory cuts: 1)      |
| maxpool3                           | concat7                                                                  | 4 (L3 memory cuts: 1)      |
| concat7                            | conv33                                                                   | 2[S] (L3 memory cuts: 1)   |
| conv33                             | conv_feature_splitter5_1                                                 | 1[S] (L3 memory cuts: 1)   |
| conv33                             | conv_feature_splitter5_2                                                 | 1[S] (L3 memory cuts: 1)   |
| conv_feature_splitter5_1           | output_from_cluster_unknown_361_i0                                       | 1 (L3 memory cuts: 1)      |
| output_from_cluster_unknown_361_i0 | gate_candidate_gate_candidate_context_0_to_gate_candidate_context_1_2880 | 1 (L3 memory cuts: 1)      |
| conv_feature_splitter5_2           | conv_feature_splitter6_1                                                 | 1[RPC] (L3 memory cuts: 1) |
| conv_feature_splitter5_2           | conv_feature_splitter6_2                                                 | 1[RPC] (L3 memory cuts: 1) |
| conv_feature_splitter5_2           | conv_feature_splitter6_3                                                 | 2[RPC] (L3 memory cuts: 2) |
| conv_feature_splitter5_2           | output_from_cluster_unknown_362_i0                                       | 1[RPC] (L3 memory cuts: 1) |
| conv_feature_splitter6_1           | output_from_cluster_unknown_363_i0                                       | 1 (L3 memory cuts: 1)      |
| output_from_cluster_unknown_363_i0 | gate_candidate_gate_candidate_context_0_to_gate_candidate_context_1_2884 | 1 (L3 memory cuts: 1)      |
| conv_feature_splitter6_2           | output_from_cluster_unknown_364_i0                                       | 1 (L3 memory cuts: 1)      |
| output_from_cluster_unknown_364_i0 | gate_candidate_gate_candidate_context_0_to_gate_candidate_context_1_2886 | 1 (L3 memory cuts: 1)      |
| conv_feature_splitter6_3           | output_from_cluster_unknown_365_i0                                       | 1 (L3 memory cuts: 1)      |
| output_from_cluster_unknown_365_i0 | gate_candidate_gate_candidate_context_0_to_gate_candidate_context_1_2888 | 1 (L3 memory cuts: 1)      |
| output_from_cluster_unknown_362_i0 | gate_candidate_gate_candidate_context_0_to_gate_candidate_context_1_2882 | 1 (L3 memory cuts: 1)      |
| output_from_cluster_unknown_360_i0 | gate_candidate_gate_candidate_context_0_to_gate_candidate_context_1_2878 | 2 (L3 memory cuts: 1)      |
| output_from_cluster_unknown_359_i0 | gate_candidate_gate_candidate_context_0_to_gate_candidate_context_1_2876 | 2 (L3 memory cuts: 1)      |
+------------------------------------+--------------------------------------------------------------------------+----------------------------+
[2026-09-25 17:23:50.461] [default] [info] Resolve-prepost Buffers gate_candidate_context_1 buffers:
+--------------------------------------------------------------------------+--------------------------------------------------------------------------+-------------------------------+
| Src                                                                      | Dst                                                                      | Buffers                       |
+--------------------------------------------------------------------------+--------------------------------------------------------------------------+-------------------------------+
| gate_candidate_gate_candidate_context_0_to_gate_candidate_context_1_2877 | input_to_cluster_unknown_366_i0                                          | 13 (L3 memory cuts: 5)        |
| input_to_cluster_unknown_366_i0                                          | concat11                                                                 | 13 (L3 memory cuts: 5)        |
| gate_candidate_gate_candidate_context_0_to_gate_candidate_context_1_2879 | input_to_cluster_unknown_367_i0                                          | 4 (L3 memory cuts: 1)         |
| input_to_cluster_unknown_367_i0                                          | concat9                                                                  | 4 (L3 memory cuts: 1)         |
| gate_candidate_gate_candidate_context_0_to_gate_candidate_context_1_2881 | input_to_cluster_unknown_368_i0                                          | 3 (L3 memory cuts: 1)         |
| input_to_cluster_unknown_368_i0                                          | concat8                                                                  | 3 (L3 memory cuts: 1)         |
| gate_candidate_gate_candidate_context_0_to_gate_candidate_context_1_2883 | input_to_cluster_unknown_369_i0                                          | 3 (L3 memory cuts: 1)         |
| input_to_cluster_unknown_369_i0                                          | conv36                                                                   | 3 (L3 memory cuts: 1)         |
| gate_candidate_gate_candidate_context_0_to_gate_candidate_context_1_2885 | input_to_cluster_unknown_370_i0                                          | 2 (L3 memory cuts: 1)         |
| input_to_cluster_unknown_370_i0                                          | matmul1                                                                  | 2 (L3 memory cuts: 1)         |
| gate_candidate_gate_candidate_context_0_to_gate_candidate_context_1_2887 | input_to_cluster_unknown_371_i0                                          | 40 (L3 memory cuts: 2)        |
| input_to_cluster_unknown_371_i0                                          | matmul1                                                                  | 40 (L3 memory cuts: 2)        |
| matmul1                                                                  | reduce_max_softmax1                                                      | 2[RPC] (L3 memory cuts: 2)    |
| matmul1                                                                  | ew_sub_softmax1                                                          | 2[RPC] (L3 memory cuts: 2)    |
| reduce_max_softmax1                                                      | ew_sub_softmax1                                                          | 1 (L3 memory cuts: 1)         |
| ew_sub_softmax1                                                          | reduce_sum_softmax1                                                      | 1 (L3 memory cuts: 1)         |
| ew_sub_softmax1                                                          | ew_mult_softmax1                                                         | 1 (L3 memory cuts: 1)         |
| reduce_sum_softmax1                                                      | ew_mult_softmax1                                                         | 2 (L3 memory cuts: 1)         |
| ew_mult_softmax1                                                         | matmul2                                                                  | 3 (L3 memory cuts: 2)         |
| gate_candidate_gate_candidate_context_0_to_gate_candidate_context_1_2889 | input_to_cluster_unknown_372_i0                                          | 2 (L3 memory cuts: 1)         |
| input_to_cluster_unknown_372_i0                                          | activation1                                                              | 2 (L3 memory cuts: 1)         |
| input_to_cluster_unknown_372_i0                                          | dw1_defuse_width_feature_reshape                                         | 2 (L3 memory cuts: 1)         |
| activation1                                                              | matmul2_reshape                                                          | 1 (L3 memory cuts: 1)         |
| matmul2_reshape                                                          | matmul2                                                                  | 40 (L3 memory cuts: 4)        |
| matmul2                                                                  | dw1_defuse_1x1                                                           | 3 (L3 memory cuts: 1)         |
| dw1_defuse_width_feature_reshape                                         | dw1_defuse_reshape_hxf_to_w_transposed                                   | 5 (L3 memory cuts: 1)         |
| dw1_defuse_reshape_hxf_to_w_transposed                                   | dw1_defuse_1x1                                                           | 21 (L3 memory cuts: 18)       |
| dw1_defuse_1x1                                                           | conv36                                                                   | 4 (L3 memory cuts: 1)         |
| conv36                                                                   | conv37                                                                   | 3[S] (L3 memory cuts: 1)      |
| conv36                                                                   | conv38                                                                   | 3[S] (L3 memory cuts: 1)      |
| conv37                                                                   | conv38                                                                   | 2[S] (L3 memory cuts: 1)      |
| conv38                                                                   | concat8                                                                  | 2 (L3 memory cuts: 1)         |
| concat8                                                                  | conv39                                                                   | 2[S] (L3 memory cuts: 1)      |
| conv39                                                                   | resize1                                                                  | 2 (L3 memory cuts: 1)         |
| conv39                                                                   | concat15                                                                 | 14 (L3 memory cuts: 3)        |
| resize1                                                                  | concat9                                                                  | 3 (L3 memory cuts: 1)         |
| concat9                                                                  | conv_feature_splitter7_1                                                 | 2[S] (L3 memory cuts: 1)      |
| concat9                                                                  | conv_feature_splitter7_2                                                 | 2[S] (L3 memory cuts: 1)      |
| conv_feature_splitter7_1                                                 | concat10                                                                 | 9[RPC] (L3 memory cuts: 9)    |
| conv_feature_splitter7_2                                                 | conv41                                                                   | 6[RPC] (L3 memory cuts: 6)    |
| conv_feature_splitter7_2                                                 | ew_add10                                                                 | 8[RPC] (L3 memory cuts: 8)    |
| conv_feature_splitter7_2                                                 | concat10                                                                 | 9[RPC] (L3 memory cuts: 9)    |
| conv41                                                                   | conv42                                                                   | 11[S] (L3 memory cuts: 1)     |
| conv42                                                                   | ew_add10                                                                 | 2[RPC] (L3 memory cuts: 2)    |
| ew_add10                                                                 | concat10                                                                 | 2 (L3 memory cuts: 1)         |
| concat10                                                                 | conv43                                                                   | 3[S] (L3 memory cuts: 1)      |
| conv43                                                                   | resize2                                                                  | 7[RPC] (L3 memory cuts: 7)    |
| conv43                                                                   | concat13                                                                 | 7[RPC] (L3 memory cuts: 7)    |
| resize2                                                                  | concat11                                                                 | 2[RPC] (L3 memory cuts: 2)    |
| concat11                                                                 | conv_feature_splitter8_1                                                 | 2[RPC] (L3 memory cuts: 2)    |
| concat11                                                                 | conv_feature_splitter8_2                                                 | 2[RPC] (L3 memory cuts: 2)    |
| conv_feature_splitter8_1                                                 | concat12                                                                 | 6 (L3 memory cuts: 1)         |
| conv_feature_splitter8_2                                                 | conv45                                                                   | 6[RPC] (L3 memory cuts: 6)    |
| conv_feature_splitter8_2                                                 | ew_add11                                                                 | 6[RPC] (L3 memory cuts: 6)    |
| conv_feature_splitter8_2                                                 | concat12                                                                 | 6[RPC] (L3 memory cuts: 6)    |
| conv45                                                                   | conv46                                                                   | 7[S] (L3 memory cuts: 1)      |
| conv46                                                                   | ew_add11                                                                 | 2 (L3 memory cuts: 1)         |
| ew_add11                                                                 | concat12                                                                 | 2 (L3 memory cuts: 1)         |
| concat12                                                                 | conv47                                                                   | 2[S] (L3 memory cuts: 1)      |
| conv47                                                                   | conv48                                                                   | 3 (L3 memory cuts: 1)         |
| conv47                                                                   | sh_from_conv47_to_conv49_d0-1_dw2_sd0-1_2900                             | 3 (L3 memory cuts: 1)         |
| conv48                                                                   | concat13                                                                 | 2 (L3 memory cuts: 1)         |
| sh_from_conv47_to_conv49_d0-1_dw2_sd0-1_2900                             | conv49_d0                                                                | 2 (L3 memory cuts: 1)         |
| sh_from_conv47_to_conv49_d0-1_dw2_sd0-1_2900                             | conv49_d1                                                                | 2 (L3 memory cuts: 1)         |
| sh_from_conv47_to_conv49_d0-1_dw2_sd0-1_2900                             | dw2_sd0                                                                  | 2 (L3 memory cuts: 1)         |
| sh_from_conv47_to_conv49_d0-1_dw2_sd0-1_2900                             | dw2_sd1                                                                  | 2 (L3 memory cuts: 1)         |
| conv49_d0                                                                | conv49_dc                                                                | 4[S][RPC] (L3 memory cuts: 4) |
| conv49_d1                                                                | conv49_dc                                                                | 4[S][RPC] (L3 memory cuts: 4) |
| conv49_dc                                                                | conv50_d0                                                                | 9[S] (L3 memory cuts: 1)      |
| conv49_dc                                                                | conv50_d1                                                                | 9[S] (L3 memory cuts: 1)      |
| conv50_d0                                                                | conv50_dc                                                                | 4[S][RPC] (L3 memory cuts: 4) |
| conv50_d1                                                                | conv50_dc                                                                | 4[S][RPC] (L3 memory cuts: 4) |
| conv50_dc                                                                | conv51                                                                   | 2 (L3 memory cuts: 1)         |
| conv51                                                                   | output_from_cluster_unknown_379_i0                                       | 2[RPC] (L3 memory cuts: 2)    |
| output_from_cluster_unknown_379_i0                                       | output_from_conv51_to_yolov8_nms_postprocess                             | 2 (L3 memory cuts: 1)         |
| dw2_sd0                                                                  | dw2_sdc                                                                  | 2 (L3 memory cuts: 1)         |
| dw2_sd1                                                                  | dw2_sdc                                                                  | 2 (L3 memory cuts: 1)         |
| dw2_sdc                                                                  | conv52                                                                   | 2 (L3 memory cuts: 1)         |
| conv52                                                                   | dw3_sd0                                                                  | 2 (L3 memory cuts: 1)         |
| conv52                                                                   | dw3_sd1                                                                  | 2 (L3 memory cuts: 1)         |
| dw3_sd0                                                                  | dw3_sdc                                                                  | 2 (L3 memory cuts: 1)         |
| dw3_sd1                                                                  | dw3_sdc                                                                  | 2 (L3 memory cuts: 1)         |
| dw3_sdc                                                                  | conv53                                                                   | 2 (L3 memory cuts: 1)         |
| conv53                                                                   | conv54                                                                   | 2[RPC] (L3 memory cuts: 2)    |
| conv54                                                                   | output_from_cluster_unknown_380_i0                                       | 1 (L3 memory cuts: 1)         |
| output_from_cluster_unknown_380_i0                                       | output_from_conv54_to_yolov8_nms_postprocess                             | 1 (L3 memory cuts: 1)         |
| concat13                                                                 | conv_feature_splitter9_1                                                 | 2[S] (L3 memory cuts: 1)      |
| concat13                                                                 | conv_feature_splitter9_2                                                 | 2[S] (L3 memory cuts: 1)      |
| conv_feature_splitter9_1                                                 | concat14                                                                 | 7[RPC] (L3 memory cuts: 7)    |
| conv_feature_splitter9_2                                                 | conv56                                                                   | 3[RPC] (L3 memory cuts: 3)    |
| conv_feature_splitter9_2                                                 | ew_add12                                                                 | 6[RPC] (L3 memory cuts: 6)    |
| conv_feature_splitter9_2                                                 | concat14                                                                 | 7[RPC] (L3 memory cuts: 7)    |
| conv56                                                                   | conv57                                                                   | 11[S] (L3 memory cuts: 1)     |
| conv57                                                                   | ew_add12                                                                 | 2[RPC] (L3 memory cuts: 2)    |
| ew_add12                                                                 | concat14                                                                 | 2 (L3 memory cuts: 1)         |
| concat14                                                                 | conv58                                                                   | 3[S] (L3 memory cuts: 1)      |
| conv58                                                                   | conv59                                                                   | 3[RPC] (L3 memory cuts: 3)    |
| conv58                                                                   | conv60                                                                   | 3[RPC] (L3 memory cuts: 3)    |
| conv58                                                                   | dw4                                                                      | 3[RPC] (L3 memory cuts: 3)    |
| conv59                                                                   | concat15                                                                 | 2 (L3 memory cuts: 1)         |
| conv60                                                                   | conv61                                                                   | 10[S] (L3 memory cuts: 1)     |
| conv61                                                                   | conv62                                                                   | 2 (L3 memory cuts: 1)         |
| conv62                                                                   | output_from_cluster_unknown_377_i0                                       | 1 (L3 memory cuts: 1)         |
| output_from_cluster_unknown_377_i0                                       | output_from_conv62_to_yolov8_nms_postprocess                             | 1 (L3 memory cuts: 1)         |
| dw4                                                                      | conv63                                                                   | 2 (L3 memory cuts: 1)         |
| conv63                                                                   | dw5                                                                      | 4 (L3 memory cuts: 1)         |
| dw5                                                                      | conv64                                                                   | 2 (L3 memory cuts: 1)         |
| conv64                                                                   | conv65                                                                   | 1 (L3 memory cuts: 1)         |
| conv65                                                                   | output_from_cluster_unknown_378_i0                                       | 1 (L3 memory cuts: 1)         |
| output_from_cluster_unknown_378_i0                                       | output_from_conv65_to_yolov8_nms_postprocess                             | 1 (L3 memory cuts: 1)         |
| concat15                                                                 | conv_feature_splitter10_1                                                | 2[S] (L3 memory cuts: 1)      |
| concat15                                                                 | conv_feature_splitter10_2                                                | 2[S] (L3 memory cuts: 1)      |
| conv_feature_splitter10_1                                                | output_from_cluster_unknown_373_i0                                       | 1 (L3 memory cuts: 1)         |
| output_from_cluster_unknown_373_i0                                       | gate_candidate_gate_candidate_context_1_to_gate_candidate_context_2_2891 | 1 (L3 memory cuts: 1)         |
| conv_feature_splitter10_2                                                | conv67                                                                   | 1 (L3 memory cuts: 1)         |
| conv_feature_splitter10_2                                                | conv68                                                                   | 1 (L3 memory cuts: 1)         |
| conv_feature_splitter10_2                                                | output_from_cluster_unknown_374_i0                                       | 1 (L3 memory cuts: 1)         |
| conv67                                                                   | conv69                                                                   | 4 (L3 memory cuts: 1)         |
| conv67                                                                   | ew_add13                                                                 | 4 (L3 memory cuts: 1)         |
| conv69                                                                   | conv70                                                                   | 5[S] (L3 memory cuts: 1)      |
| conv70                                                                   | ew_add13                                                                 | 1 (L3 memory cuts: 1)         |
| ew_add13                                                                 | output_from_cluster_unknown_375_i0                                       | 1 (L3 memory cuts: 1)         |
| output_from_cluster_unknown_375_i0                                       | gate_candidate_gate_candidate_context_1_to_gate_candidate_context_2_2897 | 1 (L3 memory cuts: 1)         |
| conv68                                                                   | output_from_cluster_unknown_376_i0                                       | 1 (L3 memory cuts: 1)         |
| output_from_cluster_unknown_376_i0                                       | gate_candidate_gate_candidate_context_1_to_gate_candidate_context_2_2895 | 1 (L3 memory cuts: 1)         |
| output_from_cluster_unknown_374_i0                                       | gate_candidate_gate_candidate_context_1_to_gate_candidate_context_2_2893 | 1 (L3 memory cuts: 1)         |
+--------------------------------------------------------------------------+--------------------------------------------------------------------------+-------------------------------+
[2026-09-25 17:23:50.529] [default] [info] Resolve-prepost Buffers gate_candidate_context_2 buffers:
+--------------------------------------------------------------------------+----------------------------------------------+----------------------------+
| Src                                                                      | Dst                                          | Buffers                    |
+--------------------------------------------------------------------------+----------------------------------------------+----------------------------+
| gate_candidate_gate_candidate_context_1_to_gate_candidate_context_2_2892 | input_to_cluster_unknown_381_i0              | 3 (L3 memory cuts: 1)      |
| input_to_cluster_unknown_381_i0                                          | concat17                                     | 3 (L3 memory cuts: 1)      |
| gate_candidate_gate_candidate_context_1_to_gate_candidate_context_2_2894 | input_to_cluster_unknown_382_i0              | 3 (L3 memory cuts: 1)      |
| input_to_cluster_unknown_382_i0                                          | concat17                                     | 3 (L3 memory cuts: 1)      |
| gate_candidate_gate_candidate_context_1_to_gate_candidate_context_2_2896 | input_to_cluster_unknown_383_i0              | 3 (L3 memory cuts: 1)      |
| input_to_cluster_unknown_383_i0                                          | concat16                                     | 3 (L3 memory cuts: 1)      |
| gate_candidate_gate_candidate_context_1_to_gate_candidate_context_2_2898 | input_to_cluster_unknown_384_i0              | 4 (L3 memory cuts: 1)      |
| input_to_cluster_unknown_384_i0                                          | conv71                                       | 4 (L3 memory cuts: 1)      |
| conv71                                                                   | conv72                                       | 5[S] (L3 memory cuts: 1)   |
| conv72                                                                   | ew_add14                                     | 2 (L3 memory cuts: 1)      |
| gate_candidate_gate_candidate_context_1_to_gate_candidate_context_2_2899 | input_to_cluster_unknown_385_i0              | 2 (L3 memory cuts: 1)      |
| input_to_cluster_unknown_385_i0                                          | ew_add14                                     | 2 (L3 memory cuts: 1)      |
| ew_add14                                                                 | concat16                                     | 2 (L3 memory cuts: 1)      |
| concat16                                                                 | conv73                                       | 2[S] (L3 memory cuts: 1)   |
| conv73                                                                   | concat17                                     | 2[RPC] (L3 memory cuts: 2) |
| concat17                                                                 | conv74                                       | 2[S] (L3 memory cuts: 1)   |
| conv74                                                                   | conv75_ws                                    | 1[RPC] (L3 memory cuts: 1) |
| conv74                                                                   | dw6_fs                                       | 1[RPC] (L3 memory cuts: 1) |
| conv75_ws                                                                | conv75_sd0                                   | 1[RPC] (L3 memory cuts: 1) |
| conv75_ws                                                                | conv75_sd1                                   | 2[RPC] (L3 memory cuts: 2) |
| conv75_sd0                                                               | conv75_sdc                                   | 2 (L3 memory cuts: 1)      |
| conv75_sd1                                                               | conv75_sdc                                   | 1[RPC] (L3 memory cuts: 1) |
| conv75_sdc                                                               | conv76                                       | 2[RPC] (L3 memory cuts: 2) |
| conv76                                                                   | conv77                                       | 2 (L3 memory cuts: 1)      |
| conv77                                                                   | output_from_cluster_unknown_386_i0           | 1 (L3 memory cuts: 1)      |
| output_from_cluster_unknown_386_i0                                       | output_from_conv77_to_yolov8_nms_postprocess | 1 (L3 memory cuts: 1)      |
| dw6_fs                                                                   | dw6_d0                                       | 1 (L3 memory cuts: 1)      |
| dw6_fs                                                                   | dw6_d1                                       | 1 (L3 memory cuts: 1)      |
| dw6_d0                                                                   | dw6_dc                                       | 2[RPC] (L3 memory cuts: 2) |
| dw6_d1                                                                   | dw6_dc                                       | 2[RPC] (L3 memory cuts: 2) |
| dw6_dc                                                                   | conv78                                       | 2[S] (L3 memory cuts: 1)   |
| conv78                                                                   | dw7                                          | 4 (L3 memory cuts: 1)      |
| dw7                                                                      | conv79                                       | 2 (L3 memory cuts: 1)      |
| conv79                                                                   | conv80                                       | 1 (L3 memory cuts: 1)      |
| conv80                                                                   | output_from_cluster_unknown_387_i0           | 1 (L3 memory cuts: 1)      |
| output_from_cluster_unknown_387_i0                                       | output_from_conv80_to_yolov8_nms_postprocess | 1 (L3 memory cuts: 1)      |
+--------------------------------------------------------------------------+----------------------------------------------+----------------------------+
[2026-09-25 17:23:50.583] [default] [info] Context:0/0 Iteration 0: Mapping prepost...          
          cluster_0  cluster_1  cluster_2  cluster_3  cluster_4  cluster_5  cluster_6  cluster_7  prepost 
 worker0  *          *          *          *          *          *          *          *          V       
 worker1                                                                                                  
 worker2                                                                                                  
 worker3                                                                                                  

  00:00
[2026-09-25 17:23:50.722] [default] [info] Context:0/2 Iteration 0: Trying parallel splits...   
          cluster_0  cluster_1  cluster_2  cluster_3  cluster_4  cluster_5  cluster_6  cluster_7  prepost 
 worker0                                                                                                  
 worker1                                                                                                  
 worker2                                                                                                  
 worker3                                                                                                  

  00:00
[2026-09-25 17:23:51.174] [default] [info] Context:0/2 Iteration 0: Trying parallel splits...   
          cluster_0  cluster_1  cluster_2  cluster_3  cluster_4  cluster_5  cluster_6  cluster_7  prepost 
 worker0                                                                                                  
 worker1  *          *          *          *          *          *          *          *          V       
 worker2                                                                                                  
 worker3                                                                                                  

  00:01
[2026-09-25 17:23:51.193] [default] [info] Context:0/2 Iteration 4: Trying parallel mapping...  
          cluster_0  cluster_1  cluster_2  cluster_3  cluster_4  cluster_5  cluster_6  cluster_7  prepost 
 worker0  *          *          *          *          *          *          *          *          V       
 worker1  *          *          *          *          *          *          *          *          V       
 worker2                                                                                                  
 worker3                                                                                                  

  00:01
[2026-09-25 17:23:51.205] [default] [info] Context:0/2 Iteration 4: Trying parallel mapping...  
          cluster_0  cluster_1  cluster_2  cluster_3  cluster_4  cluster_5  cluster_6  cluster_7  prepost 
 worker0  *          *          *          *          *          *          *          *          V       
 worker1  *          *          *          *          *          *          *          *          V       
 worker2  *          *          *          *          *          *          *          *          V       
 worker3                                                                                                  

  00:01
[2026-09-25 17:23:51.222] [default] [info] Context:0/2 Iteration 4: Trying parallel mapping...  
          cluster_0  cluster_1  cluster_2  cluster_3  cluster_4  cluster_5  cluster_6  cluster_7  prepost 
 worker0  *          *          *          *          *          *          *          *          V       
 worker1  *          *          *          *          *          *          *          *          V       
 worker2  *          *          *          *          *          *          *          *          V       
 worker3  *          *          *          *          *          *          *          *          V       

  00:01
[2026-09-25 17:23:51.432] [default] [info] Context:0/2 Iteration 4: Trying parallel mapping...  
          cluster_0  cluster_1  cluster_2  cluster_3  cluster_4  cluster_5  cluster_6  cluster_7  prepost 
 worker0  *          *          *          *          *          *          *          *          V       
 worker1  *          *          *          *          *          *          *          *          V       
 worker2  *          *          *          *          *          *          *          *          V       
 worker3  *          *          *          *          *          *          *          *          V       

  00:01
[2026-09-25 17:23:51.449] [default] [info] Context:0/2 Iteration 4: Trying parallel mapping...  
          cluster_0  cluster_1  cluster_2  cluster_3  cluster_4  cluster_5  cluster_6  cluster_7  prepost 
 worker0  *          *          *          *          *          *          *          *          V       
 worker1  *          *          *          *          *          *          *          *          V       
 worker2  *          *          V          *          *          *          *          *          V       
 worker3  *          *          *          *          *          *          *          *          V       

  00:01
[2026-09-25 17:23:51.467] [default] [info] Context:0/2 Iteration 4: Trying parallel mapping...  
          cluster_0  cluster_1  cluster_2  cluster_3  cluster_4  cluster_5  cluster_6  cluster_7  prepost 
 worker0  *          *          *          *          *          *          *          *          V       
 worker1  *          *          *          *          *          *          *          *          V       
 worker2  V          *          V          V          *          *          V          *          V       
 worker3  *          *          *          *          *          *          *          *          V       

  00:01
[2026-09-25 17:23:51.484] [default] [info] Context:0/2 Iteration 4: Trying parallel mapping...  
          cluster_0  cluster_1  cluster_2  cluster_3  cluster_4  cluster_5  cluster_6  cluster_7  prepost 
 worker0  *          *          *          *          *          *          *          *          V       
 worker1  *          *          *          *          *          *          *          *          V       
 worker2  V          V          V          V          *          *          V          V          V       
 worker3  *          *          *          *          *          *          *          *          V       

  00:01
[2026-09-25 17:23:51.497] [default] [info] Context:0/2 Iteration 4: Trying parallel mapping...  
          cluster_0  cluster_1  cluster_2  cluster_3  cluster_4  cluster_5  cluster_6  cluster_7  prepost 
 worker0  *          *          *          *          *          *          *          *          V       
 worker1  *          V          *          V          *          *          V          *          V       
 worker2  V          V          V          V          *          *          V          V          V       
 worker3  *          *          *          *          *          *          *          *          V       

  00:01
[2026-09-25 17:23:51.510] [default] [info] Context:0/2 Iteration 4: Trying parallel mapping...  
          cluster_0  cluster_1  cluster_2  cluster_3  cluster_4  cluster_5  cluster_6  cluster_7  prepost 
 worker0  *          *          *          *          *          *          *          *          V       
 worker1  *          V          *          V          *          V          V          *          V       
 worker2  V          V          V          V          *          *          V          V          V       
 worker3  *          *          *          *          *          *          *          *          V       

  00:01
[2026-09-25 17:23:51.531] [default] [info] Context:0/2 Iteration 4: Trying parallel mapping...  
          cluster_0  cluster_1  cluster_2  cluster_3  cluster_4  cluster_5  cluster_6  cluster_7  prepost 
 worker0  *          *          *          *          *          *          *          *          V       
 worker1  *          V          *          V          *          V          V          *          V       
 worker2  V          V          V          V          *          *          V          V          V       
 worker3  *          *          *          *          *          *          *          *          V       

  00:01
[2026-09-25 17:23:51.548] [default] [info] Context:0/2 Iteration 4: Trying parallel mapping...  
          cluster_0  cluster_1  cluster_2  cluster_3  cluster_4  cluster_5  cluster_6  cluster_7  prepost 
 worker0  *          *          *          *          *          *          *          *          V       
 worker1  *          V          *          V          *          V          V          *          V       
 worker2  V          V          V          V          *          *          V          V          V       
 worker3  *          *          V          *          *          *          V          *          V       

  00:01
[2026-09-25 17:23:51.560] [default] [info] Context:0/2 Iteration 4: Trying parallel mapping...  
          cluster_0  cluster_1  cluster_2  cluster_3  cluster_4  cluster_5  cluster_6  cluster_7  prepost 
 worker0  *          *          *          *          *          *          *          *          V       
 worker1  *          V          *          V          *          V          V          *          V       
 worker2  V          V          V          V          *          *          V          V          V       
 worker3  *          V          V          V          V          V          V          *          V       

  00:01
[2026-09-25 17:23:51.573] [default] [info] Context:0/2 Iteration 4: Trying parallel mapping...  
          cluster_0  cluster_1  cluster_2  cluster_3  cluster_4  cluster_5  cluster_6  cluster_7  prepost 
 worker0  *          *          *          *          *          *          *          *          V       
 worker1  *          V          *          V          *          V          V          *          V       
 worker2  V          V          V          V          *          *          V          V          V       
 worker3  *          V          V          V          V          V          V          V          V       

  00:01
[2026-09-25 17:23:51.586] [default] [info] Context:0/2 Iteration 4: Trying parallel mapping...  
          cluster_0  cluster_1  cluster_2  cluster_3  cluster_4  cluster_5  cluster_6  cluster_7  prepost 
 worker0  *          *          *          *          *          *          *          *          V       
 worker1  *          V          *          V          *          V          V          *          V       
 worker2  V          V          V          V          *          *          V          V          V       
 worker3  *          V          V          V          V          V          V          V          V       

  00:01
[2026-09-25 17:23:51.598] [default] [info] Context:0/2 Iteration 4: Trying parallel mapping...  
          cluster_0  cluster_1  cluster_2  cluster_3  cluster_4  cluster_5  cluster_6  cluster_7  prepost 
 worker0  *          *          *          *          *          *          *          *          V       
 worker1  *          V          *          V          *          V          V          *          V       
 worker2  V          V          V          V          *          *          V          V          V       
 worker3  *          V          V          V          V          V          V          V          V       

  00:01
[2026-09-25 17:23:51.611] [default] [info] Context:0/2 Iteration 4: Trying parallel mapping...  
          cluster_0  cluster_1  cluster_2  cluster_3  cluster_4  cluster_5  cluster_6  cluster_7  prepost 
 worker0  *          *          *          *          *          *          *          *          V       
 worker1  V          V          *          V          V          V          V          *          V       
 worker2  V          V          V          V          *          *          V          V          V       
 worker3  *          V          V          V          V          V          V          V          V       

  00:01
[2026-09-25 17:23:51.623] [default] [info] Context:0/2 Iteration 4: Trying parallel mapping...  
          cluster_0  cluster_1  cluster_2  cluster_3  cluster_4  cluster_5  cluster_6  cluster_7  prepost 
 worker0  *          *          *          *          *          *          *          *          V       
 worker1  V          V          V          V          V          V          V          *          V       
 worker2  V          V          V          V          *          *          V          V          V       
 worker3  *          V          V          V          V          V          V          V          V       

  00:01
[2026-09-25 17:23:51.636] [default] [info] Context:0/2 Iteration 4: Trying parallel mapping...  
          cluster_0  cluster_1  cluster_2  cluster_3  cluster_4  cluster_5  cluster_6  cluster_7  prepost 
 worker0  *          *          *          *          *          *          *          *          V       
 worker1  V          V          V          V          V          V          V          *          V       
 worker2  V          V          V          V          *          *          V          V          V       
 worker3  V          V          V          V          V          V          V          V          V       

  00:01
[2026-09-25 17:23:51.648] [default] [info] Context:0/2 Iteration 4: Trying parallel mapping...  
          cluster_0  cluster_1  cluster_2  cluster_3  cluster_4  cluster_5  cluster_6  cluster_7  prepost 
 worker0  *          *          *          *          *          *          *          *          V       
 worker1  V          V          V          V          V          V          V          *          V       
 worker2  V          V          V          V          *          *          V          V          V       
 worker3  V          V          V          V          V          V          V          V          V       

  00:01
[2026-09-25 17:23:51.660] [default] [info] Context:0/2 Iteration 4: Trying parallel mapping...  
          cluster_0  cluster_1  cluster_2  cluster_3  cluster_4  cluster_5  cluster_6  cluster_7  prepost 
 worker0  *          *          *          *          *          *          *          *          V       
 worker1  V          V          V          V          V          V          V          *          V       
 worker2  V          V          V          V          *          *          V          V          V       
 worker3  V          V          V          V          V          V          V          V          V       

  00:01
[2026-09-25 17:23:51.672] [default] [info] Context:0/2 Iteration 4: Trying parallel mapping...  
          cluster_0  cluster_1  cluster_2  cluster_3  cluster_4  cluster_5  cluster_6  cluster_7  prepost 
 worker0  *          *          *          *          *          *          *          *          V       
 worker1  V          V          V          V          V          V          V          *          V       
 worker2  V          V          V          V          *          *          V          V          V       
 worker3  V          V          V          V          V          V          V          V          V       

  00:01
[2026-09-25 17:23:51.684] [default] [info] Context:0/2 Iteration 4: Trying parallel mapping...  
          cluster_0  cluster_1  cluster_2  cluster_3  cluster_4  cluster_5  cluster_6  cluster_7  prepost 
 worker0  *          *          *          *          *          *          *          *          V       
 worker1  V          V          V          V          V          V          V          *          V       
 worker2  V          V          V          V          *          *          V          V          V       
 worker3  V          V          V          V          V          V          V          V          V       

  00:01
[2026-09-25 17:23:51.697] [default] [info] Context:0/2 Iteration 4: Trying parallel mapping...  
          cluster_0  cluster_1  cluster_2  cluster_3  cluster_4  cluster_5  cluster_6  cluster_7  prepost 
 worker0  *          *          *          *          *          *          *          *          V       
 worker1  V          V          V          V          V          V          V          *          V       
 worker2  V          V          V          V          *          *          V          V          V       
 worker3  V          V          V          V          V          V          V          V          V       

  00:01
[2026-09-25 17:23:51.709] [default] [info] Context:0/2 Iteration 4: Trying parallel mapping...  
          cluster_0  cluster_1  cluster_2  cluster_3  cluster_4  cluster_5  cluster_6  cluster_7  prepost 
 worker0  *          *          *          *          *          *          *          *          V       
 worker1  V          V          V          V          V          V          V          *          V       
 worker2  V          V          V          V          *          *          V          V          V       
 worker3  V          V          V          V          V          V          V          V          V       

  00:01
[2026-09-25 17:23:51.721] [default] [info] Context:0/2 Iteration 4: Trying parallel mapping...  
          cluster_0  cluster_1  cluster_2  cluster_3  cluster_4  cluster_5  cluster_6  cluster_7  prepost 
 worker0  *          *          *          *          *          *          *          *          V       
 worker1  V          V          V          V          V          V          V          *          V       
 worker2  V          V          V          V          *          *          V          V          V       
 worker3  V          V          V          V          V          V          V          V          V       

  00:01
[2026-09-25 17:23:51.733] [default] [info] Context:0/2 Iteration 4: Trying parallel mapping...  
          cluster_0  cluster_1  cluster_2  cluster_3  cluster_4  cluster_5  cluster_6  cluster_7  prepost 
 worker0  *          *          *          *          *          *          *          *          V       
 worker1  V          V          V          V          V          V          V          *          V       
 worker2  V          V          V          V          *          *          V          V          V       
 worker3  V          V          V          V          V          V          V          V          V       

  00:01
[2026-09-25 17:23:51.745] [default] [info] Context:0/2 Iteration 4: Trying parallel mapping...  
          cluster_0  cluster_1  cluster_2  cluster_3  cluster_4  cluster_5  cluster_6  cluster_7  prepost 
 worker0  *          *          *          *          *          *          *          *          V       
 worker1  V          V          V          V          V          V          V          *          V       
 worker2  V          V          V          V          *          *          V          V          V       
 worker3  V          V          V          V          V          V          V          V          V       

  00:01
[2026-09-25 17:23:51.757] [default] [info] Context:0/2 Iteration 4: Trying parallel mapping...  
          cluster_0  cluster_1  cluster_2  cluster_3  cluster_4  cluster_5  cluster_6  cluster_7  prepost 
 worker0  *          *          *          *          *          *          *          *          V       
 worker1  V          V          V          V          V          V          V          *          V       
 worker2  V          V          V          V          *          *          V          V          V       
 worker3  V          V          V          V          V          V          V          V          V       

  00:01
[2026-09-25 17:23:51.875] [default] [info] Context:0/2 Iteration 4: Trying parallel mapping...  
          cluster_0  cluster_1  cluster_2  cluster_3  cluster_4  cluster_5  cluster_6  cluster_7  prepost 
 worker0  *          *          *          *          *          *          *          *          V       
 worker1  V          V          V          V          V          V          V          *          V       
 worker2  V          V          V          V          *          *          V          V          V       
 worker3  V          V          V          V          V          V          V          V          V       

  00:01
[2026-09-25 17:23:51.893] [default] [info] Context:0/2 Iteration 4: Trying parallel mapping...  
          cluster_0  cluster_1  cluster_2  cluster_3  cluster_4  cluster_5  cluster_6  cluster_7  prepost 
 worker0  *          *          *          *          V          *          *          *          V       
 worker1  V          V          V          V          V          V          V          *          V       
 worker2  V          V          V          V          *          *          V          V          V       
 worker3  V          V          V          V          V          V          V          V          V       

  00:01
[2026-09-25 17:23:51.905] [default] [info] Context:0/2 Iteration 4: Trying parallel mapping...  
          cluster_0  cluster_1  cluster_2  cluster_3  cluster_4  cluster_5  cluster_6  cluster_7  prepost 
 worker0  *          V          V          *          V          V          *          *          V       
 worker1  V          V          V          V          V          V          V          *          V       
 worker2  V          V          V          V          *          *          V          V          V       
 worker3  V          V          V          V          V          V          V          V          V       

  00:01
[2026-09-25 17:23:51.918] [default] [info] Context:0/2 Iteration 4: Trying parallel mapping...  
          cluster_0  cluster_1  cluster_2  cluster_3  cluster_4  cluster_5  cluster_6  cluster_7  prepost 
 worker0  V          V          V          V          V          V          V          V          V       
 worker1  V          V          V          V          V          V          V          *          V       
 worker2  V          V          V          V          *          *          V          V          V       
 worker3  V          V          V          V          V          V          V          V          V       

  00:01
[2026-09-25 17:23:51.931] [default] [info] Context:0/2 Iteration 4: Trying parallel mapping...  
          cluster_0  cluster_1  cluster_2  cluster_3  cluster_4  cluster_5  cluster_6  cluster_7  prepost 
 worker0  V          V          V          V          V          V          V          V          V       
 worker1  V          V          V          V          V          V          V          *          V       
 worker2  V          V          V          V          *          *          V          V          V       
 worker3  V          V          V          V          V          V          V          V          V       

  00:01
[2026-09-25 17:23:51.944] [default] [info] Context:0/2 Iteration 4: Trying parallel mapping...  
          cluster_0  cluster_1  cluster_2  cluster_3  cluster_4  cluster_5  cluster_6  cluster_7  prepost 
 worker0  V          V          V          V          V          V          V          V          V       
 worker1  V          V          V          V          V          V          V          *          V       
 worker2  V          V          V          V          *          *          V          V          V       
 worker3  V          V          V          V          V          V          V          V          V       

  00:01
[2026-09-25 17:23:51.957] [default] [info] Context:0/2 Iteration 4: Trying parallel mapping...  
          cluster_0  cluster_1  cluster_2  cluster_3  cluster_4  cluster_5  cluster_6  cluster_7  prepost 
 worker0  V          V          V          V          V          V          V          V          V       
 worker1  V          V          V          V          V          V          V          *          V       
 worker2  V          V          V          V          *          *          V          V          V       
 worker3  V          V          V          V          V          V          V          V          V       

  00:01
[2026-09-25 17:23:51.970] [default] [info] Context:0/2 Iteration 4: Trying parallel mapping...  
          cluster_0  cluster_1  cluster_2  cluster_3  cluster_4  cluster_5  cluster_6  cluster_7  prepost 
 worker0  V          V          V          V          V          V          V          V          V       
 worker1  V          V          V          V          V          V          V          *          V       
 worker2  V          V          V          V          *          *          V          V          V       
 worker3  V          V          V          V          V          V          V          V          V       

  00:01
[2026-09-25 17:23:51.983] [default] [info] Context:0/2 Iteration 4: Trying parallel mapping...  
          cluster_0  cluster_1  cluster_2  cluster_3  cluster_4  cluster_5  cluster_6  cluster_7  prepost 
 worker0  V          V          V          V          V          V          V          V          V       
 worker1  V          V          V          V          V          V          V          *          V       
 worker2  V          V          V          V          *          *          V          V          V       
 worker3  V          V          V          V          V          V          V          V          V       

  00:01
[2026-09-25 17:23:51.990] [default] [info] Post-Split Resources for gate_candidate_context_0, iteration 1 (CP)
+--------------------------------------------------------------------------+-------------+-----------------------+-----------------------+----------------------+----------------+-----+-----+------+
| Node                                                                     | Subclusters | L3 Weight Memory Cuts | L3 Output Memory Cuts | L3 Input Memory Cuts | L4 Memory Cuts | IBs | OBs | APUs |
+--------------------------------------------------------------------------+-------------+-----------------------+-----------------------+----------------------+----------------+-----+-----+------+
| input_layer1                                                             | 0           | 0                     | 0                     | 0                    | 0.500          | 0   | 0   | 0    |
| input_to_cluster_0_358_i1                                                | 0           | 0                     | 2                     | 0                    | 0.000          | 1   | 0   | 0    |
| normalization1_sd0                                                       | 1           | 1                     | 1                     | 1                    | 0.000          | 0   | 0   | 1    |
| normalization1_sd1                                                       | 1           | 1                     | 1                     | 1                    | 0.000          | 0   | 0   | 1    |
| normalization1_sdc                                                       | 1           | 0                     | 2                     | 2                    | 0.000          | 0   | 0   | 1    |
| output_from_cluster_0_359_i1                                             | 0           | 0                     | 0                     | 0                    | 0.000          | 0   | 1   | 0    |
| input_to_cluster_2_360_i1                                                | 0           | 0                     | 2                     | 0                    | 0.000          | 1   | 0   | 0    |
| conv1_ws                                                                 | 1           | 0                     | 4                     | 2                    | 0.000          | 0   | 0   | 1    |
| conv1_sd0                                                                | 1           | 1                     | 1                     | 1                    | 0.000          | 0   | 0   | 1    |
| output_from_cluster_2_365_i1                                             | 0           | 0                     | 0                     | 0                    | 0.000          | 0   | 1   | 0    |
| input_to_cluster_0_366_i1                                                | 0           | 0                     | 1                     | 0                    | 0.000          | 1   | 0   | 0    |
| conv1_sd3                                                                | 1           | 1                     | 1                     | 1                    | 0.000          | 0   | 0   | 1    |
| output_from_cluster_2_367_i1                                             | 0           | 0                     | 0                     | 0                    | 0.000          | 0   | 1   | 0    |
| input_to_cluster_0_368_i1                                                | 0           | 0                     | 1                     | 0                    | 0.000          | 1   | 0   | 0    |
| output_from_cluster_2_361_i1                                             | 0           | 0                     | 0                     | 0                    | 0.000          | 0   | 1   | 0    |
| input_to_cluster_0_362_i1                                                | 0           | 0                     | 1                     | 0                    | 0.000          | 1   | 0   | 0    |
| conv1_sd1                                                                | 1           | 1                     | 2                     | 1                    | 0.000          | 0   | 0   | 1    |
| output_from_cluster_2_363_i1                                             | 0           | 0                     | 0                     | 0                    | 0.000          | 0   | 1   | 0    |
| input_to_cluster_0_364_i1                                                | 0           | 0                     | 1                     | 0                    | 0.000          | 1   | 0   | 0    |
| conv1_sd2                                                                | 1           | 1                     | 2                     | 1                    | 0.000          | 0   | 0   | 1    |
| conv1_sdc                                                                | 1           | 0                     | 2                     | 6                    | 0.000          | 0   | 0   | 1    |
| conv2_ws                                                                 | 1           | 0                     | 8                     | 2                    | 0.000          | 0   | 0   | 1    |
| conv2_sd0                                                                | 4           | 4                     | 1                     | 3                    | 0.000          | 0   | 0   | 1    |
| output_from_cluster_0_369_i1                                             | 0           | 0                     | 0                     | 0                    | 0.000          | 0   | 1   | 0    |
| input_to_cluster_2_370_i1                                                | 0           | 0                     | 1                     | 0                    | 0.000          | 1   | 0   | 0    |
| conv2_sd1                                                                | 4           | 4                     | 1                     | 3                    | 0.000          | 0   | 0   | 1    |
| output_from_cluster_0_371_i1                                             | 0           | 0                     | 0                     | 0                    | 0.000          | 0   | 1   | 0    |
| input_to_cluster_2_372_i1                                                | 0           | 0                     | 1                     | 0                    | 0.000          | 1   | 0   | 0    |
| conv2_sd2                                                                | 4           | 4                     | 1                     | 2                    | 0.000          | 0   | 0   | 1    |
| output_from_cluster_0_373_i1                                             | 0           | 0                     | 0                     | 0                    | 0.000          | 0   | 1   | 0    |
| input_to_cluster_2_374_i1                                                | 0           | 0                     | 1                     | 0                    | 0.000          | 1   | 0   | 0    |
| conv2_sdc                                                                | 1           | 0                     | 1                     | 3                    | 0.000          | 0   | 0   | 1    |
| output_from_cluster_2_375_i1                                             | 0           | 0                     | 0                     | 0                    | 0.000          | 0   | 1   | 0    |
| input_to_cluster_5_376_i1                                                | 0           | 0                     | 1                     | 0                    | 0.000          | 1   | 0   | 0    |
| conv_feature_splitter1_2                                                 | 1           | 1                     | 12                    | 1                    | 0.000          | 0   | 0   | 1    |
| conv4                                                                    | 2           | 1                     | 1                     | 4                    | 0.000          | 0   | 0   | 1    |
| output_from_cluster_5_382_i1                                             | 0           | 0                     | 0                     | 0                    | 0.000          | 0   | 1   | 0    |
| input_to_cluster_4_383_i1                                                | 0           | 0                     | 1                     | 0                    | 0.000          | 1   | 0   | 0    |
| conv5                                                                    | 2           | 2                     | 1                     | 1                    | 0.000          | 0   | 0   | 1    |
| output_from_cluster_4_384_i1                                             | 0           | 0                     | 0                     | 0                    | 0.000          | 0   | 1   | 0    |
| input_to_cluster_5_385_i1                                                | 0           | 0                     | 1                     | 0                    | 0.000          | 1   | 0   | 0    |
| ew_add1                                                                  | 1           | 1                     | 1                     | 8                    | 0.000          | 0   | 0   | 1    |
| output_from_cluster_5_386_i1                                             | 0           | 0                     | 0                     | 0                    | 0.000          | 0   | 1   | 0    |
| input_to_cluster_2_387_i1                                                | 0           | 0                     | 1                     | 0                    | 0.000          | 1   | 0   | 0    |
| output_from_cluster_5_380_i1                                             | 0           | 0                     | 0                     | 0                    | 0.000          | 0   | 1   | 0    |
| input_to_cluster_2_381_i1                                                | 0           | 0                     | 7                     | 0                    | 0.000          | 1   | 0   | 0    |
| input_to_cluster_4_377_i1                                                | 0           | 0                     | 1                     | 0                    | 0.000          | 1   | 0   | 0    |
| conv_feature_splitter1_1                                                 | 1           | 1                     | 1                     | 1                    | 0.000          | 0   | 0   | 1    |
| output_from_cluster_4_378_i1                                             | 0           | 0                     | 0                     | 0                    | 0.000          | 0   | 1   | 0    |
| input_to_cluster_2_379_i1                                                | 0           | 0                     | 7                     | 0                    | 0.000          | 1   | 0   | 0    |
| concat1                                                                  | 1           | 0                     | 1                     | 15                   | 0.000          | 0   | 0   | 1    |
| output_from_cluster_2_388_i1                                             | 0           | 0                     | 0                     | 0                    | 0.000          | 0   | 1   | 0    |
| input_to_cluster_4_389_i1                                                | 0           | 0                     | 1                     | 0                    | 0.000          | 1   | 0   | 0    |
| conv6                                                                    | 4           | 4                     | 2                     | 1                    | 0.000          | 0   | 0   | 1    |
| conv7_ws                                                                 | 1           | 0                     | 4                     | 2                    | 0.000          | 0   | 0   | 1    |
| conv7_sd2                                                                | 8           | 8                     | 1                     | 2                    | 0.000          | 0   | 0   | 1    |
| output_from_cluster_4_390_i1                                             | 0           | 0                     | 0                     | 0                    | 0.000          | 0   | 1   | 0    |
| input_to_cluster_0_391_i1                                                | 0           | 0                     | 2                     | 0                    | 0.000          | 1   | 0   | 0    |
| conv7_sd1                                                                | 8           | 8                     | 1                     | 2                    | 0.000          | 0   | 0   | 1    |
| output_from_cluster_0_396_i1                                             | 0           | 0                     | 0                     | 0                    | 0.000          | 0   | 1   | 0    |
| input_to_cluster_4_397_i1                                                | 0           | 0                     | 1                     | 0                    | 0.000          | 1   | 0   | 0    |
| output_from_cluster_4_392_i1                                             | 0           | 0                     | 0                     | 0                    | 0.000          | 0   | 1   | 0    |
| input_to_cluster_2_393_i1                                                | 0           | 0                     | 2                     | 0                    | 0.000          | 1   | 0   | 0    |
| conv7_sd0                                                                | 8           | 8                     | 1                     | 2                    | 0.000          | 0   | 0   | 1    |
| output_from_cluster_2_394_i1                                             | 0           | 0                     | 0                     | 0                    | 0.000          | 0   | 1   | 0    |
| input_to_cluster_4_395_i1                                                | 0           | 0                     | 1                     | 0                    | 0.000          | 1   | 0   | 0    |
| conv7_sdc                                                                | 1           | 0                     | 2                     | 3                    | 0.000          | 0   | 0   | 1    |
| conv_feature_splitter2_1                                                 | 1           | 1                     | 1                     | 1                    | 0.000          | 0   | 0   | 1    |
| conv_feature_splitter2_2                                                 | 1           | 1                     | 3                     | 1                    | 0.000          | 0   | 0   | 1    |
| conv9                                                                    | 2           | 2                     | 1                     | 1                    | 0.000          | 0   | 0   | 1    |
| conv10                                                                   | 2           | 1                     | 1                     | 1                    | 0.000          | 0   | 0   | 1    |
| ew_add2                                                                  | 1           | 1                     | 1                     | 2                    | 0.000          | 0   | 0   | 1    |
| concat2                                                                  | 1           | 0                     | 1                     | 3                    | 0.000          | 0   | 0   | 1    |
| output_from_cluster_4_398_i1                                             | 0           | 0                     | 0                     | 0                    | 0.000          | 0   | 1   | 0    |
| input_to_cluster_7_399_i1                                                | 0           | 0                     | 1                     | 0                    | 0.000          | 1   | 0   | 0    |
| conv11                                                                   | 4           | 2                     | 2                     | 1                    | 0.000          | 0   | 0   | 1    |
| output_from_cluster_7_400_i1                                             | 0           | 0                     | 0                     | 0                    | 0.000          | 0   | 1   | 0    |
| input_to_cluster_1_401_i1                                                | 0           | 0                     | 1                     | 0                    | 0.000          | 1   | 0   | 0    |
| conv12_ws                                                                | 1           | 0                     | 2                     | 1                    | 0.000          | 0   | 0   | 1    |
| conv12_sd1                                                               | 8           | 8                     | 1                     | 1                    | 0.000          | 0   | 0   | 1    |
| output_from_cluster_1_402_i1                                             | 0           | 0                     | 0                     | 0                    | 0.000          | 0   | 1   | 0    |
| input_to_cluster_3_403_i1                                                | 0           | 0                     | 1                     | 0                    | 0.000          | 1   | 0   | 0    |
| conv12_sd0                                                               | 8           | 8                     | 1                     | 1                    | 0.000          | 0   | 0   | 1    |
| output_from_cluster_3_404_i1                                             | 0           | 0                     | 0                     | 0                    | 0.000          | 0   | 1   | 0    |
| input_to_cluster_1_405_i1                                                | 0           | 0                     | 1                     | 0                    | 0.000          | 1   | 0   | 0    |
| conv12_sdc                                                               | 1           | 0                     | 4                     | 2                    | 0.000          | 0   | 0   | 1    |
| conv_feature_splitter3_1                                                 | 1           | 1                     | 1                     | 2                    | 0.000          | 0   | 0   | 1    |
| output_from_cluster_1_406_i1                                             | 0           | 0                     | 0                     | 0                    | 0.000          | 0   | 1   | 0    |
| input_to_cluster_6_407_i1                                                | 0           | 0                     | 1                     | 0                    | 0.000          | 1   | 0   | 0    |
| conv_feature_splitter3_2                                                 | 1           | 1                     | 3                     | 2                    | 0.000          | 0   | 0   | 1    |
| conv14                                                                   | 1           | 1                     | 2                     | 1                    | 0.000          | 0   | 0   | 1    |
| conv16                                                                   | 1           | 1                     | 1                     | 1                    | 0.000          | 0   | 0   | 1    |
| output_from_cluster_1_412_i1                                             | 0           | 0                     | 0                     | 0                    | 0.000          | 0   | 1   | 0    |
| input_to_cluster_4_413_i1                                                | 0           | 0                     | 1                     | 0                    | 0.000          | 1   | 0   | 0    |
| conv17                                                                   | 1           | 1                     | 1                     | 1                    | 0.000          | 0   | 0   | 1    |
| output_from_cluster_1_410_i1                                             | 0           | 0                     | 0                     | 0                    | 0.000          | 0   | 1   | 0    |
| input_to_cluster_4_411_i1                                                | 0           | 0                     | 1                     | 0                    | 0.000          | 1   | 0   | 0    |
| ew_add3                                                                  | 1           | 1                     | 1                     | 2                    | 0.000          | 0   | 0   | 1    |
| output_from_cluster_4_414_i1                                             | 0           | 0                     | 0                     | 0                    | 0.000          | 0   | 1   | 0    |
| input_to_cluster_7_415_i1                                                | 0           | 0                     | 1                     | 0                    | 0.000          | 1   | 0   | 0    |
| input_to_cluster_1_416_i1                                                | 0           | 0                     | 1                     | 0                    | 0.000          | 1   | 0   | 0    |
| conv18                                                                   | 1           | 1                     | 1                     | 1                    | 0.000          | 0   | 0   | 1    |
| output_from_cluster_1_417_i1                                             | 0           | 0                     | 0                     | 0                    | 0.000          | 0   | 1   | 0    |
| input_to_cluster_5_418_i1                                                | 0           | 0                     | 1                     | 0                    | 0.000          | 1   | 0   | 0    |
| conv19                                                                   | 1           | 1                     | 1                     | 1                    | 0.000          | 0   | 0   | 1    |
| output_from_cluster_5_419_i1                                             | 0           | 0                     | 0                     | 0                    | 0.000          | 0   | 1   | 0    |
| input_to_cluster_7_420_i1                                                | 0           | 0                     | 1                     | 0                    | 0.000          | 1   | 0   | 0    |
| ew_add4                                                                  | 1           | 1                     | 1                     | 2                    | 0.000          | 0   | 0   | 1    |
| conv15                                                                   | 1           | 1                     | 1                     | 1                    | 0.000          | 0   | 0   | 1    |
| output_from_cluster_1_421_i1                                             | 0           | 0                     | 0                     | 0                    | 0.000          | 0   | 1   | 0    |
| input_to_cluster_7_422_i1                                                | 0           | 0                     | 1                     | 0                    | 0.000          | 1   | 0   | 0    |
| concat3                                                                  | 1           | 0                     | 1                     | 2                    | 0.000          | 0   | 0   | 1    |
| conv20                                                                   | 1           | 1                     | 1                     | 1                    | 0.000          | 0   | 0   | 1    |
| output_from_cluster_7_423_i1                                             | 0           | 0                     | 0                     | 0                    | 0.000          | 0   | 1   | 0    |
| input_to_cluster_6_424_i1                                                | 0           | 0                     | 1                     | 0                    | 0.000          | 1   | 0   | 0    |
| output_from_cluster_1_408_i1                                             | 0           | 0                     | 0                     | 0                    | 0.000          | 0   | 1   | 0    |
| input_to_cluster_6_409_i1                                                | 0           | 0                     | 1                     | 0                    | 0.000          | 1   | 0   | 0    |
| concat4                                                                  | 1           | 0                     | 1                     | 3                    | 0.000          | 0   | 0   | 1    |
| conv21                                                                   | 2           | 2                     | 2                     | 1                    | 0.000          | 0   | 0   | 1    |
| conv22                                                                   | 8           | 16                    | 2                     | 1                    | 0.000          | 0   | 0   | 1    |
| conv_feature_splitter4_1                                                 | 1           | 1                     | 1                     | 1                    | 0.000          | 0   | 0   | 1    |
| output_from_cluster_6_426_i1                                             | 0           | 0                     | 0                     | 0                    | 0.000          | 0   | 1   | 0    |
| input_to_cluster_3_427_i1                                                | 0           | 0                     | 1                     | 0                    | 0.000          | 1   | 0   | 0    |
| conv_feature_splitter4_2                                                 | 1           | 1                     | 3                     | 1                    | 0.000          | 0   | 0   | 1    |
| conv24                                                                   | 1           | 1                     | 2                     | 1                    | 0.000          | 0   | 0   | 1    |
| conv26                                                                   | 1           | 2                     | 1                     | 1                    | 0.000          | 0   | 0   | 1    |
| output_from_cluster_6_430_i1                                             | 0           | 0                     | 0                     | 0                    | 0.000          | 0   | 1   | 0    |
| input_to_cluster_7_431_i1                                                | 0           | 0                     | 1                     | 0                    | 0.000          | 1   | 0   | 0    |
| conv27                                                                   | 1           | 2                     | 1                     | 1                    | 0.000          | 0   | 0   | 1    |
| output_from_cluster_7_432_i1                                             | 0           | 0                     | 0                     | 0                    | 0.000          | 0   | 1   | 0    |
| input_to_cluster_6_433_i1                                                | 0           | 0                     | 1                     | 0                    | 0.000          | 1   | 0   | 0    |
| ew_add5                                                                  | 1           | 1                     | 2                     | 2                    | 0.000          | 0   | 0   | 1    |
| output_from_cluster_6_434_i1                                             | 0           | 0                     | 0                     | 0                    | 0.000          | 0   | 1   | 0    |
| input_to_cluster_3_435_i1                                                | 0           | 0                     | 1                     | 0                    | 0.000          | 1   | 0   | 0    |
| conv28                                                                   | 1           | 2                     | 1                     | 1                    | 0.000          | 0   | 0   | 1    |
| output_from_cluster_3_436_i1                                             | 0           | 0                     | 0                     | 0                    | 0.000          | 0   | 1   | 0    |
| input_to_cluster_7_437_i1                                                | 0           | 0                     | 1                     | 0                    | 0.000          | 1   | 0   | 0    |
| conv29                                                                   | 1           | 2                     | 1                     | 1                    | 0.000          | 0   | 0   | 1    |
| output_from_cluster_7_438_i1                                             | 0           | 0                     | 0                     | 0                    | 0.000          | 0   | 1   | 0    |
| input_to_cluster_6_439_i1                                                | 0           | 0                     | 1                     | 0                    | 0.000          | 1   | 0   | 0    |
| ew_add6                                                                  | 1           | 1                     | 1                     | 2                    | 0.000          | 0   | 0   | 1    |
| output_from_cluster_6_440_i1                                             | 0           | 0                     | 0                     | 0                    | 0.000          | 0   | 1   | 0    |
| input_to_cluster_1_441_i1                                                | 0           | 0                     | 1                     | 0                    | 0.000          | 1   | 0   | 0    |
| conv25                                                                   | 1           | 1                     | 1                     | 1                    | 0.000          | 0   | 0   | 1    |
| output_from_cluster_6_442_i1                                             | 0           | 0                     | 0                     | 0                    | 0.000          | 0   | 1   | 0    |
| input_to_cluster_1_443_i1                                                | 0           | 0                     | 1                     | 0                    | 0.000          | 1   | 0   | 0    |
| concat5                                                                  | 1           | 0                     | 1                     | 2                    | 0.000          | 0   | 0   | 1    |
| conv30                                                                   | 1           | 1                     | 1                     | 1                    | 0.000          | 0   | 0   | 1    |
| output_from_cluster_1_444_i1                                             | 0           | 0                     | 0                     | 0                    | 0.000          | 0   | 1   | 0    |
| input_to_cluster_3_445_i1                                                | 0           | 0                     | 1                     | 0                    | 0.000          | 1   | 0   | 0    |
| output_from_cluster_6_428_i1                                             | 0           | 0                     | 0                     | 0                    | 0.000          | 0   | 1   | 0    |
| input_to_cluster_3_429_i1                                                | 0           | 0                     | 1                     | 0                    | 0.000          | 1   | 0   | 0    |
| concat6                                                                  | 1           | 0                     | 1                     | 3                    | 0.000          | 0   | 0   | 1    |
| output_from_cluster_3_446_i1                                             | 0           | 0                     | 0                     | 0                    | 0.000          | 0   | 1   | 0    |
| input_to_cluster_4_447_i1                                                | 0           | 0                     | 1                     | 0                    | 0.000          | 1   | 0   | 0    |
| conv31                                                                   | 2           | 4                     | 1                     | 1                    | 0.000          | 0   | 0   | 1    |
| output_from_cluster_4_448_i1                                             | 0           | 0                     | 0                     | 0                    | 0.000          | 0   | 1   | 0    |
| input_to_cluster_5_449_i1                                                | 0           | 0                     | 1                     | 0                    | 0.000          | 1   | 0   | 0    |
| conv32                                                                   | 1           | 1                     | 1                     | 1                    | 0.000          | 0   | 0   | 1    |
| output_from_cluster_5_450_i1                                             | 0           | 0                     | 0                     | 0                    | 0.000          | 0   | 1   | 0    |
| input_to_cluster_6_451_i1                                                | 0           | 0                     | 1                     | 0                    | 0.000          | 1   | 0   | 0    |
| input_to_cluster_3_452_i1                                                | 0           | 0                     | 1                     | 0                    | 0.000          | 1   | 0   | 0    |
| maxpool1                                                                 | 1           | 0                     | 2                     | 1                    | 0.000          | 0   | 0   | 1    |
| maxpool2                                                                 | 1           | 0                     | 1                     | 1                    | 0.000          | 0   | 0   | 1    |
| output_from_cluster_3_455_i1                                             | 0           | 0                     | 0                     | 0                    | 0.000          | 0   | 1   | 0    |
| input_to_cluster_6_456_i1                                                | 0           | 0                     | 2                     | 0                    | 0.000          | 1   | 0   | 0    |
| maxpool3                                                                 | 1           | 0                     | 1                     | 1                    | 0.000          | 0   | 0   | 1    |
| output_from_cluster_3_453_i1                                             | 0           | 0                     | 0                     | 0                    | 0.000          | 0   | 1   | 0    |
| input_to_cluster_6_454_i1                                                | 0           | 0                     | 1                     | 0                    | 0.000          | 1   | 0   | 0    |
| concat7                                                                  | 1           | 0                     | 1                     | 4                    | 0.000          | 0   | 0   | 1    |
| output_from_cluster_6_457_i1                                             | 0           | 0                     | 0                     | 0                    | 0.000          | 0   | 1   | 0    |
| input_to_cluster_3_458_i1                                                | 0           | 0                     | 1                     | 0                    | 0.000          | 1   | 0   | 0    |
| conv33                                                                   | 4           | 4                     | 2                     | 1                    | 0.000          | 0   | 0   | 1    |
| conv_feature_splitter5_2                                                 | 1           | 1                     | 3                     | 1                    | 0.000          | 0   | 0   | 1    |
| conv_feature_splitter6_3                                                 | 1           | 1                     | 1                     | 2                    | 0.000          | 0   | 0   | 1    |
| output_from_cluster_3_466_i1                                             | 0           | 0                     | 0                     | 0                    | 0.000          | 0   | 1   | 0    |
| gate_candidate_gate_candidate_context_0_to_gate_candidate_context_1_2888 | 0           | 0                     | 0                     | 0                    | 0.500          | 0   | 0   | 0    |
| output_from_cluster_3_462_i1                                             | 0           | 0                     | 0                     | 0                    | 0.000          | 0   | 1   | 0    |
| input_to_cluster_5_463_i1                                                | 0           | 0                     | 2                     | 0                    | 0.000          | 1   | 0   | 0    |
| conv_feature_splitter6_1                                                 | 1           | 1                     | 1                     | 1                    | 0.000          | 0   | 0   | 1    |
| output_from_cluster_5_464_i1                                             | 0           | 0                     | 0                     | 0                    | 0.000          | 0   | 1   | 0    |
| gate_candidate_gate_candidate_context_0_to_gate_candidate_context_1_2884 | 0           | 0                     | 0                     | 0                    | 0.500          | 0   | 0   | 0    |
| conv_feature_splitter6_2                                                 | 1           | 1                     | 1                     | 1                    | 0.000          | 0   | 0   | 1    |
| output_from_cluster_5_465_i1                                             | 0           | 0                     | 0                     | 0                    | 0.000          | 0   | 1   | 0    |
| gate_candidate_gate_candidate_context_0_to_gate_candidate_context_1_2886 | 0           | 0                     | 0                     | 0                    | 0.500          | 0   | 0   | 0    |
| gate_candidate_gate_candidate_context_0_to_gate_candidate_context_1_2882 | 0           | 0                     | 0                     | 0                    | 0.500          | 0   | 0   | 0    |
| output_from_cluster_3_459_i1                                             | 0           | 0                     | 0                     | 0                    | 0.000          | 0   | 1   | 0    |
| input_to_cluster_5_460_i1                                                | 0           | 0                     | 1                     | 0                    | 0.000          | 1   | 0   | 0    |
| conv_feature_splitter5_1                                                 | 1           | 1                     | 1                     | 1                    | 0.000          | 0   | 0   | 1    |
| output_from_cluster_5_461_i1                                             | 0           | 0                     | 0                     | 0                    | 0.000          | 0   | 1   | 0    |
| gate_candidate_gate_candidate_context_0_to_gate_candidate_context_1_2880 | 0           | 0                     | 0                     | 0                    | 0.500          | 0   | 0   | 0    |
| output_from_cluster_6_425_i1                                             | 0           | 0                     | 0                     | 0                    | 0.000          | 0   | 1   | 0    |
| gate_candidate_gate_candidate_context_0_to_gate_candidate_context_1_2878 | 0           | 0                     | 0                     | 0                    | 0.500          | 0   | 0   | 0    |
| gate_candidate_gate_candidate_context_0_to_gate_candidate_context_1_2876 | 0           | 0                     | 0                     | 0                    | 0.500          | 0   | 0   | 0    |
+--------------------------------------------------------------------------+-------------+-----------------------+-----------------------+----------------------+----------------+-----+-----+------+
TOTAL:  LCUs: 77 (60.1562%), Subclusters: 143 (27.9297%), Weight memory cuts: 134 (13.0859%), L3 Output memory cuts: 199 (19.4336%), L3 Input memory cuts: 142 (13.8672%), L3 total cuts: 333 (32.5195%), L4 memory cuts: 0 (0%), IBs: 54 (84.375%), OBs: 55 (85.9375%), APUs: 77 (48.125%)
[2026-09-25 17:23:52.019] [default] [info] Post-Split Buffers for gate_candidate_context_0, iteration 1 (CP) buffers:
+------------------------------+--------------------------------------------------------------------------+----------------------------+
| Src                          | Dst                                                                      | Buffers                    |
+------------------------------+--------------------------------------------------------------------------+----------------------------+
| input_layer1                 | input_to_cluster_0_358_i1                                                | 2 (L3 memory cuts: 1)      |
| input_to_cluster_0_358_i1    | normalization1_sd0                                                       | 3 (L3 memory cuts: 1)      |
| input_to_cluster_0_358_i1    | normalization1_sd1                                                       | 3 (L3 memory cuts: 1)      |
| normalization1_sd0           | normalization1_sdc                                                       | 2 (L3 memory cuts: 1)      |
| normalization1_sd1           | normalization1_sdc                                                       | 2 (L3 memory cuts: 1)      |
| normalization1_sdc           | output_from_cluster_0_359_i1                                             | 2[RPC] (L3 memory cuts: 2) |
| output_from_cluster_0_359_i1 | input_to_cluster_2_360_i1                                                | 2[RPC] (L3 memory cuts: 2) |
| input_to_cluster_2_360_i1    | conv1_ws                                                                 | 2[RPC] (L3 memory cuts: 2) |
| conv1_ws                     | conv1_sd0                                                                | 2 (L3 memory cuts: 1)      |
| conv1_ws                     | output_from_cluster_2_361_i1                                             | 1 (L3 memory cuts: 1)      |
| conv1_ws                     | output_from_cluster_2_363_i1                                             | 1 (L3 memory cuts: 1)      |
| conv1_ws                     | conv1_sd3                                                                | 2 (L3 memory cuts: 1)      |
| conv1_sd0                    | output_from_cluster_2_365_i1                                             | 1[RPC] (L3 memory cuts: 1) |
| output_from_cluster_2_365_i1 | input_to_cluster_0_366_i1                                                | 2[RPC] (L3 memory cuts: 2) |
| input_to_cluster_0_366_i1    | conv1_sdc                                                                | 1[RPC] (L3 memory cuts: 1) |
| conv1_sd3                    | output_from_cluster_2_367_i1                                             | 1[RPC] (L3 memory cuts: 1) |
| output_from_cluster_2_367_i1 | input_to_cluster_0_368_i1                                                | 2[RPC] (L3 memory cuts: 2) |
| input_to_cluster_0_368_i1    | conv1_sdc                                                                | 1[RPC] (L3 memory cuts: 1) |
| output_from_cluster_2_361_i1 | input_to_cluster_0_362_i1                                                | 2 (L3 memory cuts: 1)      |
| input_to_cluster_0_362_i1    | conv1_sd1                                                                | 2 (L3 memory cuts: 1)      |
| conv1_sd1                    | conv1_sdc                                                                | 2[RPC] (L3 memory cuts: 2) |
| output_from_cluster_2_363_i1 | input_to_cluster_0_364_i1                                                | 2 (L3 memory cuts: 1)      |
| input_to_cluster_0_364_i1    | conv1_sd2                                                                | 2 (L3 memory cuts: 1)      |
| conv1_sd2                    | conv1_sdc                                                                | 2[RPC] (L3 memory cuts: 2) |
| conv1_sdc                    | conv2_ws                                                                 | 2[RPC] (L3 memory cuts: 2) |
| conv2_ws                     | conv2_sd0                                                                | 3[RPC] (L3 memory cuts: 3) |
| conv2_ws                     | conv2_sd1                                                                | 3[RPC] (L3 memory cuts: 3) |
| conv2_ws                     | conv2_sd2                                                                | 2[RPC] (L3 memory cuts: 2) |
| conv2_sd0                    | output_from_cluster_0_369_i1                                             | 1[RPC] (L3 memory cuts: 1) |
| output_from_cluster_0_369_i1 | input_to_cluster_2_370_i1                                                | 2[RPC] (L3 memory cuts: 2) |
| input_to_cluster_2_370_i1    | conv2_sdc                                                                | 1[RPC] (L3 memory cuts: 1) |
| conv2_sd1                    | output_from_cluster_0_371_i1                                             | 1[RPC] (L3 memory cuts: 1) |
| output_from_cluster_0_371_i1 | input_to_cluster_2_372_i1                                                | 2[RPC] (L3 memory cuts: 2) |
| input_to_cluster_2_372_i1    | conv2_sdc                                                                | 1[RPC] (L3 memory cuts: 1) |
| conv2_sd2                    | output_from_cluster_0_373_i1                                             | 1 (L3 memory cuts: 1)      |
| output_from_cluster_0_373_i1 | input_to_cluster_2_374_i1                                                | 2 (L3 memory cuts: 1)      |
| input_to_cluster_2_374_i1    | conv2_sdc                                                                | 1 (L3 memory cuts: 1)      |
| conv2_sdc                    | output_from_cluster_2_375_i1                                             | 1 (L3 memory cuts: 1)      |
| output_from_cluster_2_375_i1 | input_to_cluster_4_377_i1                                                | 2 (L3 memory cuts: 1)      |
| output_from_cluster_2_375_i1 | input_to_cluster_5_376_i1                                                | 2 (L3 memory cuts: 1)      |
| input_to_cluster_5_376_i1    | conv_feature_splitter1_2                                                 | 2 (L3 memory cuts: 1)      |
| conv_feature_splitter1_2     | conv4                                                                    | 4[RPC] (L3 memory cuts: 4) |
| conv_feature_splitter1_2     | ew_add1                                                                  | 7[RPC] (L3 memory cuts: 7) |
| conv_feature_splitter1_2     | output_from_cluster_5_380_i1                                             | 1[RPC] (L3 memory cuts: 1) |
| conv4                        | output_from_cluster_5_382_i1                                             | 4[S] (L3 memory cuts: 1)   |
| output_from_cluster_5_382_i1 | input_to_cluster_4_383_i1                                                | 2[S] (L3 memory cuts: 1)   |
| input_to_cluster_4_383_i1    | conv5                                                                    | 9[S] (L3 memory cuts: 1)   |
| conv5                        | output_from_cluster_4_384_i1                                             | 2 (L3 memory cuts: 1)      |
| output_from_cluster_4_384_i1 | input_to_cluster_5_385_i1                                                | 2 (L3 memory cuts: 1)      |
| input_to_cluster_5_385_i1    | ew_add1                                                                  | 1 (L3 memory cuts: 1)      |
| ew_add1                      | output_from_cluster_5_386_i1                                             | 1 (L3 memory cuts: 1)      |
| output_from_cluster_5_386_i1 | input_to_cluster_2_387_i1                                                | 2 (L3 memory cuts: 1)      |
| input_to_cluster_2_387_i1    | concat1                                                                  | 3 (L3 memory cuts: 1)      |
| output_from_cluster_5_380_i1 | input_to_cluster_2_381_i1                                                | 2[RPC] (L3 memory cuts: 2) |
| input_to_cluster_2_381_i1    | concat1                                                                  | 7[RPC] (L3 memory cuts: 7) |
| input_to_cluster_4_377_i1    | conv_feature_splitter1_1                                                 | 2 (L3 memory cuts: 1)      |
| conv_feature_splitter1_1     | output_from_cluster_4_378_i1                                             | 1[RPC] (L3 memory cuts: 1) |
| output_from_cluster_4_378_i1 | input_to_cluster_2_379_i1                                                | 2[RPC] (L3 memory cuts: 2) |
| input_to_cluster_2_379_i1    | concat1                                                                  | 7[RPC] (L3 memory cuts: 7) |
| concat1                      | output_from_cluster_2_388_i1                                             | 3[S] (L3 memory cuts: 1)   |
| output_from_cluster_2_388_i1 | input_to_cluster_4_389_i1                                                | 2[S] (L3 memory cuts: 1)   |
| input_to_cluster_4_389_i1    | conv6                                                                    | 3[S] (L3 memory cuts: 1)   |
| conv6                        | conv7_ws                                                                 | 2[RPC] (L3 memory cuts: 2) |
| conv7_ws                     | output_from_cluster_4_392_i1                                             | 1[RPC] (L3 memory cuts: 1) |
| conv7_ws                     | output_from_cluster_4_390_i1                                             | 1[RPC] (L3 memory cuts: 1) |
| conv7_ws                     | conv7_sd2                                                                | 2[RPC] (L3 memory cuts: 2) |
| conv7_sd2                    | conv7_sdc                                                                | 1 (L3 memory cuts: 1)      |
| output_from_cluster_4_390_i1 | input_to_cluster_0_391_i1                                                | 2[RPC] (L3 memory cuts: 2) |
| input_to_cluster_0_391_i1    | conv7_sd1                                                                | 2[RPC] (L3 memory cuts: 2) |
| conv7_sd1                    | output_from_cluster_0_396_i1                                             | 1 (L3 memory cuts: 1)      |
| output_from_cluster_0_396_i1 | input_to_cluster_4_397_i1                                                | 2 (L3 memory cuts: 1)      |
| input_to_cluster_4_397_i1    | conv7_sdc                                                                | 1 (L3 memory cuts: 1)      |
| output_from_cluster_4_392_i1 | input_to_cluster_2_393_i1                                                | 2[RPC] (L3 memory cuts: 2) |
| input_to_cluster_2_393_i1    | conv7_sd0                                                                | 2[RPC] (L3 memory cuts: 2) |
| conv7_sd0                    | output_from_cluster_2_394_i1                                             | 1[RPC] (L3 memory cuts: 1) |
| output_from_cluster_2_394_i1 | input_to_cluster_4_395_i1                                                | 2[RPC] (L3 memory cuts: 2) |
| input_to_cluster_4_395_i1    | conv7_sdc                                                                | 1[RPC] (L3 memory cuts: 1) |
| conv7_sdc                    | conv_feature_splitter2_1                                                 | 1 (L3 memory cuts: 1)      |
| conv7_sdc                    | conv_feature_splitter2_2                                                 | 1 (L3 memory cuts: 1)      |
| conv_feature_splitter2_1     | concat2                                                                  | 5 (L3 memory cuts: 1)      |
| conv_feature_splitter2_2     | conv9                                                                    | 5 (L3 memory cuts: 1)      |
| conv_feature_splitter2_2     | ew_add2                                                                  | 5 (L3 memory cuts: 1)      |
| conv_feature_splitter2_2     | concat2                                                                  | 5 (L3 memory cuts: 1)      |
| conv9                        | conv10                                                                   | 9[S] (L3 memory cuts: 1)   |
| conv10                       | ew_add2                                                                  | 2 (L3 memory cuts: 1)      |
| ew_add2                      | concat2                                                                  | 2 (L3 memory cuts: 1)      |
| concat2                      | output_from_cluster_4_398_i1                                             | 2[S] (L3 memory cuts: 1)   |
| output_from_cluster_4_398_i1 | input_to_cluster_7_399_i1                                                | 2[S] (L3 memory cuts: 1)   |
| input_to_cluster_7_399_i1    | conv11                                                                   | 4[S] (L3 memory cuts: 1)   |
| conv11                       | output_from_cluster_7_400_i1                                             | 2[RPC] (L3 memory cuts: 2) |
| output_from_cluster_7_400_i1 | gate_candidate_gate_candidate_context_0_to_gate_candidate_context_1_2876 | 2 (L3 memory cuts: 1)      |
| output_from_cluster_7_400_i1 | input_to_cluster_1_401_i1                                                | 2 (L3 memory cuts: 1)      |
| input_to_cluster_1_401_i1    | conv12_ws                                                                | 1[RPC] (L3 memory cuts: 1) |
| conv12_ws                    | output_from_cluster_1_402_i1                                             | 1 (L3 memory cuts: 1)      |
| conv12_ws                    | conv12_sd1                                                               | 1 (L3 memory cuts: 1)      |
| conv12_sd1                   | conv12_sdc                                                               | 1 (L3 memory cuts: 1)      |
| output_from_cluster_1_402_i1 | input_to_cluster_3_403_i1                                                | 2 (L3 memory cuts: 1)      |
| input_to_cluster_3_403_i1    | conv12_sd0                                                               | 2 (L3 memory cuts: 1)      |
| conv12_sd0                   | output_from_cluster_3_404_i1                                             | 1 (L3 memory cuts: 1)      |
| output_from_cluster_3_404_i1 | input_to_cluster_1_405_i1                                                | 2 (L3 memory cuts: 1)      |
| input_to_cluster_1_405_i1    | conv12_sdc                                                               | 1 (L3 memory cuts: 1)      |
| conv12_sdc                   | conv_feature_splitter3_1                                                 | 2[RPC] (L3 memory cuts: 2) |
| conv12_sdc                   | conv_feature_splitter3_2                                                 | 2[RPC] (L3 memory cuts: 2) |
| conv_feature_splitter3_1     | output_from_cluster_1_406_i1                                             | 1[S] (L3 memory cuts: 1)   |
| output_from_cluster_1_406_i1 | input_to_cluster_6_407_i1                                                | 2[S] (L3 memory cuts: 1)   |
| input_to_cluster_6_407_i1    | concat4                                                                  | 39[S] (L3 memory cuts: 1)  |
| conv_feature_splitter3_2     | conv14                                                                   | 1[S] (L3 memory cuts: 1)   |
| conv_feature_splitter3_2     | conv15                                                                   | 1[S] (L3 memory cuts: 1)   |
| conv_feature_splitter3_2     | output_from_cluster_1_408_i1                                             | 1[S] (L3 memory cuts: 1)   |
| conv14                       | conv16                                                                   | 3 (L3 memory cuts: 1)      |
| conv14                       | output_from_cluster_1_410_i1                                             | 3 (L3 memory cuts: 1)      |
| conv16                       | output_from_cluster_1_412_i1                                             | 1[S] (L3 memory cuts: 1)   |
| output_from_cluster_1_412_i1 | input_to_cluster_4_413_i1                                                | 2[S] (L3 memory cuts: 1)   |
| input_to_cluster_4_413_i1    | conv17                                                                   | 5[S] (L3 memory cuts: 1)   |
| conv17                       | ew_add3                                                                  | 1 (L3 memory cuts: 1)      |
| output_from_cluster_1_410_i1 | input_to_cluster_4_411_i1                                                | 2 (L3 memory cuts: 1)      |
| input_to_cluster_4_411_i1    | ew_add3                                                                  | 4 (L3 memory cuts: 1)      |
| ew_add3                      | output_from_cluster_4_414_i1                                             | 1 (L3 memory cuts: 1)      |
| output_from_cluster_4_414_i1 | input_to_cluster_1_416_i1                                                | 2 (L3 memory cuts: 1)      |
| output_from_cluster_4_414_i1 | input_to_cluster_7_415_i1                                                | 2 (L3 memory cuts: 1)      |
| input_to_cluster_7_415_i1    | ew_add4                                                                  | 4 (L3 memory cuts: 1)      |
| input_to_cluster_1_416_i1    | conv18                                                                   | 2 (L3 memory cuts: 1)      |
| conv18                       | output_from_cluster_1_417_i1                                             | 1[S] (L3 memory cuts: 1)   |
| output_from_cluster_1_417_i1 | input_to_cluster_5_418_i1                                                | 2[S] (L3 memory cuts: 1)   |
| input_to_cluster_5_418_i1    | conv19                                                                   | 5[S] (L3 memory cuts: 1)   |
| conv19                       | output_from_cluster_5_419_i1                                             | 1 (L3 memory cuts: 1)      |
| output_from_cluster_5_419_i1 | input_to_cluster_7_420_i1                                                | 2 (L3 memory cuts: 1)      |
| input_to_cluster_7_420_i1    | ew_add4                                                                  | 1 (L3 memory cuts: 1)      |
| ew_add4                      | concat3                                                                  | 3 (L3 memory cuts: 1)      |
| conv15                       | output_from_cluster_1_421_i1                                             | 1 (L3 memory cuts: 1)      |
| output_from_cluster_1_421_i1 | input_to_cluster_7_422_i1                                                | 2 (L3 memory cuts: 1)      |
| input_to_cluster_7_422_i1    | concat3                                                                  | 8 (L3 memory cuts: 1)      |
| concat3                      | conv20                                                                   | 2[S] (L3 memory cuts: 1)   |
| conv20                       | output_from_cluster_7_423_i1                                             | 1[S] (L3 memory cuts: 1)   |
| output_from_cluster_7_423_i1 | input_to_cluster_6_424_i1                                                | 2[S] (L3 memory cuts: 1)   |
| input_to_cluster_6_424_i1    | concat4                                                                  | 1[S] (L3 memory cuts: 1)   |
| output_from_cluster_1_408_i1 | input_to_cluster_6_409_i1                                                | 2[S] (L3 memory cuts: 1)   |
| input_to_cluster_6_409_i1    | concat4                                                                  | 39[S] (L3 memory cuts: 1)  |
| concat4                      | conv21                                                                   | 1[S] (L3 memory cuts: 1)   |
| conv21                       | conv22                                                                   | 2 (L3 memory cuts: 1)      |
| conv21                       | output_from_cluster_6_425_i1                                             | 2 (L3 memory cuts: 1)      |
| conv22                       | conv_feature_splitter4_1                                                 | 2 (L3 memory cuts: 1)      |
| conv22                       | conv_feature_splitter4_2                                                 | 2 (L3 memory cuts: 1)      |
| conv_feature_splitter4_1     | output_from_cluster_6_426_i1                                             | 1[S] (L3 memory cuts: 1)   |
| output_from_cluster_6_426_i1 | input_to_cluster_3_427_i1                                                | 2[S] (L3 memory cuts: 1)   |
| input_to_cluster_3_427_i1    | concat6                                                                  | 28[S] (L3 memory cuts: 1)  |
| conv_feature_splitter4_2     | conv24                                                                   | 1[S] (L3 memory cuts: 1)   |
| conv_feature_splitter4_2     | conv25                                                                   | 1[S] (L3 memory cuts: 1)   |
| conv_feature_splitter4_2     | output_from_cluster_6_428_i1                                             | 1[S] (L3 memory cuts: 1)   |
| conv24                       | conv26                                                                   | 6 (L3 memory cuts: 1)      |
| conv24                       | ew_add5                                                                  | 6 (L3 memory cuts: 1)      |
| conv26                       | output_from_cluster_6_430_i1                                             | 1[S] (L3 memory cuts: 1)   |
| output_from_cluster_6_430_i1 | input_to_cluster_7_431_i1                                                | 2[S] (L3 memory cuts: 1)   |
| input_to_cluster_7_431_i1    | conv27                                                                   | 5[S] (L3 memory cuts: 1)   |
| conv27                       | output_from_cluster_7_432_i1                                             | 1 (L3 memory cuts: 1)      |
| output_from_cluster_7_432_i1 | input_to_cluster_6_433_i1                                                | 2 (L3 memory cuts: 1)      |
| input_to_cluster_6_433_i1    | ew_add5                                                                  | 1 (L3 memory cuts: 1)      |
| ew_add5                      | output_from_cluster_6_434_i1                                             | 4 (L3 memory cuts: 1)      |
| ew_add5                      | ew_add6                                                                  | 4 (L3 memory cuts: 1)      |
| output_from_cluster_6_434_i1 | input_to_cluster_3_435_i1                                                | 2 (L3 memory cuts: 1)      |
| input_to_cluster_3_435_i1    | conv28                                                                   | 2 (L3 memory cuts: 1)      |
| conv28                       | output_from_cluster_3_436_i1                                             | 1[S] (L3 memory cuts: 1)   |
| output_from_cluster_3_436_i1 | input_to_cluster_7_437_i1                                                | 2[S] (L3 memory cuts: 1)   |
| input_to_cluster_7_437_i1    | conv29                                                                   | 5[S] (L3 memory cuts: 1)   |
| conv29                       | output_from_cluster_7_438_i1                                             | 1 (L3 memory cuts: 1)      |
| output_from_cluster_7_438_i1 | input_to_cluster_6_439_i1                                                | 2 (L3 memory cuts: 1)      |
| input_to_cluster_6_439_i1    | ew_add6                                                                  | 1 (L3 memory cuts: 1)      |
| ew_add6                      | output_from_cluster_6_440_i1                                             | 1 (L3 memory cuts: 1)      |
| output_from_cluster_6_440_i1 | input_to_cluster_1_441_i1                                                | 2 (L3 memory cuts: 1)      |
| input_to_cluster_1_441_i1    | concat5                                                                  | 2 (L3 memory cuts: 1)      |
| conv25                       | output_from_cluster_6_442_i1                                             | 1 (L3 memory cuts: 1)      |
| output_from_cluster_6_442_i1 | input_to_cluster_1_443_i1                                                | 2 (L3 memory cuts: 1)      |
| input_to_cluster_1_443_i1    | concat5                                                                  | 9 (L3 memory cuts: 1)      |
| concat5                      | conv30                                                                   | 2[S] (L3 memory cuts: 1)   |
| conv30                       | output_from_cluster_1_444_i1                                             | 1[S] (L3 memory cuts: 1)   |
| output_from_cluster_1_444_i1 | input_to_cluster_3_445_i1                                                | 2[S] (L3 memory cuts: 1)   |
| input_to_cluster_3_445_i1    | concat6                                                                  | 1[S] (L3 memory cuts: 1)   |
| output_from_cluster_6_428_i1 | input_to_cluster_3_429_i1                                                | 2[S] (L3 memory cuts: 1)   |
| input_to_cluster_3_429_i1    | concat6                                                                  | 28[S] (L3 memory cuts: 1)  |
| concat6                      | output_from_cluster_3_446_i1                                             | 1[S] (L3 memory cuts: 1)   |
| output_from_cluster_3_446_i1 | input_to_cluster_4_447_i1                                                | 2[S] (L3 memory cuts: 1)   |
| input_to_cluster_4_447_i1    | conv31                                                                   | 2[S] (L3 memory cuts: 1)   |
| conv31                       | output_from_cluster_4_448_i1                                             | 1[S] (L3 memory cuts: 1)   |
| output_from_cluster_4_448_i1 | input_to_cluster_5_449_i1                                                | 2[S] (L3 memory cuts: 1)   |
| input_to_cluster_5_449_i1    | conv32                                                                   | 1[S] (L3 memory cuts: 1)   |
| conv32                       | output_from_cluster_5_450_i1                                             | 1 (L3 memory cuts: 1)      |
| output_from_cluster_5_450_i1 | input_to_cluster_3_452_i1                                                | 2 (L3 memory cuts: 1)      |
| output_from_cluster_5_450_i1 | input_to_cluster_6_451_i1                                                | 2 (L3 memory cuts: 1)      |
| input_to_cluster_6_451_i1    | concat7                                                                  | 10 (L3 memory cuts: 1)     |
| input_to_cluster_3_452_i1    | maxpool1                                                                 | 6 (L3 memory cuts: 1)      |
| maxpool1                     | maxpool2                                                                 | 7 (L3 memory cuts: 1)      |
| maxpool1                     | output_from_cluster_3_453_i1                                             | 7 (L3 memory cuts: 1)      |
| maxpool2                     | output_from_cluster_3_455_i1                                             | 2 (L3 memory cuts: 1)      |
| output_from_cluster_3_455_i1 | input_to_cluster_6_456_i1                                                | 2 (L3 memory cuts: 1)      |
| input_to_cluster_6_456_i1    | maxpool3                                                                 | 6 (L3 memory cuts: 1)      |
| input_to_cluster_6_456_i1    | concat7                                                                  | 6 (L3 memory cuts: 1)      |
| maxpool3                     | concat7                                                                  | 4 (L3 memory cuts: 1)      |
| output_from_cluster_3_453_i1 | input_to_cluster_6_454_i1                                                | 2 (L3 memory cuts: 1)      |
| input_to_cluster_6_454_i1    | concat7                                                                  | 8 (L3 memory cuts: 1)      |
| concat7                      | output_from_cluster_6_457_i1                                             | 2[S] (L3 memory cuts: 1)   |
| output_from_cluster_6_457_i1 | input_to_cluster_3_458_i1                                                | 2[S] (L3 memory cuts: 1)   |
| input_to_cluster_3_458_i1    | conv33                                                                   | 1[S] (L3 memory cuts: 1)   |
| conv33                       | output_from_cluster_3_459_i1                                             | 1[S] (L3 memory cuts: 1)   |
| conv33                       | conv_feature_splitter5_2                                                 | 1[S] (L3 memory cuts: 1)   |
| conv_feature_splitter5_2     | conv_feature_splitter6_3                                                 | 2[RPC] (L3 memory cuts: 2) |
| conv_feature_splitter5_2     | output_from_cluster_3_462_i1                                             | 1[RPC] (L3 memory cuts: 1) |
| conv_feature_splitter6_3     | output_from_cluster_3_466_i1                                             | 1 (L3 memory cuts: 1)      |
| output_from_cluster_3_466_i1 | gate_candidate_gate_candidate_context_0_to_gate_candidate_context_1_2888 | 1 (L3 memory cuts: 1)      |
| output_from_cluster_3_462_i1 | gate_candidate_gate_candidate_context_0_to_gate_candidate_context_1_2882 | 2 (L3 memory cuts: 1)      |
| output_from_cluster_3_462_i1 | input_to_cluster_5_463_i1                                                | 2 (L3 memory cuts: 1)      |
| input_to_cluster_5_463_i1    | conv_feature_splitter6_1                                                 | 1[RPC] (L3 memory cuts: 1) |
| input_to_cluster_5_463_i1    | conv_feature_splitter6_2                                                 | 1[RPC] (L3 memory cuts: 1) |
| conv_feature_splitter6_1     | output_from_cluster_5_464_i1                                             | 1 (L3 memory cuts: 1)      |
| output_from_cluster_5_464_i1 | gate_candidate_gate_candidate_context_0_to_gate_candidate_context_1_2884 | 1 (L3 memory cuts: 1)      |
| conv_feature_splitter6_2     | output_from_cluster_5_465_i1                                             | 1 (L3 memory cuts: 1)      |
| output_from_cluster_5_465_i1 | gate_candidate_gate_candidate_context_0_to_gate_candidate_context_1_2886 | 1 (L3 memory cuts: 1)      |
| output_from_cluster_3_459_i1 | input_to_cluster_5_460_i1                                                | 2[S] (L3 memory cuts: 1)   |
| input_to_cluster_5_460_i1    | conv_feature_splitter5_1                                                 | 1[S] (L3 memory cuts: 1)   |
| conv_feature_splitter5_1     | output_from_cluster_5_461_i1                                             | 1 (L3 memory cuts: 1)      |
| output_from_cluster_5_461_i1 | gate_candidate_gate_candidate_context_0_to_gate_candidate_context_1_2880 | 1 (L3 memory cuts: 1)      |
| output_from_cluster_6_425_i1 | gate_candidate_gate_candidate_context_0_to_gate_candidate_context_1_2878 | 1 (L3 memory cuts: 1)      |
+------------------------------+--------------------------------------------------------------------------+----------------------------+
[2026-09-25 17:23:52.551] [default] [info] Post-Final-Split Resources for gate_candidate_context_0, iteration 4
+--------------------------------------------------------------------------+-------------+-----------------------+-----------------------+----------------------+----------------+-----+-----+------+
| Node                                                                     | Subclusters | L3 Weight Memory Cuts | L3 Output Memory Cuts | L3 Input Memory Cuts | L4 Memory Cuts | IBs | OBs | APUs |
+--------------------------------------------------------------------------+-------------+-----------------------+-----------------------+----------------------+----------------+-----+-----+------+
| input_layer1                                                             | 0           | 0                     | 0                     | 0                    | 0.500          | 0   | 0   | 0    |
| input_to_cluster_0_358_i1                                                | 0           | 0                     | 2                     | 0                    | 0.000          | 1   | 0   | 0    |
| normalization1_sd0                                                       | 1           | 1                     | 1                     | 1                    | 0.000          | 0   | 0   | 1    |
| normalization1_sd1                                                       | 1           | 1                     | 1                     | 1                    | 0.000          | 0   | 0   | 1    |
| normalization1_sdc                                                       | 1           | 0                     | 2                     | 2                    | 0.000          | 0   | 0   | 1    |
| output_from_cluster_0_359_i1                                             | 0           | 0                     | 0                     | 0                    | 0.000          | 0   | 1   | 0    |
| input_to_cluster_2_360_i1                                                | 0           | 0                     | 2                     | 0                    | 0.000          | 1   | 0   | 0    |
| conv1_ws                                                                 | 1           | 0                     | 4                     | 2                    | 0.000          | 0   | 0   | 1    |
| conv1_sd0                                                                | 1           | 1                     | 1                     | 1                    | 0.000          | 0   | 0   | 1    |
| output_from_cluster_2_365_i1                                             | 0           | 0                     | 0                     | 0                    | 0.000          | 0   | 1   | 0    |
| input_to_cluster_0_366_i1                                                | 0           | 0                     | 1                     | 0                    | 0.000          | 1   | 0   | 0    |
| conv1_sd3                                                                | 1           | 1                     | 1                     | 1                    | 0.000          | 0   | 0   | 1    |
| output_from_cluster_2_367_i1                                             | 0           | 0                     | 0                     | 0                    | 0.000          | 0   | 1   | 0    |
| input_to_cluster_0_368_i1                                                | 0           | 0                     | 1                     | 0                    | 0.000          | 1   | 0   | 0    |
| output_from_cluster_2_361_i1                                             | 0           | 0                     | 0                     | 0                    | 0.000          | 0   | 1   | 0    |
| input_to_cluster_0_362_i1                                                | 0           | 0                     | 1                     | 0                    | 0.000          | 1   | 0   | 0    |
| conv1_sd1                                                                | 1           | 1                     | 2                     | 1                    | 0.000          | 0   | 0   | 1    |
| output_from_cluster_2_363_i1                                             | 0           | 0                     | 0                     | 0                    | 0.000          | 0   | 1   | 0    |
| input_to_cluster_0_364_i1                                                | 0           | 0                     | 1                     | 0                    | 0.000          | 1   | 0   | 0    |
| conv1_sd2                                                                | 1           | 1                     | 2                     | 1                    | 0.000          | 0   | 0   | 1    |
| conv1_sdc                                                                | 1           | 0                     | 2                     | 6                    | 0.000          | 0   | 0   | 1    |
| conv2_ws                                                                 | 1           | 0                     | 8                     | 2                    | 0.000          | 0   | 0   | 1    |
| conv2_sd0                                                                | 4           | 4                     | 1                     | 3                    | 0.000          | 0   | 0   | 1    |
| output_from_cluster_0_369_i1                                             | 0           | 0                     | 0                     | 0                    | 0.000          | 0   | 1   | 0    |
| input_to_cluster_2_370_i1                                                | 0           | 0                     | 1                     | 0                    | 0.000          | 1   | 0   | 0    |
| conv2_sd1                                                                | 4           | 4                     | 1                     | 3                    | 0.000          | 0   | 0   | 1    |
| output_from_cluster_0_371_i1                                             | 0           | 0                     | 0                     | 0                    | 0.000          | 0   | 1   | 0    |
| input_to_cluster_2_372_i1                                                | 0           | 0                     | 1                     | 0                    | 0.000          | 1   | 0   | 0    |
| conv2_sd2                                                                | 4           | 4                     | 1                     | 2                    | 0.000          | 0   | 0   | 1    |
| output_from_cluster_0_373_i1                                             | 0           | 0                     | 0                     | 0                    | 0.000          | 0   | 1   | 0    |
| input_to_cluster_2_374_i1                                                | 0           | 0                     | 1                     | 0                    | 0.000          | 1   | 0   | 0    |
| conv2_sdc                                                                | 1           | 0                     | 1                     | 3                    | 0.000          | 0   | 0   | 1    |
| output_from_cluster_2_375_i1                                             | 0           | 0                     | 0                     | 0                    | 0.000          | 0   | 1   | 0    |
| input_to_cluster_5_376_i1                                                | 0           | 0                     | 1                     | 0                    | 0.000          | 1   | 0   | 0    |
| conv_feature_splitter1_2                                                 | 1           | 1                     | 12                    | 1                    | 0.000          | 0   | 0   | 1    |
| conv4                                                                    | 2           | 1                     | 1                     | 4                    | 0.000          | 0   | 0   | 1    |
| output_from_cluster_5_382_i1                                             | 0           | 0                     | 0                     | 0                    | 0.000          | 0   | 1   | 0    |
| input_to_cluster_4_383_i1                                                | 0           | 0                     | 1                     | 0                    | 0.000          | 1   | 0   | 0    |
| conv5                                                                    | 2           | 2                     | 1                     | 1                    | 0.000          | 0   | 0   | 1    |
| output_from_cluster_4_384_i1                                             | 0           | 0                     | 0                     | 0                    | 0.000          | 0   | 1   | 0    |
| input_to_cluster_5_385_i1                                                | 0           | 0                     | 1                     | 0                    | 0.000          | 1   | 0   | 0    |
| ew_add1                                                                  | 1           | 1                     | 1                     | 8                    | 0.000          | 0   | 0   | 1    |
| output_from_cluster_5_386_i1                                             | 0           | 0                     | 0                     | 0                    | 0.000          | 0   | 1   | 0    |
| input_to_cluster_2_387_i1                                                | 0           | 0                     | 1                     | 0                    | 0.000          | 1   | 0   | 0    |
| output_from_cluster_5_380_i1                                             | 0           | 0                     | 0                     | 0                    | 0.000          | 0   | 1   | 0    |
| input_to_cluster_2_381_i1                                                | 0           | 0                     | 7                     | 0                    | 0.000          | 1   | 0   | 0    |
| input_to_cluster_4_377_i1                                                | 0           | 0                     | 1                     | 0                    | 0.000          | 1   | 0   | 0    |
| conv_feature_splitter1_1                                                 | 1           | 1                     | 1                     | 1                    | 0.000          | 0   | 0   | 1    |
| output_from_cluster_4_378_i1                                             | 0           | 0                     | 0                     | 0                    | 0.000          | 0   | 1   | 0    |
| input_to_cluster_2_379_i1                                                | 0           | 0                     | 7                     | 0                    | 0.000          | 1   | 0   | 0    |
| concat1                                                                  | 1           | 0                     | 1                     | 15                   | 0.000          | 0   | 0   | 1    |
| output_from_cluster_2_388_i1                                             | 0           | 0                     | 0                     | 0                    | 0.000          | 0   | 1   | 0    |
| input_to_cluster_4_389_i1                                                | 0           | 0                     | 1                     | 0                    | 0.000          | 1   | 0   | 0    |
| conv6                                                                    | 4           | 4                     | 2                     | 1                    | 0.000          | 0   | 0   | 1    |
| conv7_ws                                                                 | 1           | 0                     | 4                     | 2                    | 0.000          | 0   | 0   | 1    |
| conv7_sd2                                                                | 8           | 8                     | 1                     | 2                    | 0.000          | 0   | 0   | 1    |
| output_from_cluster_4_390_i1                                             | 0           | 0                     | 0                     | 0                    | 0.000          | 0   | 1   | 0    |
| input_to_cluster_0_391_i1                                                | 0           | 0                     | 2                     | 0                    | 0.000          | 1   | 0   | 0    |
| conv7_sd1                                                                | 8           | 8                     | 1                     | 2                    | 0.000          | 0   | 0   | 1    |
| output_from_cluster_0_396_i1                                             | 0           | 0                     | 0                     | 0                    | 0.000          | 0   | 1   | 0    |
| input_to_cluster_4_397_i1                                                | 0           | 0                     | 1                     | 0                    | 0.000          | 1   | 0   | 0    |
| output_from_cluster_4_392_i1                                             | 0           | 0                     | 0                     | 0                    | 0.000          | 0   | 1   | 0    |
| input_to_cluster_2_393_i1                                                | 0           | 0                     | 2                     | 0                    | 0.000          | 1   | 0   | 0    |
| conv7_sd0                                                                | 8           | 8                     | 1                     | 2                    | 0.000          | 0   | 0   | 1    |
| output_from_cluster_2_394_i1                                             | 0           | 0                     | 0                     | 0                    | 0.000          | 0   | 1   | 0    |
| input_to_cluster_4_395_i1                                                | 0           | 0                     | 1                     | 0                    | 0.000          | 1   | 0   | 0    |
| conv7_sdc                                                                | 1           | 0                     | 2                     | 3                    | 0.000          | 0   | 0   | 1    |
| conv_feature_splitter2_1                                                 | 1           | 1                     | 1                     | 1                    | 0.000          | 0   | 0   | 1    |
| conv_feature_splitter2_2                                                 | 1           | 1                     | 3                     | 1                    | 0.000          | 0   | 0   | 1    |
| conv9                                                                    | 2           | 2                     | 1                     | 1                    | 0.000          | 0   | 0   | 1    |
| conv10                                                                   | 2           | 1                     | 1                     | 1                    | 0.000          | 0   | 0   | 1    |
| ew_add2                                                                  | 1           | 1                     | 1                     | 2                    | 0.000          | 0   | 0   | 1    |
| concat2                                                                  | 1           | 0                     | 1                     | 3                    | 0.000          | 0   | 0   | 1    |
| output_from_cluster_4_398_i1                                             | 0           | 0                     | 0                     | 0                    | 0.000          | 0   | 1   | 0    |
| input_to_cluster_7_399_i1                                                | 0           | 0                     | 1                     | 0                    | 0.000          | 1   | 0   | 0    |
| conv11                                                                   | 4           | 2                     | 2                     | 1                    | 0.000          | 0   | 0   | 1    |
| output_from_cluster_7_400_i1                                             | 0           | 0                     | 0                     | 0                    | 0.000          | 0   | 1   | 0    |
| input_to_cluster_1_401_i1                                                | 0           | 0                     | 1                     | 0                    | 0.000          | 1   | 0   | 0    |
| conv12_ws                                                                | 1           | 0                     | 2                     | 1                    | 0.000          | 0   | 0   | 1    |
| conv12_sd1                                                               | 8           | 8                     | 1                     | 1                    | 0.000          | 0   | 0   | 1    |
| output_from_cluster_1_402_i1                                             | 0           | 0                     | 0                     | 0                    | 0.000          | 0   | 1   | 0    |
| input_to_cluster_3_403_i1                                                | 0           | 0                     | 1                     | 0                    | 0.000          | 1   | 0   | 0    |
| conv12_sd0                                                               | 8           | 8                     | 1                     | 1                    | 0.000          | 0   | 0   | 1    |
| output_from_cluster_3_404_i1                                             | 0           | 0                     | 0                     | 0                    | 0.000          | 0   | 1   | 0    |
| input_to_cluster_1_405_i1                                                | 0           | 0                     | 1                     | 0                    | 0.000          | 1   | 0   | 0    |
| conv12_sdc                                                               | 1           | 0                     | 4                     | 2                    | 0.000          | 0   | 0   | 1    |
| conv_feature_splitter3_1                                                 | 1           | 1                     | 1                     | 2                    | 0.000          | 0   | 0   | 1    |
| output_from_cluster_1_406_i1                                             | 0           | 0                     | 0                     | 0                    | 0.000          | 0   | 1   | 0    |
| input_to_cluster_6_407_i1                                                | 0           | 0                     | 1                     | 0                    | 0.000          | 1   | 0   | 0    |
| conv_feature_splitter3_2                                                 | 1           | 1                     | 3                     | 2                    | 0.000          | 0   | 0   | 1    |
| conv14                                                                   | 1           | 1                     | 2                     | 1                    | 0.000          | 0   | 0   | 1    |
| conv16                                                                   | 1           | 1                     | 1                     | 1                    | 0.000          | 0   | 0   | 1    |
| output_from_cluster_1_412_i1                                             | 0           | 0                     | 0                     | 0                    | 0.000          | 0   | 1   | 0    |
| input_to_cluster_4_413_i1                                                | 0           | 0                     | 1                     | 0                    | 0.000          | 1   | 0   | 0    |
| conv17                                                                   | 1           | 1                     | 1                     | 1                    | 0.000          | 0   | 0   | 1    |
| output_from_cluster_1_410_i1                                             | 0           | 0                     | 0                     | 0                    | 0.000          | 0   | 1   | 0    |
| input_to_cluster_4_411_i1                                                | 0           | 0                     | 1                     | 0                    | 0.000          | 1   | 0   | 0    |
| ew_add3                                                                  | 1           | 1                     | 1                     | 2                    | 0.000          | 0   | 0   | 1    |
| output_from_cluster_4_414_i1                                             | 0           | 0                     | 0                     | 0                    | 0.000          | 0   | 1   | 0    |
| input_to_cluster_7_415_i1                                                | 0           | 0                     | 1                     | 0                    | 0.000          | 1   | 0   | 0    |
| input_to_cluster_1_416_i1                                                | 0           | 0                     | 1                     | 0                    | 0.000          | 1   | 0   | 0    |
| conv18                                                                   | 1           | 1                     | 1                     | 1                    | 0.000          | 0   | 0   | 1    |
| output_from_cluster_1_417_i1                                             | 0           | 0                     | 0                     | 0                    | 0.000          | 0   | 1   | 0    |
| input_to_cluster_5_418_i1                                                | 0           | 0                     | 1                     | 0                    | 0.000          | 1   | 0   | 0    |
| conv19                                                                   | 1           | 1                     | 1                     | 1                    | 0.000          | 0   | 0   | 1    |
| output_from_cluster_5_419_i1                                             | 0           | 0                     | 0                     | 0                    | 0.000          | 0   | 1   | 0    |
| input_to_cluster_7_420_i1                                                | 0           | 0                     | 1                     | 0                    | 0.000          | 1   | 0   | 0    |
| ew_add4                                                                  | 1           | 1                     | 1                     | 2                    | 0.000          | 0   | 0   | 1    |
| conv15                                                                   | 1           | 1                     | 1                     | 1                    | 0.000          | 0   | 0   | 1    |
| output_from_cluster_1_421_i1                                             | 0           | 0                     | 0                     | 0                    | 0.000          | 0   | 1   | 0    |
| input_to_cluster_7_422_i1                                                | 0           | 0                     | 1                     | 0                    | 0.000          | 1   | 0   | 0    |
| concat3                                                                  | 1           | 0                     | 1                     | 2                    | 0.000          | 0   | 0   | 1    |
| conv20                                                                   | 1           | 1                     | 1                     | 1                    | 0.000          | 0   | 0   | 1    |
| output_from_cluster_7_423_i1                                             | 0           | 0                     | 0                     | 0                    | 0.000          | 0   | 1   | 0    |
| input_to_cluster_6_424_i1                                                | 0           | 0                     | 1                     | 0                    | 0.000          | 1   | 0   | 0    |
| output_from_cluster_1_408_i1                                             | 0           | 0                     | 0                     | 0                    | 0.000          | 0   | 1   | 0    |
| input_to_cluster_6_409_i1                                                | 0           | 0                     | 1                     | 0                    | 0.000          | 1   | 0   | 0    |
| concat4                                                                  | 1           | 0                     | 1                     | 3                    | 0.000          | 0   | 0   | 1    |
| conv21                                                                   | 2           | 2                     | 2                     | 1                    | 0.000          | 0   | 0   | 1    |
| conv22                                                                   | 8           | 16                    | 2                     | 1                    | 0.000          | 0   | 0   | 1    |
| conv_feature_splitter4_1                                                 | 1           | 1                     | 1                     | 1                    | 0.000          | 0   | 0   | 1    |
| output_from_cluster_6_426_i1                                             | 0           | 0                     | 0                     | 0                    | 0.000          | 0   | 1   | 0    |
| input_to_cluster_3_427_i1                                                | 0           | 0                     | 1                     | 0                    | 0.000          | 1   | 0   | 0    |
| conv_feature_splitter4_2                                                 | 1           | 1                     | 3                     | 1                    | 0.000          | 0   | 0   | 1    |
| conv24                                                                   | 1           | 1                     | 2                     | 1                    | 0.000          | 0   | 0   | 1    |
| conv26                                                                   | 1           | 2                     | 1                     | 1                    | 0.000          | 0   | 0   | 1    |
| output_from_cluster_6_430_i1                                             | 0           | 0                     | 0                     | 0                    | 0.000          | 0   | 1   | 0    |
| input_to_cluster_7_431_i1                                                | 0           | 0                     | 1                     | 0                    | 0.000          | 1   | 0   | 0    |
| conv27                                                                   | 1           | 2                     | 1                     | 1                    | 0.000          | 0   | 0   | 1    |
| output_from_cluster_7_432_i1                                             | 0           | 0                     | 0                     | 0                    | 0.000          | 0   | 1   | 0    |
| input_to_cluster_6_433_i1                                                | 0           | 0                     | 1                     | 0                    | 0.000          | 1   | 0   | 0    |
| ew_add5                                                                  | 1           | 1                     | 2                     | 2                    | 0.000          | 0   | 0   | 1    |
| output_from_cluster_6_434_i1                                             | 0           | 0                     | 0                     | 0                    | 0.000          | 0   | 1   | 0    |
| input_to_cluster_3_435_i1                                                | 0           | 0                     | 1                     | 0                    | 0.000          | 1   | 0   | 0    |
| conv28                                                                   | 1           | 2                     | 1                     | 1                    | 0.000          | 0   | 0   | 1    |
| output_from_cluster_3_436_i1                                             | 0           | 0                     | 0                     | 0                    | 0.000          | 0   | 1   | 0    |
| input_to_cluster_7_437_i1                                                | 0           | 0                     | 1                     | 0                    | 0.000          | 1   | 0   | 0    |
| conv29                                                                   | 1           | 2                     | 1                     | 1                    | 0.000          | 0   | 0   | 1    |
| output_from_cluster_7_438_i1                                             | 0           | 0                     | 0                     | 0                    | 0.000          | 0   | 1   | 0    |
| input_to_cluster_6_439_i1                                                | 0           | 0                     | 1                     | 0                    | 0.000          | 1   | 0   | 0    |
| ew_add6                                                                  | 1           | 1                     | 1                     | 2                    | 0.000          | 0   | 0   | 1    |
| output_from_cluster_6_440_i1                                             | 0           | 0                     | 0                     | 0                    | 0.000          | 0   | 1   | 0    |
| input_to_cluster_1_441_i1                                                | 0           | 0                     | 1                     | 0                    | 0.000          | 1   | 0   | 0    |
| conv25                                                                   | 1           | 1                     | 1                     | 1                    | 0.000          | 0   | 0   | 1    |
| output_from_cluster_6_442_i1                                             | 0           | 0                     | 0                     | 0                    | 0.000          | 0   | 1   | 0    |
| input_to_cluster_1_443_i1                                                | 0           | 0                     | 1                     | 0                    | 0.000          | 1   | 0   | 0    |
| concat5                                                                  | 1           | 0                     | 1                     | 2                    | 0.000          | 0   | 0   | 1    |
| conv30                                                                   | 1           | 1                     | 1                     | 1                    | 0.000          | 0   | 0   | 1    |
| output_from_cluster_1_444_i1                                             | 0           | 0                     | 0                     | 0                    | 0.000          | 0   | 1   | 0    |
| input_to_cluster_3_445_i1                                                | 0           | 0                     | 1                     | 0                    | 0.000          | 1   | 0   | 0    |
| output_from_cluster_6_428_i1                                             | 0           | 0                     | 0                     | 0                    | 0.000          | 0   | 1   | 0    |
| input_to_cluster_3_429_i1                                                | 0           | 0                     | 1                     | 0                    | 0.000          | 1   | 0   | 0    |
| concat6                                                                  | 1           | 0                     | 1                     | 3                    | 0.000          | 0   | 0   | 1    |
| output_from_cluster_3_446_i1                                             | 0           | 0                     | 0                     | 0                    | 0.000          | 0   | 1   | 0    |
| input_to_cluster_4_447_i1                                                | 0           | 0                     | 1                     | 0                    | 0.000          | 1   | 0   | 0    |
| conv31                                                                   | 2           | 4                     | 1                     | 1                    | 0.000          | 0   | 0   | 1    |
| output_from_cluster_4_448_i1                                             | 0           | 0                     | 0                     | 0                    | 0.000          | 0   | 1   | 0    |
| input_to_cluster_5_449_i1                                                | 0           | 0                     | 1                     | 0                    | 0.000          | 1   | 0   | 0    |
| conv32                                                                   | 1           | 1                     | 1                     | 1                    | 0.000          | 0   | 0   | 1    |
| output_from_cluster_5_450_i1                                             | 0           | 0                     | 0                     | 0                    | 0.000          | 0   | 1   | 0    |
| input_to_cluster_6_451_i1                                                | 0           | 0                     | 1                     | 0                    | 0.000          | 1   | 0   | 0    |
| input_to_cluster_3_452_i1                                                | 0           | 0                     | 1                     | 0                    | 0.000          | 1   | 0   | 0    |
| maxpool1                                                                 | 1           | 0                     | 2                     | 1                    | 0.000          | 0   | 0   | 1    |
| maxpool2                                                                 | 1           | 0                     | 1                     | 1                    | 0.000          | 0   | 0   | 1    |
| output_from_cluster_3_455_i1                                             | 0           | 0                     | 0                     | 0                    | 0.000          | 0   | 1   | 0    |
| input_to_cluster_6_456_i1                                                | 0           | 0                     | 2                     | 0                    | 0.000          | 1   | 0   | 0    |
| maxpool3                                                                 | 1           | 0                     | 1                     | 1                    | 0.000          | 0   | 0   | 1    |
| output_from_cluster_3_453_i1                                             | 0           | 0                     | 0                     | 0                    | 0.000          | 0   | 1   | 0    |
| input_to_cluster_6_454_i1                                                | 0           | 0                     | 1                     | 0                    | 0.000          | 1   | 0   | 0    |
| concat7                                                                  | 1           | 0                     | 1                     | 4                    | 0.000          | 0   | 0   | 1    |
| output_from_cluster_6_457_i1                                             | 0           | 0                     | 0                     | 0                    | 0.000          | 0   | 1   | 0    |
| input_to_cluster_3_458_i1                                                | 0           | 0                     | 1                     | 0                    | 0.000          | 1   | 0   | 0    |
| conv33                                                                   | 4           | 4                     | 2                     | 1                    | 0.000          | 0   | 0   | 1    |
| conv_feature_splitter5_2                                                 | 1           | 1                     | 3                     | 1                    | 0.000          | 0   | 0   | 1    |
| conv_feature_splitter6_3                                                 | 1           | 1                     | 1                     | 2                    | 0.000          | 0   | 0   | 1    |
| output_from_cluster_3_466_i1                                             | 0           | 0                     | 0                     | 0                    | 0.000          | 0   | 1   | 0    |
| gate_candidate_gate_candidate_context_0_to_gate_candidate_context_1_2888 | 0           | 0                     | 0                     | 0                    | 0.500          | 0   | 0   | 0    |
| output_from_cluster_3_462_i1                                             | 0           | 0                     | 0                     | 0                    | 0.000          | 0   | 1   | 0    |
| input_to_cluster_5_463_i1                                                | 0           | 0                     | 2                     | 0                    | 0.000          | 1   | 0   | 0    |
| conv_feature_splitter6_1                                                 | 1           | 1                     | 1                     | 1                    | 0.000          | 0   | 0   | 1    |
| output_from_cluster_5_464_i1                                             | 0           | 0                     | 0                     | 0                    | 0.000          | 0   | 1   | 0    |
| gate_candidate_gate_candidate_context_0_to_gate_candidate_context_1_2884 | 0           | 0                     | 0                     | 0                    | 0.500          | 0   | 0   | 0    |
| conv_feature_splitter6_2                                                 | 1           | 1                     | 1                     | 1                    | 0.000          | 0   | 0   | 1    |
| output_from_cluster_5_465_i1                                             | 0           | 0                     | 0                     | 0                    | 0.000          | 0   | 1   | 0    |
| gate_candidate_gate_candidate_context_0_to_gate_candidate_context_1_2886 | 0           | 0                     | 0                     | 0                    | 0.500          | 0   | 0   | 0    |
| gate_candidate_gate_candidate_context_0_to_gate_candidate_context_1_2882 | 0           | 0                     | 0                     | 0                    | 0.500          | 0   | 0   | 0    |
| output_from_cluster_3_459_i1                                             | 0           | 0                     | 0                     | 0                    | 0.000          | 0   | 1   | 0    |
| input_to_cluster_5_460_i1                                                | 0           | 0                     | 1                     | 0                    | 0.000          | 1   | 0   | 0    |
| conv_feature_splitter5_1                                                 | 1           | 1                     | 1                     | 1                    | 0.000          | 0   | 0   | 1    |
| output_from_cluster_5_461_i1                                             | 0           | 0                     | 0                     | 0                    | 0.000          | 0   | 1   | 0    |
| gate_candidate_gate_candidate_context_0_to_gate_candidate_context_1_2880 | 0           | 0                     | 0                     | 0                    | 0.500          | 0   | 0   | 0    |
| output_from_cluster_6_425_i1                                             | 0           | 0                     | 0                     | 0                    | 0.000          | 0   | 1   | 0    |
| gate_candidate_gate_candidate_context_0_to_gate_candidate_context_1_2878 | 0           | 0                     | 0                     | 0                    | 0.500          | 0   | 0   | 0    |
| gate_candidate_gate_candidate_context_0_to_gate_candidate_context_1_2876 | 0           | 0                     | 0                     | 0                    | 0.500          | 0   | 0   | 0    |
+--------------------------------------------------------------------------+-------------+-----------------------+-----------------------+----------------------+----------------+-----+-----+------+
TOTAL:  LCUs: 77 (60.1562%), Subclusters: 143 (27.9297%), Weight memory cuts: 134 (13.0859%), L3 Output memory cuts: 199 (19.4336%), L3 Input memory cuts: 142 (13.8672%), L3 total cuts: 333 (32.5195%), L4 memory cuts: 0 (0%), IBs: 54 (84.375%), OBs: 55 (85.9375%), APUs: 77 (48.125%)
[2026-09-25 17:23:52.867] [default] [info] Context:1/2 Iteration 0: Trying parallel splits...   
          cluster_0  cluster_1  cluster_2  cluster_3  cluster_4  cluster_5  cluster_6  cluster_7  prepost 
 worker0                                                                                                  
 worker1                                                                                                  
 worker2                                                                                                  
 worker3                                                                                                  

  00:02
[2026-09-25 17:23:53.391] [default] [info] Context:1/2 Iteration 0: Trying parallel splits...   
          cluster_0  cluster_1  cluster_2  cluster_3  cluster_4  cluster_5  cluster_6  cluster_7  prepost 
 worker0                                                                                                  
 worker1                                                                                                  
 worker2  *          *          *          *          *          *          *          *          V       
 worker3                                                                                                  

  00:03
[2026-09-25 17:23:53.422] [default] [info] Context:1/2 Iteration 4: Trying parallel mapping...  
          cluster_0  cluster_1  cluster_2  cluster_3  cluster_4  cluster_5  cluster_6  cluster_7  prepost 
 worker0  *          *          *          *          *          *          *          *          V       
 worker1                                                                                                  
 worker2  *          *          *          *          *          *          *          *          V       
 worker3                                                                                                  

  00:03
[2026-09-25 17:23:53.435] [default] [info] Context:1/2 Iteration 4: Trying parallel mapping...  
          cluster_0  cluster_1  cluster_2  cluster_3  cluster_4  cluster_5  cluster_6  cluster_7  prepost 
 worker0  *          *          *          *          *          *          *          *          V       
 worker1                                                                                                  
 worker2  *          *          *          *          *          *          *          *          V       
 worker3  *          *          *          *          *          *          *          *          V       

  00:03
[2026-09-25 17:23:54.124] [default] [info] Context:1/2 Iteration 4: Trying parallel mapping...  
          cluster_0  cluster_1  cluster_2  cluster_3  cluster_4  cluster_5  cluster_6  cluster_7  prepost 
 worker0  *          *          *          *          *          *          *          *          V       
 worker1                                                                                                  
 worker2  *          *          *          *          *          *          *          *          V       
 worker3  *          *          *          *          *          *          *          *          V       

  00:04
[2026-09-25 17:23:54.143] [default] [info] Context:1/2 Iteration 4: Trying parallel mapping...  
          cluster_0  cluster_1  cluster_2  cluster_3  cluster_4  cluster_5  cluster_6  cluster_7  prepost 
 worker0  *          *          *          V          *          *          *          *          V       
 worker1                                                                                                  
 worker2  *          *          *          *          *          *          *          *          V       
 worker3  *          *          *          *          *          *          *          *          V       

  00:04
[2026-09-25 17:23:54.157] [default] [info] Context:1/2 Iteration 4: Trying parallel mapping...  
          cluster_0  cluster_1  cluster_2  cluster_3  cluster_4  cluster_5  cluster_6  cluster_7  prepost 
 worker0  *          *          *          V          *          V          *          *          V       
 worker1                                                                                                  
 worker2  *          *          *          *          *          *          *          *          V       
 worker3  *          *          *          *          *          *          *          *          V       

  00:04
[2026-09-25 17:23:54.169] [default] [info] Context:1/2 Iteration 4: Trying parallel mapping...  
          cluster_0  cluster_1  cluster_2  cluster_3  cluster_4  cluster_5  cluster_6  cluster_7  prepost 
 worker0  *          V          V          V          *          V          V          V          V       
 worker1                                                                                                  
 worker2  *          *          *          *          *          *          *          *          V       
 worker3  *          *          *          *          *          *          *          *          V       

  00:04
[2026-09-25 17:23:54.182] [default] [info] Context:1/2 Iteration 4: Trying parallel mapping...  
          cluster_0  cluster_1  cluster_2  cluster_3  cluster_4  cluster_5  cluster_6  cluster_7  prepost 
 worker0  *          V          V          V          *          V          V          V          V       
 worker1                                                                                                  
 worker2  *          *          *          *          *          *          *          *          V       
 worker3  *          *          *          *          *          *          *          *          V       

  00:04
[2026-09-25 17:23:54.199] [default] [info] Context:1/2 Iteration 4: Trying parallel mapping...  
          cluster_0  cluster_1  cluster_2  cluster_3  cluster_4  cluster_5  cluster_6  cluster_7  prepost 
 worker0  *          V          V          V          *          V          V          V          V       
 worker1                                                                                                  
 worker2  *          *          *          *          *          *          *          *          V       
 worker3  *          *          *          *          *          *          *          *          V       

  00:04
[2026-09-25 17:23:54.215] [default] [info] Context:1/2 Iteration 4: Trying parallel mapping...  
          cluster_0  cluster_1  cluster_2  cluster_3  cluster_4  cluster_5  cluster_6  cluster_7  prepost 
 worker0  *          V          V          V          *          V          V          V          V       
 worker1                                                                                                  
 worker2  *          *          *          *          *          V          *          *          V       
 worker3  *          *          *          *          *          *          *          *          V       

  00:04
[2026-09-25 17:23:54.230] [default] [info] Context:1/2 Iteration 4: Trying parallel mapping...  
          cluster_0  cluster_1  cluster_2  cluster_3  cluster_4  cluster_5  cluster_6  cluster_7  prepost 
 worker0  *          V          V          V          *          V          V          V          V       
 worker1                                                                                                  
 worker2  *          V          *          *          V          V          *          *          V       
 worker3  *          *          *          *          *          *          *          *          V       

  00:04
[2026-09-25 17:23:54.242] [default] [info] Context:1/2 Iteration 4: Trying parallel mapping...  
          cluster_0  cluster_1  cluster_2  cluster_3  cluster_4  cluster_5  cluster_6  cluster_7  prepost 
 worker0  *          V          V          V          *          V          V          V          V       
 worker1                                                                                                  
 worker2  *          V          V          *          V          V          V          *          V       
 worker3  *          *          *          *          *          *          *          *          V       

  00:04
[2026-09-25 17:23:54.255] [default] [info] Context:1/2 Iteration 4: Trying parallel mapping...  
          cluster_0  cluster_1  cluster_2  cluster_3  cluster_4  cluster_5  cluster_6  cluster_7  prepost 
 worker0  *          V          V          V          *          V          V          V          V       
 worker1                                                                                                  
 worker2  V          V          V          *          V          V          V          *          V       
 worker3  *          *          *          *          *          *          *          *          V       

  00:04
[2026-09-25 17:23:54.270] [default] [info] Context:1/2 Iteration 4: Trying parallel mapping...  
          cluster_0  cluster_1  cluster_2  cluster_3  cluster_4  cluster_5  cluster_6  cluster_7  prepost 
 worker0  *          V          V          V          *          V          V          V          V       
 worker1                                                                                                  
 worker2  V          V          V          *          V          V          V          V          V       
 worker3  *          *          *          *          *          *          *          *          V       

  00:04
[2026-09-25 17:23:54.283] [default] [info] Context:1/2 Iteration 4: Trying parallel mapping...  
          cluster_0  cluster_1  cluster_2  cluster_3  cluster_4  cluster_5  cluster_6  cluster_7  prepost 
 worker0  *          V          V          V          *          V          V          V          V       
 worker1                                                                                                  
 worker2  V          V          V          *          V          V          V          V          V       
 worker3  *          *          *          *          *          *          *          *          V       

  00:04
[2026-09-25 17:23:54.295] [default] [info] Context:1/2 Iteration 4: Trying parallel mapping...  
          cluster_0  cluster_1  cluster_2  cluster_3  cluster_4  cluster_5  cluster_6  cluster_7  prepost 
 worker0  *          V          V          V          *          V          V          V          V       
 worker1                                                                                                  
 worker2  V          V          V          *          V          V          V          V          V       
 worker3  *          *          *          *          *          *          *          *          V       

  00:04
[2026-09-25 17:23:54.308] [default] [info] Context:1/2 Iteration 4: Trying parallel mapping...  
          cluster_0  cluster_1  cluster_2  cluster_3  cluster_4  cluster_5  cluster_6  cluster_7  prepost 
 worker0  *          V          V          V          *          V          V          V          V       
 worker1                                                                                                  
 worker2  V          V          V          *          V          V          V          V          V       
 worker3  *          *          *          *          *          *          *          *          V       

  00:04
[2026-09-25 17:23:54.320] [default] [info] Context:1/2 Iteration 4: Trying parallel mapping...  
          cluster_0  cluster_1  cluster_2  cluster_3  cluster_4  cluster_5  cluster_6  cluster_7  prepost 
 worker0  *          V          V          V          *          V          V          V          V       
 worker1                                                                                                  
 worker2  V          V          V          *          V          V          V          V          V       
 worker3  *          *          *          *          *          *          *          *          V       

  00:04
[2026-09-25 17:23:54.333] [default] [info] Context:1/2 Iteration 4: Trying parallel mapping...  
          cluster_0  cluster_1  cluster_2  cluster_3  cluster_4  cluster_5  cluster_6  cluster_7  prepost 
 worker0  *          V          V          V          *          V          V          V          V       
 worker1                                                                                                  
 worker2  V          V          V          *          V          V          V          V          V       
 worker3  *          *          *          *          *          *          *          *          V       

  00:04
[2026-09-25 17:23:54.425] [default] [info] Context:1/2 Iteration 4: Trying parallel mapping...  
          cluster_0  cluster_1  cluster_2  cluster_3  cluster_4  cluster_5  cluster_6  cluster_7  prepost 
 worker0  *          V          V          V          *          V          V          V          V       
 worker1  *          *          *          *          *          *          *          *          V       
 worker2  V          V          V          *          V          V          V          V          V       
 worker3  *          *          *          *          *          *          *          *          V       

  00:04
[2026-09-25 17:23:54.445] [default] [info] Context:1/2 Iteration 4: Trying parallel mapping...  
          cluster_0  cluster_1  cluster_2  cluster_3  cluster_4  cluster_5  cluster_6  cluster_7  prepost 
 worker0  *          V          V          V          *          V          V          V          V       
 worker1  *          *          *          *          *          *          *          V          V       
 worker2  V          V          V          *          V          V          V          V          V       
 worker3  *          *          *          *          *          *          *          *          V       

  00:04
[2026-09-25 17:23:54.460] [default] [info] Context:1/2 Iteration 4: Trying parallel mapping...  
          cluster_0  cluster_1  cluster_2  cluster_3  cluster_4  cluster_5  cluster_6  cluster_7  prepost 
 worker0  *          V          V          V          *          V          V          V          V       
 worker1  V          *          *          *          *          *          V          V          V       
 worker2  V          V          V          *          V          V          V          V          V       
 worker3  *          *          *          *          *          *          *          *          V       

  00:04
[2026-09-25 17:23:54.475] [default] [info] Context:1/2 Iteration 4: Trying parallel mapping...  
          cluster_0  cluster_1  cluster_2  cluster_3  cluster_4  cluster_5  cluster_6  cluster_7  prepost 
 worker0  *          V          V          V          *          V          V          V          V       
 worker1  V          *          *          *          *          *          V          V          V       
 worker2  V          V          V          *          V          V          V          V          V       
 worker3  *          *          *          *          *          *          *          *          V       

  00:04
[2026-09-25 17:23:54.487] [default] [info] Context:1/2 Iteration 4: Trying parallel mapping...  
          cluster_0  cluster_1  cluster_2  cluster_3  cluster_4  cluster_5  cluster_6  cluster_7  prepost 
 worker0  *          V          V          V          *          V          V          V          V       
 worker1  V          *          *          *          V          *          V          V          V       
 worker2  V          V          V          *          V          V          V          V          V       
 worker3  *          *          *          *          *          *          *          *          V       

  00:04
[2026-09-25 17:23:54.534] [default] [info] Context:1/2 Iteration 4: Trying parallel mapping...  
          cluster_0  cluster_1  cluster_2  cluster_3  cluster_4  cluster_5  cluster_6  cluster_7  prepost 
 worker0  *          V          V          V          *          V          V          V          V       
 worker1  V          *          *          V          V          *          V          V          V       
 worker2  V          V          V          *          V          V          V          V          V       
 worker3  *          *          *          *          *          *          *          *          V       

  00:04
[2026-09-25 17:23:54.597] [default] [info] Context:1/2 Iteration 4: Trying parallel mapping...  
          cluster_0  cluster_1  cluster_2  cluster_3  cluster_4  cluster_5  cluster_6  cluster_7  prepost 
 worker0  *          V          V          V          *          V          V          V          V       
 worker1  V          *          *          V          V          V          V          V          V       
 worker2  V          V          V          *          V          V          V          V          V       
 worker3  *          *          *          *          *          *          *          *          V       

  00:04
[2026-09-25 17:23:55.438] [default] [info] Context:1/2 Iteration 4: Trying parallel mapping...  
          cluster_0  cluster_1  cluster_2  cluster_3  cluster_4  cluster_5  cluster_6  cluster_7  prepost 
 worker0  *          V          V          V          *          V          V          V          V       
 worker1  V          *          *          V          V          V          V          V          V       
 worker2  V          V          V          *          V          V          V          V          V       
 worker3  *          *          *          *          *          *          *          *          V       

  00:05
[2026-09-25 17:23:55.464] [default] [info] Context:1/2 Iteration 4: Trying parallel mapping...  
          cluster_0  cluster_1  cluster_2  cluster_3  cluster_4  cluster_5  cluster_6  cluster_7  prepost 
 worker0  *          V          V          V          *          V          V          V          V       
 worker1  V          *          *          V          V          V          V          V          V       
 worker2  V          V          V          *          V          V          V          V          V       
 worker3  *          V          *          *          *          *          *          *          V       

  00:05
[2026-09-25 17:23:55.477] [default] [info] Context:1/2 Iteration 4: Trying parallel mapping...  
          cluster_0  cluster_1  cluster_2  cluster_3  cluster_4  cluster_5  cluster_6  cluster_7  prepost 
 worker0  *          V          V          V          *          V          V          V          V       
 worker1  V          *          *          V          V          V          V          V          V       
 worker2  V          V          V          *          V          V          V          V          V       
 worker3  V          V          V          *          V          *          V          *          V       

  00:05
[2026-09-25 17:23:55.490] [default] [info] Context:1/2 Iteration 4: Trying parallel mapping...  
          cluster_0  cluster_1  cluster_2  cluster_3  cluster_4  cluster_5  cluster_6  cluster_7  prepost 
 worker0  *          V          V          V          *          V          V          V          V       
 worker1  V          *          *          V          V          V          V          V          V       
 worker2  V          V          V          *          V          V          V          V          V       
 worker3  V          V          V          *          V          *          V          V          V       

  00:05
[2026-09-25 17:23:55.503] [default] [info] Context:1/2 Iteration 4: Trying parallel mapping...  
          cluster_0  cluster_1  cluster_2  cluster_3  cluster_4  cluster_5  cluster_6  cluster_7  prepost 
 worker0  *          V          V          V          *          V          V          V          V       
 worker1  V          *          *          V          V          V          V          V          V       
 worker2  V          V          V          *          V          V          V          V          V       
 worker3  V          V          V          *          V          V          V          V          V       

  00:05
[2026-09-25 17:23:55.515] [default] [info] Context:1/2 Iteration 4: Trying parallel mapping...  
          cluster_0  cluster_1  cluster_2  cluster_3  cluster_4  cluster_5  cluster_6  cluster_7  prepost 
 worker0  *          V          V          V          *          V          V          V          V       
 worker1  V          *          *          V          V          V          V          V          V       
 worker2  V          V          V          *          V          V          V          V          V       
 worker3  V          V          V          *          V          V          V          V          V       

  00:05
[2026-09-25 17:23:55.528] [default] [info] Context:1/2 Iteration 4: Trying parallel mapping...  
          cluster_0  cluster_1  cluster_2  cluster_3  cluster_4  cluster_5  cluster_6  cluster_7  prepost 
 worker0  *          V          V          V          *          V          V          V          V       
 worker1  V          *          *          V          V          V          V          V          V       
 worker2  V          V          V          *          V          V          V          V          V       
 worker3  V          V          V          *          V          V          V          V          V       

  00:05
[2026-09-25 17:23:55.541] [default] [info] Context:1/2 Iteration 4: Trying parallel mapping...  
          cluster_0  cluster_1  cluster_2  cluster_3  cluster_4  cluster_5  cluster_6  cluster_7  prepost 
 worker0  *          V          V          V          *          V          V          V          V       
 worker1  V          *          *          V          V          V          V          V          V       
 worker2  V          V          V          *          V          V          V          V          V       
 worker3  V          V          V          *          V          V          V          V          V       

  00:05
[2026-09-25 17:23:56.563] [default] [info] Context:1/2 Iteration 4: Trying parallel mapping...  
          cluster_0  cluster_1  cluster_2  cluster_3  cluster_4  cluster_5  cluster_6  cluster_7  prepost 
 worker0  V          V          V          V          *          V          V          V          V       
 worker1  V          *          *          V          V          V          V          V          V       
 worker2  V          V          V          *          V          V          V          V          V       
 worker3  V          V          V          *          V          V          V          V          V       

  00:06
[2026-09-25 17:23:57.510] [default] [info] Context:1/2 Iteration 4: Trying parallel mapping...  
          cluster_0  cluster_1  cluster_2  cluster_3  cluster_4  cluster_5  cluster_6  cluster_7  prepost 
 worker0  V          V          V          V          *          V          V          V          V       
 worker1  V          *          V          V          V          V          V          V          V       
 worker2  V          V          V          *          V          V          V          V          V       
 worker3  V          V          V          *          V          V          V          V          V       

  00:07
[2026-09-25 17:23:57.864] [default] [info] Context:1/2 Iteration 4: Trying parallel mapping...  
          cluster_0  cluster_1  cluster_2  cluster_3  cluster_4  cluster_5  cluster_6  cluster_7  prepost 
 worker0  V          V          V          V          V          V          V          V          V       
 worker1  V          *          V          V          V          V          V          V          V       
 worker2  V          V          V          *          V          V          V          V          V       
 worker3  V          V          V          *          V          V          V          V          V       

  00:07
[2026-09-25 17:23:58.025] [default] [info] Context:1/2 Iteration 4: Trying parallel mapping...  
          cluster_0  cluster_1  cluster_2  cluster_3  cluster_4  cluster_5  cluster_6  cluster_7  prepost 
 worker0  V          V          V          V          V          V          V          V          V       
 worker1  V          *          V          V          V          V          V          V          V       
 worker2  V          V          V          *          V          V          V          V          V       
 worker3  V          V          V          V          V          V          V          V          V       

  00:07
[2026-09-25 17:23:58.092] [default] [info] Post-Split Resources for gate_candidate_context_1, iteration 1 (CP)
+--------------------------------------------------------------------------+-------------+-----------------------+-----------------------+----------------------+----------------+-----+-----+------+
| Node                                                                     | Subclusters | L3 Weight Memory Cuts | L3 Output Memory Cuts | L3 Input Memory Cuts | L4 Memory Cuts | IBs | OBs | APUs |
+--------------------------------------------------------------------------+-------------+-----------------------+-----------------------+----------------------+----------------+-----+-----+------+
| gate_candidate_gate_candidate_context_0_to_gate_candidate_context_1_2877 | 0           | 0                     | 0                     | 0                    | 0.500          | 0   | 0   | 0    |
| input_to_cluster_4_467_i1                                                | 0           | 0                     | 5                     | 0                    | 0.000          | 1   | 0   | 0    |
| gate_candidate_gate_candidate_context_0_to_gate_candidate_context_1_2879 | 0           | 0                     | 0                     | 0                    | 0.500          | 0   | 0   | 0    |
| input_to_cluster_5_468_i1                                                | 0           | 0                     | 1                     | 0                    | 0.000          | 1   | 0   | 0    |
| gate_candidate_gate_candidate_context_0_to_gate_candidate_context_1_2881 | 0           | 0                     | 0                     | 0                    | 0.500          | 0   | 0   | 0    |
| input_to_cluster_5_469_i1                                                | 0           | 0                     | 1                     | 0                    | 0.000          | 1   | 0   | 0    |
| gate_candidate_gate_candidate_context_0_to_gate_candidate_context_1_2883 | 0           | 0                     | 0                     | 0                    | 0.500          | 0   | 0   | 0    |
| input_to_cluster_1_470_i1                                                | 0           | 0                     | 1                     | 0                    | 0.000          | 1   | 0   | 0    |
| gate_candidate_gate_candidate_context_0_to_gate_candidate_context_1_2885 | 0           | 0                     | 0                     | 0                    | 0.500          | 0   | 0   | 0    |
| input_to_cluster_6_471_i1                                                | 0           | 0                     | 1                     | 0                    | 0.000          | 1   | 0   | 0    |
| gate_candidate_gate_candidate_context_0_to_gate_candidate_context_1_2887 | 0           | 0                     | 0                     | 0                    | 0.500          | 0   | 0   | 0    |
| input_to_cluster_6_472_i1                                                | 0           | 0                     | 2                     | 0                    | 0.000          | 1   | 0   | 0    |
| matmul1                                                                  | 1           | 0                     | 4                     | 1                    | 0.000          | 0   | 0   | 1    |
| reduce_max_softmax1                                                      | 1           | 0                     | 1                     | 2                    | 0.000          | 0   | 0   | 1    |
| ew_sub_softmax1                                                          | 1           | 1                     | 2                     | 3                    | 0.000          | 0   | 0   | 1    |
| reduce_sum_softmax1                                                      | 1           | 0                     | 1                     | 1                    | 0.000          | 0   | 0   | 1    |
| ew_mult_softmax1                                                         | 1           | 0                     | 2                     | 2                    | 0.000          | 0   | 0   | 1    |
| gate_candidate_gate_candidate_context_0_to_gate_candidate_context_1_2889 | 0           | 0                     | 0                     | 0                    | 0.500          | 0   | 0   | 0    |
| input_to_cluster_3_473_i1                                                | 0           | 0                     | 1                     | 0                    | 0.000          | 1   | 0   | 0    |
| activation1                                                              | 1           | 1                     | 1                     | 1                    | 0.000          | 0   | 0   | 1    |
| matmul2_reshape                                                          | 1           | 0                     | 1                     | 1                    | 0.000          | 0   | 0   | 1    |
| output_from_cluster_3_475_i1                                             | 0           | 0                     | 0                     | 0                    | 0.000          | 0   | 1   | 0    |
| input_to_cluster_6_476_i1                                                | 0           | 0                     | 4                     | 0                    | 0.000          | 1   | 0   | 0    |
| matmul2                                                                  | 2           | 0                     | 1                     | 2                    | 0.000          | 0   | 0   | 1    |
| output_from_cluster_6_477_i1                                             | 0           | 0                     | 0                     | 0                    | 0.000          | 0   | 1   | 0    |
| input_to_cluster_1_478_i1                                                | 0           | 0                     | 1                     | 0                    | 0.000          | 1   | 0   | 0    |
| input_to_cluster_6_474_i1                                                | 0           | 0                     | 1                     | 0                    | 0.000          | 1   | 0   | 0    |
| dw1_defuse_width_feature_reshape                                         | 1           | 0                     | 1                     | 1                    | 0.000          | 0   | 0   | 1    |
| dw1_defuse_reshape_hxf_to_w_transposed                                   | 1           | 0                     | 2                     | 1                    | 0.000          | 0   | 0   | 1    |
| output_from_cluster_6_479_i1                                             | 0           | 0                     | 0                     | 0                    | 0.000          | 0   | 1   | 0    |
| input_to_cluster_1_480_i1                                                | 0           | 0                     | 18                    | 0                    | 0.000          | 1   | 0   | 0    |
| dw1_defuse_1x1                                                           | 1           | 1                     | 1                     | 19                   | 0.000          | 0   | 0   | 1    |
| conv36                                                                   | 1           | 1                     | 1                     | 2                    | 0.000          | 0   | 0   | 1    |
| output_from_cluster_1_481_i1                                             | 0           | 0                     | 0                     | 0                    | 0.000          | 0   | 1   | 0    |
| input_to_cluster_6_482_i1                                                | 0           | 0                     | 1                     | 0                    | 0.000          | 1   | 0   | 0    |
| input_to_cluster_4_483_i1                                                | 0           | 0                     | 1                     | 0                    | 0.000          | 1   | 0   | 0    |
| conv37                                                                   | 1           | 1                     | 1                     | 1                    | 0.000          | 0   | 0   | 1    |
| output_from_cluster_4_484_i1                                             | 0           | 0                     | 0                     | 0                    | 0.000          | 0   | 1   | 0    |
| input_to_cluster_6_485_i1                                                | 0           | 0                     | 1                     | 0                    | 0.000          | 1   | 0   | 0    |
| conv38                                                                   | 1           | 1                     | 1                     | 2                    | 0.000          | 0   | 0   | 1    |
| output_from_cluster_6_486_i1                                             | 0           | 0                     | 0                     | 0                    | 0.000          | 0   | 1   | 0    |
| input_to_cluster_5_487_i1                                                | 0           | 0                     | 1                     | 0                    | 0.000          | 1   | 0   | 0    |
| concat8                                                                  | 1           | 0                     | 1                     | 2                    | 0.000          | 0   | 0   | 1    |
| output_from_cluster_5_488_i1                                             | 0           | 0                     | 0                     | 0                    | 0.000          | 0   | 1   | 0    |
| input_to_cluster_2_489_i1                                                | 0           | 0                     | 1                     | 0                    | 0.000          | 1   | 0   | 0    |
| conv39                                                                   | 2           | 2                     | 2                     | 1                    | 0.000          | 0   | 0   | 1    |
| resize1                                                                  | 1           | 0                     | 1                     | 1                    | 0.000          | 0   | 0   | 1    |
| output_from_cluster_2_492_i1                                             | 0           | 0                     | 0                     | 0                    | 0.000          | 0   | 1   | 0    |
| input_to_cluster_5_493_i1                                                | 0           | 0                     | 1                     | 0                    | 0.000          | 1   | 0   | 0    |
| concat9                                                                  | 1           | 0                     | 2                     | 2                    | 0.000          | 0   | 0   | 1    |
| conv_feature_splitter7_1                                                 | 2           | 2                     | 10                    | 1                    | 0.000          | 0   | 0   | 1    |
| conv_feature_splitter7_2                                                 | 2           | 2                     | 11                    | 1                    | 0.000          | 0   | 0   | 1    |
| output_from_cluster_5_494_i1                                             | 0           | 0                     | 0                     | 0                    | 0.000          | 0   | 1   | 0    |
| input_to_cluster_1_495_i1                                                | 0           | 0                     | 8                     | 0                    | 0.000          | 1   | 0   | 0    |
| input_to_cluster_2_496_i1                                                | 0           | 0                     | 5                     | 0                    | 0.000          | 1   | 0   | 0    |
| conv41                                                                   | 2           | 1                     | 1                     | 5                    | 0.000          | 0   | 0   | 1    |
| output_from_cluster_2_497_i1                                             | 0           | 0                     | 0                     | 0                    | 0.000          | 0   | 1   | 0    |
| input_to_cluster_4_498_i1                                                | 0           | 0                     | 1                     | 0                    | 0.000          | 1   | 0   | 0    |
| conv42                                                                   | 2           | 1                     | 2                     | 1                    | 0.000          | 0   | 0   | 1    |
| output_from_cluster_4_499_i1                                             | 0           | 0                     | 0                     | 0                    | 0.000          | 0   | 1   | 0    |
| input_to_cluster_1_500_i1                                                | 0           | 0                     | 1                     | 0                    | 0.000          | 1   | 0   | 0    |
| ew_add10                                                                 | 1           | 1                     | 1                     | 9                    | 0.000          | 0   | 0   | 1    |
| output_from_cluster_1_501_i1                                             | 0           | 0                     | 0                     | 0                    | 0.000          | 0   | 1   | 0    |
| input_to_cluster_5_502_i1                                                | 0           | 0                     | 1                     | 0                    | 0.000          | 1   | 0   | 0    |
| concat10                                                                 | 1           | 0                     | 1                     | 21                   | 0.000          | 0   | 0   | 1    |
| output_from_cluster_5_503_i1                                             | 0           | 0                     | 0                     | 0                    | 0.000          | 0   | 1   | 0    |
| input_to_cluster_0_504_i1                                                | 0           | 0                     | 1                     | 0                    | 0.000          | 1   | 0   | 0    |
| conv43                                                                   | 2           | 2                     | 16                    | 1                    | 0.000          | 0   | 0   | 1    |
| output_from_cluster_0_505_i1                                             | 0           | 0                     | 0                     | 0                    | 0.000          | 0   | 1   | 0    |
| input_to_cluster_1_506_i1                                                | 0           | 0                     | 2                     | 0                    | 0.000          | 1   | 0   | 0    |
| resize2                                                                  | 1           | 0                     | 2                     | 2                    | 0.000          | 0   | 0   | 1    |
| output_from_cluster_1_507_i1                                             | 0           | 0                     | 0                     | 0                    | 0.000          | 0   | 1   | 0    |
| input_to_cluster_4_508_i1                                                | 0           | 0                     | 2                     | 0                    | 0.000          | 1   | 0   | 0    |
| concat11                                                                 | 1           | 0                     | 2                     | 7                    | 0.000          | 0   | 0   | 1    |
| output_from_cluster_4_509_i1                                             | 0           | 0                     | 0                     | 0                    | 0.000          | 0   | 2   | 0    |
| input_to_cluster_2_510_i1                                                | 0           | 0                     | 4                     | 0                    | 0.000          | 2   | 0   | 0    |
| conv_feature_splitter8_1                                                 | 4           | 4                     | 1                     | 2                    | 0.000          | 0   | 0   | 1    |
| conv_feature_splitter8_2                                                 | 4           | 2                     | 18                    | 2                    | 0.000          | 0   | 0   | 1    |
| output_from_cluster_2_511_i1                                             | 0           | 0                     | 0                     | 0                    | 0.000          | 0   | 1   | 0    |
| input_to_cluster_4_512_i1                                                | 0           | 0                     | 1                     | 0                    | 0.000          | 1   | 0   | 0    |
| conv45                                                                   | 2           | 2                     | 1                     | 1                    | 0.000          | 0   | 0   | 1    |
| conv46                                                                   | 2           | 1                     | 1                     | 1                    | 0.000          | 0   | 0   | 1    |
| output_from_cluster_4_513_i1                                             | 0           | 0                     | 0                     | 0                    | 0.000          | 0   | 1   | 0    |
| input_to_cluster_2_514_i1                                                | 0           | 0                     | 1                     | 0                    | 0.000          | 1   | 0   | 0    |
| ew_add11                                                                 | 1           | 1                     | 1                     | 7                    | 0.000          | 0   | 0   | 1    |
| concat12                                                                 | 1           | 0                     | 1                     | 8                    | 0.000          | 0   | 0   | 1    |
| conv47                                                                   | 3           | 3                     | 1                     | 1                    | 0.000          | 0   | 0   | 1    |
| output_from_cluster_2_515_i1                                             | 0           | 0                     | 0                     | 0                    | 0.000          | 0   | 1   | 0    |
| input_to_cluster_3_516_i1                                                | 0           | 0                     | 1                     | 0                    | 0.000          | 1   | 0   | 0    |
| sh_from_conv47_to_conv49_d0-1_dw2_sd0-1_2900                             | 1           | 0                     | 2                     | 1                    | 0.000          | 0   | 0   | 1    |
| conv49_d0                                                                | 8           | 4                     | 4                     | 1                    | 0.000          | 0   | 0   | 1    |
| output_from_cluster_3_546_i1                                             | 0           | 0                     | 0                     | 0                    | 0.000          | 0   | 1   | 0    |
| input_to_cluster_2_547_i1                                                | 0           | 0                     | 5                     | 0                    | 0.000          | 1   | 0   | 0    |
| output_from_cluster_3_562_i1                                             | 0           | 0                     | 0                     | 0                    | 0.000          | 0   | 1   | 0    |
| input_to_cluster_2_563_i1                                                | 0           | 0                     | 2                     | 0                    | 0.000          | 1   | 0   | 0    |
| conv49_d1                                                                | 8           | 4                     | 4                     | 1                    | 0.000          | 0   | 0   | 1    |
| conv49_dc                                                                | 1           | 0                     | 2                     | 9                    | 0.000          | 0   | 0   | 1    |
| conv50_d0                                                                | 8           | 4                     | 4                     | 1                    | 0.000          | 0   | 0   | 1    |
| conv50_d1                                                                | 8           | 4                     | 4                     | 1                    | 0.000          | 0   | 0   | 1    |
| conv50_dc                                                                | 1           | 0                     | 1                     | 8                    | 0.000          | 0   | 0   | 1    |
| conv51                                                                   | 2           | 1                     | 2                     | 1                    | 0.000          | 0   | 0   | 1    |
| output_from_cluster_2_548_i1                                             | 0           | 0                     | 0                     | 0                    | 0.000          | 0   | 1   | 0    |
| output_from_conv51_to_yolov8_nms_postprocess                             | 0           | 0                     | 0                     | 0                    | 0.500          | 0   | 0   | 0    |
| dw2_sd1                                                                  | 2           | 1                     | 1                     | 1                    | 0.000          | 0   | 0   | 1    |
| output_from_cluster_2_551_i1                                             | 0           | 0                     | 0                     | 0                    | 0.000          | 0   | 1   | 0    |
| input_to_cluster_7_552_i1                                                | 0           | 0                     | 1                     | 0                    | 0.000          | 1   | 0   | 0    |
| input_to_cluster_4_564_i1                                                | 0           | 0                     | 1                     | 0                    | 0.000          | 1   | 0   | 0    |
| dw2_sd0                                                                  | 2           | 1                     | 1                     | 1                    | 0.000          | 0   | 0   | 1    |
| output_from_cluster_4_549_i1                                             | 0           | 0                     | 0                     | 0                    | 0.000          | 0   | 1   | 0    |
| input_to_cluster_7_550_i1                                                | 0           | 0                     | 1                     | 0                    | 0.000          | 1   | 0   | 0    |
| dw2_sdc                                                                  | 1           | 0                     | 1                     | 2                    | 0.000          | 0   | 0   | 1    |
| output_from_cluster_7_553_i1                                             | 0           | 0                     | 0                     | 0                    | 0.000          | 0   | 1   | 0    |
| input_to_cluster_0_554_i1                                                | 0           | 0                     | 1                     | 0                    | 0.000          | 1   | 0   | 0    |
| conv52                                                                   | 2           | 1                     | 2                     | 1                    | 0.000          | 0   | 0   | 1    |
| dw3_sd0                                                                  | 2           | 1                     | 1                     | 1                    | 0.000          | 0   | 0   | 1    |
| output_from_cluster_0_557_i1                                             | 0           | 0                     | 0                     | 0                    | 0.000          | 0   | 1   | 0    |
| input_to_cluster_5_558_i1                                                | 0           | 0                     | 1                     | 0                    | 0.000          | 1   | 0   | 0    |
| output_from_cluster_0_555_i1                                             | 0           | 0                     | 0                     | 0                    | 0.000          | 0   | 1   | 0    |
| input_to_cluster_6_556_i1                                                | 0           | 0                     | 1                     | 0                    | 0.000          | 1   | 0   | 0    |
| dw3_sd1                                                                  | 2           | 1                     | 1                     | 1                    | 0.000          | 0   | 0   | 1    |
| output_from_cluster_6_559_i1                                             | 0           | 0                     | 0                     | 0                    | 0.000          | 0   | 1   | 0    |
| input_to_cluster_5_560_i1                                                | 0           | 0                     | 1                     | 0                    | 0.000          | 1   | 0   | 0    |
| dw3_sdc                                                                  | 1           | 0                     | 1                     | 2                    | 0.000          | 0   | 0   | 1    |
| conv53                                                                   | 2           | 1                     | 2                     | 1                    | 0.000          | 0   | 0   | 1    |
| conv54                                                                   | 1 [16bit]   | 1                     | 1                     | 2                    | 0.000          | 0   | 0   | 1    |
| output_from_cluster_5_561_i1                                             | 0           | 0                     | 0                     | 0                    | 0.000          | 0   | 1   | 0    |
| output_from_conv54_to_yolov8_nms_postprocess                             | 0           | 0                     | 0                     | 0                    | 0.500          | 0   | 0   | 0    |
| input_to_cluster_4_517_i1                                                | 0           | 0                     | 1                     | 0                    | 0.000          | 1   | 0   | 0    |
| conv48                                                                   | 4           | 4                     | 1                     | 1                    | 0.000          | 0   | 0   | 1    |
| output_from_cluster_4_518_i1                                             | 0           | 0                     | 0                     | 0                    | 0.000          | 0   | 1   | 0    |
| input_to_cluster_0_519_i1                                                | 0           | 0                     | 1                     | 0                    | 0.000          | 1   | 0   | 0    |
| concat13                                                                 | 1           | 0                     | 1                     | 9                    | 0.000          | 0   | 0   | 1    |
| output_from_cluster_0_520_i1                                             | 0           | 0                     | 0                     | 0                    | 0.000          | 0   | 1   | 0    |
| input_to_cluster_1_521_i1                                                | 0           | 0                     | 2                     | 0                    | 0.000          | 1   | 0   | 0    |
| conv_feature_splitter9_1                                                 | 1           | 1                     | 7                     | 1                    | 0.000          | 0   | 0   | 1    |
| conv_feature_splitter9_2                                                 | 1           | 1                     | 14                    | 1                    | 0.000          | 0   | 0   | 1    |
| output_from_cluster_1_522_i1                                             | 0           | 0                     | 0                     | 0                    | 0.000          | 0   | 1   | 0    |
| input_to_cluster_2_523_i1                                                | 0           | 0                     | 2                     | 0                    | 0.000          | 1   | 0   | 0    |
| conv56                                                                   | 2           | 1                     | 1                     | 2                    | 0.000          | 0   | 0   | 1    |
| output_from_cluster_2_524_i1                                             | 0           | 0                     | 0                     | 0                    | 0.000          | 0   | 1   | 0    |
| input_to_cluster_4_525_i1                                                | 0           | 0                     | 1                     | 0                    | 0.000          | 1   | 0   | 0    |
| conv57                                                                   | 2           | 1                     | 2                     | 1                    | 0.000          | 0   | 0   | 1    |
| output_from_cluster_4_526_i1                                             | 0           | 0                     | 0                     | 0                    | 0.000          | 0   | 1   | 0    |
| input_to_cluster_1_527_i1                                                | 0           | 0                     | 1                     | 0                    | 0.000          | 1   | 0   | 0    |
| ew_add12                                                                 | 1           | 1                     | 1                     | 7                    | 0.000          | 0   | 0   | 1    |
| concat14                                                                 | 1           | 0                     | 1                     | 15                   | 0.000          | 0   | 0   | 1    |
| output_from_cluster_1_528_i1                                             | 0           | 0                     | 0                     | 0                    | 0.000          | 0   | 1   | 0    |
| input_to_cluster_0_529_i1                                                | 0           | 0                     | 1                     | 0                    | 0.000          | 1   | 0   | 0    |
| conv58                                                                   | 2           | 2                     | 6                     | 1                    | 0.000          | 0   | 0   | 1    |
| conv60                                                                   | 8           | 4                     | 1                     | 3                    | 0.000          | 0   | 0   | 1    |
| output_from_cluster_0_538_i1                                             | 0           | 0                     | 0                     | 0                    | 0.000          | 0   | 1   | 0    |
| input_to_cluster_7_539_i1                                                | 0           | 0                     | 1                     | 0                    | 0.000          | 1   | 0   | 0    |
| conv61                                                                   | 4           | 2                     | 1                     | 1                    | 0.000          | 0   | 0   | 1    |
| conv62                                                                   | 1           | 1                     | 1                     | 1                    | 0.000          | 0   | 0   | 1    |
| output_from_cluster_7_540_i1                                             | 0           | 0                     | 0                     | 0                    | 0.000          | 0   | 1   | 0    |
| output_from_conv62_to_yolov8_nms_postprocess                             | 0           | 0                     | 0                     | 0                    | 0.500          | 0   | 0   | 0    |
| output_from_cluster_0_530_i1                                             | 0           | 0                     | 0                     | 0                    | 0.000          | 0   | 1   | 0    |
| input_to_cluster_3_531_i1                                                | 0           | 0                     | 4                     | 0                    | 0.000          | 1   | 0   | 0    |
| conv59                                                                   | 6           | 6                     | 1                     | 2                    | 0.000          | 0   | 0   | 1    |
| dw4                                                                      | 2           | 1                     | 1                     | 2                    | 0.000          | 0   | 0   | 1    |
| conv63                                                                   | 1           | 1                     | 1                     | 1                    | 0.000          | 0   | 0   | 1    |
| dw5                                                                      | 1           | 1                     | 1                     | 1                    | 0.000          | 0   | 0   | 1    |
| output_from_cluster_3_541_i1                                             | 0           | 0                     | 0                     | 0                    | 0.000          | 0   | 1   | 0    |
| input_to_cluster_5_542_i1                                                | 0           | 0                     | 1                     | 0                    | 0.000          | 1   | 0   | 0    |
| conv64                                                                   | 1           | 1                     | 1                     | 1                    | 0.000          | 0   | 0   | 1    |
| output_from_cluster_5_543_i1                                             | 0           | 0                     | 0                     | 0                    | 0.000          | 0   | 1   | 0    |
| input_to_cluster_0_544_i1                                                | 0           | 0                     | 1                     | 0                    | 0.000          | 1   | 0   | 0    |
| conv65                                                                   | 1           | 1                     | 1                     | 1                    | 0.000          | 0   | 0   | 1    |
| output_from_cluster_0_545_i1                                             | 0           | 0                     | 0                     | 0                    | 0.000          | 0   | 1   | 0    |
| output_from_conv65_to_yolov8_nms_postprocess                             | 0           | 0                     | 0                     | 0                    | 0.500          | 0   | 0   | 0    |
| output_from_cluster_2_490_i1                                             | 0           | 0                     | 0                     | 0                    | 0.000          | 0   | 1   | 0    |
| input_to_cluster_3_491_i1                                                | 0           | 0                     | 3                     | 0                    | 0.000          | 1   | 0   | 0    |
| concat15                                                                 | 1           | 0                     | 2                     | 4                    | 0.000          | 0   | 0   | 1    |
| conv_feature_splitter10_2                                                | 2           | 2                     | 3                     | 1                    | 0.000          | 0   | 0   | 1    |
| conv67                                                                   | 1           | 1                     | 2                     | 1                    | 0.000          | 0   | 0   | 1    |
| conv69                                                                   | 2           | 2                     | 1                     | 1                    | 0.000          | 0   | 0   | 1    |
| conv70                                                                   | 2           | 2                     | 1                     | 1                    | 0.000          | 0   | 0   | 1    |
| ew_add13                                                                 | 1           | 1                     | 1                     | 2                    | 0.000          | 0   | 0   | 1    |
| output_from_cluster_3_536_i1                                             | 0           | 0                     | 0                     | 0                    | 0.000          | 0   | 1   | 0    |
| gate_candidate_gate_candidate_context_1_to_gate_candidate_context_2_2897 | 0           | 0                     | 0                     | 0                    | 0.500          | 0   | 0   | 0    |
| conv68                                                                   | 1           | 1                     | 1                     | 1                    | 0.000          | 0   | 0   | 1    |
| output_from_cluster_3_537_i1                                             | 0           | 0                     | 0                     | 0                    | 0.000          | 0   | 1   | 0    |
| gate_candidate_gate_candidate_context_1_to_gate_candidate_context_2_2895 | 0           | 0                     | 0                     | 0                    | 0.500          | 0   | 0   | 0    |
| output_from_cluster_3_535_i1                                             | 0           | 0                     | 0                     | 0                    | 0.000          | 0   | 1   | 0    |
| gate_candidate_gate_candidate_context_1_to_gate_candidate_context_2_2893 | 0           | 0                     | 0                     | 0                    | 0.500          | 0   | 0   | 0    |
| output_from_cluster_3_532_i1                                             | 0           | 0                     | 0                     | 0                    | 0.000          | 0   | 1   | 0    |
| input_to_cluster_0_533_i1                                                | 0           | 0                     | 1                     | 0                    | 0.000          | 1   | 0   | 0    |
| conv_feature_splitter10_1                                                | 2           | 2                     | 1                     | 1                    | 0.000          | 0   | 0   | 1    |
| output_from_cluster_0_534_i1                                             | 0           | 0                     | 0                     | 0                    | 0.000          | 0   | 1   | 0    |
| gate_candidate_gate_candidate_context_1_to_gate_candidate_context_2_2891 | 0           | 0                     | 0                     | 0                    | 0.500          | 0   | 0   | 0    |
+--------------------------------------------------------------------------+-------------+-----------------------+-----------------------+----------------------+----------------+-----+-----+------+
TOTAL:  LCUs: 77 (60.1562%), Subclusters: 155 (30.2734%), 16bit Subclusters: 1 (0.195312%), Weight memory cuts: 94 (9.17969%), L3 Output memory cuts: 289 (28.2227%), L3 Input memory cuts: 213 (20.8008%), L3 total cuts: 383 (37.4023%), L4 memory cuts: 0 (0%), IBs: 52 (81.25%), OBs: 48 (75%), APUs: 77 (48.125%)
[2026-09-25 17:23:58.117] [default] [info] Post-Split Buffers for gate_candidate_context_1, iteration 1 (CP) buffers:
+--------------------------------------------------------------------------+--------------------------------------------------------------------------+-------------------------------+
| Src                                                                      | Dst                                                                      | Buffers                       |
+--------------------------------------------------------------------------+--------------------------------------------------------------------------+-------------------------------+
| gate_candidate_gate_candidate_context_0_to_gate_candidate_context_1_2877 | input_to_cluster_4_467_i1                                                | 2 (L3 memory cuts: 1)         |
| input_to_cluster_4_467_i1                                                | concat11                                                                 | 13 (L3 memory cuts: 5)        |
| gate_candidate_gate_candidate_context_0_to_gate_candidate_context_1_2879 | input_to_cluster_5_468_i1                                                | 1 (L3 memory cuts: 1)         |
| input_to_cluster_5_468_i1                                                | concat9                                                                  | 4 (L3 memory cuts: 1)         |
| gate_candidate_gate_candidate_context_0_to_gate_candidate_context_1_2881 | input_to_cluster_5_469_i1                                                | 1 (L3 memory cuts: 1)         |
| input_to_cluster_5_469_i1                                                | concat8                                                                  | 3 (L3 memory cuts: 1)         |
| gate_candidate_gate_candidate_context_0_to_gate_candidate_context_1_2883 | input_to_cluster_1_470_i1                                                | 1 (L3 memory cuts: 1)         |
| input_to_cluster_1_470_i1                                                | conv36                                                                   | 3 (L3 memory cuts: 1)         |
| gate_candidate_gate_candidate_context_0_to_gate_candidate_context_1_2885 | input_to_cluster_6_471_i1                                                | 1 (L3 memory cuts: 1)         |
| input_to_cluster_6_471_i1                                                | matmul1                                                                  | 2 (L3 memory cuts: 1)         |
| gate_candidate_gate_candidate_context_0_to_gate_candidate_context_1_2887 | input_to_cluster_6_472_i1                                                | 1 (L3 memory cuts: 1)         |
| input_to_cluster_6_472_i1                                                | matmul1                                                                  | 40 (L3 memory cuts: 2)        |
| matmul1                                                                  | reduce_max_softmax1                                                      | 2[RPC] (L3 memory cuts: 2)    |
| matmul1                                                                  | ew_sub_softmax1                                                          | 2[RPC] (L3 memory cuts: 2)    |
| reduce_max_softmax1                                                      | ew_sub_softmax1                                                          | 1 (L3 memory cuts: 1)         |
| ew_sub_softmax1                                                          | reduce_sum_softmax1                                                      | 1 (L3 memory cuts: 1)         |
| ew_sub_softmax1                                                          | ew_mult_softmax1                                                         | 1 (L3 memory cuts: 1)         |
| reduce_sum_softmax1                                                      | ew_mult_softmax1                                                         | 2 (L3 memory cuts: 1)         |
| ew_mult_softmax1                                                         | matmul2                                                                  | 3 (L3 memory cuts: 2)         |
| gate_candidate_gate_candidate_context_0_to_gate_candidate_context_1_2889 | input_to_cluster_3_473_i1                                                | 1 (L3 memory cuts: 1)         |
| gate_candidate_gate_candidate_context_0_to_gate_candidate_context_1_2889 | input_to_cluster_6_474_i1                                                | 1 (L3 memory cuts: 1)         |
| input_to_cluster_3_473_i1                                                | activation1                                                              | 2 (L3 memory cuts: 1)         |
| activation1                                                              | matmul2_reshape                                                          | 1 (L3 memory cuts: 1)         |
| matmul2_reshape                                                          | output_from_cluster_3_475_i1                                             | 1 (L3 memory cuts: 1)         |
| output_from_cluster_3_475_i1                                             | input_to_cluster_6_476_i1                                                | 2 (L3 memory cuts: 1)         |
| input_to_cluster_6_476_i1                                                | matmul2                                                                  | 40 (L3 memory cuts: 4)        |
| matmul2                                                                  | output_from_cluster_6_477_i1                                             | 1 (L3 memory cuts: 1)         |
| output_from_cluster_6_477_i1                                             | input_to_cluster_1_478_i1                                                | 2 (L3 memory cuts: 1)         |
| input_to_cluster_1_478_i1                                                | dw1_defuse_1x1                                                           | 2 (L3 memory cuts: 1)         |
| input_to_cluster_6_474_i1                                                | dw1_defuse_width_feature_reshape                                         | 1 (L3 memory cuts: 1)         |
| dw1_defuse_width_feature_reshape                                         | dw1_defuse_reshape_hxf_to_w_transposed                                   | 5 (L3 memory cuts: 1)         |
| dw1_defuse_reshape_hxf_to_w_transposed                                   | output_from_cluster_6_479_i1                                             | 2 (L3 memory cuts: 2)         |
| output_from_cluster_6_479_i1                                             | input_to_cluster_1_480_i1                                                | 2 (L3 memory cuts: 2)         |
| input_to_cluster_1_480_i1                                                | dw1_defuse_1x1                                                           | 21 (L3 memory cuts: 18)       |
| dw1_defuse_1x1                                                           | conv36                                                                   | 4 (L3 memory cuts: 1)         |
| conv36                                                                   | output_from_cluster_1_481_i1                                             | 1[S] (L3 memory cuts: 1)      |
| output_from_cluster_1_481_i1                                             | input_to_cluster_4_483_i1                                                | 2[S] (L3 memory cuts: 1)      |
| output_from_cluster_1_481_i1                                             | input_to_cluster_6_482_i1                                                | 2[S] (L3 memory cuts: 1)      |
| input_to_cluster_6_482_i1                                                | conv38                                                                   | 2[S] (L3 memory cuts: 1)      |
| input_to_cluster_4_483_i1                                                | conv37                                                                   | 1[S] (L3 memory cuts: 1)      |
| conv37                                                                   | output_from_cluster_4_484_i1                                             | 1[S] (L3 memory cuts: 1)      |
| output_from_cluster_4_484_i1                                             | input_to_cluster_6_485_i1                                                | 2[S] (L3 memory cuts: 1)      |
| input_to_cluster_6_485_i1                                                | conv38                                                                   | 1[S] (L3 memory cuts: 1)      |
| conv38                                                                   | output_from_cluster_6_486_i1                                             | 1 (L3 memory cuts: 1)         |
| output_from_cluster_6_486_i1                                             | input_to_cluster_5_487_i1                                                | 2 (L3 memory cuts: 1)         |
| input_to_cluster_5_487_i1                                                | concat8                                                                  | 2 (L3 memory cuts: 1)         |
| concat8                                                                  | output_from_cluster_5_488_i1                                             | 2[S] (L3 memory cuts: 1)      |
| output_from_cluster_5_488_i1                                             | input_to_cluster_2_489_i1                                                | 2[S] (L3 memory cuts: 1)      |
| input_to_cluster_2_489_i1                                                | conv39                                                                   | 1[S] (L3 memory cuts: 1)      |
| conv39                                                                   | resize1                                                                  | 2 (L3 memory cuts: 1)         |
| conv39                                                                   | output_from_cluster_2_490_i1                                             | 1 (L3 memory cuts: 1)         |
| resize1                                                                  | output_from_cluster_2_492_i1                                             | 2 (L3 memory cuts: 1)         |
| output_from_cluster_2_492_i1                                             | input_to_cluster_5_493_i1                                                | 2 (L3 memory cuts: 1)         |
| input_to_cluster_5_493_i1                                                | concat9                                                                  | 2 (L3 memory cuts: 1)         |
| concat9                                                                  | conv_feature_splitter7_1                                                 | 3[S] (L3 memory cuts: 1)      |
| concat9                                                                  | conv_feature_splitter7_2                                                 | 3[S] (L3 memory cuts: 1)      |
| conv_feature_splitter7_1                                                 | concat10                                                                 | 10[RPC] (L3 memory cuts: 10)  |
| conv_feature_splitter7_2                                                 | output_from_cluster_5_494_i1                                             | 1[RPC] (L3 memory cuts: 1)    |
| conv_feature_splitter7_2                                                 | concat10                                                                 | 10[RPC] (L3 memory cuts: 10)  |
| output_from_cluster_5_494_i1                                             | input_to_cluster_2_496_i1                                                | 2[RPC] (L3 memory cuts: 2)    |
| output_from_cluster_5_494_i1                                             | input_to_cluster_1_495_i1                                                | 2[RPC] (L3 memory cuts: 2)    |
| input_to_cluster_1_495_i1                                                | ew_add10                                                                 | 8[RPC] (L3 memory cuts: 8)    |
| input_to_cluster_2_496_i1                                                | conv41                                                                   | 5[RPC] (L3 memory cuts: 5)    |
| conv41                                                                   | output_from_cluster_2_497_i1                                             | 4[S] (L3 memory cuts: 1)      |
| output_from_cluster_2_497_i1                                             | input_to_cluster_4_498_i1                                                | 2[S] (L3 memory cuts: 1)      |
| input_to_cluster_4_498_i1                                                | conv42                                                                   | 8[S] (L3 memory cuts: 1)      |
| conv42                                                                   | output_from_cluster_4_499_i1                                             | 2[RPC] (L3 memory cuts: 2)    |
| output_from_cluster_4_499_i1                                             | input_to_cluster_1_500_i1                                                | 2[RPC] (L3 memory cuts: 2)    |
| input_to_cluster_1_500_i1                                                | ew_add10                                                                 | 1[RPC] (L3 memory cuts: 1)    |
| ew_add10                                                                 | output_from_cluster_1_501_i1                                             | 1 (L3 memory cuts: 1)         |
| output_from_cluster_1_501_i1                                             | input_to_cluster_5_502_i1                                                | 2 (L3 memory cuts: 1)         |
| input_to_cluster_5_502_i1                                                | concat10                                                                 | 2 (L3 memory cuts: 1)         |
| concat10                                                                 | output_from_cluster_5_503_i1                                             | 2[S] (L3 memory cuts: 1)      |
| output_from_cluster_5_503_i1                                             | input_to_cluster_0_504_i1                                                | 2[S] (L3 memory cuts: 1)      |
| input_to_cluster_0_504_i1                                                | conv43                                                                   | 2[S] (L3 memory cuts: 1)      |
| conv43                                                                   | output_from_cluster_0_505_i1                                             | 8[RPC] (L3 memory cuts: 8)    |
| conv43                                                                   | concat13                                                                 | 8[RPC] (L3 memory cuts: 8)    |
| output_from_cluster_0_505_i1                                             | input_to_cluster_1_506_i1                                                | 2[RPC] (L3 memory cuts: 2)    |
| input_to_cluster_1_506_i1                                                | resize2                                                                  | 2[RPC] (L3 memory cuts: 2)    |
| resize2                                                                  | output_from_cluster_1_507_i1                                             | 2[RPC] (L3 memory cuts: 2)    |
| output_from_cluster_1_507_i1                                             | input_to_cluster_4_508_i1                                                | 2[RPC] (L3 memory cuts: 2)    |
| input_to_cluster_4_508_i1                                                | concat11                                                                 | 2[RPC] (L3 memory cuts: 2)    |
| concat11                                                                 | output_from_cluster_4_509_i1                                             | 2[RPC] (L3 memory cuts: 2)    |
| output_from_cluster_4_509_i1                                             | input_to_cluster_2_510_i1                                                | 2[RPC][D] (L3 memory cuts: 2) |
| input_to_cluster_2_510_i1                                                | conv_feature_splitter8_1                                                 | 2[RPC][D] (L3 memory cuts: 2) |
| input_to_cluster_2_510_i1                                                | conv_feature_splitter8_2                                                 | 2[RPC][D] (L3 memory cuts: 2) |
| conv_feature_splitter8_1                                                 | concat12                                                                 | 6 (L3 memory cuts: 1)         |
| conv_feature_splitter8_2                                                 | output_from_cluster_2_511_i1                                             | 6[RPC] (L3 memory cuts: 6)    |
| conv_feature_splitter8_2                                                 | ew_add11                                                                 | 6[RPC] (L3 memory cuts: 6)    |
| conv_feature_splitter8_2                                                 | concat12                                                                 | 6[RPC] (L3 memory cuts: 6)    |
| output_from_cluster_2_511_i1                                             | input_to_cluster_4_512_i1                                                | 2[RPC] (L3 memory cuts: 2)    |
| input_to_cluster_4_512_i1                                                | conv45                                                                   | 1[RPC] (L3 memory cuts: 1)    |
| conv45                                                                   | conv46                                                                   | 7[S] (L3 memory cuts: 1)      |
| conv46                                                                   | output_from_cluster_4_513_i1                                             | 2 (L3 memory cuts: 1)         |
| output_from_cluster_4_513_i1                                             | input_to_cluster_2_514_i1                                                | 2 (L3 memory cuts: 1)         |
| input_to_cluster_2_514_i1                                                | ew_add11                                                                 | 1 (L3 memory cuts: 1)         |
| ew_add11                                                                 | concat12                                                                 | 2 (L3 memory cuts: 1)         |
| concat12                                                                 | conv47                                                                   | 2[S] (L3 memory cuts: 1)      |
| conv47                                                                   | output_from_cluster_2_515_i1                                             | 2 (L3 memory cuts: 1)         |
| output_from_cluster_2_515_i1                                             | input_to_cluster_4_517_i1                                                | 2 (L3 memory cuts: 1)         |
| output_from_cluster_2_515_i1                                             | input_to_cluster_3_516_i1                                                | 2 (L3 memory cuts: 1)         |
| input_to_cluster_3_516_i1                                                | sh_from_conv47_to_conv49_d0-1_dw2_sd0-1_2900                             | 1 (L3 memory cuts: 1)         |
| sh_from_conv47_to_conv49_d0-1_dw2_sd0-1_2900                             | conv49_d0                                                                | 2 (L3 memory cuts: 1)         |
| sh_from_conv47_to_conv49_d0-1_dw2_sd0-1_2900                             | output_from_cluster_3_562_i1                                             | 2 (L3 memory cuts: 1)         |
| conv49_d0                                                                | output_from_cluster_3_546_i1                                             | 4[S][RPC] (L3 memory cuts: 4) |
| output_from_cluster_3_546_i1                                             | input_to_cluster_2_547_i1                                                | 2[S][RPC] (L3 memory cuts: 2) |
| input_to_cluster_2_547_i1                                                | conv49_dc                                                                | 5[S][RPC] (L3 memory cuts: 5) |
| output_from_cluster_3_562_i1                                             | input_to_cluster_4_564_i1                                                | 2 (L3 memory cuts: 1)         |
| output_from_cluster_3_562_i1                                             | input_to_cluster_2_563_i1                                                | 2 (L3 memory cuts: 1)         |
| input_to_cluster_2_563_i1                                                | conv49_d1                                                                | 2 (L3 memory cuts: 1)         |
| input_to_cluster_2_563_i1                                                | dw2_sd1                                                                  | 2 (L3 memory cuts: 1)         |
| conv49_d1                                                                | conv49_dc                                                                | 4[S][RPC] (L3 memory cuts: 4) |
| conv49_dc                                                                | conv50_d0                                                                | 9[S] (L3 memory cuts: 1)      |
| conv49_dc                                                                | conv50_d1                                                                | 9[S] (L3 memory cuts: 1)      |
| conv50_d0                                                                | conv50_dc                                                                | 4[S][RPC] (L3 memory cuts: 4) |
| conv50_d1                                                                | conv50_dc                                                                | 4[S][RPC] (L3 memory cuts: 4) |
| conv50_dc                                                                | conv51                                                                   | 2 (L3 memory cuts: 1)         |
| conv51                                                                   | output_from_cluster_2_548_i1                                             | 2[RPC] (L3 memory cuts: 2)    |
| output_from_cluster_2_548_i1                                             | output_from_conv51_to_yolov8_nms_postprocess                             | 2 (L3 memory cuts: 1)         |
| dw2_sd1                                                                  | output_from_cluster_2_551_i1                                             | 2 (L3 memory cuts: 1)         |
| output_from_cluster_2_551_i1                                             | input_to_cluster_7_552_i1                                                | 2 (L3 memory cuts: 1)         |
| input_to_cluster_7_552_i1                                                | dw2_sdc                                                                  | 1 (L3 memory cuts: 1)         |
| input_to_cluster_4_564_i1                                                | dw2_sd0                                                                  | 2 (L3 memory cuts: 1)         |
| dw2_sd0                                                                  | output_from_cluster_4_549_i1                                             | 2 (L3 memory cuts: 1)         |
| output_from_cluster_4_549_i1                                             | input_to_cluster_7_550_i1                                                | 2 (L3 memory cuts: 1)         |
| input_to_cluster_7_550_i1                                                | dw2_sdc                                                                  | 1 (L3 memory cuts: 1)         |
| dw2_sdc                                                                  | output_from_cluster_7_553_i1                                             | 1 (L3 memory cuts: 1)         |
| output_from_cluster_7_553_i1                                             | input_to_cluster_0_554_i1                                                | 2 (L3 memory cuts: 1)         |
| input_to_cluster_0_554_i1                                                | conv52                                                                   | 2 (L3 memory cuts: 1)         |
| conv52                                                                   | dw3_sd0                                                                  | 2 (L3 memory cuts: 1)         |
| conv52                                                                   | output_from_cluster_0_555_i1                                             | 2 (L3 memory cuts: 1)         |
| dw3_sd0                                                                  | output_from_cluster_0_557_i1                                             | 2 (L3 memory cuts: 1)         |
| output_from_cluster_0_557_i1                                             | input_to_cluster_5_558_i1                                                | 2 (L3 memory cuts: 1)         |
| input_to_cluster_5_558_i1                                                | dw3_sdc                                                                  | 2 (L3 memory cuts: 1)         |
| output_from_cluster_0_555_i1                                             | input_to_cluster_6_556_i1                                                | 2 (L3 memory cuts: 1)         |
| input_to_cluster_6_556_i1                                                | dw3_sd1                                                                  | 2 (L3 memory cuts: 1)         |
| dw3_sd1                                                                  | output_from_cluster_6_559_i1                                             | 2 (L3 memory cuts: 1)         |
| output_from_cluster_6_559_i1                                             | input_to_cluster_5_560_i1                                                | 2 (L3 memory cuts: 1)         |
| input_to_cluster_5_560_i1                                                | dw3_sdc                                                                  | 1 (L3 memory cuts: 1)         |
| dw3_sdc                                                                  | conv53                                                                   | 2 (L3 memory cuts: 1)         |
| conv53                                                                   | conv54                                                                   | 2[RPC] (L3 memory cuts: 2)    |
| conv54                                                                   | output_from_cluster_5_561_i1                                             | 1 (L3 memory cuts: 1)         |
| output_from_cluster_5_561_i1                                             | output_from_conv54_to_yolov8_nms_postprocess                             | 1 (L3 memory cuts: 1)         |
| input_to_cluster_4_517_i1                                                | conv48                                                                   | 2 (L3 memory cuts: 1)         |
| conv48                                                                   | output_from_cluster_4_518_i1                                             | 1 (L3 memory cuts: 1)         |
| output_from_cluster_4_518_i1                                             | input_to_cluster_0_519_i1                                                | 2 (L3 memory cuts: 1)         |
| input_to_cluster_0_519_i1                                                | concat13                                                                 | 2 (L3 memory cuts: 1)         |
| concat13                                                                 | output_from_cluster_0_520_i1                                             | 2[S] (L3 memory cuts: 1)      |
| output_from_cluster_0_520_i1                                             | input_to_cluster_1_521_i1                                                | 2[S] (L3 memory cuts: 1)      |
| input_to_cluster_1_521_i1                                                | conv_feature_splitter9_1                                                 | 2[S] (L3 memory cuts: 1)      |
| input_to_cluster_1_521_i1                                                | conv_feature_splitter9_2                                                 | 2[S] (L3 memory cuts: 1)      |
| conv_feature_splitter9_1                                                 | concat14                                                                 | 7[RPC] (L3 memory cuts: 7)    |
| conv_feature_splitter9_2                                                 | output_from_cluster_1_522_i1                                             | 1[RPC] (L3 memory cuts: 1)    |
| conv_feature_splitter9_2                                                 | ew_add12                                                                 | 6[RPC] (L3 memory cuts: 6)    |
| conv_feature_splitter9_2                                                 | concat14                                                                 | 7[RPC] (L3 memory cuts: 7)    |
| output_from_cluster_1_522_i1                                             | input_to_cluster_2_523_i1                                                | 2[RPC] (L3 memory cuts: 2)    |
| input_to_cluster_2_523_i1                                                | conv56                                                                   | 2[RPC] (L3 memory cuts: 2)    |
| conv56                                                                   | output_from_cluster_2_524_i1                                             | 4[S] (L3 memory cuts: 1)      |
| output_from_cluster_2_524_i1                                             | input_to_cluster_4_525_i1                                                | 2[S] (L3 memory cuts: 1)      |
| input_to_cluster_4_525_i1                                                | conv57                                                                   | 8[S] (L3 memory cuts: 1)      |
| conv57                                                                   | output_from_cluster_4_526_i1                                             | 2[RPC] (L3 memory cuts: 2)    |
| output_from_cluster_4_526_i1                                             | input_to_cluster_1_527_i1                                                | 2[RPC] (L3 memory cuts: 2)    |
| input_to_cluster_1_527_i1                                                | ew_add12                                                                 | 1[RPC] (L3 memory cuts: 1)    |
| ew_add12                                                                 | concat14                                                                 | 2 (L3 memory cuts: 1)         |
| concat14                                                                 | output_from_cluster_1_528_i1                                             | 2[S] (L3 memory cuts: 1)      |
| output_from_cluster_1_528_i1                                             | input_to_cluster_0_529_i1                                                | 2[S] (L3 memory cuts: 1)      |
| input_to_cluster_0_529_i1                                                | conv58                                                                   | 2[S] (L3 memory cuts: 1)      |
| conv58                                                                   | conv60                                                                   | 3[RPC] (L3 memory cuts: 3)    |
| conv58                                                                   | output_from_cluster_0_530_i1                                             | 3[RPC] (L3 memory cuts: 3)    |
| conv60                                                                   | output_from_cluster_0_538_i1                                             | 4[S] (L3 memory cuts: 1)      |
| output_from_cluster_0_538_i1                                             | input_to_cluster_7_539_i1                                                | 2[S] (L3 memory cuts: 1)      |
| input_to_cluster_7_539_i1                                                | conv61                                                                   | 8[S] (L3 memory cuts: 1)      |
| conv61                                                                   | conv62                                                                   | 2 (L3 memory cuts: 1)         |
| conv62                                                                   | output_from_cluster_7_540_i1                                             | 1 (L3 memory cuts: 1)         |
| output_from_cluster_7_540_i1                                             | output_from_conv62_to_yolov8_nms_postprocess                             | 1 (L3 memory cuts: 1)         |
| output_from_cluster_0_530_i1                                             | input_to_cluster_3_531_i1                                                | 2[RPC] (L3 memory cuts: 2)    |
| input_to_cluster_3_531_i1                                                | conv59                                                                   | 2[RPC] (L3 memory cuts: 2)    |
| input_to_cluster_3_531_i1                                                | dw4                                                                      | 2[RPC] (L3 memory cuts: 2)    |
| conv59                                                                   | concat15                                                                 | 2 (L3 memory cuts: 1)         |
| dw4                                                                      | conv63                                                                   | 2 (L3 memory cuts: 1)         |
| conv63                                                                   | dw5                                                                      | 4 (L3 memory cuts: 1)         |
| dw5                                                                      | output_from_cluster_3_541_i1                                             | 2 (L3 memory cuts: 1)         |
| output_from_cluster_3_541_i1                                             | input_to_cluster_5_542_i1                                                | 2 (L3 memory cuts: 1)         |
| input_to_cluster_5_542_i1                                                | conv64                                                                   | 1 (L3 memory cuts: 1)         |
| conv64                                                                   | output_from_cluster_5_543_i1                                             | 1 (L3 memory cuts: 1)         |
| output_from_cluster_5_543_i1                                             | input_to_cluster_0_544_i1                                                | 2 (L3 memory cuts: 1)         |
| input_to_cluster_0_544_i1                                                | conv65                                                                   | 1 (L3 memory cuts: 1)         |
| conv65                                                                   | output_from_cluster_0_545_i1                                             | 1 (L3 memory cuts: 1)         |
| output_from_cluster_0_545_i1                                             | output_from_conv65_to_yolov8_nms_postprocess                             | 1 (L3 memory cuts: 1)         |
| output_from_cluster_2_490_i1                                             | input_to_cluster_3_491_i1                                                | 2 (L3 memory cuts: 1)         |
| input_to_cluster_3_491_i1                                                | concat15                                                                 | 14 (L3 memory cuts: 3)        |
| concat15                                                                 | output_from_cluster_3_532_i1                                             | 2[S] (L3 memory cuts: 1)      |
| concat15                                                                 | conv_feature_splitter10_2                                                | 2[S] (L3 memory cuts: 1)      |
| conv_feature_splitter10_2                                                | conv67                                                                   | 1 (L3 memory cuts: 1)         |
| conv_feature_splitter10_2                                                | conv68                                                                   | 1 (L3 memory cuts: 1)         |
| conv_feature_splitter10_2                                                | output_from_cluster_3_535_i1                                             | 1 (L3 memory cuts: 1)         |
| conv67                                                                   | conv69                                                                   | 4 (L3 memory cuts: 1)         |
| conv67                                                                   | ew_add13                                                                 | 4 (L3 memory cuts: 1)         |
| conv69                                                                   | conv70                                                                   | 5[S] (L3 memory cuts: 1)      |
| conv70                                                                   | ew_add13                                                                 | 1 (L3 memory cuts: 1)         |
| ew_add13                                                                 | output_from_cluster_3_536_i1                                             | 1 (L3 memory cuts: 1)         |
| output_from_cluster_3_536_i1                                             | gate_candidate_gate_candidate_context_1_to_gate_candidate_context_2_2897 | 1 (L3 memory cuts: 1)         |
| conv68                                                                   | output_from_cluster_3_537_i1                                             | 1 (L3 memory cuts: 1)         |
| output_from_cluster_3_537_i1                                             | gate_candidate_gate_candidate_context_1_to_gate_candidate_context_2_2895 | 1 (L3 memory cuts: 1)         |
| output_from_cluster_3_535_i1                                             | gate_candidate_gate_candidate_context_1_to_gate_candidate_context_2_2893 | 1 (L3 memory cuts: 1)         |
| output_from_cluster_3_532_i1                                             | input_to_cluster_0_533_i1                                                | 2[S] (L3 memory cuts: 1)      |
| input_to_cluster_0_533_i1                                                | conv_feature_splitter10_1                                                | 1[S] (L3 memory cuts: 1)      |
| conv_feature_splitter10_1                                                | output_from_cluster_0_534_i1                                             | 1 (L3 memory cuts: 1)         |
| output_from_cluster_0_534_i1                                             | gate_candidate_gate_candidate_context_1_to_gate_candidate_context_2_2891 | 1 (L3 memory cuts: 1)         |
+--------------------------------------------------------------------------+--------------------------------------------------------------------------+-------------------------------+
[2026-09-25 17:23:58.607] [default] [info] Post-Final-Split Resources for gate_candidate_context_1, iteration 4
+--------------------------------------------------------------------------+-------------+-----------------------+-----------------------+----------------------+----------------+-----+-----+------+
| Node                                                                     | Subclusters | L3 Weight Memory Cuts | L3 Output Memory Cuts | L3 Input Memory Cuts | L4 Memory Cuts | IBs | OBs | APUs |
+--------------------------------------------------------------------------+-------------+-----------------------+-----------------------+----------------------+----------------+-----+-----+------+
| gate_candidate_gate_candidate_context_0_to_gate_candidate_context_1_2877 | 0           | 0                     | 0                     | 0                    | 0.500          | 0   | 0   | 0    |
| input_to_cluster_4_467_i1                                                | 0           | 0                     | 5                     | 0                    | 0.000          | 1   | 0   | 0    |
| gate_candidate_gate_candidate_context_0_to_gate_candidate_context_1_2879 | 0           | 0                     | 0                     | 0                    | 0.500          | 0   | 0   | 0    |
| input_to_cluster_5_468_i1                                                | 0           | 0                     | 1                     | 0                    | 0.000          | 1   | 0   | 0    |
| gate_candidate_gate_candidate_context_0_to_gate_candidate_context_1_2881 | 0           | 0                     | 0                     | 0                    | 0.500          | 0   | 0   | 0    |
| input_to_cluster_5_469_i1                                                | 0           | 0                     | 1                     | 0                    | 0.000          | 1   | 0   | 0    |
| gate_candidate_gate_candidate_context_0_to_gate_candidate_context_1_2883 | 0           | 0                     | 0                     | 0                    | 0.500          | 0   | 0   | 0    |
| input_to_cluster_1_470_i1                                                | 0           | 0                     | 1                     | 0                    | 0.000          | 1   | 0   | 0    |
| gate_candidate_gate_candidate_context_0_to_gate_candidate_context_1_2885 | 0           | 0                     | 0                     | 0                    | 0.500          | 0   | 0   | 0    |
| input_to_cluster_6_471_i1                                                | 0           | 0                     | 1                     | 0                    | 0.000          | 1   | 0   | 0    |
| gate_candidate_gate_candidate_context_0_to_gate_candidate_context_1_2887 | 0           | 0                     | 0                     | 0                    | 0.500          | 0   | 0   | 0    |
| input_to_cluster_6_472_i1                                                | 0           | 0                     | 2                     | 0                    | 0.000          | 1   | 0   | 0    |
| matmul1                                                                  | 1           | 0                     | 4                     | 1                    | 0.000          | 0   | 0   | 1    |
| reduce_max_softmax1                                                      | 1           | 0                     | 1                     | 2                    | 0.000          | 0   | 0   | 1    |
| ew_sub_softmax1                                                          | 1           | 1                     | 2                     | 3                    | 0.000          | 0   | 0   | 1    |
| reduce_sum_softmax1                                                      | 1           | 0                     | 1                     | 1                    | 0.000          | 0   | 0   | 1    |
| ew_mult_softmax1                                                         | 1           | 0                     | 2                     | 2                    | 0.000          | 0   | 0   | 1    |
| gate_candidate_gate_candidate_context_0_to_gate_candidate_context_1_2889 | 0           | 0                     | 0                     | 0                    | 0.500          | 0   | 0   | 0    |
| input_to_cluster_3_473_i1                                                | 0           | 0                     | 1                     | 0                    | 0.000          | 1   | 0   | 0    |
| activation1                                                              | 1           | 1                     | 1                     | 1                    | 0.000          | 0   | 0   | 1    |
| matmul2_reshape                                                          | 1           | 0                     | 1                     | 1                    | 0.000          | 0   | 0   | 1    |
| output_from_cluster_3_475_i1                                             | 0           | 0                     | 0                     | 0                    | 0.000          | 0   | 1   | 0    |
| input_to_cluster_6_476_i1                                                | 0           | 0                     | 4                     | 0                    | 0.000          | 1   | 0   | 0    |
| matmul2                                                                  | 2           | 0                     | 1                     | 2                    | 0.000          | 0   | 0   | 1    |
| output_from_cluster_6_477_i1                                             | 0           | 0                     | 0                     | 0                    | 0.000          | 0   | 1   | 0    |
| input_to_cluster_1_478_i1                                                | 0           | 0                     | 1                     | 0                    | 0.000          | 1   | 0   | 0    |
| input_to_cluster_6_474_i1                                                | 0           | 0                     | 1                     | 0                    | 0.000          | 1   | 0   | 0    |
| dw1_defuse_width_feature_reshape                                         | 1           | 0                     | 1                     | 1                    | 0.000          | 0   | 0   | 1    |
| dw1_defuse_reshape_hxf_to_w_transposed                                   | 1           | 0                     | 2                     | 1                    | 0.000          | 0   | 0   | 1    |
| output_from_cluster_6_479_i1                                             | 0           | 0                     | 0                     | 0                    | 0.000          | 0   | 1   | 0    |
| input_to_cluster_1_480_i1                                                | 0           | 0                     | 18                    | 0                    | 0.000          | 1   | 0   | 0    |
| dw1_defuse_1x1                                                           | 1           | 1                     | 1                     | 19                   | 0.000          | 0   | 0   | 1    |
| conv36                                                                   | 1           | 1                     | 1                     | 2                    | 0.000          | 0   | 0   | 1    |
| output_from_cluster_1_481_i1                                             | 0           | 0                     | 0                     | 0                    | 0.000          | 0   | 1   | 0    |
| input_to_cluster_6_482_i1                                                | 0           | 0                     | 1                     | 0                    | 0.000          | 1   | 0   | 0    |
| input_to_cluster_4_483_i1                                                | 0           | 0                     | 1                     | 0                    | 0.000          | 1   | 0   | 0    |
| conv37                                                                   | 1           | 1                     | 1                     | 1                    | 0.000          | 0   | 0   | 1    |
| output_from_cluster_4_484_i1                                             | 0           | 0                     | 0                     | 0                    | 0.000          | 0   | 1   | 0    |
| input_to_cluster_6_485_i1                                                | 0           | 0                     | 1                     | 0                    | 0.000          | 1   | 0   | 0    |
| conv38                                                                   | 1           | 1                     | 1                     | 2                    | 0.000          | 0   | 0   | 1    |
| output_from_cluster_6_486_i1                                             | 0           | 0                     | 0                     | 0                    | 0.000          | 0   | 1   | 0    |
| input_to_cluster_5_487_i1                                                | 0           | 0                     | 1                     | 0                    | 0.000          | 1   | 0   | 0    |
| concat8                                                                  | 1           | 0                     | 1                     | 2                    | 0.000          | 0   | 0   | 1    |
| output_from_cluster_5_488_i1                                             | 0           | 0                     | 0                     | 0                    | 0.000          | 0   | 1   | 0    |
| input_to_cluster_2_489_i1                                                | 0           | 0                     | 1                     | 0                    | 0.000          | 1   | 0   | 0    |
| conv39                                                                   | 2           | 2                     | 2                     | 1                    | 0.000          | 0   | 0   | 1    |
| resize1                                                                  | 1           | 0                     | 1                     | 1                    | 0.000          | 0   | 0   | 1    |
| output_from_cluster_2_492_i1                                             | 0           | 0                     | 0                     | 0                    | 0.000          | 0   | 1   | 0    |
| input_to_cluster_5_493_i1                                                | 0           | 0                     | 1                     | 0                    | 0.000          | 1   | 0   | 0    |
| concat9                                                                  | 1           | 0                     | 2                     | 2                    | 0.000          | 0   | 0   | 1    |
| conv_feature_splitter7_1                                                 | 2           | 2                     | 10                    | 1                    | 0.000          | 0   | 0   | 1    |
| conv_feature_splitter7_2                                                 | 2           | 2                     | 11                    | 1                    | 0.000          | 0   | 0   | 1    |
| output_from_cluster_5_494_i1                                             | 0           | 0                     | 0                     | 0                    | 0.000          | 0   | 1   | 0    |
| input_to_cluster_1_495_i1                                                | 0           | 0                     | 8                     | 0                    | 0.000          | 1   | 0   | 0    |
| input_to_cluster_2_496_i1                                                | 0           | 0                     | 5                     | 0                    | 0.000          | 1   | 0   | 0    |
| conv41                                                                   | 2           | 1                     | 1                     | 5                    | 0.000          | 0   | 0   | 1    |
| output_from_cluster_2_497_i1                                             | 0           | 0                     | 0                     | 0                    | 0.000          | 0   | 1   | 0    |
| input_to_cluster_4_498_i1                                                | 0           | 0                     | 1                     | 0                    | 0.000          | 1   | 0   | 0    |
| conv42                                                                   | 2           | 1                     | 2                     | 1                    | 0.000          | 0   | 0   | 1    |
| output_from_cluster_4_499_i1                                             | 0           | 0                     | 0                     | 0                    | 0.000          | 0   | 1   | 0    |
| input_to_cluster_1_500_i1                                                | 0           | 0                     | 1                     | 0                    | 0.000          | 1   | 0   | 0    |
| ew_add10                                                                 | 1           | 1                     | 1                     | 9                    | 0.000          | 0   | 0   | 1    |
| output_from_cluster_1_501_i1                                             | 0           | 0                     | 0                     | 0                    | 0.000          | 0   | 1   | 0    |
| input_to_cluster_5_502_i1                                                | 0           | 0                     | 1                     | 0                    | 0.000          | 1   | 0   | 0    |
| concat10                                                                 | 1           | 0                     | 1                     | 21                   | 0.000          | 0   | 0   | 1    |
| output_from_cluster_5_503_i1                                             | 0           | 0                     | 0                     | 0                    | 0.000          | 0   | 1   | 0    |
| input_to_cluster_0_504_i1                                                | 0           | 0                     | 1                     | 0                    | 0.000          | 1   | 0   | 0    |
| conv43                                                                   | 2           | 2                     | 16                    | 1                    | 0.000          | 0   | 0   | 1    |
| output_from_cluster_0_505_i1                                             | 0           | 0                     | 0                     | 0                    | 0.000          | 0   | 1   | 0    |
| input_to_cluster_1_506_i1                                                | 0           | 0                     | 2                     | 0                    | 0.000          | 1   | 0   | 0    |
| resize2                                                                  | 1           | 0                     | 2                     | 2                    | 0.000          | 0   | 0   | 1    |
| output_from_cluster_1_507_i1                                             | 0           | 0                     | 0                     | 0                    | 0.000          | 0   | 1   | 0    |
| input_to_cluster_4_508_i1                                                | 0           | 0                     | 2                     | 0                    | 0.000          | 1   | 0   | 0    |
| concat11                                                                 | 1           | 0                     | 2                     | 7                    | 0.000          | 0   | 0   | 1    |
| output_from_cluster_4_509_i1                                             | 0           | 0                     | 0                     | 0                    | 0.000          | 0   | 2   | 0    |
| input_to_cluster_2_510_i1                                                | 0           | 0                     | 4                     | 0                    | 0.000          | 2   | 0   | 0    |
| conv_feature_splitter8_1                                                 | 4           | 4                     | 1                     | 2                    | 0.000          | 0   | 0   | 1    |
| conv_feature_splitter8_2                                                 | 4           | 2                     | 18                    | 2                    | 0.000          | 0   | 0   | 1    |
| output_from_cluster_2_511_i1                                             | 0           | 0                     | 0                     | 0                    | 0.000          | 0   | 1   | 0    |
| input_to_cluster_4_512_i1                                                | 0           | 0                     | 1                     | 0                    | 0.000          | 1   | 0   | 0    |
| conv45                                                                   | 2           | 2                     | 1                     | 1                    | 0.000          | 0   | 0   | 1    |
| conv46                                                                   | 2           | 1                     | 1                     | 1                    | 0.000          | 0   | 0   | 1    |
| output_from_cluster_4_513_i1                                             | 0           | 0                     | 0                     | 0                    | 0.000          | 0   | 1   | 0    |
| input_to_cluster_2_514_i1                                                | 0           | 0                     | 1                     | 0                    | 0.000          | 1   | 0   | 0    |
| ew_add11                                                                 | 1           | 1                     | 1                     | 7                    | 0.000          | 0   | 0   | 1    |
| concat12                                                                 | 1           | 0                     | 1                     | 8                    | 0.000          | 0   | 0   | 1    |
| conv47                                                                   | 3           | 3                     | 1                     | 1                    | 0.000          | 0   | 0   | 1    |
| output_from_cluster_2_515_i1                                             | 0           | 0                     | 0                     | 0                    | 0.000          | 0   | 1   | 0    |
| input_to_cluster_3_516_i1                                                | 0           | 0                     | 1                     | 0                    | 0.000          | 1   | 0   | 0    |
| sh_from_conv47_to_conv49_d0-1_dw2_sd0-1_2900                             | 1           | 0                     | 2                     | 1                    | 0.000          | 0   | 0   | 1    |
| conv49_d0                                                                | 8           | 4                     | 4                     | 1                    | 0.000          | 0   | 0   | 1    |
| output_from_cluster_3_546_i1                                             | 0           | 0                     | 0                     | 0                    | 0.000          | 0   | 1   | 0    |
| input_to_cluster_2_547_i1                                                | 0           | 0                     | 5                     | 0                    | 0.000          | 1   | 0   | 0    |
| output_from_cluster_3_562_i1                                             | 0           | 0                     | 0                     | 0                    | 0.000          | 0   | 1   | 0    |
| input_to_cluster_2_563_i1                                                | 0           | 0                     | 2                     | 0                    | 0.000          | 1   | 0   | 0    |
| conv49_d1                                                                | 8           | 4                     | 4                     | 1                    | 0.000          | 0   | 0   | 1    |
| conv49_dc                                                                | 1           | 0                     | 2                     | 9                    | 0.000          | 0   | 0   | 1    |
| conv50_d0                                                                | 8           | 4                     | 4                     | 1                    | 0.000          | 0   | 0   | 1    |
| conv50_d1                                                                | 8           | 4                     | 4                     | 1                    | 0.000          | 0   | 0   | 1    |
| conv50_dc                                                                | 1           | 0                     | 1                     | 8                    | 0.000          | 0   | 0   | 1    |
| conv51                                                                   | 2           | 1                     | 2                     | 1                    | 0.000          | 0   | 0   | 1    |
| output_from_cluster_2_548_i1                                             | 0           | 0                     | 0                     | 0                    | 0.000          | 0   | 1   | 0    |
| output_from_conv51_to_yolov8_nms_postprocess                             | 0           | 0                     | 0                     | 0                    | 0.500          | 0   | 0   | 0    |
| dw2_sd1                                                                  | 2           | 1                     | 1                     | 1                    | 0.000          | 0   | 0   | 1    |
| output_from_cluster_2_551_i1                                             | 0           | 0                     | 0                     | 0                    | 0.000          | 0   | 1   | 0    |
| input_to_cluster_7_552_i1                                                | 0           | 0                     | 1                     | 0                    | 0.000          | 1   | 0   | 0    |
| input_to_cluster_4_564_i1                                                | 0           | 0                     | 1                     | 0                    | 0.000          | 1   | 0   | 0    |
| dw2_sd0                                                                  | 2           | 1                     | 1                     | 1                    | 0.000          | 0   | 0   | 1    |
| output_from_cluster_4_549_i1                                             | 0           | 0                     | 0                     | 0                    | 0.000          | 0   | 1   | 0    |
| input_to_cluster_7_550_i1                                                | 0           | 0                     | 1                     | 0                    | 0.000          | 1   | 0   | 0    |
| dw2_sdc                                                                  | 1           | 0                     | 1                     | 2                    | 0.000          | 0   | 0   | 1    |
| output_from_cluster_7_553_i1                                             | 0           | 0                     | 0                     | 0                    | 0.000          | 0   | 1   | 0    |
| input_to_cluster_0_554_i1                                                | 0           | 0                     | 1                     | 0                    | 0.000          | 1   | 0   | 0    |
| conv52                                                                   | 2           | 1                     | 2                     | 1                    | 0.000          | 0   | 0   | 1    |
| dw3_sd0                                                                  | 2           | 1                     | 1                     | 1                    | 0.000          | 0   | 0   | 1    |
| output_from_cluster_0_557_i1                                             | 0           | 0                     | 0                     | 0                    | 0.000          | 0   | 1   | 0    |
| input_to_cluster_5_558_i1                                                | 0           | 0                     | 1                     | 0                    | 0.000          | 1   | 0   | 0    |
| output_from_cluster_0_555_i1                                             | 0           | 0                     | 0                     | 0                    | 0.000          | 0   | 1   | 0    |
| input_to_cluster_6_556_i1                                                | 0           | 0                     | 1                     | 0                    | 0.000          | 1   | 0   | 0    |
| dw3_sd1                                                                  | 2           | 1                     | 1                     | 1                    | 0.000          | 0   | 0   | 1    |
| output_from_cluster_6_559_i1                                             | 0           | 0                     | 0                     | 0                    | 0.000          | 0   | 1   | 0    |
| input_to_cluster_5_560_i1                                                | 0           | 0                     | 1                     | 0                    | 0.000          | 1   | 0   | 0    |
| dw3_sdc                                                                  | 1           | 0                     | 1                     | 2                    | 0.000          | 0   | 0   | 1    |
| conv53                                                                   | 2           | 1                     | 2                     | 1                    | 0.000          | 0   | 0   | 1    |
| conv54                                                                   | 1 [16bit]   | 1                     | 1                     | 2                    | 0.000          | 0   | 0   | 1    |
| output_from_cluster_5_561_i1                                             | 0           | 0                     | 0                     | 0                    | 0.000          | 0   | 1   | 0    |
| output_from_conv54_to_yolov8_nms_postprocess                             | 0           | 0                     | 0                     | 0                    | 0.500          | 0   | 0   | 0    |
| input_to_cluster_4_517_i1                                                | 0           | 0                     | 1                     | 0                    | 0.000          | 1   | 0   | 0    |
| conv48                                                                   | 4           | 4                     | 1                     | 1                    | 0.000          | 0   | 0   | 1    |
| output_from_cluster_4_518_i1                                             | 0           | 0                     | 0                     | 0                    | 0.000          | 0   | 1   | 0    |
| input_to_cluster_0_519_i1                                                | 0           | 0                     | 1                     | 0                    | 0.000          | 1   | 0   | 0    |
| concat13                                                                 | 1           | 0                     | 1                     | 9                    | 0.000          | 0   | 0   | 1    |
| output_from_cluster_0_520_i1                                             | 0           | 0                     | 0                     | 0                    | 0.000          | 0   | 1   | 0    |
| input_to_cluster_1_521_i1                                                | 0           | 0                     | 2                     | 0                    | 0.000          | 1   | 0   | 0    |
| conv_feature_splitter9_1                                                 | 1           | 1                     | 7                     | 1                    | 0.000          | 0   | 0   | 1    |
| conv_feature_splitter9_2                                                 | 1           | 1                     | 14                    | 1                    | 0.000          | 0   | 0   | 1    |
| output_from_cluster_1_522_i1                                             | 0           | 0                     | 0                     | 0                    | 0.000          | 0   | 1   | 0    |
| input_to_cluster_2_523_i1                                                | 0           | 0                     | 2                     | 0                    | 0.000          | 1   | 0   | 0    |
| conv56                                                                   | 2           | 1                     | 1                     | 2                    | 0.000          | 0   | 0   | 1    |
| output_from_cluster_2_524_i1                                             | 0           | 0                     | 0                     | 0                    | 0.000          | 0   | 1   | 0    |
| input_to_cluster_4_525_i1                                                | 0           | 0                     | 1                     | 0                    | 0.000          | 1   | 0   | 0    |
| conv57                                                                   | 2           | 1                     | 2                     | 1                    | 0.000          | 0   | 0   | 1    |
| output_from_cluster_4_526_i1                                             | 0           | 0                     | 0                     | 0                    | 0.000          | 0   | 1   | 0    |
| input_to_cluster_1_527_i1                                                | 0           | 0                     | 1                     | 0                    | 0.000          | 1   | 0   | 0    |
| ew_add12                                                                 | 1           | 1                     | 1                     | 7                    | 0.000          | 0   | 0   | 1    |
| concat14                                                                 | 1           | 0                     | 1                     | 15                   | 0.000          | 0   | 0   | 1    |
| output_from_cluster_1_528_i1                                             | 0           | 0                     | 0                     | 0                    | 0.000          | 0   | 1   | 0    |
| input_to_cluster_0_529_i1                                                | 0           | 0                     | 1                     | 0                    | 0.000          | 1   | 0   | 0    |
| conv58                                                                   | 2           | 2                     | 6                     | 1                    | 0.000          | 0   | 0   | 1    |
| conv60                                                                   | 8           | 4                     | 1                     | 3                    | 0.000          | 0   | 0   | 1    |
| output_from_cluster_0_538_i1                                             | 0           | 0                     | 0                     | 0                    | 0.000          | 0   | 1   | 0    |
| input_to_cluster_7_539_i1                                                | 0           | 0                     | 1                     | 0                    | 0.000          | 1   | 0   | 0    |
| conv61                                                                   | 4           | 2                     | 1                     | 1                    | 0.000          | 0   | 0   | 1    |
| conv62                                                                   | 1           | 1                     | 1                     | 1                    | 0.000          | 0   | 0   | 1    |
| output_from_cluster_7_540_i1                                             | 0           | 0                     | 0                     | 0                    | 0.000          | 0   | 1   | 0    |
| output_from_conv62_to_yolov8_nms_postprocess                             | 0           | 0                     | 0                     | 0                    | 0.500          | 0   | 0   | 0    |
| output_from_cluster_0_530_i1                                             | 0           | 0                     | 0                     | 0                    | 0.000          | 0   | 1   | 0    |
| input_to_cluster_3_531_i1                                                | 0           | 0                     | 4                     | 0                    | 0.000          | 1   | 0   | 0    |
| conv59                                                                   | 6           | 6                     | 1                     | 2                    | 0.000          | 0   | 0   | 1    |
| dw4                                                                      | 2           | 1                     | 1                     | 2                    | 0.000          | 0   | 0   | 1    |
| conv63                                                                   | 1           | 1                     | 1                     | 1                    | 0.000          | 0   | 0   | 1    |
| dw5                                                                      | 1           | 1                     | 1                     | 1                    | 0.000          | 0   | 0   | 1    |
| output_from_cluster_3_541_i1                                             | 0           | 0                     | 0                     | 0                    | 0.000          | 0   | 1   | 0    |
| input_to_cluster_5_542_i1                                                | 0           | 0                     | 1                     | 0                    | 0.000          | 1   | 0   | 0    |
| conv64                                                                   | 1           | 1                     | 1                     | 1                    | 0.000          | 0   | 0   | 1    |
| output_from_cluster_5_543_i1                                             | 0           | 0                     | 0                     | 0                    | 0.000          | 0   | 1   | 0    |
| input_to_cluster_0_544_i1                                                | 0           | 0                     | 1                     | 0                    | 0.000          | 1   | 0   | 0    |
| conv65                                                                   | 1           | 1                     | 1                     | 1                    | 0.000          | 0   | 0   | 1    |
| output_from_cluster_0_545_i1                                             | 0           | 0                     | 0                     | 0                    | 0.000          | 0   | 1   | 0    |
| output_from_conv65_to_yolov8_nms_postprocess                             | 0           | 0                     | 0                     | 0                    | 0.500          | 0   | 0   | 0    |
| output_from_cluster_2_490_i1                                             | 0           | 0                     | 0                     | 0                    | 0.000          | 0   | 1   | 0    |
| input_to_cluster_3_491_i1                                                | 0           | 0                     | 3                     | 0                    | 0.000          | 1   | 0   | 0    |
| concat15                                                                 | 1           | 0                     | 2                     | 4                    | 0.000          | 0   | 0   | 1    |
| conv_feature_splitter10_2                                                | 2           | 2                     | 3                     | 1                    | 0.000          | 0   | 0   | 1    |
| conv67                                                                   | 1           | 1                     | 2                     | 1                    | 0.000          | 0   | 0   | 1    |
| conv69                                                                   | 2           | 2                     | 1                     | 1                    | 0.000          | 0   | 0   | 1    |
| conv70                                                                   | 2           | 2                     | 1                     | 1                    | 0.000          | 0   | 0   | 1    |
| ew_add13                                                                 | 1           | 1                     | 1                     | 2                    | 0.000          | 0   | 0   | 1    |
| output_from_cluster_3_536_i1                                             | 0           | 0                     | 0                     | 0                    | 0.000          | 0   | 1   | 0    |
| gate_candidate_gate_candidate_context_1_to_gate_candidate_context_2_2897 | 0           | 0                     | 0                     | 0                    | 0.500          | 0   | 0   | 0    |
| conv68                                                                   | 1           | 1                     | 1                     | 1                    | 0.000          | 0   | 0   | 1    |
| output_from_cluster_3_537_i1                                             | 0           | 0                     | 0                     | 0                    | 0.000          | 0   | 1   | 0    |
| gate_candidate_gate_candidate_context_1_to_gate_candidate_context_2_2895 | 0           | 0                     | 0                     | 0                    | 0.500          | 0   | 0   | 0    |
| output_from_cluster_3_535_i1                                             | 0           | 0                     | 0                     | 0                    | 0.000          | 0   | 1   | 0    |
| gate_candidate_gate_candidate_context_1_to_gate_candidate_context_2_2893 | 0           | 0                     | 0                     | 0                    | 0.500          | 0   | 0   | 0    |
| output_from_cluster_3_532_i1                                             | 0           | 0                     | 0                     | 0                    | 0.000          | 0   | 1   | 0    |
| input_to_cluster_0_533_i1                                                | 0           | 0                     | 1                     | 0                    | 0.000          | 1   | 0   | 0    |
| conv_feature_splitter10_1                                                | 2           | 2                     | 1                     | 1                    | 0.000          | 0   | 0   | 1    |
| output_from_cluster_0_534_i1                                             | 0           | 0                     | 0                     | 0                    | 0.000          | 0   | 1   | 0    |
| gate_candidate_gate_candidate_context_1_to_gate_candidate_context_2_2891 | 0           | 0                     | 0                     | 0                    | 0.500          | 0   | 0   | 0    |
+--------------------------------------------------------------------------+-------------+-----------------------+-----------------------+----------------------+----------------+-----+-----+------+
TOTAL:  LCUs: 77 (60.1562%), Subclusters: 155 (30.2734%), 16bit Subclusters: 1 (0.195312%), Weight memory cuts: 94 (9.17969%), L3 Output memory cuts: 289 (28.2227%), L3 Input memory cuts: 213 (20.8008%), L3 total cuts: 383 (37.4023%), L4 memory cuts: 0 (0%), IBs: 52 (81.25%), OBs: 48 (75%), APUs: 77 (48.125%)
[2026-09-25 17:23:58.703] [default] [info] Context:2/2 Iteration 0: Trying parallel splits...   
          cluster_0  cluster_1  cluster_2  cluster_3  cluster_4  cluster_5  cluster_6  cluster_7  prepost 
 worker0                                                                                                  
 worker1                                                                                                  
 worker2                                                                                                  
 worker3                                                                                                  

  00:08
[2026-09-25 17:23:58.815] [default] [info] Context:2/2 Iteration 4: Trying parallel mapping...  
          cluster_0  cluster_1  cluster_2  cluster_3  cluster_4  cluster_5  cluster_6  cluster_7  prepost 
 worker0  *          *          *          *          *          *          *          *          V       
 worker1                                                                                                  
 worker2                                                                                                  
 worker3                                                                                                  

  00:08
[2026-09-25 17:23:58.828] [default] [info] Context:2/2 Iteration 4: Trying parallel mapping...  
          cluster_0  cluster_1  cluster_2  cluster_3  cluster_4  cluster_5  cluster_6  cluster_7  prepost 
 worker0  *          *          *          *          *          *          *          *          V       
 worker1  *          *          *          *          *          *          *          *          V       
 worker2                                                                                                  
 worker3                                                                                                  

  00:08
[2026-09-25 17:23:58.842] [default] [info] Context:2/2 Iteration 4: Trying parallel mapping...  
          cluster_0  cluster_1  cluster_2  cluster_3  cluster_4  cluster_5  cluster_6  cluster_7  prepost 
 worker0  *          *          *          *          *          *          *          *          V       
 worker1  *          *          *          *          *          *          *          *          V       
 worker2  *          *          *          *          *          *          *          *          V       
 worker3                                                                                                  

  00:08
[2026-09-25 17:23:58.866] [default] [info] Context:2/2 Iteration 4: Trying parallel mapping...  
          cluster_0  cluster_1  cluster_2  cluster_3  cluster_4  cluster_5  cluster_6  cluster_7  prepost 
 worker0  *          *          *          *          *          *          *          *          V       
 worker1  *          *          *          *          *          *          *          *          V       
 worker2  *          *          *          *          *          *          *          *          V       
 worker3                                                                                                  

  00:08
[2026-09-25 17:23:58.879] [default] [info] Context:2/2 Iteration 4: Trying parallel mapping...  
          cluster_0  cluster_1  cluster_2  cluster_3  cluster_4  cluster_5  cluster_6  cluster_7  prepost 
 worker0  *          *          *          *          *          *          *          *          V       
 worker1  *          *          *          *          *          *          *          *          V       
 worker2  *          *          *          *          V          *          *          *          V       
 worker3                                                                                                  

  00:08
[2026-09-25 17:23:58.892] [default] [info] Context:2/2 Iteration 4: Trying parallel mapping...  
          cluster_0  cluster_1  cluster_2  cluster_3  cluster_4  cluster_5  cluster_6  cluster_7  prepost 
 worker0  *          *          *          *          *          *          *          *          V       
 worker1  *          *          *          *          *          *          *          *          V       
 worker2  *          *          *          *          V          *          *          *          V       
 worker3                                                                                                  

  00:08
[2026-09-25 17:23:58.904] [default] [info] Context:2/2 Iteration 4: Trying parallel mapping...  
          cluster_0  cluster_1  cluster_2  cluster_3  cluster_4  cluster_5  cluster_6  cluster_7  prepost 
 worker0  *          *          *          *          *          *          *          *          V       
 worker1  V          V          V          V          V          V          V          *          V       
 worker2  *          *          *          *          V          *          *          *          V       
 worker3                                                                                                  

  00:08
[2026-09-25 17:23:58.916] [default] [info] Context:2/2 Iteration 4: Trying parallel mapping...  
          cluster_0  cluster_1  cluster_2  cluster_3  cluster_4  cluster_5  cluster_6  cluster_7  prepost 
 worker0  *          *          *          *          *          *          *          *          V       
 worker1  V          V          V          V          V          V          V          *          V       
 worker2  *          *          *          *          V          *          *          *          V       
 worker3                                                                                                  

  00:08
[2026-09-25 17:23:58.928] [default] [info] Context:2/2 Iteration 4: Trying parallel mapping...  
          cluster_0  cluster_1  cluster_2  cluster_3  cluster_4  cluster_5  cluster_6  cluster_7  prepost 
 worker0  *          *          *          *          *          *          *          *          V       
 worker1  V          V          V          V          V          V          V          *          V       
 worker2  *          *          *          *          V          *          *          *          V       
 worker3                                                                                                  

  00:08
[2026-09-25 17:23:58.940] [default] [info] Context:2/2 Iteration 4: Trying parallel mapping...  
          cluster_0  cluster_1  cluster_2  cluster_3  cluster_4  cluster_5  cluster_6  cluster_7  prepost 
 worker0  *          *          *          *          *          *          *          *          V       
 worker1  V          V          V          V          V          V          V          *          V       
 worker2  *          *          *          *          V          *          *          *          V       
 worker3                                                                                                  

  00:08
[2026-09-25 17:23:58.953] [default] [info] Context:2/2 Iteration 4: Trying parallel mapping...  
          cluster_0  cluster_1  cluster_2  cluster_3  cluster_4  cluster_5  cluster_6  cluster_7  prepost 
 worker0  *          *          *          *          *          *          *          *          V       
 worker1  V          V          V          V          V          V          V          *          V       
 worker2  *          *          *          *          V          *          *          *          V       
 worker3  V          *          *          *          V          *          V          *          V       

  00:08
[2026-09-25 17:23:58.964] [default] [info] Post-Split Resources for gate_candidate_context_2, iteration 1 (CP)
+--------------------------------------------------------------------------+-------------+-----------------------+-----------------------+----------------------+----------------+-----+-----+------+
| Node                                                                     | Subclusters | L3 Weight Memory Cuts | L3 Output Memory Cuts | L3 Input Memory Cuts | L4 Memory Cuts | IBs | OBs | APUs |
+--------------------------------------------------------------------------+-------------+-----------------------+-----------------------+----------------------+----------------+-----+-----+------+
| gate_candidate_gate_candidate_context_1_to_gate_candidate_context_2_2892 | 0           | 0                     | 0                     | 0                    | 0.500          | 0   | 0   | 0    |
| input_to_cluster_0_565_i1                                                | 0           | 0                     | 1                     | 0                    | 0.000          | 1   | 0   | 0    |
| gate_candidate_gate_candidate_context_1_to_gate_candidate_context_2_2894 | 0           | 0                     | 0                     | 0                    | 0.500          | 0   | 0   | 0    |
| input_to_cluster_0_566_i1                                                | 0           | 0                     | 1                     | 0                    | 0.000          | 1   | 0   | 0    |
| gate_candidate_gate_candidate_context_1_to_gate_candidate_context_2_2896 | 0           | 0                     | 0                     | 0                    | 0.500          | 0   | 0   | 0    |
| input_to_cluster_1_567_i1                                                | 0           | 0                     | 1                     | 0                    | 0.000          | 1   | 0   | 0    |
| gate_candidate_gate_candidate_context_1_to_gate_candidate_context_2_2898 | 0           | 0                     | 0                     | 0                    | 0.500          | 0   | 0   | 0    |
| input_to_cluster_1_568_i1                                                | 0           | 0                     | 1                     | 0                    | 0.000          | 1   | 0   | 0    |
| conv71                                                                   | 3           | 3                     | 1                     | 1                    | 0.000          | 0   | 0   | 1    |
| conv72                                                                   | 3           | 3                     | 1                     | 1                    | 0.000          | 0   | 0   | 1    |
| gate_candidate_gate_candidate_context_1_to_gate_candidate_context_2_2899 | 0           | 0                     | 0                     | 0                    | 0.500          | 0   | 0   | 0    |
| input_to_cluster_1_569_i1                                                | 0           | 0                     | 1                     | 0                    | 0.000          | 1   | 0   | 0    |
| ew_add14                                                                 | 1           | 1                     | 1                     | 2                    | 0.000          | 0   | 0   | 1    |
| concat16                                                                 | 1           | 0                     | 1                     | 2                    | 0.000          | 0   | 0   | 1    |
| conv73                                                                   | 1           | 1                     | 1                     | 1                    | 0.000          | 0   | 0   | 1    |
| output_from_cluster_1_570_i1                                             | 0           | 0                     | 0                     | 0                    | 0.000          | 0   | 1   | 0    |
| input_to_cluster_0_571_i1                                                | 0           | 0                     | 2                     | 0                    | 0.000          | 1   | 0   | 0    |
| concat17                                                                 | 1           | 0                     | 1                     | 4                    | 0.000          | 0   | 0   | 1    |
| conv74                                                                   | 7           | 7                     | 2                     | 1                    | 0.000          | 0   | 0   | 1    |
| conv75_ws                                                                | 1           | 0                     | 3                     | 1                    | 0.000          | 0   | 0   | 1    |
| conv75_sd0                                                               | 8           | 8                     | 1                     | 1                    | 0.000          | 0   | 0   | 1    |
| conv75_sd1                                                               | 8           | 8                     | 1                     | 2                    | 0.000          | 0   | 0   | 1    |
| conv75_sdc                                                               | 1           | 0                     | 2                     | 2                    | 0.000          | 0   | 0   | 1    |
| conv76                                                                   | 3           | 3                     | 1                     | 2                    | 0.000          | 0   | 0   | 1    |
| conv77                                                                   | 1           | 1                     | 1                     | 1                    | 0.000          | 0   | 0   | 1    |
| output_from_cluster_0_572_i1                                             | 0           | 0                     | 0                     | 0                    | 0.000          | 0   | 1   | 0    |
| output_from_conv77_to_yolov8_nms_postprocess                             | 0           | 0                     | 0                     | 0                    | 0.500          | 0   | 0   | 0    |
| dw6_fs                                                                   | 1           | 0                     | 2                     | 1                    | 0.000          | 0   | 0   | 1    |
| dw6_d0                                                                   | 2           | 1                     | 2                     | 1                    | 0.000          | 0   | 0   | 1    |
| dw6_d1                                                                   | 2           | 1                     | 2                     | 1                    | 0.000          | 0   | 0   | 1    |
| dw6_dc                                                                   | 1           | 0                     | 1                     | 4                    | 0.000          | 0   | 0   | 1    |
| conv78                                                                   | 1           | 1                     | 1                     | 1                    | 0.000          | 0   | 0   | 1    |
| dw7                                                                      | 1           | 1                     | 1                     | 1                    | 0.000          | 0   | 0   | 1    |
| output_from_cluster_0_573_i1                                             | 0           | 0                     | 0                     | 0                    | 0.000          | 0   | 1   | 0    |
| input_to_cluster_1_574_i1                                                | 0           | 0                     | 1                     | 0                    | 0.000          | 1   | 0   | 0    |
| conv79                                                                   | 1           | 1                     | 1                     | 1                    | 0.000          | 0   | 0   | 1    |
| output_from_cluster_1_575_i1                                             | 0           | 0                     | 0                     | 0                    | 0.000          | 0   | 1   | 0    |
| input_to_cluster_0_576_i1                                                | 0           | 0                     | 1                     | 0                    | 0.000          | 1   | 0   | 0    |
| conv80                                                                   | 1           | 1                     | 1                     | 1                    | 0.000          | 0   | 0   | 1    |
| output_from_cluster_0_577_i1                                             | 0           | 0                     | 0                     | 0                    | 0.000          | 0   | 1   | 0    |
| output_from_conv80_to_yolov8_nms_postprocess                             | 0           | 0                     | 0                     | 0                    | 0.500          | 0   | 0   | 0    |
+--------------------------------------------------------------------------+-------------+-----------------------+-----------------------+----------------------+----------------+-----+-----+------+
TOTAL:  LCUs: 21 (16.4062%), Subclusters: 49 (9.57031%), Weight memory cuts: 41 (4.00391%), L3 Output memory cuts: 37 (3.61328%), L3 Input memory cuts: 32 (3.125%), L3 total cuts: 78 (7.61719%), L4 memory cuts: 0 (0%), IBs: 8 (12.5%), OBs: 5 (7.8125%), APUs: 21 (13.125%)
[2026-09-25 17:23:58.966] [default] [info] Context:2/2 Iteration 4: Trying parallel mapping...  
          cluster_0  cluster_1  cluster_2  cluster_3  cluster_4  cluster_5  cluster_6  cluster_7  prepost 
 worker0  *          *          *          *          *          *          *          *          V       
 worker1  V          V          V          V          V          V          V          *          V       
 worker2  *          *          *          *          V          *          *          *          V       
 worker3  V          *          *          *          V          *          V          *          V       

  00:08
[2026-09-25 17:23:58.969] [default] [info] Post-Split Buffers for gate_candidate_context_2, iteration 1 (CP) buffers:
+--------------------------------------------------------------------------+----------------------------------------------+----------------------------+
| Src                                                                      | Dst                                          | Buffers                    |
+--------------------------------------------------------------------------+----------------------------------------------+----------------------------+
| gate_candidate_gate_candidate_context_1_to_gate_candidate_context_2_2892 | input_to_cluster_0_565_i1                    | 1 (L3 memory cuts: 1)      |
| input_to_cluster_0_565_i1                                                | concat17                                     | 3 (L3 memory cuts: 1)      |
| gate_candidate_gate_candidate_context_1_to_gate_candidate_context_2_2894 | input_to_cluster_0_566_i1                    | 1 (L3 memory cuts: 1)      |
| input_to_cluster_0_566_i1                                                | concat17                                     | 3 (L3 memory cuts: 1)      |
| gate_candidate_gate_candidate_context_1_to_gate_candidate_context_2_2896 | input_to_cluster_1_567_i1                    | 1 (L3 memory cuts: 1)      |
| input_to_cluster_1_567_i1                                                | concat16                                     | 3 (L3 memory cuts: 1)      |
| gate_candidate_gate_candidate_context_1_to_gate_candidate_context_2_2898 | input_to_cluster_1_568_i1                    | 1 (L3 memory cuts: 1)      |
| input_to_cluster_1_568_i1                                                | conv71                                       | 4 (L3 memory cuts: 1)      |
| conv71                                                                   | conv72                                       | 5[S] (L3 memory cuts: 1)   |
| conv72                                                                   | ew_add14                                     | 2 (L3 memory cuts: 1)      |
| gate_candidate_gate_candidate_context_1_to_gate_candidate_context_2_2899 | input_to_cluster_1_569_i1                    | 1 (L3 memory cuts: 1)      |
| input_to_cluster_1_569_i1                                                | ew_add14                                     | 2 (L3 memory cuts: 1)      |
| ew_add14                                                                 | concat16                                     | 2 (L3 memory cuts: 1)      |
| concat16                                                                 | conv73                                       | 2[S] (L3 memory cuts: 1)   |
| conv73                                                                   | output_from_cluster_1_570_i1                 | 1[RPC] (L3 memory cuts: 1) |
| output_from_cluster_1_570_i1                                             | input_to_cluster_0_571_i1                    | 2[RPC] (L3 memory cuts: 2) |
| input_to_cluster_0_571_i1                                                | concat17                                     | 2[RPC] (L3 memory cuts: 2) |
| concat17                                                                 | conv74                                       | 2[S] (L3 memory cuts: 1)   |
| conv74                                                                   | conv75_ws                                    | 1[RPC] (L3 memory cuts: 1) |
| conv74                                                                   | dw6_fs                                       | 1[RPC] (L3 memory cuts: 1) |
| conv75_ws                                                                | conv75_sd0                                   | 1[RPC] (L3 memory cuts: 1) |
| conv75_ws                                                                | conv75_sd1                                   | 2[RPC] (L3 memory cuts: 2) |
| conv75_sd0                                                               | conv75_sdc                                   | 2 (L3 memory cuts: 1)      |
| conv75_sd1                                                               | conv75_sdc                                   | 1[RPC] (L3 memory cuts: 1) |
| conv75_sdc                                                               | conv76                                       | 2[RPC] (L3 memory cuts: 2) |
| conv76                                                                   | conv77                                       | 2 (L3 memory cuts: 1)      |
| conv77                                                                   | output_from_cluster_0_572_i1                 | 1 (L3 memory cuts: 1)      |
| output_from_cluster_0_572_i1                                             | output_from_conv77_to_yolov8_nms_postprocess | 1 (L3 memory cuts: 1)      |
| dw6_fs                                                                   | dw6_d0                                       | 1 (L3 memory cuts: 1)      |
| dw6_fs                                                                   | dw6_d1                                       | 1 (L3 memory cuts: 1)      |
| dw6_d0                                                                   | dw6_dc                                       | 2[RPC] (L3 memory cuts: 2) |
| dw6_d1                                                                   | dw6_dc                                       | 2[RPC] (L3 memory cuts: 2) |
| dw6_dc                                                                   | conv78                                       | 2[S] (L3 memory cuts: 1)   |
| conv78                                                                   | dw7                                          | 4 (L3 memory cuts: 1)      |
| dw7                                                                      | output_from_cluster_0_573_i1                 | 2 (L3 memory cuts: 1)      |
| output_from_cluster_0_573_i1                                             | input_to_cluster_1_574_i1                    | 2 (L3 memory cuts: 1)      |
| input_to_cluster_1_574_i1                                                | conv79                                       | 1 (L3 memory cuts: 1)      |
| conv79                                                                   | output_from_cluster_1_575_i1                 | 1 (L3 memory cuts: 1)      |
| output_from_cluster_1_575_i1                                             | input_to_cluster_0_576_i1                    | 2 (L3 memory cuts: 1)      |
| input_to_cluster_0_576_i1                                                | conv80                                       | 1 (L3 memory cuts: 1)      |
| conv80                                                                   | output_from_cluster_0_577_i1                 | 1 (L3 memory cuts: 1)      |
| output_from_cluster_0_577_i1                                             | output_from_conv80_to_yolov8_nms_postprocess | 1 (L3 memory cuts: 1)      |
+--------------------------------------------------------------------------+----------------------------------------------+----------------------------+
[2026-09-25 17:23:58.978] [default] [info] Context:2/2 Iteration 4: Trying parallel mapping...  
          cluster_0  cluster_1  cluster_2  cluster_3  cluster_4  cluster_5  cluster_6  cluster_7  prepost 
 worker0  *          *          *          *          *          *          *          *          V       
 worker1  V          V          V          V          V          V          V          *          V       
 worker2  *          *          *          *          V          *          *          *          V       
 worker3  V          *          *          *          V          *          V          *          V       

  00:08
[2026-09-25 17:23:58.990] [default] [info] Context:2/2 Iteration 4: Trying parallel mapping...  
          cluster_0  cluster_1  cluster_2  cluster_3  cluster_4  cluster_5  cluster_6  cluster_7  prepost 
 worker0  *          *          *          *          *          *          *          *          V       
 worker1  V          V          V          V          V          V          V          *          V       
 worker2  *          *          *          *          V          *          *          *          V       
 worker3  V          *          *          *          V          *          V          *          V       

  00:08
[2026-09-25 17:23:59.002] [default] [info] Context:2/2 Iteration 4: Trying parallel mapping...  
          cluster_0  cluster_1  cluster_2  cluster_3  cluster_4  cluster_5  cluster_6  cluster_7  prepost 
 worker0  *          *          *          *          *          *          *          *          V       
 worker1  V          V          V          V          V          V          V          *          V       
 worker2  *          *          *          *          V          *          *          *          V       
 worker3  V          *          *          *          V          *          V          *          V       

  00:08
[2026-09-25 17:23:59.015] [default] [info] Context:2/2 Iteration 4: Trying parallel mapping...  
          cluster_0  cluster_1  cluster_2  cluster_3  cluster_4  cluster_5  cluster_6  cluster_7  prepost 
 worker0  *          *          *          *          *          *          *          *          V       
 worker1  V          V          V          V          V          V          V          *          V       
 worker2  *          *          *          *          V          *          *          *          V       
 worker3  V          *          *          *          V          *          V          *          V       

  00:08
[2026-09-25 17:23:59.027] [default] [info] Context:2/2 Iteration 4: Trying parallel mapping...  
          cluster_0  cluster_1  cluster_2  cluster_3  cluster_4  cluster_5  cluster_6  cluster_7  prepost 
 worker0  *          *          *          *          *          *          *          *          V       
 worker1  V          V          V          V          V          V          V          *          V       
 worker2  *          *          *          *          V          *          *          *          V       
 worker3  V          *          *          *          V          *          V          *          V       

  00:08
[2026-09-25 17:23:59.039] [default] [info] Context:2/2 Iteration 4: Trying parallel mapping...  
          cluster_0  cluster_1  cluster_2  cluster_3  cluster_4  cluster_5  cluster_6  cluster_7  prepost 
 worker0  *          *          *          *          *          *          *          *          V       
 worker1  V          V          V          V          V          V          V          *          V       
 worker2  *          *          *          *          V          *          *          *          V       
 worker3  V          *          *          *          V          *          V          *          V       

  00:08
[2026-09-25 17:23:59.052] [default] [info] Context:2/2 Iteration 4: Trying parallel mapping...  
          cluster_0  cluster_1  cluster_2  cluster_3  cluster_4  cluster_5  cluster_6  cluster_7  prepost 
 worker0  *          *          *          *          *          *          *          *          V       
 worker1  V          V          V          V          V          V          V          *          V       
 worker2  *          *          *          *          V          *          *          *          V       
 worker3  V          *          *          *          V          *          V          *          V       

  00:09
[2026-09-25 17:23:59.065] [default] [info] Context:2/2 Iteration 4: Trying parallel mapping...  
          cluster_0  cluster_1  cluster_2  cluster_3  cluster_4  cluster_5  cluster_6  cluster_7  prepost 
 worker0  *          *          *          *          *          *          *          *          V       
 worker1  V          V          V          V          V          V          V          *          V       
 worker2  *          *          *          *          V          *          *          *          V       
 worker3  V          *          *          *          V          *          V          *          V       

  00:09
[2026-09-25 17:23:59.075] [default] [info] Post-Final-Split Resources for gate_candidate_context_2, iteration 4
+--------------------------------------------------------------------------+-------------+-----------------------+-----------------------+----------------------+----------------+-----+-----+------+
| Node                                                                     | Subclusters | L3 Weight Memory Cuts | L3 Output Memory Cuts | L3 Input Memory Cuts | L4 Memory Cuts | IBs | OBs | APUs |
+--------------------------------------------------------------------------+-------------+-----------------------+-----------------------+----------------------+----------------+-----+-----+------+
| gate_candidate_gate_candidate_context_1_to_gate_candidate_context_2_2892 | 0           | 0                     | 0                     | 0                    | 0.500          | 0   | 0   | 0    |
| input_to_cluster_0_565_i1                                                | 0           | 0                     | 1                     | 0                    | 0.000          | 1   | 0   | 0    |
| gate_candidate_gate_candidate_context_1_to_gate_candidate_context_2_2894 | 0           | 0                     | 0                     | 0                    | 0.500          | 0   | 0   | 0    |
| input_to_cluster_0_566_i1                                                | 0           | 0                     | 1                     | 0                    | 0.000          | 1   | 0   | 0    |
| gate_candidate_gate_candidate_context_1_to_gate_candidate_context_2_2896 | 0           | 0                     | 0                     | 0                    | 0.500          | 0   | 0   | 0    |
| input_to_cluster_1_567_i1                                                | 0           | 0                     | 1                     | 0                    | 0.000          | 1   | 0   | 0    |
| gate_candidate_gate_candidate_context_1_to_gate_candidate_context_2_2898 | 0           | 0                     | 0                     | 0                    | 0.500          | 0   | 0   | 0    |
| input_to_cluster_1_568_i1                                                | 0           | 0                     | 1                     | 0                    | 0.000          | 1   | 0   | 0    |
| conv71                                                                   | 3           | 3                     | 1                     | 1                    | 0.000          | 0   | 0   | 1    |
| conv72                                                                   | 3           | 3                     | 1                     | 1                    | 0.000          | 0   | 0   | 1    |
| gate_candidate_gate_candidate_context_1_to_gate_candidate_context_2_2899 | 0           | 0                     | 0                     | 0                    | 0.500          | 0   | 0   | 0    |
| input_to_cluster_1_569_i1                                                | 0           | 0                     | 1                     | 0                    | 0.000          | 1   | 0   | 0    |
| ew_add14                                                                 | 1           | 1                     | 1                     | 2                    | 0.000          | 0   | 0   | 1    |
| concat16                                                                 | 1           | 0                     | 1                     | 2                    | 0.000          | 0   | 0   | 1    |
| conv73                                                                   | 1           | 1                     | 1                     | 1                    | 0.000          | 0   | 0   | 1    |
| output_from_cluster_1_570_i1                                             | 0           | 0                     | 0                     | 0                    | 0.000          | 0   | 1   | 0    |
| input_to_cluster_0_571_i1                                                | 0           | 0                     | 2                     | 0                    | 0.000          | 1   | 0   | 0    |
| concat17                                                                 | 1           | 0                     | 1                     | 4                    | 0.000          | 0   | 0   | 1    |
| conv74                                                                   | 7           | 7                     | 2                     | 1                    | 0.000          | 0   | 0   | 1    |
| conv75_ws                                                                | 1           | 0                     | 3                     | 1                    | 0.000          | 0   | 0   | 1    |
| conv75_sd0                                                               | 8           | 8                     | 1                     | 1                    | 0.000          | 0   | 0   | 1    |
| conv75_sd1                                                               | 8           | 8                     | 1                     | 2                    | 0.000          | 0   | 0   | 1    |
| conv75_sdc                                                               | 1           | 0                     | 2                     | 2                    | 0.000          | 0   | 0   | 1    |
| conv76                                                                   | 3           | 3                     | 1                     | 2                    | 0.000          | 0   | 0   | 1    |
| conv77                                                                   | 1           | 1                     | 1                     | 1                    | 0.000          | 0   | 0   | 1    |
| output_from_cluster_0_572_i1                                             | 0           | 0                     | 0                     | 0                    | 0.000          | 0   | 1   | 0    |
| output_from_conv77_to_yolov8_nms_postprocess                             | 0           | 0                     | 0                     | 0                    | 0.500          | 0   | 0   | 0    |
| dw6_fs                                                                   | 1           | 0                     | 2                     | 1                    | 0.000          | 0   | 0   | 1    |
| dw6_d0                                                                   | 2           | 1                     | 2                     | 1                    | 0.000          | 0   | 0   | 1    |
| dw6_d1                                                                   | 2           | 1                     | 2                     | 1                    | 0.000          | 0   | 0   | 1    |
| dw6_dc                                                                   | 1           | 0                     | 1                     | 4                    | 0.000          | 0   | 0   | 1    |
| conv78                                                                   | 1           | 1                     | 1                     | 1                    | 0.000          | 0   | 0   | 1    |
| dw7                                                                      | 1           | 1                     | 1                     | 1                    | 0.000          | 0   | 0   | 1    |
| output_from_cluster_0_573_i1                                             | 0           | 0                     | 0                     | 0                    | 0.000          | 0   | 1   | 0    |
| input_to_cluster_1_574_i1                                                | 0           | 0                     | 1                     | 0                    | 0.000          | 1   | 0   | 0    |
| conv79                                                                   | 1           | 1                     | 1                     | 1                    | 0.000          | 0   | 0   | 1    |
| output_from_cluster_1_575_i1                                             | 0           | 0                     | 0                     | 0                    | 0.000          | 0   | 1   | 0    |
| input_to_cluster_0_576_i1                                                | 0           | 0                     | 1                     | 0                    | 0.000          | 1   | 0   | 0    |
| conv80                                                                   | 1           | 1                     | 1                     | 1                    | 0.000          | 0   | 0   | 1    |
| output_from_cluster_0_577_i1                                             | 0           | 0                     | 0                     | 0                    | 0.000          | 0   | 1   | 0    |
| output_from_conv80_to_yolov8_nms_postprocess                             | 0           | 0                     | 0                     | 0                    | 0.500          | 0   | 0   | 0    |
+--------------------------------------------------------------------------+-------------+-----------------------+-----------------------+----------------------+----------------+-----+-----+------+
TOTAL:  LCUs: 21 (16.4062%), Subclusters: 49 (9.57031%), Weight memory cuts: 41 (4.00391%), L3 Output memory cuts: 37 (3.61328%), L3 Input memory cuts: 32 (3.125%), L3 total cuts: 78 (7.61719%), L4 memory cuts: 0 (0%), IBs: 8 (12.5%), OBs: 5 (7.8125%), APUs: 21 (13.125%)
[2026-09-25 17:23:59.078] [default] [info] Context:2/2 Iteration 4: Trying parallel mapping...  
          cluster_0  cluster_1  cluster_2  cluster_3  cluster_4  cluster_5  cluster_6  cluster_7  prepost 
 worker0  *          *          *          *          *          *          *          *          V       
 worker1  V          V          V          V          V          V          V          *          V       
 worker2  *          *          *          *          V          *          *          *          V       
 worker3  V          *          *          *          V          *          V          *          V       

  00:09
[2026-09-25 17:23:59.090] [default] [info] Context:2/2 Iteration 4: Trying parallel mapping...  
          cluster_0  cluster_1  cluster_2  cluster_3  cluster_4  cluster_5  cluster_6  cluster_7  prepost 
 worker0  *          *          *          *          *          *          *          *          V       
 worker1  V          V          V          V          V          V          V          *          V       
 worker2  *          *          *          *          V          *          *          *          V       
 worker3  V          *          *          *          V          *          V          *          V       

  00:09
[2026-09-25 17:23:59.130] [default] [info] gate_candidate_context_0 (gate_candidate_context_0):
Iterations: 4
Reverts on cluster mapping: 0
Reverts on inter-cluster connectivity: 0
Reverts on pre-mapping validation: 0
Reverts on split failed: 0
[2026-09-25 17:23:59.130] [default] [info] gate_candidate_context_1 (gate_candidate_context_1):
Iterations: 4
Reverts on cluster mapping: 0
Reverts on inter-cluster connectivity: 0
Reverts on pre-mapping validation: 0
Reverts on split failed: 0
[2026-09-25 17:23:59.130] [default] [info] gate_candidate_context_2 (gate_candidate_context_2):
Iterations: 4
Reverts on cluster mapping: 0
Reverts on inter-cluster connectivity: 0
Reverts on pre-mapping validation: 0
Reverts on split failed: 0
[2026-09-25 17:23:59.147] [default] [info] Resolver passed at control_util 0.6 with 151.737 FPS. Setting new partition.
[2026-09-25 17:24:01.957] [default] [info] context gate_candidate_context_0 Post-Allocation FPS from simulation: 847.781
[2026-09-25 17:24:02.163] [default] [info] context gate_candidate_context_1 Post-Allocation FPS from simulation: 1095.95
[2026-09-25 17:24:02.200] [default] [info] context gate_candidate_context_2 Post-Allocation FPS from simulation: 2814.41
[2026-09-25 17:24:02.209] [default] [info] gate_candidate_context_0 utilization: 
[2026-09-25 17:24:02.209] [default] [info] +-----------+---------------------+---------------------+--------------------+
[2026-09-25 17:24:02.209] [default] [info] | Cluster   | Control Utilization | Compute Utilization | Memory Utilization |
[2026-09-25 17:24:02.209] [default] [info] +-----------+---------------------+---------------------+--------------------+
[2026-09-25 17:24:02.209] [default] [info] | cluster_0 | 68.8%               | 42.2%               | 42.2%              |
[2026-09-25 17:24:02.209] [default] [info] | cluster_1 | 37.5%               | 20.3%               | 32%                |
[2026-09-25 17:24:02.209] [default] [info] | cluster_2 | 50%                 | 14.1%               | 26.6%              |
[2026-09-25 17:24:02.209] [default] [info] | cluster_3 | 93.8%               | 45.3%               | 44.5%              |
[2026-09-25 17:24:02.209] [default] [info] | cluster_4 | 37.5%               | 14.1%               | 16.4%              |
[2026-09-25 17:24:02.209] [default] [info] | cluster_5 | 68.8%               | 28.1%               | 29.7%              |
[2026-09-25 17:24:02.209] [default] [info] | cluster_6 | 75%                 | 31.3%               | 41.4%              |
[2026-09-25 17:24:02.209] [default] [info] | cluster_7 | 50%                 | 28.1%               | 27.3%              |
[2026-09-25 17:24:02.209] [default] [info] +-----------+---------------------+---------------------+--------------------+
[2026-09-25 17:24:02.209] [default] [info] | Total     | 60.2%               | 27.9%               | 32.5%              |
[2026-09-25 17:24:02.209] [default] [info] +-----------+---------------------+---------------------+--------------------+
[2026-09-25 17:24:02.209] [default] [info] gate_candidate_context_1 utilization: 
[2026-09-25 17:24:02.209] [default] [info] +-----------+---------------------+---------------------+--------------------+
[2026-09-25 17:24:02.209] [default] [info] | Cluster   | Control Utilization | Compute Utilization | Memory Utilization |
[2026-09-25 17:24:02.209] [default] [info] +-----------+---------------------+---------------------+--------------------+
[2026-09-25 17:24:02.209] [default] [info] | cluster_0 | 50%                 | 31.3%               | 37.5%              |
[2026-09-25 17:24:02.209] [default] [info] | cluster_1 | 56.3%               | 18.8%               | 35.2%              |
[2026-09-25 17:24:02.209] [default] [info] | cluster_2 | 93.8%               | 48.4%               | 43%                |
[2026-09-25 17:24:02.209] [default] [info] | cluster_3 | 18.8%               | 9.4%                | 7%                 |
[2026-09-25 17:24:02.209] [default] [info] | cluster_4 | 100%                | 78.1%               | 72.7%              |
[2026-09-25 17:24:02.209] [default] [info] | cluster_5 | 50%                 | 25%                 | 27.3%              |
[2026-09-25 17:24:02.209] [default] [info] | cluster_6 | 50%                 | 12.5%               | 53.1%              |
[2026-09-25 17:24:02.209] [default] [info] | cluster_7 | 62.5%               | 18.8%               | 23.4%              |
[2026-09-25 17:24:02.209] [default] [info] +-----------+---------------------+---------------------+--------------------+
[2026-09-25 17:24:02.209] [default] [info] | Total     | 60.2%               | 30.3%               | 37.4%              |
[2026-09-25 17:24:02.209] [default] [info] +-----------+---------------------+---------------------+--------------------+
[2026-09-25 17:24:02.209] [default] [info] gate_candidate_context_2 utilization: 
[2026-09-25 17:24:02.209] [default] [info] +-----------+---------------------+---------------------+--------------------+
[2026-09-25 17:24:02.209] [default] [info] | Cluster   | Control Utilization | Compute Utilization | Memory Utilization |
[2026-09-25 17:24:02.209] [default] [info] +-----------+---------------------+---------------------+--------------------+
[2026-09-25 17:24:02.209] [default] [info] | cluster_2 | 93.8%               | 60.9%               | 46.1%              |
[2026-09-25 17:24:02.209] [default] [info] | cluster_4 | 37.5%               | 15.6%               | 14.8%              |
[2026-09-25 17:24:02.209] [default] [info] +-----------+---------------------+---------------------+--------------------+
[2026-09-25 17:24:02.209] [default] [info] | Total     | 16.4%               | 9.6%                | 7.6%               |
[2026-09-25 17:24:02.209] [default] [info] +-----------+---------------------+---------------------+--------------------+
[2026-09-25 17:24:02.241] [default] [info] Successful Mapping (allocation time: 14m 22s)
[2026-09-25 17:24:02.288] [default] [info] Compiling kernels of gate_candidate_context_0...
[2026-09-25 17:24:02.563] [default] [info] Microcode violation: DUAL_BUFFER_FLIP_OUT in the next 1 cycles after APU_WRITE_TO_MEM
 in layer conv6, line: 36
[2026-09-25 17:24:02.786] [default] [info] Microcode violation: DUAL_BUFFER_FLIP_OUT in the next 1 cycles after APU_WRITE_TO_MEM
 in layer conv11, line: 86
[2026-09-25 17:24:02.884] [default] [info] Microcode violation: DUAL_BUFFER_FLIP_OUT in the next 1 cycles after APU_WRITE_TO_MEM
 in layer conv14, line: 33
[2026-09-25 17:24:03.216] [default] [info] Microcode violation: DUAL_BUFFER_FLIP_OUT in the next 1 cycles after APU_WRITE_TO_MEM
 in layer conv15, line: 33
[2026-09-25 17:24:03.241] [default] [info] Microcode violation: DUAL_BUFFER_FLIP_OUT in the next 1 cycles after APU_WRITE_TO_MEM
 in layer conv21, line: 37
[2026-09-25 17:24:03.331] [default] [info] Microcode violation: DUAL_BUFFER_FLIP_OUT in the next 1 cycles after APU_WRITE_TO_MEM
 in layer conv24, line: 33
[2026-09-25 17:24:04.203] [default] [info] Microcode violation: DUAL_BUFFER_FLIP_OUT in the next 1 cycles after APU_WRITE_TO_MEM
 in layer conv25, line: 33
[2026-09-25 17:24:04.254] [default] [info] Microcode violation: DUAL_BUFFER_FLIP_OUT in the next 1 cycles after APU_WRITE_TO_MEM
 in layer conv32, line: 46
[2026-09-25 17:24:04.386] [default] [info] Microcode violation: DUAL_BUFFER_FLIP_OUT in the next 1 cycles after APU_WRITE_TO_MEM
 in layer conv_feature_splitter5_2, line: 51
[2026-09-25 17:24:04.455] [default] [info] Microcode violation: DUAL_BUFFER_FLIP_OUT in the next 1 cycles after APU_WRITE_TO_MEM
 in layer conv_feature_splitter5_1, line: 46
[2026-09-25 17:24:04.464] [default] [info] Kernels with microcoder violation: conv6, conv11, conv14, conv15, conv21, conv24, conv25, conv32, conv_feature_splitter5_1, conv_feature_splitter5_2, 
[2026-09-25 17:24:04.685] [default] [info] Compiling kernels of gate_candidate_context_1...
[2026-09-25 17:24:04.807] [default] [info] Microcode violation: DUAL_BUFFER_FLIP_OUT in the next 1 cycles after APU_WRITE_TO_MEM
 in layer dw1_defuse_width_feature_reshape, line: 10
[2026-09-25 17:24:04.808] [default] [info] Microcode violation: DUAL_BUFFER_FLIP_OUT in the next 1 cycles after APU_WRITE_TO_MEM
 in layer dw1_defuse_width_feature_reshape, line: 39
[2026-09-25 17:24:04.953] [default] [info] Microcode violation: DUAL_BUFFER_FLIP_OUT in the next 1 cycles after APU_WRITE_TO_MEM
 in layer conv38, line: 55
[2026-09-25 17:24:04.989] [default] [info] Microcode violation: DUAL_BUFFER_FLIP_OUT in the next 1 cycles after APU_WRITE_TO_MEM
 in layer conv39, line: 53
[2026-09-25 17:24:04.999] [default] [info] Microcode violation: DUAL_BUFFER_FLIP_OUT in the next 1 cycles after APU_WRITE_TO_MEM
 in layer resize1, line: 15
[2026-09-25 17:24:05.018] [default] [info] Microcode violation: DUAL_BUFFER_FLIP_OUT in the next 1 cycles after APU_WRITE_TO_MEM
 in layer conv_feature_splitter7_1, line: 37
[2026-09-25 17:24:05.038] [default] [info] Microcode violation: DUAL_BUFFER_FLIP_OUT in the next 1 cycles after APU_WRITE_TO_MEM
 in layer conv_feature_splitter7_2, line: 42
[2026-09-25 17:24:05.302] [default] [info] Microcode violation: DUAL_BUFFER_FLIP_OUT in the next 1 cycles after APU_WRITE_TO_MEM
 in layer conv43, line: 37
[2026-09-25 17:24:05.308] [default] [info] Microcode violation: DUAL_BUFFER_FLIP_OUT in the next 1 cycles after APU_WRITE_TO_MEM
 in layer resize2, line: 16
[2026-09-25 17:24:05.456] [default] [info] Microcode violation: DUAL_BUFFER_FLIP_OUT in the next 1 cycles after APU_WRITE_TO_MEM
 in layer conv47, line: 37
[2026-09-25 17:24:05.965] [default] [info] Microcode violation: DUAL_BUFFER_FLIP_OUT in the next 1 cycles after APU_WRITE_TO_MEM
 in layer conv_feature_splitter9_1, line: 33
[2026-09-25 17:24:05.983] [default] [info] Microcode violation: DUAL_BUFFER_FLIP_OUT in the next 1 cycles after APU_WRITE_TO_MEM
 in layer conv_feature_splitter9_2, line: 50
[2026-09-25 17:24:06.245] [default] [info] Microcode violation: DUAL_BUFFER_FLIP_OUT in the next 1 cycles after APU_WRITE_TO_MEM
 in layer conv58, line: 37
[2026-09-25 17:24:06.854] [default] [info] Microcode violation: DUAL_BUFFER_FLIP_OUT in the next 1 cycles after APU_WRITE_TO_MEM
 in layer conv_feature_splitter10_2, line: 37
[2026-09-25 17:24:07.133] [default] [info] Microcode violation: DUAL_BUFFER_FLIP_OUT in the next 1 cycles after APU_WRITE_TO_MEM
 in layer conv_feature_splitter10_1, line: 37
[2026-09-25 17:24:07.139] [default] [info] Kernels with microcoder violation: dw1_defuse_width_feature_reshape, conv38, conv39, resize1, conv_feature_splitter7_1, conv_feature_splitter7_2, conv43, resize2, conv47, conv_feature_splitter9_1, conv_feature_splitter9_2, conv58, conv_feature_splitter10_1, conv_feature_splitter10_2, 
[2026-09-25 17:24:07.316] [default] [info] Compiling kernels of gate_candidate_context_2...
[2026-09-25 17:24:07.523] [default] [info] Microcode violation: DUAL_BUFFER_FLIP_OUT in the next 1 cycles after APU_WRITE_TO_MEM
 in layer conv73, line: 46
[2026-09-25 17:24:07.550] [default] [info] Microcode violation: DUAL_BUFFER_FLIP_OUT in the next 1 cycles after APU_WRITE_TO_MEM
 in layer conv74, line: 37
[2026-09-25 17:24:08.006] [default] [info] Microcode violation: DUAL_BUFFER_FLIP_OUT in the next 1 cycles after APU_WRITE_TO_MEM
 in layer conv78, line: 33
[2026-09-25 17:24:08.174] [default] [info] Kernels with microcoder violation: conv73, conv74, conv78, 
[2026-09-25 17:24:08.214] [default] [info] Bandwidth of model inputs: 9.375 Mbps, outputs: 8.58765 Mbps (for a single frame)
[2026-09-25 17:24:08.214] [default] [info] Bandwidth of DDR buffers: 0.0 Mbps (for a single frame)
[2026-09-25 17:24:08.214] [default] [info] Bandwidth of inter context tensors: 21.3013 Mbps (for a single frame)
[2026-09-25 17:24:08.312] [default] [info] Building HEF...
[2026-09-25 17:24:11.934] [default] [info] Successful Compilation (compilation time: 9s)
[2026-09-25 17:24:12.108] [default] [info] Builder successful
