[2026-09-25 10:34:35.874] [default] [info] Ran from command: "/home/fh1m/Envs/dockers/auv-ros2/Ros_workspaces/mongla_ws/tools/hailo_compile.py gate_rescue_repair --nms-score-th 0.05 --calib-frames 1024 --out /home/fh1m/hailo_work_1024"
[2026-09-25 10:34:35.875] [default] [info] Loading network parameters
[2026-09-25 10:34:36.074] [default] [info] Starting Hailo allocation and compilation flow
[2026-09-25 10:34:36.075] [default] [info] Adding an output layer after conv51
[2026-09-25 10:34:36.075] [default] [info] Adding an output layer after conv54
[2026-09-25 10:34:36.075] [default] [info] Adding an output layer after conv62
[2026-09-25 10:34:36.075] [default] [info] Adding an output layer after conv65
[2026-09-25 10:34:36.075] [default] [info] Adding an output layer after conv77
[2026-09-25 10:34:36.076] [default] [info] Adding an output layer after conv80
[2026-09-25 10:34:36.102] [default] [info] Model name: gate_rescue_repair
[2026-09-25 10:34:36.132] [default] [info] Building optimization options for network layers...
[2026-09-25 10:34:41.459] [default] [info] Successfully built optimization options - 5s 326ms
[2026-09-25 10:34:41.460] [default] [info] Trying to compile the network in a single context
[2026-09-25 10:34:41.460] [default] [info] Trying to solve in single context
[2026-09-25 10:34:43.684] [default] [info] Single context flow failed: Recoverable single context error
[2026-09-25 10:34:43.695] [default] [info] Building optimization options for network layers...
[2026-09-25 10:34:51.118] [default] [info] Successfully built optimization options - 7s 423ms
[2026-09-25 10:34:51.118] [default] [info] Using Multi-context flow
[2026-09-25 10:34:51.118] [default] [info] Resources optimization params: max_control_utilization=60%, max_compute_utilization=60%, max_compute_16bit_utilization=60%, max_memory_utilization (weights)=60%, max_input_aligner_utilization=60%, max_apu_utilization=60%
[2026-09-25 10:34:51.119] [default] [info] Finding the best partition to contexts...
[2026-09-25 10:34:56.566] [default] [info] Iteration failed on: Automri finished with too many resources on context_0
[2026-09-25 10:34:57.350] [default] [info] Iteration failed on: Automri finished with too many resources on context_0
[2026-09-25 10:35:15.825] [default] [info] Partition iteration #2:
Unikorn FPS: 95.3974
Fast Unikorn FPS: 153.984
Contexts Info:
gate_rescue_repair_context_0 info - Status: VALID, bottleneck fps: 333.338
gate_rescue_repair_context_1 info - Status: VALID, bottleneck fps: 1,377.34
Partition is Valid

[2026-09-25 10:35:15.825] [default] [info] Found valid partition to 2 contexts

[2026-09-25 10:35:15.825] [default] [info] Iteration #2 - 2 contexts,
[2026-09-25 10:35:15.826] [default] [info] Searching for a better partition...
[2026-09-25 10:35:34.767] [default] [info] Partition iteration #4:
Unikorn FPS: 99.4152
Fast Unikorn FPS: 159.773
Contexts Info:
gate_rescue_repair_context_0 info - Status: VALID, bottleneck fps: 360.853
gate_rescue_repair_context_1 info - Status: VALID, bottleneck fps: 1,362.96
Partition is Valid

[2026-09-25 10:35:34.768] [default] [info] Found valid partition to 2 contexts, Performance improved by 4.2%

[2026-09-25 10:35:34.768] [default] [info] Iteration #4 - 2 contexts,
[2026-09-25 10:35:34.769] [default] [info] Searching for a better partition...
[2026-09-25 10:35:57.035] [default] [info] Partition iteration #10:
Unikorn FPS: 114.099
Fast Unikorn FPS: 173.517
Contexts Info:
gate_rescue_repair_context_0 info - Status: VALID, bottleneck fps: 650.265
gate_rescue_repair_context_1 info - Status: VALID, bottleneck fps: 735.965
Partition is Valid

[2026-09-25 10:35:57.035] [default] [info] Found valid partition to 2 contexts, Performance improved by 14.8%

[2026-09-25 10:35:57.035] [default] [info] Iteration #10 - 2 contexts,
[2026-09-25 10:35:57.036] [default] [info] Searching for a better partition...
[2026-09-25 10:36:13.467] [default] [info] Partition iteration #12:
Unikorn FPS: 117.269
Fast Unikorn FPS: 177.441
Contexts Info:
gate_rescue_repair_context_0 info - Status: VALID, bottleneck fps: 716.109
gate_rescue_repair_context_1 info - Status: VALID, bottleneck fps: 735.965
Partition is Valid

[2026-09-25 10:36:13.467] [default] [info] Found valid partition to 2 contexts, Performance improved by 2.8%

[2026-09-25 10:36:13.467] [default] [info] Iteration #12 - 2 contexts,
[2026-09-25 10:36:13.467] [default] [info] Searching for a better partition...
[2026-09-25 10:36:36.081] [default] [info] Partition iteration #14:
Unikorn FPS: 113.385
Fast Unikorn FPS: 180.198
Contexts Info:
gate_rescue_repair_context_0 info - Status: VALID, bottleneck fps: 767.779
gate_rescue_repair_context_1 info - Status: VALID, bottleneck fps: 735.965
gate_rescue_repair_context_2 info - Status: VALID, bottleneck fps: 94,272.9, solution depleted.
Partition failed on: Pro unikorn is below the best. Current: 113.385470, Best: 117.269447

[2026-09-25 10:36:52.125] [default] [info] Partition iteration #15:
Unikorn FPS: 112.364
Fast Unikorn FPS: 180.202
Contexts Info:
gate_rescue_repair_context_0 info - Status: VALID, bottleneck fps: 767.779
gate_rescue_repair_context_1 info - Status: VALID, bottleneck fps: 735.965
gate_rescue_repair_context_2 info - Status: VALID, bottleneck fps: 81,616, solution depleted.
Partition failed on: Pro unikorn is below the best. Current: 112.364393, Best: 117.269447

[2026-09-25 10:37:11.999] [default] [info] Partition iteration #17:
Unikorn FPS: 107.135
Fast Unikorn FPS: 180.441
Contexts Info:
gate_rescue_repair_context_0 info - Status: VALID, bottleneck fps: 767.779
gate_rescue_repair_context_1 info - Status: VALID, bottleneck fps: 735.965
gate_rescue_repair_context_2 info - Status: VALID, bottleneck fps: 52,083.3, solution depleted.
Partition failed on: Pro unikorn is below the best. Current: 107.134751, Best: 117.269447

[2026-09-25 10:37:28.188] [default] [info] Partition iteration #18:
Unikorn FPS: 113.754
Fast Unikorn FPS: 190.634
Contexts Info:
gate_rescue_repair_context_0 info - Status: VALID, bottleneck fps: 767.779
gate_rescue_repair_context_1 info - Status: VALID, bottleneck fps: 831.644
gate_rescue_repair_context_2 info - Status: VALID, bottleneck fps: 25,375.9, solution depleted.
Partition failed on: Pro unikorn is below the best. Current: 113.754039, Best: 117.269447

[2026-09-25 10:37:46.774] [default] [info] Partition iteration #22:
Unikorn FPS: 116.865
Fast Unikorn FPS: 192.906
Contexts Info:
gate_rescue_repair_context_0 info - Status: VALID, bottleneck fps: 784.9
gate_rescue_repair_context_1 info - Status: VALID, bottleneck fps: 831.644
gate_rescue_repair_context_2 info - Status: VALID, bottleneck fps: 11,178.8, solution depleted.
Partition failed on: Pro unikorn is below the best. Current: 116.865490, Best: 117.269447

[2026-09-25 10:38:04.581] [default] [info] Partition iteration #26:
Unikorn FPS: 111.093
Fast Unikorn FPS: 194.407
Contexts Info:
gate_rescue_repair_context_0 info - Status: VALID, bottleneck fps: 939.333
gate_rescue_repair_context_1 info - Status: VALID, bottleneck fps: 831.644
gate_rescue_repair_context_2 info - Status: VALID, bottleneck fps: 2,966.17, solution depleted.
Partition failed on: Pro unikorn is below the best. Current: 111.092758, Best: 117.269447

[2026-09-25 10:38:18.383] [default] [info] Partition iteration #27:
Unikorn FPS: 111.114
Fast Unikorn FPS: 194.407
Contexts Info:
gate_rescue_repair_context_0 info - Status: VALID, bottleneck fps: 939.333
gate_rescue_repair_context_1 info - Status: VALID, bottleneck fps: 831.644
gate_rescue_repair_context_2 info - Status: VALID, bottleneck fps: 2,966.17, solution depleted.
Partition failed on: Pro unikorn is below the best. Current: 111.114037, Best: 117.269447

[2026-09-25 10:38:33.362] [default] [info] Partition iteration #31:
Unikorn FPS: 119.469
Fast Unikorn FPS: 225.134
Contexts Info:
gate_rescue_repair_context_0 info - Status: VALID, bottleneck fps: 939.333
gate_rescue_repair_context_1 info - Status: VALID, bottleneck fps: 1,223.86
gate_rescue_repair_context_2 info - Status: VALID, bottleneck fps: 2,966.17, solution depleted.
Partition is Valid

[2026-09-25 10:38:33.362] [default] [info] Found valid partition to 3 contexts, Performance improved by 1.9%

[2026-09-25 10:38:33.362] [default] [info] Iteration #31 - 3 contexts,
[2026-09-25 10:38:33.363] [default] [info] Searching for a better partition...
[2026-09-25 10:38:50.533] [default] [info] Partition iteration #33:
Unikorn FPS: 152.34
Fast Unikorn FPS: 227.999
Contexts Info:
gate_rescue_repair_context_0 info - Status: VALID, bottleneck fps: 975.372
gate_rescue_repair_context_1 info - Status: VALID, bottleneck fps: 1,223.86
gate_rescue_repair_context_2 info - Status: VALID, bottleneck fps: 2,966.17, solution depleted.
Partition is Valid

[2026-09-25 10:38:50.533] [default] [info] Found valid partition to 3 contexts, Performance improved by 27.5%

[2026-09-25 10:38:50.533] [default] [info] Iteration #33 - 3 contexts,
[2026-09-25 10:38:50.533] [default] [info] Searching for a better partition...
[2026-09-25 10:39:08.687] [default] [info] Partition iteration #35:
Unikorn FPS: 140.781
Fast Unikorn FPS: 230.012
Contexts Info:
gate_rescue_repair_context_0 info - Status: VALID, bottleneck fps: 1,016.26
gate_rescue_repair_context_1 info - Status: VALID, bottleneck fps: 1,223.86
gate_rescue_repair_context_2 info - Status: VALID, bottleneck fps: 2,966.17, solution depleted.
Partition failed on: Pro unikorn is below the best. Current: 140.781063, Best: 152.340345

[2026-09-25 10:39:26.802] [default] [info] Partition iteration #37:
Unikorn FPS: 137.747
Fast Unikorn FPS: 235.305
Contexts Info:
gate_rescue_repair_context_0 info - Status: VALID, bottleneck fps: 1,070.84
gate_rescue_repair_context_1 info - Status: VALID, bottleneck fps: 1,223.86
gate_rescue_repair_context_2 info - Status: VALID, bottleneck fps: 2,966.17, solution depleted.
Partition failed on: Pro unikorn is below the best. Current: 137.747180, Best: 152.340345

[2026-09-25 10:39:47.365] [default] [info] Partition iteration #43:
Unikorn FPS: 141.588
Fast Unikorn FPS: 235.361
Contexts Info:
gate_rescue_repair_context_0 info - Status: VALID, bottleneck fps: 1,095.89
gate_rescue_repair_context_1 info - Status: VALID, bottleneck fps: 1,223.86
gate_rescue_repair_context_2 info - Status: VALID, bottleneck fps: 2,966.17, solution depleted.
Partition failed on: Pro unikorn is below the best. Current: 141.587663, Best: 152.340345

[2026-09-25 10:40:07.661] [default] [info] Partition iteration #45:
Unikorn FPS: 141.274
Fast Unikorn FPS: 255.353
Contexts Info:
gate_rescue_repair_context_0 info - Status: VALID, bottleneck fps: 1,267.37
gate_rescue_repair_context_1 info - Status: VALID, bottleneck fps: 1,223.86
gate_rescue_repair_context_2 info - Status: VALID, bottleneck fps: 2,966.17, solution depleted.
Partition failed on: Pro unikorn is below the best. Current: 141.274464, Best: 152.340345

[2026-09-25 10:40:22.983] [default] [info] Partition iteration #46:
Unikorn FPS: 142.919
Fast Unikorn FPS: 265.847
Contexts Info:
gate_rescue_repair_context_0 info - Status: VALID, bottleneck fps: 1,267.37
gate_rescue_repair_context_1 info - Status: VALID, bottleneck fps: 1,362.96
gate_rescue_repair_context_2 info - Status: VALID, bottleneck fps: 2,966.17, solution depleted.
Partition failed on: Pro unikorn is below the best. Current: 142.918927, Best: 152.340345

[2026-09-25 10:40:42.348] [default] [info] Partition iteration #50:
Unikorn FPS: 145.368
Fast Unikorn FPS: 266.95
Contexts Info:
gate_rescue_repair_context_0 info - Status: VALID, bottleneck fps: 1,287.91
gate_rescue_repair_context_1 info - Status: VALID, bottleneck fps: 1,288.5
gate_rescue_repair_context_2 info - Status: VALID, bottleneck fps: 2,966.17, solution depleted.
Partition failed on: Pro unikorn is below the best. Current: 145.368443, Best: 152.340345

[2026-09-25 10:41:06.888] [default] [info] Partition iteration #54:
Unikorn FPS: 146.128
Fast Unikorn FPS: 267.501
Contexts Info:
gate_rescue_repair_context_0 info - Status: VALID, bottleneck fps: 1,287.91
gate_rescue_repair_context_1 info - Status: VALID, bottleneck fps: 1,288.5
gate_rescue_repair_context_2 info - Status: VALID, bottleneck fps: 2,966.17, solution depleted.
Partition failed on: Pro unikorn is below the best. Current: 146.128070, Best: 152.340345

[2026-09-25 10:41:28.680] [default] [info] Partition iteration #62:
Unikorn FPS: 137.25
Fast Unikorn FPS: 268.179
Contexts Info:
gate_rescue_repair_context_0 info - Status: VALID, bottleneck fps: 1,302.08
gate_rescue_repair_context_1 info - Status: VALID, bottleneck fps: 1,288.5
gate_rescue_repair_context_2 info - Status: VALID, bottleneck fps: 2,966.17, solution depleted.
Partition failed on: Pro unikorn is below the best. Current: 137.250289, Best: 152.340345

[2026-09-25 10:41:45.188] [default] [info] Partition iteration #63:
Unikorn FPS: 139.039
Fast Unikorn FPS: 268.179
Contexts Info:
gate_rescue_repair_context_0 info - Status: VALID, bottleneck fps: 1,302.08
gate_rescue_repair_context_1 info - Status: VALID, bottleneck fps: 1,288.5
gate_rescue_repair_context_2 info - Status: VALID, bottleneck fps: 2,966.17, solution depleted.
Partition failed on: Pro unikorn is below the best. Current: 139.039016, Best: 152.340345

[2026-09-25 10:41:58.616] [default] [info] Partition iteration #65:
Unikorn FPS: 134.717
Fast Unikorn FPS: 274.092
Contexts Info:
gate_rescue_repair_context_0 info - Status: VALID, bottleneck fps: 1,302.08
gate_rescue_repair_context_1 info - Status: VALID, bottleneck fps: 1,377.34
gate_rescue_repair_context_2 info - Status: VALID, bottleneck fps: 2,966.17, solution depleted.
Partition failed on: Pro unikorn is below the best. Current: 134.717067, Best: 152.340345

[2026-09-25 10:42:14.418] [default] [info] Partition iteration #67:
Unikorn FPS: 135.065
Fast Unikorn FPS: 275.309
Contexts Info:
gate_rescue_repair_context_0 info - Status: VALID, bottleneck fps: 1,302.08
gate_rescue_repair_context_1 info - Status: VALID, bottleneck fps: 1,377.34
gate_rescue_repair_context_2 info - Status: VALID, bottleneck fps: 2,966.17, solution depleted.
Partition failed on: Pro unikorn is below the best. Current: 135.065168, Best: 152.340345

[2026-09-25 10:42:32.659] [default] [info] Partition iteration #73:
Unikorn FPS: 129.562
Fast Unikorn FPS: 275.375
Contexts Info:
gate_rescue_repair_context_0 info - Status: VALID, bottleneck fps: 1,302.08
gate_rescue_repair_context_1 info - Status: VALID, bottleneck fps: 1,377.34
gate_rescue_repair_context_2 info - Status: VALID, bottleneck fps: 2,966.17, solution depleted.
Partition failed on: Pro unikorn is below the best. Current: 129.561549, Best: 152.340345

[2026-09-25 10:42:49.659] [default] [info] Partition iteration #75:
Unikorn FPS: 129.654
Fast Unikorn FPS: 285.136
Contexts Info:
gate_rescue_repair_context_0 info - Status: VALID, bottleneck fps: 1,302.08
gate_rescue_repair_context_1 info - Status: VALID, bottleneck fps: 1,496.9
gate_rescue_repair_context_2 info - Status: VALID, bottleneck fps: 2,966.17, solution depleted.
Partition failed on: Pro unikorn is below the best. Current: 129.653697, Best: 152.340345

[2026-09-25 10:43:04.220] [default] [info] Partition iteration #76:
Unikorn FPS: 129.1
Fast Unikorn FPS: 285.843
Contexts Info:
gate_rescue_repair_context_0 info - Status: VALID, bottleneck fps: 1,302.08
gate_rescue_repair_context_1 info - Status: VALID, bottleneck fps: 1,496.9
gate_rescue_repair_context_2 info - Status: VALID, bottleneck fps: 2,966.17, solution depleted.
Partition failed on: Pro unikorn is below the best. Current: 129.099912, Best: 152.340345

[2026-09-25 10:43:28.567] [default] [info] Partition iteration #85:
Unikorn FPS: 127.237
Fast Unikorn FPS: 291.92
Contexts Info:
gate_rescue_repair_context_0 info - Status: VALID, bottleneck fps: 1,302.08
gate_rescue_repair_context_1 info - Status: VALID, bottleneck fps: 1,563.61
gate_rescue_repair_context_2 info - Status: VALID, bottleneck fps: 2,869.71
Partition failed on: Pro unikorn is below the best. Current: 127.236934, Best: 152.340345

[2026-09-25 10:43:59.347] [default] [info] Partition iteration #114:
Unikorn FPS: 150.105
Fast Unikorn FPS: 303.42
Contexts Info:
gate_rescue_repair_context_0 info - Status: VALID, bottleneck fps: 1,302.08, solution depleted.
gate_rescue_repair_context_1 info - Status: VALID, bottleneck fps: 2,571.37
gate_rescue_repair_context_2 info - Status: VALID, bottleneck fps: 1,563.61
Partition failed on: Pro unikorn is below the best. Current: 150.104798, Best: 152.340345

[2026-09-25 10:44:14.606] [default] [info] Partition iteration #115:
Unikorn FPS: 150.567
Fast Unikorn FPS: 303.994
Contexts Info:
gate_rescue_repair_context_0 info - Status: VALID, bottleneck fps: 1,302.08, solution depleted.
gate_rescue_repair_context_1 info - Status: VALID, bottleneck fps: 2,571.37
gate_rescue_repair_context_2 info - Status: VALID, bottleneck fps: 1,543.54
Partition failed on: Pro unikorn is below the best. Current: 150.566733, Best: 152.340345

[2026-09-25 10:44:39.428] [default] [info] Partition iteration #120:
Unikorn FPS: 141.861
Fast Unikorn FPS: 310.409
Contexts Info:
gate_rescue_repair_context_0 info - Status: VALID, bottleneck fps: 1,302.08, solution depleted.
gate_rescue_repair_context_1 info - Status: VALID, bottleneck fps: 3,463.11
gate_rescue_repair_context_2 info - Status: VALID, bottleneck fps: 1,377.34
Partition failed on: Pro unikorn is below the best. Current: 141.861390, Best: 152.340345

[2026-09-25 10:44:54.023] [default] [info] Partition iteration #121:
Unikorn FPS: 143.717
Fast Unikorn FPS: 310.629
Contexts Info:
gate_rescue_repair_context_0 info - Status: VALID, bottleneck fps: 1,302.08, solution depleted.
gate_rescue_repair_context_1 info - Status: VALID, bottleneck fps: 3,463.11
gate_rescue_repair_context_2 info - Status: VALID, bottleneck fps: 1,377.34
Partition failed on: Pro unikorn is below the best. Current: 143.717356, Best: 152.340345

[2026-09-25 10:45:14.016] [default] [info] Partition iteration #131:
Unikorn FPS: 144.157
Fast Unikorn FPS: 312.087
Contexts Info:
gate_rescue_repair_context_0 info - Status: VALID, bottleneck fps: 1,302.08, solution depleted.
gate_rescue_repair_context_1 info - Status: VALID, bottleneck fps: 3,730.16, solution depleted.
gate_rescue_repair_context_2 info - Status: VALID, bottleneck fps: 1,496.9
gate_rescue_repair_context_3 info - Status: VALID, bottleneck fps: 11,178.8, solution depleted.
Partition failed on: Pro unikorn is below the best. Current: 144.156860, Best: 152.340345

[2026-09-25 10:45:27.870] [default] [info] Partition iteration #132:
Unikorn FPS: 142.762
Fast Unikorn FPS: 315.06
Contexts Info:
gate_rescue_repair_context_0 info - Status: VALID, bottleneck fps: 1,302.08, solution depleted.
gate_rescue_repair_context_1 info - Status: VALID, bottleneck fps: 3,730.16, solution depleted.
gate_rescue_repair_context_2 info - Status: VALID, bottleneck fps: 1,496.9
gate_rescue_repair_context_3 info - Status: VALID, bottleneck fps: 11,178.8, solution depleted.
Partition failed on: Pro unikorn is below the best. Current: 142.761680, Best: 152.340345

[2026-09-25 10:45:56.031] [default] [info] Partition iteration #184:
Unikorn FPS: 134.186
Fast Unikorn FPS: 315.116
Contexts Info:
gate_rescue_repair_context_0 info - Status: VALID, bottleneck fps: 1,302.08, solution depleted.
gate_rescue_repair_context_1 info - Status: VALID, bottleneck fps: 3,730.16, solution depleted.
gate_rescue_repair_context_2 info - Status: VALID, bottleneck fps: 4,970.98, solution depleted.
gate_rescue_repair_context_3 info - Status: VALID, bottleneck fps: 1,563.61
Partition failed on: Pro unikorn is below the best. Current: 134.185825, Best: 152.340345

[2026-09-25 10:46:08.896] [default] [info] Partition iteration #185:
Unikorn FPS: 134.595
Fast Unikorn FPS: 315.334
Contexts Info:
gate_rescue_repair_context_0 info - Status: VALID, bottleneck fps: 1,302.08, solution depleted.
gate_rescue_repair_context_1 info - Status: VALID, bottleneck fps: 3,730.16, solution depleted.
gate_rescue_repair_context_2 info - Status: VALID, bottleneck fps: 4,970.98, solution depleted.
gate_rescue_repair_context_3 info - Status: VALID, bottleneck fps: 1,563.61
Partition failed on: Pro unikorn is below the best. Current: 134.594577, Best: 152.340345

[2026-09-25 10:46:21.637] [default] [info] Partition iteration #187:
Unikorn FPS: 133.404
Fast Unikorn FPS: 315.334
Contexts Info:
gate_rescue_repair_context_0 info - Status: VALID, bottleneck fps: 1,302.08, solution depleted.
gate_rescue_repair_context_1 info - Status: VALID, bottleneck fps: 3,730.16, solution depleted.
gate_rescue_repair_context_2 info - Status: VALID, bottleneck fps: 4,970.98, solution depleted.
gate_rescue_repair_context_3 info - Status: VALID, bottleneck fps: 1,563.61
Partition failed on: Pro unikorn is below the best. Current: 133.403957, Best: 152.340345

[2026-09-25 10:46:34.173] [default] [info] Partition iteration #188:
Unikorn FPS: 128.332
Fast Unikorn FPS: 316.543
Contexts Info:
gate_rescue_repair_context_0 info - Status: VALID, bottleneck fps: 1,302.08, solution depleted.
gate_rescue_repair_context_1 info - Status: VALID, bottleneck fps: 3,730.16, solution depleted.
gate_rescue_repair_context_2 info - Status: VALID, bottleneck fps: 4,970.98, solution depleted.
gate_rescue_repair_context_3 info - Status: VALID, bottleneck fps: 1,563.61
Partition failed on: Pro unikorn is below the best. Current: 128.331590, Best: 152.340345

[2026-09-25 10:46:48.090] [default] [info] Partition iteration #195:
Unikorn FPS: 141.641
Fast Unikorn FPS: 316.605
Contexts Info:
gate_rescue_repair_context_0 info - Status: VALID, bottleneck fps: 1,302.08, solution depleted.
gate_rescue_repair_context_1 info - Status: VALID, bottleneck fps: 3,730.16, solution depleted.
gate_rescue_repair_context_2 info - Status: VALID, bottleneck fps: 4,970.98, solution depleted.
gate_rescue_repair_context_3 info - Status: VALID, bottleneck fps: 1,563.61
Partition failed on: Pro unikorn is below the best. Current: 141.640985, Best: 152.340345

[2026-09-25 10:47:02.383] [default] [info] Partition iteration #196:
Unikorn FPS: 140.311
Fast Unikorn FPS: 317.233
Contexts Info:
gate_rescue_repair_context_0 info - Status: VALID, bottleneck fps: 1,302.08, solution depleted.
gate_rescue_repair_context_1 info - Status: VALID, bottleneck fps: 3,730.16, solution depleted.
gate_rescue_repair_context_2 info - Status: VALID, bottleneck fps: 4,970.98, solution depleted.
gate_rescue_repair_context_3 info - Status: VALID, bottleneck fps: 1,563.61
Partition failed on: Pro unikorn is below the best. Current: 140.310546, Best: 152.340345

[2026-09-25 10:47:15.051] [default] [info] Partition iteration #200:
Unikorn FPS: 139.352
Fast Unikorn FPS: 317.501
Contexts Info:
gate_rescue_repair_context_0 info - Status: VALID, bottleneck fps: 1,302.08, solution depleted.
gate_rescue_repair_context_1 info - Status: VALID, bottleneck fps: 3,730.16, solution depleted.
gate_rescue_repair_context_2 info - Status: VALID, bottleneck fps: 4,970.98, solution depleted.
gate_rescue_repair_context_3 info - Status: VALID, bottleneck fps: 1,563.61
Partition failed on: Pro unikorn is below the best. Current: 139.352090, Best: 152.340345

[2026-09-25 10:47:28.063] [default] [info] Partition iteration #201:
Unikorn FPS: 137.088
Fast Unikorn FPS: 317.768
Contexts Info:
gate_rescue_repair_context_0 info - Status: VALID, bottleneck fps: 1,302.08, solution depleted.
gate_rescue_repair_context_1 info - Status: VALID, bottleneck fps: 3,730.16, solution depleted.
gate_rescue_repair_context_2 info - Status: VALID, bottleneck fps: 4,970.98, solution depleted.
gate_rescue_repair_context_3 info - Status: VALID, bottleneck fps: 1,563.61
Partition failed on: Pro unikorn is below the best. Current: 137.087538, Best: 152.340345

[2026-09-25 10:47:40.997] [default] [info] Partition iteration #203:
Unikorn FPS: 139.913
Fast Unikorn FPS: 318.44
Contexts Info:
gate_rescue_repair_context_0 info - Status: VALID, bottleneck fps: 1,302.08, solution depleted.
gate_rescue_repair_context_1 info - Status: VALID, bottleneck fps: 3,730.16, solution depleted.
gate_rescue_repair_context_2 info - Status: VALID, bottleneck fps: 4,970.98, solution depleted.
gate_rescue_repair_context_3 info - Status: VALID, bottleneck fps: 1,563.61
Partition failed on: Pro unikorn is below the best. Current: 139.913314, Best: 152.340345

[2026-09-25 10:47:53.823] [default] [info] Partition iteration #204:
Unikorn FPS: 141.268
Fast Unikorn FPS: 319.114
Contexts Info:
gate_rescue_repair_context_0 info - Status: VALID, bottleneck fps: 1,302.08, solution depleted.
gate_rescue_repair_context_1 info - Status: VALID, bottleneck fps: 3,730.16, solution depleted.
gate_rescue_repair_context_2 info - Status: VALID, bottleneck fps: 4,970.98, solution depleted.
gate_rescue_repair_context_3 info - Status: VALID, bottleneck fps: 1,563.61
Partition failed on: Pro unikorn is below the best. Current: 141.268049, Best: 152.340345

[2026-09-25 10:48:07.208] [default] [info] Partition iteration #205:
Unikorn FPS: 142.746
Fast Unikorn FPS: 319.791
Contexts Info:
gate_rescue_repair_context_0 info - Status: VALID, bottleneck fps: 1,302.08, solution depleted.
gate_rescue_repair_context_1 info - Status: VALID, bottleneck fps: 3,730.16, solution depleted.
gate_rescue_repair_context_2 info - Status: VALID, bottleneck fps: 4,970.98, solution depleted.
gate_rescue_repair_context_3 info - Status: VALID, bottleneck fps: 1,563.61
Partition failed on: Pro unikorn is below the best. Current: 142.746115, Best: 152.340345

[2026-09-25 10:48:21.220] [default] [info] Partition iteration #206:
Unikorn FPS: 142.96
Fast Unikorn FPS: 320.602
Contexts Info:
gate_rescue_repair_context_0 info - Status: VALID, bottleneck fps: 1,302.08, solution depleted.
gate_rescue_repair_context_1 info - Status: VALID, bottleneck fps: 3,730.16, solution depleted.
gate_rescue_repair_context_2 info - Status: VALID, bottleneck fps: 4,970.98, solution depleted.
gate_rescue_repair_context_3 info - Status: VALID, bottleneck fps: 1,563.61
Partition failed on: Pro unikorn is below the best. Current: 142.960071, Best: 152.340345

[2026-09-25 10:48:35.390] [default] [info] Partition iteration #207:
Unikorn FPS: 142.212
Fast Unikorn FPS: 320.792
Contexts Info:
gate_rescue_repair_context_0 info - Status: VALID, bottleneck fps: 1,302.08, solution depleted.
gate_rescue_repair_context_1 info - Status: VALID, bottleneck fps: 3,730.16, solution depleted.
gate_rescue_repair_context_2 info - Status: VALID, bottleneck fps: 4,970.98, solution depleted.
gate_rescue_repair_context_3 info - Status: VALID, bottleneck fps: 1,563.61
Partition failed on: Pro unikorn is below the best. Current: 142.212265, Best: 152.340345

[2026-09-25 10:48:48.306] [default] [info] Partition iteration #209:
Unikorn FPS: 145.854
Fast Unikorn FPS: 321.083
Contexts Info:
gate_rescue_repair_context_0 info - Status: VALID, bottleneck fps: 1,302.08, solution depleted.
gate_rescue_repair_context_1 info - Status: VALID, bottleneck fps: 3,730.16, solution depleted.
gate_rescue_repair_context_2 info - Status: VALID, bottleneck fps: 4,970.98, solution depleted.
gate_rescue_repair_context_3 info - Status: VALID, bottleneck fps: 1,563.61
Partition failed on: Pro unikorn is below the best. Current: 145.853922, Best: 152.340345

[2026-09-25 10:49:01.971] [default] [info] Partition iteration #210:
Unikorn FPS: 147.194
Fast Unikorn FPS: 322.45
Contexts Info:
gate_rescue_repair_context_0 info - Status: VALID, bottleneck fps: 1,302.08, solution depleted.
gate_rescue_repair_context_1 info - Status: VALID, bottleneck fps: 3,730.16, solution depleted.
gate_rescue_repair_context_2 info - Status: VALID, bottleneck fps: 4,879.18
gate_rescue_repair_context_3 info - Status: VALID, bottleneck fps: 1,563.61
Partition failed on: Pro unikorn is below the best. Current: 147.194054, Best: 152.340345

[2026-09-25 10:49:15.903] [default] [info] Partition iteration #212:
Unikorn FPS: 147.248
Fast Unikorn FPS: 322.935
Contexts Info:
gate_rescue_repair_context_0 info - Status: VALID, bottleneck fps: 1,302.08, solution depleted.
gate_rescue_repair_context_1 info - Status: VALID, bottleneck fps: 3,730.16, solution depleted.
gate_rescue_repair_context_2 info - Status: VALID, bottleneck fps: 4,879.18
gate_rescue_repair_context_3 info - Status: VALID, bottleneck fps: 1,563.61
Partition failed on: Pro unikorn is below the best. Current: 147.248161, Best: 152.340345

[2026-09-25 10:49:36.056] [default] [info] Partition to contexts finished successfully
[2026-09-25 10:49:36.056] [default] [info] Partitioner finished after 272 iterations, Time it took: 14m 44s 935ms
[2026-09-25 10:49:36.056] [default] [info] Partitioner finished after 272 iterations, Time it took: 14m 44s 935ms
gate_rescue_repair_context_0: input_layer1, normalization1, conv1, conv2, conv_feature_splitter1_1, conv_feature_splitter1_2, conv4, conv5, ew_add1, concat1, conv6, conv7, conv_feature_splitter2_1, conv_feature_splitter2_2, conv9, conv10, ew_add2, concat2, conv11, conv12, conv_feature_splitter3_1, conv_feature_splitter3_2, conv14, conv15, conv16, conv17, ew_add3, conv18, conv19, ew_add4, concat3, conv20, concat4, conv21, conv22, conv_feature_splitter4_1, conv_feature_splitter4_2, conv24, conv25, conv26, conv27, ew_add5, conv28, conv29, ew_add6, concat5, conv30, concat6, conv31, conv32, maxpool1, maxpool2, maxpool3, concat7, conv33, conv_feature_splitter5_1, conv_feature_splitter5_2, conv_feature_splitter6_1, conv_feature_splitter6_2, conv_feature_splitter6_3
gate_rescue_repair_context_1: matmul1, activation1, reduce_max_softmax1, matmul2_reshape, ew_sub_softmax1, reduce_sum_softmax1, ew_mult_softmax1, matmul2, dw1, conv36, conv37, conv38, concat8, conv39, resize1, concat9, conv_feature_splitter7_1, conv_feature_splitter7_2, conv41, conv42, ew_add10, concat10, conv43, resize2, concat11, conv_feature_splitter8_1, conv_feature_splitter8_2, conv45, conv46, ew_add11, concat12, conv47, conv48, conv49, dw2, concat13, conv50, conv52, conv_feature_splitter9_1, conv_feature_splitter9_2, conv51, dw3, conv56, output_from_conv51_to_yolov8_nms_postprocess, conv53, conv57, conv54, ew_add12, output_from_conv54_to_yolov8_nms_postprocess, concat14, conv58, conv59, conv60, dw4, concat15, conv61, conv63, conv_feature_splitter10_1, conv_feature_splitter10_2, conv62, dw5, conv67, conv68, output_from_conv62_to_yolov8_nms_postprocess, conv64, conv69, conv65, conv70, output_from_conv65_to_yolov8_nms_postprocess, ew_add13
gate_rescue_repair_context_2: conv71, conv72, ew_add14, concat16, conv73, concat17, conv74, conv75, dw6, conv76, conv78, conv77, dw7, output_from_conv77_to_yolov8_nms_postprocess, conv79, conv80, output_from_conv80_to_yolov8_nms_postprocess
[2026-09-25 10:49:36.058] [default] [info] Applying selected partition to 3 contexts...
[2026-09-25 10:49:36.106] [default] [info] Adjust Edges Start State buffers:
+--------------------------------------------------------------------------------------+--------------------------------------------------------------------------------------+--------------------------+
| Src                                                                                  | Dst                                                                                  | Buffers                  |
+--------------------------------------------------------------------------------------+--------------------------------------------------------------------------------------+--------------------------+
| input_layer1                                                                         | normalization1_sd0                                                                   | 2 (L3 memory cuts: 1)    |
| input_layer1                                                                         | normalization1_sd1                                                                   | 2 (L3 memory cuts: 1)    |
| normalization1_sd0                                                                   | normalization1_sdc                                                                   | 2 (L3 memory cuts: 1)    |
| normalization1_sd1                                                                   | normalization1_sdc                                                                   | 2 (L3 memory cuts: 1)    |
| normalization1_sdc                                                                   | conv1_ws                                                                             | 2 (L3 memory cuts: 1)    |
| conv1_ws                                                                             | conv1_sd0                                                                            | 2 (L3 memory cuts: 1)    |
| conv1_ws                                                                             | conv1_sd1                                                                            | 2 (L3 memory cuts: 1)    |
| conv1_ws                                                                             | conv1_sd2                                                                            | 2 (L3 memory cuts: 1)    |
| conv1_ws                                                                             | conv1_sd3                                                                            | 2 (L3 memory cuts: 1)    |
| conv1_sd0                                                                            | conv1_sdc                                                                            | 2 (L3 memory cuts: 1)    |
| conv1_sd1                                                                            | conv1_sdc                                                                            | 2 (L3 memory cuts: 1)    |
| conv1_sd2                                                                            | conv1_sdc                                                                            | 2 (L3 memory cuts: 1)    |
| conv1_sd3                                                                            | conv1_sdc                                                                            | 2 (L3 memory cuts: 1)    |
| conv1_sdc                                                                            | conv2_ws                                                                             | 2 (L3 memory cuts: 1)    |
| conv2_ws                                                                             | conv2_sd0                                                                            | 2 (L3 memory cuts: 1)    |
| conv2_ws                                                                             | conv2_sd1                                                                            | 2 (L3 memory cuts: 1)    |
| conv2_ws                                                                             | conv2_sd2                                                                            | 2 (L3 memory cuts: 1)    |
| conv2_sd0                                                                            | conv2_sdc                                                                            | 2 (L3 memory cuts: 1)    |
| conv2_sd1                                                                            | conv2_sdc                                                                            | 2 (L3 memory cuts: 1)    |
| conv2_sd2                                                                            | conv2_sdc                                                                            | 2 (L3 memory cuts: 1)    |
| conv2_sdc                                                                            | conv_feature_splitter1_1                                                             | 2 (L3 memory cuts: 1)    |
| conv2_sdc                                                                            | conv_feature_splitter1_2                                                             | 2 (L3 memory cuts: 1)    |
| conv_feature_splitter1_1                                                             | concat1                                                                              | 2 (L3 memory cuts: 1)    |
| conv_feature_splitter1_2                                                             | conv4                                                                                | 2 (L3 memory cuts: 1)    |
| conv_feature_splitter1_2                                                             | ew_add1                                                                              | 2 (L3 memory cuts: 1)    |
| conv_feature_splitter1_2                                                             | concat1                                                                              | 2 (L3 memory cuts: 1)    |
| conv4                                                                                | conv5                                                                                | 4[S] (L3 memory cuts: 1) |
| conv5                                                                                | ew_add1                                                                              | 2 (L3 memory cuts: 1)    |
| ew_add1                                                                              | concat1                                                                              | 2 (L3 memory cuts: 1)    |
| concat1                                                                              | conv6                                                                                | 2[S] (L3 memory cuts: 1) |
| conv6                                                                                | conv7_ws                                                                             | 2 (L3 memory cuts: 1)    |
| conv7_ws                                                                             | conv7_sd0                                                                            | 2 (L3 memory cuts: 1)    |
| conv7_ws                                                                             | conv7_sd1                                                                            | 2 (L3 memory cuts: 1)    |
| conv7_ws                                                                             | conv7_sd2                                                                            | 2 (L3 memory cuts: 1)    |
| conv7_sd0                                                                            | conv7_sdc                                                                            | 2 (L3 memory cuts: 1)    |
| conv7_sd1                                                                            | conv7_sdc                                                                            | 2 (L3 memory cuts: 1)    |
| conv7_sd2                                                                            | conv7_sdc                                                                            | 2 (L3 memory cuts: 1)    |
| conv7_sdc                                                                            | conv_feature_splitter2_1                                                             | 2 (L3 memory cuts: 1)    |
| conv7_sdc                                                                            | conv_feature_splitter2_2                                                             | 2 (L3 memory cuts: 1)    |
| conv_feature_splitter2_1                                                             | concat2                                                                              | 2 (L3 memory cuts: 1)    |
| conv_feature_splitter2_2                                                             | conv9                                                                                | 2 (L3 memory cuts: 1)    |
| conv_feature_splitter2_2                                                             | ew_add2                                                                              | 2 (L3 memory cuts: 1)    |
| conv_feature_splitter2_2                                                             | concat2                                                                              | 2 (L3 memory cuts: 1)    |
| conv9                                                                                | conv10                                                                               | 5[S] (L3 memory cuts: 1) |
| conv10                                                                               | ew_add2                                                                              | 2 (L3 memory cuts: 1)    |
| ew_add2                                                                              | concat2                                                                              | 2 (L3 memory cuts: 1)    |
| concat2                                                                              | conv11                                                                               | 3[S] (L3 memory cuts: 1) |
| conv11                                                                               | conv12_ws                                                                            | 2 (L3 memory cuts: 1)    |
| conv11                                                                               | gate_rescue_repair_gate_rescue_repair_context_0_to_gate_rescue_repair_context_1_3090 | 2 (L3 memory cuts: 1)    |
| conv12_ws                                                                            | conv12_sd0                                                                           | 2 (L3 memory cuts: 1)    |
| conv12_ws                                                                            | conv12_sd1                                                                           | 2 (L3 memory cuts: 1)    |
| conv12_sd0                                                                           | conv12_sdc                                                                           | 2 (L3 memory cuts: 1)    |
| conv12_sd1                                                                           | conv12_sdc                                                                           | 2 (L3 memory cuts: 1)    |
| conv12_sdc                                                                           | conv_feature_splitter3_1                                                             | 2 (L3 memory cuts: 1)    |
| conv12_sdc                                                                           | conv_feature_splitter3_2                                                             | 2 (L3 memory cuts: 1)    |
| conv_feature_splitter3_1                                                             | concat4                                                                              | 2[S] (L3 memory cuts: 1) |
| conv_feature_splitter3_2                                                             | conv14                                                                               | 2[S] (L3 memory cuts: 1) |
| conv_feature_splitter3_2                                                             | conv15                                                                               | 2[S] (L3 memory cuts: 1) |
| conv_feature_splitter3_2                                                             | concat4                                                                              | 2[S] (L3 memory cuts: 1) |
| conv14                                                                               | conv16                                                                               | 2 (L3 memory cuts: 1)    |
| conv14                                                                               | ew_add3                                                                              | 2 (L3 memory cuts: 1)    |
| conv16                                                                               | conv17                                                                               | 4[S] (L3 memory cuts: 1) |
| conv17                                                                               | ew_add3                                                                              | 2 (L3 memory cuts: 1)    |
| ew_add3                                                                              | conv18                                                                               | 2 (L3 memory cuts: 1)    |
| ew_add3                                                                              | ew_add4                                                                              | 2 (L3 memory cuts: 1)    |
| conv18                                                                               | conv19                                                                               | 4[S] (L3 memory cuts: 1) |
| conv19                                                                               | ew_add4                                                                              | 2 (L3 memory cuts: 1)    |
| ew_add4                                                                              | concat3                                                                              | 2 (L3 memory cuts: 1)    |
| conv15                                                                               | concat3                                                                              | 2 (L3 memory cuts: 1)    |
| concat3                                                                              | conv20                                                                               | 2[S] (L3 memory cuts: 1) |
| conv20                                                                               | concat4                                                                              | 2[S] (L3 memory cuts: 1) |
| concat4                                                                              | conv21                                                                               | 2[S] (L3 memory cuts: 1) |
| conv21                                                                               | conv22                                                                               | 2 (L3 memory cuts: 1)    |
| conv21                                                                               | gate_rescue_repair_gate_rescue_repair_context_0_to_gate_rescue_repair_context_1_3092 | 2 (L3 memory cuts: 1)    |
| conv22                                                                               | conv_feature_splitter4_1                                                             | 2 (L3 memory cuts: 1)    |
| conv22                                                                               | conv_feature_splitter4_2                                                             | 2 (L3 memory cuts: 1)    |
| conv_feature_splitter4_1                                                             | concat6                                                                              | 2[S] (L3 memory cuts: 1) |
| conv_feature_splitter4_2                                                             | conv24                                                                               | 2[S] (L3 memory cuts: 1) |
| conv_feature_splitter4_2                                                             | conv25                                                                               | 2[S] (L3 memory cuts: 1) |
| conv_feature_splitter4_2                                                             | concat6                                                                              | 2[S] (L3 memory cuts: 1) |
| conv24                                                                               | conv26                                                                               | 2 (L3 memory cuts: 1)    |
| conv24                                                                               | ew_add5                                                                              | 2 (L3 memory cuts: 1)    |
| conv26                                                                               | conv27                                                                               | 4[S] (L3 memory cuts: 1) |
| conv27                                                                               | ew_add5                                                                              | 2 (L3 memory cuts: 1)    |
| ew_add5                                                                              | conv28                                                                               | 2 (L3 memory cuts: 1)    |
| ew_add5                                                                              | ew_add6                                                                              | 2 (L3 memory cuts: 1)    |
| conv28                                                                               | conv29                                                                               | 4[S] (L3 memory cuts: 1) |
| conv29                                                                               | ew_add6                                                                              | 2 (L3 memory cuts: 1)    |
| ew_add6                                                                              | concat5                                                                              | 2 (L3 memory cuts: 1)    |
| conv25                                                                               | concat5                                                                              | 2 (L3 memory cuts: 1)    |
| concat5                                                                              | conv30                                                                               | 2[S] (L3 memory cuts: 1) |
| conv30                                                                               | concat6                                                                              | 2[S] (L3 memory cuts: 1) |
| concat6                                                                              | conv31                                                                               | 2[S] (L3 memory cuts: 1) |
| conv31                                                                               | conv32                                                                               | 2[S] (L3 memory cuts: 1) |
| conv32                                                                               | maxpool1                                                                             | 6 (L3 memory cuts: 1)    |
| conv32                                                                               | concat7                                                                              | 2 (L3 memory cuts: 1)    |
| maxpool1                                                                             | maxpool2                                                                             | 6 (L3 memory cuts: 1)    |
| maxpool1                                                                             | concat7                                                                              | 2 (L3 memory cuts: 1)    |
| maxpool2                                                                             | maxpool3                                                                             | 6 (L3 memory cuts: 1)    |
| maxpool2                                                                             | concat7                                                                              | 2 (L3 memory cuts: 1)    |
| maxpool3                                                                             | concat7                                                                              | 2 (L3 memory cuts: 1)    |
| concat7                                                                              | conv33                                                                               | 2[S] (L3 memory cuts: 1) |
| conv33                                                                               | conv_feature_splitter5_1                                                             | 2[S] (L3 memory cuts: 1) |
| conv33                                                                               | conv_feature_splitter5_2                                                             | 2[S] (L3 memory cuts: 1) |
| conv_feature_splitter5_1                                                             | gate_rescue_repair_gate_rescue_repair_context_0_to_gate_rescue_repair_context_1_3094 | 2[S] (L3 memory cuts: 1) |
| gate_rescue_repair_gate_rescue_repair_context_0_to_gate_rescue_repair_context_1_3094 | gate_rescue_repair_gate_rescue_repair_context_0_to_gate_rescue_repair_context_1_3095 | 1 (0.00[KB]) (DDR)       |
| gate_rescue_repair_gate_rescue_repair_context_0_to_gate_rescue_repair_context_1_3095 | concat8                                                                              | 2[S] (L3 memory cuts: 1) |
| conv_feature_splitter5_2                                                             | conv_feature_splitter6_1                                                             | 2 (L3 memory cuts: 1)    |
| conv_feature_splitter5_2                                                             | conv_feature_splitter6_2                                                             | 2 (L3 memory cuts: 1)    |
| conv_feature_splitter5_2                                                             | conv_feature_splitter6_3                                                             | 2 (L3 memory cuts: 1)    |
| conv_feature_splitter5_2                                                             | gate_rescue_repair_gate_rescue_repair_context_0_to_gate_rescue_repair_context_1_3096 | 2 (L3 memory cuts: 1)    |
| conv_feature_splitter6_1                                                             | gate_rescue_repair_gate_rescue_repair_context_0_to_gate_rescue_repair_context_1_3098 | 2 (L3 memory cuts: 1)    |
| gate_rescue_repair_gate_rescue_repair_context_0_to_gate_rescue_repair_context_1_3098 | gate_rescue_repair_gate_rescue_repair_context_0_to_gate_rescue_repair_context_1_3099 | 1 (0.00[KB]) (DDR)       |
| gate_rescue_repair_gate_rescue_repair_context_0_to_gate_rescue_repair_context_1_3099 | matmul1                                                                              | 2 (L3 memory cuts: 1)    |
| conv_feature_splitter6_2                                                             | gate_rescue_repair_gate_rescue_repair_context_0_to_gate_rescue_repair_context_1_3100 | 40 (L3 memory cuts: 3)   |
| gate_rescue_repair_gate_rescue_repair_context_0_to_gate_rescue_repair_context_1_3100 | gate_rescue_repair_gate_rescue_repair_context_0_to_gate_rescue_repair_context_1_3101 | 1 (0.00[KB]) (DDR)       |
| gate_rescue_repair_gate_rescue_repair_context_0_to_gate_rescue_repair_context_1_3101 | matmul1                                                                              | 40 (L3 memory cuts: 3)   |
| matmul1                                                                              | reduce_max_softmax1                                                                  | 2 (L3 memory cuts: 2)    |
| matmul1                                                                              | ew_sub_softmax1                                                                      | 2 (L3 memory cuts: 2)    |
| reduce_max_softmax1                                                                  | ew_sub_softmax1                                                                      | 2 (L3 memory cuts: 1)    |
| ew_sub_softmax1                                                                      | reduce_sum_softmax1                                                                  | 2 (L3 memory cuts: 2)    |
| ew_sub_softmax1                                                                      | ew_mult_softmax1                                                                     | 2 (L3 memory cuts: 2)    |
| reduce_sum_softmax1                                                                  | ew_mult_softmax1                                                                     | 2 (L3 memory cuts: 1)    |
| ew_mult_softmax1                                                                     | matmul2                                                                              | 2 (L3 memory cuts: 2)    |
| conv_feature_splitter6_3                                                             | gate_rescue_repair_gate_rescue_repair_context_0_to_gate_rescue_repair_context_1_3102 | 2 (L3 memory cuts: 1)    |
| gate_rescue_repair_gate_rescue_repair_context_0_to_gate_rescue_repair_context_1_3102 | gate_rescue_repair_gate_rescue_repair_context_0_to_gate_rescue_repair_context_1_3103 | 1 (0.00[KB]) (DDR)       |
| gate_rescue_repair_gate_rescue_repair_context_0_to_gate_rescue_repair_context_1_3102 | gate_rescue_repair_gate_rescue_repair_context_0_to_gate_rescue_repair_context_1_3104 | 1 (0.00[KB]) (DDR)       |
| gate_rescue_repair_gate_rescue_repair_context_0_to_gate_rescue_repair_context_1_3103 | activation1                                                                          | 2 (L3 memory cuts: 1)    |
| activation1                                                                          | matmul2_reshape                                                                      | 2 (L3 memory cuts: 1)    |
| matmul2_reshape                                                                      | matmul2                                                                              | 40 (L3 memory cuts: 4)   |
| matmul2                                                                              | dw1_defuse_1x1                                                                       | 2 (L3 memory cuts: 1)    |
| gate_rescue_repair_gate_rescue_repair_context_0_to_gate_rescue_repair_context_1_3104 | dw1_defuse_width_feature_reshape                                                     | 2 (L3 memory cuts: 1)    |
| dw1_defuse_width_feature_reshape                                                     | dw1_defuse_reshape_hxf_to_w_transposed                                               | 2 (L3 memory cuts: 1)    |
| dw1_defuse_reshape_hxf_to_w_transposed                                               | dw1_defuse_1x1                                                                       | 2 (L3 memory cuts: 2)    |
| dw1_defuse_1x1                                                                       | conv36                                                                               | 2 (L3 memory cuts: 1)    |
| gate_rescue_repair_gate_rescue_repair_context_0_to_gate_rescue_repair_context_1_3096 | gate_rescue_repair_gate_rescue_repair_context_0_to_gate_rescue_repair_context_1_3097 | 1 (0.00[KB]) (DDR)       |
| gate_rescue_repair_gate_rescue_repair_context_0_to_gate_rescue_repair_context_1_3097 | conv36                                                                               | 2 (L3 memory cuts: 1)    |
| conv36                                                                               | conv37                                                                               | 2[S] (L3 memory cuts: 1) |
| conv36                                                                               | conv38                                                                               | 2[S] (L3 memory cuts: 1) |
| conv37                                                                               | conv38                                                                               | 2[S] (L3 memory cuts: 1) |
| conv38                                                                               | concat8                                                                              | 2[S] (L3 memory cuts: 1) |
| concat8                                                                              | conv39                                                                               | 2[S] (L3 memory cuts: 1) |
| conv39                                                                               | resize1                                                                              | 2 (L3 memory cuts: 1)    |
| conv39                                                                               | concat15                                                                             | 2 (L3 memory cuts: 1)    |
| resize1                                                                              | concat9                                                                              | 2 (L3 memory cuts: 1)    |
| gate_rescue_repair_gate_rescue_repair_context_0_to_gate_rescue_repair_context_1_3092 | gate_rescue_repair_gate_rescue_repair_context_0_to_gate_rescue_repair_context_1_3093 | 1 (0.00[KB]) (DDR)       |
| gate_rescue_repair_gate_rescue_repair_context_0_to_gate_rescue_repair_context_1_3093 | concat9                                                                              | 2 (L3 memory cuts: 1)    |
| concat9                                                                              | conv_feature_splitter7_1                                                             | 2[S] (L3 memory cuts: 1) |
| concat9                                                                              | conv_feature_splitter7_2                                                             | 2[S] (L3 memory cuts: 1) |
| conv_feature_splitter7_1                                                             | concat10                                                                             | 2 (L3 memory cuts: 1)    |
| conv_feature_splitter7_2                                                             | conv41                                                                               | 2 (L3 memory cuts: 1)    |
| conv_feature_splitter7_2                                                             | ew_add10                                                                             | 2 (L3 memory cuts: 1)    |
| conv_feature_splitter7_2                                                             | concat10                                                                             | 2 (L3 memory cuts: 1)    |
| conv41                                                                               | conv42                                                                               | 5[S] (L3 memory cuts: 1) |
| conv42                                                                               | ew_add10                                                                             | 2 (L3 memory cuts: 1)    |
| ew_add10                                                                             | concat10                                                                             | 2 (L3 memory cuts: 1)    |
| concat10                                                                             | conv43                                                                               | 2[S] (L3 memory cuts: 1) |
| conv43                                                                               | resize2                                                                              | 2 (L3 memory cuts: 1)    |
| conv43                                                                               | concat13                                                                             | 2 (L3 memory cuts: 1)    |
| resize2                                                                              | concat11                                                                             | 2 (L3 memory cuts: 1)    |
| gate_rescue_repair_gate_rescue_repair_context_0_to_gate_rescue_repair_context_1_3090 | gate_rescue_repair_gate_rescue_repair_context_0_to_gate_rescue_repair_context_1_3091 | 1 (0.00[KB]) (DDR)       |
| gate_rescue_repair_gate_rescue_repair_context_0_to_gate_rescue_repair_context_1_3091 | concat11                                                                             | 2 (L3 memory cuts: 1)    |
| concat11                                                                             | conv_feature_splitter8_1                                                             | 2[S] (L3 memory cuts: 1) |
| concat11                                                                             | conv_feature_splitter8_2                                                             | 3[S] (L3 memory cuts: 1) |
| conv_feature_splitter8_1                                                             | concat12                                                                             | 2 (L3 memory cuts: 1)    |
| conv_feature_splitter8_2                                                             | conv45                                                                               | 2 (L3 memory cuts: 1)    |
| conv_feature_splitter8_2                                                             | ew_add11                                                                             | 2 (L3 memory cuts: 1)    |
| conv_feature_splitter8_2                                                             | concat12                                                                             | 2 (L3 memory cuts: 1)    |
| conv45                                                                               | conv46                                                                               | 5[S] (L3 memory cuts: 1) |
| conv46                                                                               | ew_add11                                                                             | 2 (L3 memory cuts: 1)    |
| ew_add11                                                                             | concat12                                                                             | 2 (L3 memory cuts: 1)    |
| concat12                                                                             | conv47                                                                               | 2[S] (L3 memory cuts: 1) |
| conv47                                                                               | conv48                                                                               | 2 (L3 memory cuts: 1)    |
| conv47                                                                               | sh_from_conv47_to_conv49_d0-1_dw2_sd0-1_3114                                         | 2 (L3 memory cuts: 1)    |
| conv48                                                                               | concat13                                                                             | 2 (L3 memory cuts: 1)    |
| concat13                                                                             | conv_feature_splitter9_1                                                             | 2[S] (L3 memory cuts: 1) |
| concat13                                                                             | conv_feature_splitter9_2                                                             | 2[S] (L3 memory cuts: 1) |
| conv_feature_splitter9_1                                                             | concat14                                                                             | 2 (L3 memory cuts: 1)    |
| conv_feature_splitter9_2                                                             | conv56                                                                               | 2 (L3 memory cuts: 1)    |
| conv_feature_splitter9_2                                                             | ew_add12                                                                             | 2 (L3 memory cuts: 1)    |
| conv_feature_splitter9_2                                                             | concat14                                                                             | 2 (L3 memory cuts: 1)    |
| conv56                                                                               | conv57                                                                               | 5[S] (L3 memory cuts: 1) |
| conv57                                                                               | ew_add12                                                                             | 2 (L3 memory cuts: 1)    |
| ew_add12                                                                             | concat14                                                                             | 2 (L3 memory cuts: 1)    |
| concat14                                                                             | conv58                                                                               | 2[S] (L3 memory cuts: 1) |
| conv58                                                                               | conv59                                                                               | 2 (L3 memory cuts: 1)    |
| conv58                                                                               | conv60                                                                               | 2 (L3 memory cuts: 1)    |
| conv58                                                                               | dw4                                                                                  | 2 (L3 memory cuts: 1)    |
| conv59                                                                               | concat15                                                                             | 2 (L3 memory cuts: 1)    |
| concat15                                                                             | conv_feature_splitter10_1                                                            | 2[S] (L3 memory cuts: 1) |
| concat15                                                                             | conv_feature_splitter10_2                                                            | 2[S] (L3 memory cuts: 1) |
| conv_feature_splitter10_1                                                            | gate_rescue_repair_gate_rescue_repair_context_1_to_gate_rescue_repair_context_2_3105 | 2[S] (L3 memory cuts: 1) |
| gate_rescue_repair_gate_rescue_repair_context_1_to_gate_rescue_repair_context_2_3105 | gate_rescue_repair_gate_rescue_repair_context_1_to_gate_rescue_repair_context_2_3106 | 1 (0.00[KB]) (DDR)       |
| gate_rescue_repair_gate_rescue_repair_context_1_to_gate_rescue_repair_context_2_3106 | concat17                                                                             | 2[S] (L3 memory cuts: 1) |
| conv_feature_splitter10_2                                                            | conv67                                                                               | 2[S] (L3 memory cuts: 1) |
| conv_feature_splitter10_2                                                            | conv68                                                                               | 2[S] (L3 memory cuts: 1) |
| conv_feature_splitter10_2                                                            | gate_rescue_repair_gate_rescue_repair_context_1_to_gate_rescue_repair_context_2_3107 | 2[S] (L3 memory cuts: 1) |
| conv67                                                                               | conv69                                                                               | 2 (L3 memory cuts: 1)    |
| conv67                                                                               | ew_add13                                                                             | 2 (L3 memory cuts: 1)    |
| conv69                                                                               | conv70                                                                               | 4[S] (L3 memory cuts: 1) |
| conv70                                                                               | ew_add13                                                                             | 2 (L3 memory cuts: 1)    |
| ew_add13                                                                             | gate_rescue_repair_gate_rescue_repair_context_1_to_gate_rescue_repair_context_2_3111 | 2 (L3 memory cuts: 1)    |
| gate_rescue_repair_gate_rescue_repair_context_1_to_gate_rescue_repair_context_2_3111 | gate_rescue_repair_gate_rescue_repair_context_1_to_gate_rescue_repair_context_2_3112 | 1 (0.00[KB]) (DDR)       |
| gate_rescue_repair_gate_rescue_repair_context_1_to_gate_rescue_repair_context_2_3111 | gate_rescue_repair_gate_rescue_repair_context_1_to_gate_rescue_repair_context_2_3113 | 1 (0.00[KB]) (DDR)       |
| gate_rescue_repair_gate_rescue_repair_context_1_to_gate_rescue_repair_context_2_3112 | conv71                                                                               | 2 (L3 memory cuts: 1)    |
| conv71                                                                               | conv72                                                                               | 4[S] (L3 memory cuts: 1) |
| conv72                                                                               | ew_add14                                                                             | 2 (L3 memory cuts: 1)    |
| gate_rescue_repair_gate_rescue_repair_context_1_to_gate_rescue_repair_context_2_3113 | ew_add14                                                                             | 2 (L3 memory cuts: 1)    |
| ew_add14                                                                             | concat16                                                                             | 2 (L3 memory cuts: 1)    |
| conv68                                                                               | gate_rescue_repair_gate_rescue_repair_context_1_to_gate_rescue_repair_context_2_3109 | 2 (L3 memory cuts: 1)    |
| gate_rescue_repair_gate_rescue_repair_context_1_to_gate_rescue_repair_context_2_3109 | gate_rescue_repair_gate_rescue_repair_context_1_to_gate_rescue_repair_context_2_3110 | 1 (0.00[KB]) (DDR)       |
| gate_rescue_repair_gate_rescue_repair_context_1_to_gate_rescue_repair_context_2_3110 | concat16                                                                             | 2 (L3 memory cuts: 1)    |
| concat16                                                                             | conv73                                                                               | 2[S] (L3 memory cuts: 1) |
| conv73                                                                               | concat17                                                                             | 2[S] (L3 memory cuts: 1) |
| gate_rescue_repair_gate_rescue_repair_context_1_to_gate_rescue_repair_context_2_3107 | gate_rescue_repair_gate_rescue_repair_context_1_to_gate_rescue_repair_context_2_3108 | 1 (0.00[KB]) (DDR)       |
| gate_rescue_repair_gate_rescue_repair_context_1_to_gate_rescue_repair_context_2_3108 | concat17                                                                             | 2[S] (L3 memory cuts: 1) |
| concat17                                                                             | conv74                                                                               | 2[S] (L3 memory cuts: 1) |
| conv74                                                                               | conv75_ws                                                                            | 2 (L3 memory cuts: 1)    |
| conv74                                                                               | dw6_fs                                                                               | 2 (L3 memory cuts: 1)    |
| conv75_ws                                                                            | conv75_sd0                                                                           | 2 (L3 memory cuts: 1)    |
| conv75_ws                                                                            | conv75_sd1                                                                           | 2 (L3 memory cuts: 1)    |
| conv75_sd0                                                                           | conv75_sdc                                                                           | 2 (L3 memory cuts: 1)    |
| conv75_sd1                                                                           | conv75_sdc                                                                           | 2 (L3 memory cuts: 1)    |
| conv75_sdc                                                                           | conv76                                                                               | 4 (L3 memory cuts: 1)    |
| conv76                                                                               | conv77                                                                               | 2[S] (L3 memory cuts: 1) |
| conv77                                                                               | output_from_conv77_to_yolov8_nms_postprocess                                         | 2 (L3 memory cuts: 1)    |
| dw6_fs                                                                               | dw6_d0                                                                               | 2 (L3 memory cuts: 1)    |
| dw6_fs                                                                               | dw6_d1                                                                               | 2 (L3 memory cuts: 1)    |
| dw6_d0                                                                               | dw6_dc                                                                               | 2 (L3 memory cuts: 1)    |
| dw6_d1                                                                               | dw6_dc                                                                               | 2 (L3 memory cuts: 1)    |
| dw6_dc                                                                               | conv78                                                                               | 2[S] (L3 memory cuts: 1) |
| conv78                                                                               | dw7                                                                                  | 4 (L3 memory cuts: 1)    |
| dw7                                                                                  | conv79                                                                               | 2 (L3 memory cuts: 1)    |
| conv79                                                                               | conv80                                                                               | 2[S] (L3 memory cuts: 1) |
| conv80                                                                               | output_from_conv80_to_yolov8_nms_postprocess                                         | 2 (L3 memory cuts: 1)    |
| conv60                                                                               | conv61                                                                               | 5[S] (L3 memory cuts: 1) |
| conv61                                                                               | conv62                                                                               | 2[S] (L3 memory cuts: 1) |
| conv62                                                                               | output_from_conv62_to_yolov8_nms_postprocess                                         | 2 (L3 memory cuts: 1)    |
| dw4                                                                                  | conv63                                                                               | 2 (L3 memory cuts: 1)    |
| conv63                                                                               | dw5                                                                                  | 4 (L3 memory cuts: 1)    |
| dw5                                                                                  | conv64                                                                               | 2 (L3 memory cuts: 1)    |
| conv64                                                                               | conv65                                                                               | 2[S] (L3 memory cuts: 1) |
| conv65                                                                               | output_from_conv65_to_yolov8_nms_postprocess                                         | 2 (L3 memory cuts: 1)    |
| sh_from_conv47_to_conv49_d0-1_dw2_sd0-1_3114                                         | conv49_d0                                                                            | 2 (L3 memory cuts: 1)    |
| sh_from_conv47_to_conv49_d0-1_dw2_sd0-1_3114                                         | conv49_d1                                                                            | 2 (L3 memory cuts: 1)    |
| sh_from_conv47_to_conv49_d0-1_dw2_sd0-1_3114                                         | dw2_sd0                                                                              | 2 (L3 memory cuts: 1)    |
| sh_from_conv47_to_conv49_d0-1_dw2_sd0-1_3114                                         | dw2_sd1                                                                              | 2 (L3 memory cuts: 1)    |
| conv49_d0                                                                            | conv49_dc                                                                            | 2[S] (L3 memory cuts: 1) |
| conv49_d1                                                                            | conv49_dc                                                                            | 2[S] (L3 memory cuts: 1) |
| conv49_dc                                                                            | conv50_d0                                                                            | 5[S] (L3 memory cuts: 1) |
| conv49_dc                                                                            | conv50_d1                                                                            | 5[S] (L3 memory cuts: 1) |
| conv50_d0                                                                            | conv50_dc                                                                            | 2[S] (L3 memory cuts: 1) |
| conv50_d1                                                                            | conv50_dc                                                                            | 2[S] (L3 memory cuts: 1) |
| conv50_dc                                                                            | conv51                                                                               | 3[S] (L3 memory cuts: 1) |
| conv51                                                                               | output_from_conv51_to_yolov8_nms_postprocess                                         | 2 (L3 memory cuts: 1)    |
| dw2_sd0                                                                              | dw2_sdc                                                                              | 2 (L3 memory cuts: 1)    |
| dw2_sd1                                                                              | dw2_sdc                                                                              | 2 (L3 memory cuts: 1)    |
| dw2_sdc                                                                              | conv52                                                                               | 2 (L3 memory cuts: 1)    |
| conv52                                                                               | dw3_sd0                                                                              | 2 (L3 memory cuts: 1)    |
| conv52                                                                               | dw3_sd1                                                                              | 2 (L3 memory cuts: 1)    |
| dw3_sd0                                                                              | dw3_sdc                                                                              | 2 (L3 memory cuts: 1)    |
| dw3_sd1                                                                              | dw3_sdc                                                                              | 2 (L3 memory cuts: 1)    |
| dw3_sdc                                                                              | conv53                                                                               | 2 (L3 memory cuts: 1)    |
| conv53                                                                               | conv54                                                                               | 2[S] (L3 memory cuts: 1) |
| conv54                                                                               | output_from_conv54_to_yolov8_nms_postprocess                                         | 2 (L3 memory cuts: 1)    |
+--------------------------------------------------------------------------------------+--------------------------------------------------------------------------------------+--------------------------+
[2026-09-25 10:49:36.139] [default] [info] Adjust Edges After Merges and Joins buffers:
+--------------------------------------------------------------------------------------+--------------------------------------------------------------------------------------+--------------------------+
| Src                                                                                  | Dst                                                                                  | Buffers                  |
+--------------------------------------------------------------------------------------+--------------------------------------------------------------------------------------+--------------------------+
| input_layer1                                                                         | normalization1_sd0                                                                   | 2 (L3 memory cuts: 1)    |
| input_layer1                                                                         | normalization1_sd1                                                                   | 2 (L3 memory cuts: 1)    |
| normalization1_sd0                                                                   | normalization1_sdc                                                                   | 2 (L3 memory cuts: 1)    |
| normalization1_sd1                                                                   | normalization1_sdc                                                                   | 2 (L3 memory cuts: 1)    |
| normalization1_sdc                                                                   | conv1_ws                                                                             | 2 (L3 memory cuts: 1)    |
| conv1_ws                                                                             | conv1_sd0                                                                            | 2 (L3 memory cuts: 1)    |
| conv1_ws                                                                             | conv1_sd1                                                                            | 2 (L3 memory cuts: 1)    |
| conv1_ws                                                                             | conv1_sd2                                                                            | 2 (L3 memory cuts: 1)    |
| conv1_ws                                                                             | conv1_sd3                                                                            | 2 (L3 memory cuts: 1)    |
| conv1_sd0                                                                            | conv1_sdc                                                                            | 2 (L3 memory cuts: 1)    |
| conv1_sd1                                                                            | conv1_sdc                                                                            | 2 (L3 memory cuts: 1)    |
| conv1_sd2                                                                            | conv1_sdc                                                                            | 2 (L3 memory cuts: 1)    |
| conv1_sd3                                                                            | conv1_sdc                                                                            | 2 (L3 memory cuts: 1)    |
| conv1_sdc                                                                            | conv2_ws                                                                             | 2 (L3 memory cuts: 1)    |
| conv2_ws                                                                             | conv2_sd0                                                                            | 2 (L3 memory cuts: 1)    |
| conv2_ws                                                                             | conv2_sd1                                                                            | 2 (L3 memory cuts: 1)    |
| conv2_ws                                                                             | conv2_sd2                                                                            | 2 (L3 memory cuts: 1)    |
| conv2_sd0                                                                            | conv2_sdc                                                                            | 2 (L3 memory cuts: 1)    |
| conv2_sd1                                                                            | conv2_sdc                                                                            | 2 (L3 memory cuts: 1)    |
| conv2_sd2                                                                            | conv2_sdc                                                                            | 2 (L3 memory cuts: 1)    |
| conv2_sdc                                                                            | conv_feature_splitter1_1                                                             | 2 (L3 memory cuts: 1)    |
| conv2_sdc                                                                            | conv_feature_splitter1_2                                                             | 2 (L3 memory cuts: 1)    |
| conv_feature_splitter1_1                                                             | concat1                                                                              | 2 (L3 memory cuts: 1)    |
| conv_feature_splitter1_2                                                             | conv4                                                                                | 2 (L3 memory cuts: 1)    |
| conv_feature_splitter1_2                                                             | ew_add1                                                                              | 2 (L3 memory cuts: 1)    |
| conv_feature_splitter1_2                                                             | concat1                                                                              | 2 (L3 memory cuts: 1)    |
| conv4                                                                                | conv5                                                                                | 4[S] (L3 memory cuts: 1) |
| conv5                                                                                | ew_add1                                                                              | 2 (L3 memory cuts: 1)    |
| ew_add1                                                                              | concat1                                                                              | 2 (L3 memory cuts: 1)    |
| concat1                                                                              | conv6                                                                                | 2[S] (L3 memory cuts: 1) |
| conv6                                                                                | conv7_ws                                                                             | 2 (L3 memory cuts: 1)    |
| conv7_ws                                                                             | conv7_sd0                                                                            | 2 (L3 memory cuts: 1)    |
| conv7_ws                                                                             | conv7_sd1                                                                            | 2 (L3 memory cuts: 1)    |
| conv7_ws                                                                             | conv7_sd2                                                                            | 2 (L3 memory cuts: 1)    |
| conv7_sd0                                                                            | conv7_sdc                                                                            | 2 (L3 memory cuts: 1)    |
| conv7_sd1                                                                            | conv7_sdc                                                                            | 2 (L3 memory cuts: 1)    |
| conv7_sd2                                                                            | conv7_sdc                                                                            | 2 (L3 memory cuts: 1)    |
| conv7_sdc                                                                            | conv_feature_splitter2_1                                                             | 2 (L3 memory cuts: 1)    |
| conv7_sdc                                                                            | conv_feature_splitter2_2                                                             | 2 (L3 memory cuts: 1)    |
| conv_feature_splitter2_1                                                             | concat2                                                                              | 2 (L3 memory cuts: 1)    |
| conv_feature_splitter2_2                                                             | conv9                                                                                | 2 (L3 memory cuts: 1)    |
| conv_feature_splitter2_2                                                             | ew_add2                                                                              | 2 (L3 memory cuts: 1)    |
| conv_feature_splitter2_2                                                             | concat2                                                                              | 2 (L3 memory cuts: 1)    |
| conv9                                                                                | conv10                                                                               | 5[S] (L3 memory cuts: 1) |
| conv10                                                                               | ew_add2                                                                              | 2 (L3 memory cuts: 1)    |
| ew_add2                                                                              | concat2                                                                              | 2 (L3 memory cuts: 1)    |
| concat2                                                                              | conv11                                                                               | 3[S] (L3 memory cuts: 1) |
| conv11                                                                               | conv12_ws                                                                            | 2 (L3 memory cuts: 1)    |
| conv11                                                                               | gate_rescue_repair_gate_rescue_repair_context_0_to_gate_rescue_repair_context_1_3090 | 2 (L3 memory cuts: 1)    |
| conv12_ws                                                                            | conv12_sd0                                                                           | 2 (L3 memory cuts: 1)    |
| conv12_ws                                                                            | conv12_sd1                                                                           | 2 (L3 memory cuts: 1)    |
| conv12_sd0                                                                           | conv12_sdc                                                                           | 2 (L3 memory cuts: 1)    |
| conv12_sd1                                                                           | conv12_sdc                                                                           | 2 (L3 memory cuts: 1)    |
| conv12_sdc                                                                           | conv_feature_splitter3_1                                                             | 2 (L3 memory cuts: 1)    |
| conv12_sdc                                                                           | conv_feature_splitter3_2                                                             | 2 (L3 memory cuts: 1)    |
| conv_feature_splitter3_1                                                             | concat4                                                                              | 2[S] (L3 memory cuts: 1) |
| conv_feature_splitter3_2                                                             | conv14                                                                               | 2[S] (L3 memory cuts: 1) |
| conv_feature_splitter3_2                                                             | conv15                                                                               | 2[S] (L3 memory cuts: 1) |
| conv_feature_splitter3_2                                                             | concat4                                                                              | 2[S] (L3 memory cuts: 1) |
| conv14                                                                               | conv16                                                                               | 2 (L3 memory cuts: 1)    |
| conv14                                                                               | ew_add3                                                                              | 2 (L3 memory cuts: 1)    |
| conv16                                                                               | conv17                                                                               | 4[S] (L3 memory cuts: 1) |
| conv17                                                                               | ew_add3                                                                              | 2 (L3 memory cuts: 1)    |
| ew_add3                                                                              | conv18                                                                               | 2 (L3 memory cuts: 1)    |
| ew_add3                                                                              | ew_add4                                                                              | 2 (L3 memory cuts: 1)    |
| conv18                                                                               | conv19                                                                               | 4[S] (L3 memory cuts: 1) |
| conv19                                                                               | ew_add4                                                                              | 2 (L3 memory cuts: 1)    |
| ew_add4                                                                              | concat3                                                                              | 2 (L3 memory cuts: 1)    |
| conv15                                                                               | concat3                                                                              | 2 (L3 memory cuts: 1)    |
| concat3                                                                              | conv20                                                                               | 2[S] (L3 memory cuts: 1) |
| conv20                                                                               | concat4                                                                              | 2[S] (L3 memory cuts: 1) |
| concat4                                                                              | conv21                                                                               | 2[S] (L3 memory cuts: 1) |
| conv21                                                                               | conv22                                                                               | 2 (L3 memory cuts: 1)    |
| conv21                                                                               | gate_rescue_repair_gate_rescue_repair_context_0_to_gate_rescue_repair_context_1_3092 | 2 (L3 memory cuts: 1)    |
| conv22                                                                               | conv_feature_splitter4_1                                                             | 2 (L3 memory cuts: 1)    |
| conv22                                                                               | conv_feature_splitter4_2                                                             | 2 (L3 memory cuts: 1)    |
| conv_feature_splitter4_1                                                             | concat6                                                                              | 2[S] (L3 memory cuts: 1) |
| conv_feature_splitter4_2                                                             | conv24                                                                               | 2[S] (L3 memory cuts: 1) |
| conv_feature_splitter4_2                                                             | conv25                                                                               | 2[S] (L3 memory cuts: 1) |
| conv_feature_splitter4_2                                                             | concat6                                                                              | 2[S] (L3 memory cuts: 1) |
| conv24                                                                               | conv26                                                                               | 2 (L3 memory cuts: 1)    |
| conv24                                                                               | ew_add5                                                                              | 2 (L3 memory cuts: 1)    |
| conv26                                                                               | conv27                                                                               | 4[S] (L3 memory cuts: 1) |
| conv27                                                                               | ew_add5                                                                              | 2 (L3 memory cuts: 1)    |
| ew_add5                                                                              | conv28                                                                               | 2 (L3 memory cuts: 1)    |
| ew_add5                                                                              | ew_add6                                                                              | 2 (L3 memory cuts: 1)    |
| conv28                                                                               | conv29                                                                               | 4[S] (L3 memory cuts: 1) |
| conv29                                                                               | ew_add6                                                                              | 2 (L3 memory cuts: 1)    |
| ew_add6                                                                              | concat5                                                                              | 2 (L3 memory cuts: 1)    |
| conv25                                                                               | concat5                                                                              | 2 (L3 memory cuts: 1)    |
| concat5                                                                              | conv30                                                                               | 2[S] (L3 memory cuts: 1) |
| conv30                                                                               | concat6                                                                              | 2[S] (L3 memory cuts: 1) |
| concat6                                                                              | conv31                                                                               | 2[S] (L3 memory cuts: 1) |
| conv31                                                                               | conv32                                                                               | 2[S] (L3 memory cuts: 1) |
| conv32                                                                               | maxpool1                                                                             | 6 (L3 memory cuts: 1)    |
| conv32                                                                               | concat7                                                                              | 2 (L3 memory cuts: 1)    |
| maxpool1                                                                             | maxpool2                                                                             | 6 (L3 memory cuts: 1)    |
| maxpool1                                                                             | concat7                                                                              | 2 (L3 memory cuts: 1)    |
| maxpool2                                                                             | maxpool3                                                                             | 6 (L3 memory cuts: 1)    |
| maxpool2                                                                             | concat7                                                                              | 2 (L3 memory cuts: 1)    |
| maxpool3                                                                             | concat7                                                                              | 2 (L3 memory cuts: 1)    |
| concat7                                                                              | conv33                                                                               | 2[S] (L3 memory cuts: 1) |
| conv33                                                                               | conv_feature_splitter5_1                                                             | 2[S] (L3 memory cuts: 1) |
| conv33                                                                               | conv_feature_splitter5_2                                                             | 2[S] (L3 memory cuts: 1) |
| conv_feature_splitter5_1                                                             | gate_rescue_repair_gate_rescue_repair_context_0_to_gate_rescue_repair_context_1_3094 | 2[S] (L3 memory cuts: 1) |
| gate_rescue_repair_gate_rescue_repair_context_0_to_gate_rescue_repair_context_1_3094 | gate_rescue_repair_gate_rescue_repair_context_0_to_gate_rescue_repair_context_1_3095 | 1 (0.00[KB]) (DDR)       |
| gate_rescue_repair_gate_rescue_repair_context_0_to_gate_rescue_repair_context_1_3095 | concat8                                                                              | 2[S] (L3 memory cuts: 1) |
| conv_feature_splitter5_2                                                             | conv_feature_splitter6_1                                                             | 2 (L3 memory cuts: 1)    |
| conv_feature_splitter5_2                                                             | conv_feature_splitter6_2                                                             | 2 (L3 memory cuts: 1)    |
| conv_feature_splitter5_2                                                             | conv_feature_splitter6_3                                                             | 2 (L3 memory cuts: 1)    |
| conv_feature_splitter5_2                                                             | gate_rescue_repair_gate_rescue_repair_context_0_to_gate_rescue_repair_context_1_3096 | 2 (L3 memory cuts: 1)    |
| conv_feature_splitter6_1                                                             | gate_rescue_repair_gate_rescue_repair_context_0_to_gate_rescue_repair_context_1_3098 | 2 (L3 memory cuts: 1)    |
| gate_rescue_repair_gate_rescue_repair_context_0_to_gate_rescue_repair_context_1_3098 | gate_rescue_repair_gate_rescue_repair_context_0_to_gate_rescue_repair_context_1_3099 | 1 (0.00[KB]) (DDR)       |
| gate_rescue_repair_gate_rescue_repair_context_0_to_gate_rescue_repair_context_1_3099 | matmul1                                                                              | 2 (L3 memory cuts: 1)    |
| conv_feature_splitter6_2                                                             | gate_rescue_repair_gate_rescue_repair_context_0_to_gate_rescue_repair_context_1_3100 | 40 (L3 memory cuts: 3)   |
| gate_rescue_repair_gate_rescue_repair_context_0_to_gate_rescue_repair_context_1_3100 | gate_rescue_repair_gate_rescue_repair_context_0_to_gate_rescue_repair_context_1_3101 | 1 (0.00[KB]) (DDR)       |
| gate_rescue_repair_gate_rescue_repair_context_0_to_gate_rescue_repair_context_1_3101 | matmul1                                                                              | 40 (L3 memory cuts: 3)   |
| matmul1                                                                              | reduce_max_softmax1                                                                  | 2 (L3 memory cuts: 2)    |
| matmul1                                                                              | ew_sub_softmax1                                                                      | 2 (L3 memory cuts: 2)    |
| reduce_max_softmax1                                                                  | ew_sub_softmax1                                                                      | 2 (L3 memory cuts: 1)    |
| ew_sub_softmax1                                                                      | reduce_sum_softmax1                                                                  | 2 (L3 memory cuts: 2)    |
| ew_sub_softmax1                                                                      | ew_mult_softmax1                                                                     | 2 (L3 memory cuts: 2)    |
| reduce_sum_softmax1                                                                  | ew_mult_softmax1                                                                     | 2 (L3 memory cuts: 1)    |
| ew_mult_softmax1                                                                     | matmul2                                                                              | 2 (L3 memory cuts: 2)    |
| conv_feature_splitter6_3                                                             | gate_rescue_repair_gate_rescue_repair_context_0_to_gate_rescue_repair_context_1_3102 | 2 (L3 memory cuts: 1)    |
| gate_rescue_repair_gate_rescue_repair_context_0_to_gate_rescue_repair_context_1_3102 | gate_rescue_repair_gate_rescue_repair_context_0_to_gate_rescue_repair_context_1_3103 | 1 (0.00[KB]) (DDR)       |
| gate_rescue_repair_gate_rescue_repair_context_0_to_gate_rescue_repair_context_1_3103 | activation1                                                                          | 2 (L3 memory cuts: 1)    |
| gate_rescue_repair_gate_rescue_repair_context_0_to_gate_rescue_repair_context_1_3103 | dw1_defuse_width_feature_reshape                                                     | 2 (L3 memory cuts: 1)    |
| activation1                                                                          | matmul2_reshape                                                                      | 2 (L3 memory cuts: 1)    |
| matmul2_reshape                                                                      | matmul2                                                                              | 40 (L3 memory cuts: 4)   |
| matmul2                                                                              | dw1_defuse_1x1                                                                       | 2 (L3 memory cuts: 1)    |
| dw1_defuse_width_feature_reshape                                                     | dw1_defuse_reshape_hxf_to_w_transposed                                               | 2 (L3 memory cuts: 1)    |
| dw1_defuse_reshape_hxf_to_w_transposed                                               | dw1_defuse_1x1                                                                       | 2 (L3 memory cuts: 2)    |
| dw1_defuse_1x1                                                                       | conv36                                                                               | 2 (L3 memory cuts: 1)    |
| gate_rescue_repair_gate_rescue_repair_context_0_to_gate_rescue_repair_context_1_3096 | gate_rescue_repair_gate_rescue_repair_context_0_to_gate_rescue_repair_context_1_3097 | 1 (0.00[KB]) (DDR)       |
| gate_rescue_repair_gate_rescue_repair_context_0_to_gate_rescue_repair_context_1_3097 | conv36                                                                               | 2 (L3 memory cuts: 1)    |
| conv36                                                                               | conv37                                                                               | 2[S] (L3 memory cuts: 1) |
| conv36                                                                               | conv38                                                                               | 2[S] (L3 memory cuts: 1) |
| conv37                                                                               | conv38                                                                               | 2[S] (L3 memory cuts: 1) |
| conv38                                                                               | concat8                                                                              | 2[S] (L3 memory cuts: 1) |
| concat8                                                                              | conv39                                                                               | 2[S] (L3 memory cuts: 1) |
| conv39                                                                               | resize1                                                                              | 2 (L3 memory cuts: 1)    |
| conv39                                                                               | concat15                                                                             | 2 (L3 memory cuts: 1)    |
| resize1                                                                              | concat9                                                                              | 2 (L3 memory cuts: 1)    |
| gate_rescue_repair_gate_rescue_repair_context_0_to_gate_rescue_repair_context_1_3092 | gate_rescue_repair_gate_rescue_repair_context_0_to_gate_rescue_repair_context_1_3093 | 1 (0.00[KB]) (DDR)       |
| gate_rescue_repair_gate_rescue_repair_context_0_to_gate_rescue_repair_context_1_3093 | concat9                                                                              | 2 (L3 memory cuts: 1)    |
| concat9                                                                              | conv_feature_splitter7_1                                                             | 2[S] (L3 memory cuts: 1) |
| concat9                                                                              | conv_feature_splitter7_2                                                             | 2[S] (L3 memory cuts: 1) |
| conv_feature_splitter7_1                                                             | concat10                                                                             | 2 (L3 memory cuts: 1)    |
| conv_feature_splitter7_2                                                             | conv41                                                                               | 2 (L3 memory cuts: 1)    |
| conv_feature_splitter7_2                                                             | ew_add10                                                                             | 2 (L3 memory cuts: 1)    |
| conv_feature_splitter7_2                                                             | concat10                                                                             | 2 (L3 memory cuts: 1)    |
| conv41                                                                               | conv42                                                                               | 5[S] (L3 memory cuts: 1) |
| conv42                                                                               | ew_add10                                                                             | 2 (L3 memory cuts: 1)    |
| ew_add10                                                                             | concat10                                                                             | 2 (L3 memory cuts: 1)    |
| concat10                                                                             | conv43                                                                               | 2[S] (L3 memory cuts: 1) |
| conv43                                                                               | resize2                                                                              | 2 (L3 memory cuts: 1)    |
| conv43                                                                               | concat13                                                                             | 2 (L3 memory cuts: 1)    |
| resize2                                                                              | concat11                                                                             | 2 (L3 memory cuts: 1)    |
| gate_rescue_repair_gate_rescue_repair_context_0_to_gate_rescue_repair_context_1_3090 | gate_rescue_repair_gate_rescue_repair_context_0_to_gate_rescue_repair_context_1_3091 | 1 (0.00[KB]) (DDR)       |
| gate_rescue_repair_gate_rescue_repair_context_0_to_gate_rescue_repair_context_1_3091 | concat11                                                                             | 2 (L3 memory cuts: 1)    |
| concat11                                                                             | conv_feature_splitter8_1                                                             | 2[S] (L3 memory cuts: 1) |
| concat11                                                                             | conv_feature_splitter8_2                                                             | 3[S] (L3 memory cuts: 1) |
| conv_feature_splitter8_1                                                             | concat12                                                                             | 2 (L3 memory cuts: 1)    |
| conv_feature_splitter8_2                                                             | conv45                                                                               | 2 (L3 memory cuts: 1)    |
| conv_feature_splitter8_2                                                             | ew_add11                                                                             | 2 (L3 memory cuts: 1)    |
| conv_feature_splitter8_2                                                             | concat12                                                                             | 2 (L3 memory cuts: 1)    |
| conv45                                                                               | conv46                                                                               | 5[S] (L3 memory cuts: 1) |
| conv46                                                                               | ew_add11                                                                             | 2 (L3 memory cuts: 1)    |
| ew_add11                                                                             | concat12                                                                             | 2 (L3 memory cuts: 1)    |
| concat12                                                                             | conv47                                                                               | 2[S] (L3 memory cuts: 1) |
| conv47                                                                               | conv48                                                                               | 2 (L3 memory cuts: 1)    |
| conv47                                                                               | sh_from_conv47_to_conv49_d0-1_dw2_sd0-1_3114                                         | 2 (L3 memory cuts: 1)    |
| conv48                                                                               | concat13                                                                             | 2 (L3 memory cuts: 1)    |
| concat13                                                                             | conv_feature_splitter9_1                                                             | 2[S] (L3 memory cuts: 1) |
| concat13                                                                             | conv_feature_splitter9_2                                                             | 2[S] (L3 memory cuts: 1) |
| conv_feature_splitter9_1                                                             | concat14                                                                             | 2 (L3 memory cuts: 1)    |
| conv_feature_splitter9_2                                                             | conv56                                                                               | 2 (L3 memory cuts: 1)    |
| conv_feature_splitter9_2                                                             | ew_add12                                                                             | 2 (L3 memory cuts: 1)    |
| conv_feature_splitter9_2                                                             | concat14                                                                             | 2 (L3 memory cuts: 1)    |
| conv56                                                                               | conv57                                                                               | 5[S] (L3 memory cuts: 1) |
| conv57                                                                               | ew_add12                                                                             | 2 (L3 memory cuts: 1)    |
| ew_add12                                                                             | concat14                                                                             | 2 (L3 memory cuts: 1)    |
| concat14                                                                             | conv58                                                                               | 2[S] (L3 memory cuts: 1) |
| conv58                                                                               | conv59                                                                               | 2 (L3 memory cuts: 1)    |
| conv58                                                                               | conv60                                                                               | 2 (L3 memory cuts: 1)    |
| conv58                                                                               | dw4                                                                                  | 2 (L3 memory cuts: 1)    |
| conv59                                                                               | concat15                                                                             | 2 (L3 memory cuts: 1)    |
| concat15                                                                             | conv_feature_splitter10_1                                                            | 2[S] (L3 memory cuts: 1) |
| concat15                                                                             | conv_feature_splitter10_2                                                            | 2[S] (L3 memory cuts: 1) |
| conv_feature_splitter10_1                                                            | gate_rescue_repair_gate_rescue_repair_context_1_to_gate_rescue_repair_context_2_3105 | 2[S] (L3 memory cuts: 1) |
| gate_rescue_repair_gate_rescue_repair_context_1_to_gate_rescue_repair_context_2_3105 | gate_rescue_repair_gate_rescue_repair_context_1_to_gate_rescue_repair_context_2_3106 | 1 (0.00[KB]) (DDR)       |
| gate_rescue_repair_gate_rescue_repair_context_1_to_gate_rescue_repair_context_2_3106 | concat17                                                                             | 2[S] (L3 memory cuts: 1) |
| conv_feature_splitter10_2                                                            | conv67                                                                               | 2[S] (L3 memory cuts: 1) |
| conv_feature_splitter10_2                                                            | conv68                                                                               | 2[S] (L3 memory cuts: 1) |
| conv_feature_splitter10_2                                                            | gate_rescue_repair_gate_rescue_repair_context_1_to_gate_rescue_repair_context_2_3107 | 2[S] (L3 memory cuts: 1) |
| conv67                                                                               | conv69                                                                               | 2 (L3 memory cuts: 1)    |
| conv67                                                                               | ew_add13                                                                             | 2 (L3 memory cuts: 1)    |
| conv69                                                                               | conv70                                                                               | 4[S] (L3 memory cuts: 1) |
| conv70                                                                               | ew_add13                                                                             | 2 (L3 memory cuts: 1)    |
| ew_add13                                                                             | gate_rescue_repair_gate_rescue_repair_context_1_to_gate_rescue_repair_context_2_3111 | 2 (L3 memory cuts: 1)    |
| gate_rescue_repair_gate_rescue_repair_context_1_to_gate_rescue_repair_context_2_3111 | gate_rescue_repair_gate_rescue_repair_context_1_to_gate_rescue_repair_context_2_3112 | 1 (0.00[KB]) (DDR)       |
| gate_rescue_repair_gate_rescue_repair_context_1_to_gate_rescue_repair_context_2_3111 | gate_rescue_repair_gate_rescue_repair_context_1_to_gate_rescue_repair_context_2_3113 | 1 (0.00[KB]) (DDR)       |
| gate_rescue_repair_gate_rescue_repair_context_1_to_gate_rescue_repair_context_2_3112 | conv71                                                                               | 2 (L3 memory cuts: 1)    |
| conv71                                                                               | conv72                                                                               | 4[S] (L3 memory cuts: 1) |
| conv72                                                                               | ew_add14                                                                             | 2 (L3 memory cuts: 1)    |
| gate_rescue_repair_gate_rescue_repair_context_1_to_gate_rescue_repair_context_2_3113 | ew_add14                                                                             | 2 (L3 memory cuts: 1)    |
| ew_add14                                                                             | concat16                                                                             | 2 (L3 memory cuts: 1)    |
| conv68                                                                               | gate_rescue_repair_gate_rescue_repair_context_1_to_gate_rescue_repair_context_2_3109 | 2 (L3 memory cuts: 1)    |
| gate_rescue_repair_gate_rescue_repair_context_1_to_gate_rescue_repair_context_2_3109 | gate_rescue_repair_gate_rescue_repair_context_1_to_gate_rescue_repair_context_2_3110 | 1 (0.00[KB]) (DDR)       |
| gate_rescue_repair_gate_rescue_repair_context_1_to_gate_rescue_repair_context_2_3110 | concat16                                                                             | 2 (L3 memory cuts: 1)    |
| concat16                                                                             | conv73                                                                               | 2[S] (L3 memory cuts: 1) |
| conv73                                                                               | concat17                                                                             | 2[S] (L3 memory cuts: 1) |
| gate_rescue_repair_gate_rescue_repair_context_1_to_gate_rescue_repair_context_2_3107 | gate_rescue_repair_gate_rescue_repair_context_1_to_gate_rescue_repair_context_2_3108 | 1 (0.00[KB]) (DDR)       |
| gate_rescue_repair_gate_rescue_repair_context_1_to_gate_rescue_repair_context_2_3108 | concat17                                                                             | 2[S] (L3 memory cuts: 1) |
| concat17                                                                             | conv74                                                                               | 2[S] (L3 memory cuts: 1) |
| conv74                                                                               | conv75_ws                                                                            | 2 (L3 memory cuts: 1)    |
| conv74                                                                               | dw6_fs                                                                               | 2 (L3 memory cuts: 1)    |
| conv75_ws                                                                            | conv75_sd0                                                                           | 2 (L3 memory cuts: 1)    |
| conv75_ws                                                                            | conv75_sd1                                                                           | 2 (L3 memory cuts: 1)    |
| conv75_sd0                                                                           | conv75_sdc                                                                           | 2 (L3 memory cuts: 1)    |
| conv75_sd1                                                                           | conv75_sdc                                                                           | 2 (L3 memory cuts: 1)    |
| conv75_sdc                                                                           | conv76                                                                               | 4 (L3 memory cuts: 1)    |
| conv76                                                                               | conv77                                                                               | 2[S] (L3 memory cuts: 1) |
| conv77                                                                               | output_from_conv77_to_yolov8_nms_postprocess                                         | 2 (L3 memory cuts: 1)    |
| dw6_fs                                                                               | dw6_d0                                                                               | 2 (L3 memory cuts: 1)    |
| dw6_fs                                                                               | dw6_d1                                                                               | 2 (L3 memory cuts: 1)    |
| dw6_d0                                                                               | dw6_dc                                                                               | 2 (L3 memory cuts: 1)    |
| dw6_d1                                                                               | dw6_dc                                                                               | 2 (L3 memory cuts: 1)    |
| dw6_dc                                                                               | conv78                                                                               | 2[S] (L3 memory cuts: 1) |
| conv78                                                                               | dw7                                                                                  | 4 (L3 memory cuts: 1)    |
| dw7                                                                                  | conv79                                                                               | 2 (L3 memory cuts: 1)    |
| conv79                                                                               | conv80                                                                               | 2[S] (L3 memory cuts: 1) |
| conv80                                                                               | output_from_conv80_to_yolov8_nms_postprocess                                         | 2 (L3 memory cuts: 1)    |
| conv60                                                                               | conv61                                                                               | 5[S] (L3 memory cuts: 1) |
| conv61                                                                               | conv62                                                                               | 2[S] (L3 memory cuts: 1) |
| conv62                                                                               | output_from_conv62_to_yolov8_nms_postprocess                                         | 2 (L3 memory cuts: 1)    |
| dw4                                                                                  | conv63                                                                               | 2 (L3 memory cuts: 1)    |
| conv63                                                                               | dw5                                                                                  | 4 (L3 memory cuts: 1)    |
| dw5                                                                                  | conv64                                                                               | 2 (L3 memory cuts: 1)    |
| conv64                                                                               | conv65                                                                               | 2[S] (L3 memory cuts: 1) |
| conv65                                                                               | output_from_conv65_to_yolov8_nms_postprocess                                         | 2 (L3 memory cuts: 1)    |
| sh_from_conv47_to_conv49_d0-1_dw2_sd0-1_3114                                         | conv49_d0                                                                            | 2 (L3 memory cuts: 1)    |
| sh_from_conv47_to_conv49_d0-1_dw2_sd0-1_3114                                         | conv49_d1                                                                            | 2 (L3 memory cuts: 1)    |
| sh_from_conv47_to_conv49_d0-1_dw2_sd0-1_3114                                         | dw2_sd0                                                                              | 2 (L3 memory cuts: 1)    |
| sh_from_conv47_to_conv49_d0-1_dw2_sd0-1_3114                                         | dw2_sd1                                                                              | 2 (L3 memory cuts: 1)    |
| conv49_d0                                                                            | conv49_dc                                                                            | 2[S] (L3 memory cuts: 1) |
| conv49_d1                                                                            | conv49_dc                                                                            | 2[S] (L3 memory cuts: 1) |
| conv49_dc                                                                            | conv50_d0                                                                            | 5[S] (L3 memory cuts: 1) |
| conv49_dc                                                                            | conv50_d1                                                                            | 5[S] (L3 memory cuts: 1) |
| conv50_d0                                                                            | conv50_dc                                                                            | 2[S] (L3 memory cuts: 1) |
| conv50_d1                                                                            | conv50_dc                                                                            | 2[S] (L3 memory cuts: 1) |
| conv50_dc                                                                            | conv51                                                                               | 3[S] (L3 memory cuts: 1) |
| conv51                                                                               | output_from_conv51_to_yolov8_nms_postprocess                                         | 2 (L3 memory cuts: 1)    |
| dw2_sd0                                                                              | dw2_sdc                                                                              | 2 (L3 memory cuts: 1)    |
| dw2_sd1                                                                              | dw2_sdc                                                                              | 2 (L3 memory cuts: 1)    |
| dw2_sdc                                                                              | conv52                                                                               | 2 (L3 memory cuts: 1)    |
| conv52                                                                               | dw3_sd0                                                                              | 2 (L3 memory cuts: 1)    |
| conv52                                                                               | dw3_sd1                                                                              | 2 (L3 memory cuts: 1)    |
| dw3_sd0                                                                              | dw3_sdc                                                                              | 2 (L3 memory cuts: 1)    |
| dw3_sd1                                                                              | dw3_sdc                                                                              | 2 (L3 memory cuts: 1)    |
| dw3_sdc                                                                              | conv53                                                                               | 2 (L3 memory cuts: 1)    |
| conv53                                                                               | conv54                                                                               | 2[S] (L3 memory cuts: 1) |
| conv54                                                                               | output_from_conv54_to_yolov8_nms_postprocess                                         | 2 (L3 memory cuts: 1)    |
+--------------------------------------------------------------------------------------+--------------------------------------------------------------------------------------+--------------------------+
[2026-09-25 10:49:42.865] [default] [info] Adjust Edges Before Dimaffer buffers:
+--------------------------------------------------------------------------------------+--------------------------------------------------------------------------------------+-------------------------------+
| Src                                                                                  | Dst                                                                                  | Buffers                       |
+--------------------------------------------------------------------------------------+--------------------------------------------------------------------------------------+-------------------------------+
| input_layer1                                                                         | normalization1_sd0                                                                   | 3 (L3 memory cuts: 1)         |
| input_layer1                                                                         | normalization1_sd1                                                                   | 3 (L3 memory cuts: 1)         |
| normalization1_sd0                                                                   | normalization1_sdc                                                                   | 2 (L3 memory cuts: 1)         |
| normalization1_sd1                                                                   | normalization1_sdc                                                                   | 2 (L3 memory cuts: 1)         |
| normalization1_sdc                                                                   | conv1_ws                                                                             | 1[RPC] (L3 memory cuts: 1)    |
| conv1_ws                                                                             | conv1_sd0                                                                            | 2 (L3 memory cuts: 1)         |
| conv1_ws                                                                             | conv1_sd1                                                                            | 2 (L3 memory cuts: 1)         |
| conv1_ws                                                                             | conv1_sd2                                                                            | 2 (L3 memory cuts: 1)         |
| conv1_ws                                                                             | conv1_sd3                                                                            | 2 (L3 memory cuts: 1)         |
| conv1_sd0                                                                            | conv1_sdc                                                                            | 2[RPC] (L3 memory cuts: 2)    |
| conv1_sd1                                                                            | conv1_sdc                                                                            | 2[RPC] (L3 memory cuts: 2)    |
| conv1_sd2                                                                            | conv1_sdc                                                                            | 2[RPC] (L3 memory cuts: 2)    |
| conv1_sd3                                                                            | conv1_sdc                                                                            | 2[RPC] (L3 memory cuts: 2)    |
| conv1_sdc                                                                            | conv2_ws                                                                             | 2[RPC] (L3 memory cuts: 2)    |
| conv2_ws                                                                             | conv2_sd0                                                                            | 3[RPC] (L3 memory cuts: 3)    |
| conv2_ws                                                                             | conv2_sd1                                                                            | 3[RPC] (L3 memory cuts: 3)    |
| conv2_ws                                                                             | conv2_sd2                                                                            | 2[RPC] (L3 memory cuts: 2)    |
| conv2_sd0                                                                            | conv2_sdc                                                                            | 1[RPC] (L3 memory cuts: 1)    |
| conv2_sd1                                                                            | conv2_sdc                                                                            | 1[RPC] (L3 memory cuts: 1)    |
| conv2_sd2                                                                            | conv2_sdc                                                                            | 2 (L3 memory cuts: 1)         |
| conv2_sdc                                                                            | conv_feature_splitter1_1                                                             | 1 (L3 memory cuts: 1)         |
| conv2_sdc                                                                            | conv_feature_splitter1_2                                                             | 1 (L3 memory cuts: 1)         |
| conv_feature_splitter1_1                                                             | concat1                                                                              | 7[RPC] (L3 memory cuts: 7)    |
| conv_feature_splitter1_2                                                             | conv4                                                                                | 4[RPC] (L3 memory cuts: 4)    |
| conv_feature_splitter1_2                                                             | ew_add1                                                                              | 6[RPC] (L3 memory cuts: 6)    |
| conv_feature_splitter1_2                                                             | concat1                                                                              | 7[RPC] (L3 memory cuts: 7)    |
| conv4                                                                                | conv5                                                                                | 11[S] (L3 memory cuts: 1)     |
| conv5                                                                                | ew_add1                                                                              | 2 (L3 memory cuts: 1)         |
| ew_add1                                                                              | concat1                                                                              | 3 (L3 memory cuts: 1)         |
| concat1                                                                              | conv6                                                                                | 3[S] (L3 memory cuts: 1)      |
| conv6                                                                                | conv7_ws                                                                             | 2[RPC] (L3 memory cuts: 2)    |
| conv7_ws                                                                             | conv7_sd0                                                                            | 2[RPC] (L3 memory cuts: 2)    |
| conv7_ws                                                                             | conv7_sd1                                                                            | 2[RPC] (L3 memory cuts: 2)    |
| conv7_ws                                                                             | conv7_sd2                                                                            | 2[RPC] (L3 memory cuts: 2)    |
| conv7_sd0                                                                            | conv7_sdc                                                                            | 1[RPC] (L3 memory cuts: 1)    |
| conv7_sd1                                                                            | conv7_sdc                                                                            | 1 (L3 memory cuts: 1)         |
| conv7_sd2                                                                            | conv7_sdc                                                                            | 1 (L3 memory cuts: 1)         |
| conv7_sdc                                                                            | conv_feature_splitter2_1                                                             | 1 (L3 memory cuts: 1)         |
| conv7_sdc                                                                            | conv_feature_splitter2_2                                                             | 1 (L3 memory cuts: 1)         |
| conv_feature_splitter2_1                                                             | concat2                                                                              | 5 (L3 memory cuts: 1)         |
| conv_feature_splitter2_2                                                             | conv9                                                                                | 5 (L3 memory cuts: 1)         |
| conv_feature_splitter2_2                                                             | ew_add2                                                                              | 5 (L3 memory cuts: 1)         |
| conv_feature_splitter2_2                                                             | concat2                                                                              | 5 (L3 memory cuts: 1)         |
| conv9                                                                                | conv10                                                                               | 9[S] (L3 memory cuts: 1)      |
| conv10                                                                               | ew_add2                                                                              | 2 (L3 memory cuts: 1)         |
| ew_add2                                                                              | concat2                                                                              | 2 (L3 memory cuts: 1)         |
| concat2                                                                              | conv11                                                                               | 5[S] (L3 memory cuts: 1)      |
| conv11                                                                               | conv12_ws                                                                            | 2[RPC] (L3 memory cuts: 2)    |
| conv11                                                                               | gate_rescue_repair_gate_rescue_repair_context_0_to_gate_rescue_repair_context_1_3090 | 2[RPC] (L3 memory cuts: 2)    |
| conv12_ws                                                                            | conv12_sd0                                                                           | 2 (L3 memory cuts: 1)         |
| conv12_ws                                                                            | conv12_sd1                                                                           | 1 (L3 memory cuts: 1)         |
| conv12_sd0                                                                           | conv12_sdc                                                                           | 1 (L3 memory cuts: 1)         |
| conv12_sd1                                                                           | conv12_sdc                                                                           | 1 (L3 memory cuts: 1)         |
| conv12_sdc                                                                           | conv_feature_splitter3_1                                                             | 2[RPC] (L3 memory cuts: 2)    |
| conv12_sdc                                                                           | conv_feature_splitter3_2                                                             | 2[RPC] (L3 memory cuts: 2)    |
| conv_feature_splitter3_1                                                             | concat4                                                                              | 39[S] (L3 memory cuts: 1)     |
| conv_feature_splitter3_2                                                             | conv14                                                                               | 39[S] (L3 memory cuts: 1)     |
| conv_feature_splitter3_2                                                             | conv15                                                                               | 39[S] (L3 memory cuts: 1)     |
| conv_feature_splitter3_2                                                             | concat4                                                                              | 39[S] (L3 memory cuts: 1)     |
| conv14                                                                               | conv16                                                                               | 5 (L3 memory cuts: 1)         |
| conv14                                                                               | ew_add3                                                                              | 5 (L3 memory cuts: 1)         |
| conv16                                                                               | conv17                                                                               | 5[S] (L3 memory cuts: 1)      |
| conv17                                                                               | ew_add3                                                                              | 1 (L3 memory cuts: 1)         |
| ew_add3                                                                              | conv18                                                                               | 4 (L3 memory cuts: 1)         |
| ew_add3                                                                              | ew_add4                                                                              | 4 (L3 memory cuts: 1)         |
| conv18                                                                               | conv19                                                                               | 5[S] (L3 memory cuts: 1)      |
| conv19                                                                               | ew_add4                                                                              | 1 (L3 memory cuts: 1)         |
| ew_add4                                                                              | concat3                                                                              | 3 (L3 memory cuts: 1)         |
| conv15                                                                               | concat3                                                                              | 9 (L3 memory cuts: 1)         |
| concat3                                                                              | conv20                                                                               | 2[S] (L3 memory cuts: 1)      |
| conv20                                                                               | concat4                                                                              | 1[S] (L3 memory cuts: 1)      |
| concat4                                                                              | conv21                                                                               | 1[S] (L3 memory cuts: 1)      |
| conv21                                                                               | conv22                                                                               | 2 (L3 memory cuts: 1)         |
| conv21                                                                               | gate_rescue_repair_gate_rescue_repair_context_0_to_gate_rescue_repair_context_1_3092 | 2 (L3 memory cuts: 1)         |
| conv22                                                                               | conv_feature_splitter4_1                                                             | 2 (L3 memory cuts: 1)         |
| conv22                                                                               | conv_feature_splitter4_2                                                             | 2 (L3 memory cuts: 1)         |
| conv_feature_splitter4_1                                                             | concat6                                                                              | 28[S] (L3 memory cuts: 1)     |
| conv_feature_splitter4_2                                                             | conv24                                                                               | 28[S] (L3 memory cuts: 1)     |
| conv_feature_splitter4_2                                                             | conv25                                                                               | 28[S] (L3 memory cuts: 1)     |
| conv_feature_splitter4_2                                                             | concat6                                                                              | 28[S] (L3 memory cuts: 1)     |
| conv24                                                                               | conv26                                                                               | 6 (L3 memory cuts: 1)         |
| conv24                                                                               | ew_add5                                                                              | 6 (L3 memory cuts: 1)         |
| conv26                                                                               | conv27                                                                               | 6[S] (L3 memory cuts: 1)      |
| conv27                                                                               | ew_add5                                                                              | 1 (L3 memory cuts: 1)         |
| ew_add5                                                                              | conv28                                                                               | 4 (L3 memory cuts: 1)         |
| ew_add5                                                                              | ew_add6                                                                              | 4 (L3 memory cuts: 1)         |
| conv28                                                                               | conv29                                                                               | 6[S] (L3 memory cuts: 1)      |
| conv29                                                                               | ew_add6                                                                              | 1 (L3 memory cuts: 1)         |
| ew_add6                                                                              | concat5                                                                              | 3 (L3 memory cuts: 1)         |
| conv25                                                                               | concat5                                                                              | 10 (L3 memory cuts: 1)        |
| concat5                                                                              | conv30                                                                               | 2[S] (L3 memory cuts: 1)      |
| conv30                                                                               | concat6                                                                              | 1[S] (L3 memory cuts: 1)      |
| concat6                                                                              | conv31                                                                               | 2[S] (L3 memory cuts: 1)      |
| conv31                                                                               | conv32                                                                               | 2[S] (L3 memory cuts: 1)      |
| conv32                                                                               | maxpool1                                                                             | 10 (L3 memory cuts: 1)        |
| conv32                                                                               | concat7                                                                              | 10 (L3 memory cuts: 1)        |
| maxpool1                                                                             | maxpool2                                                                             | 9 (L3 memory cuts: 1)         |
| maxpool1                                                                             | concat7                                                                              | 9 (L3 memory cuts: 1)         |
| maxpool2                                                                             | maxpool3                                                                             | 7 (L3 memory cuts: 1)         |
| maxpool2                                                                             | concat7                                                                              | 7 (L3 memory cuts: 1)         |
| maxpool3                                                                             | concat7                                                                              | 4 (L3 memory cuts: 1)         |
| concat7                                                                              | conv33                                                                               | 2[S] (L3 memory cuts: 1)      |
| conv33                                                                               | conv_feature_splitter5_1                                                             | 1[S] (L3 memory cuts: 1)      |
| conv33                                                                               | conv_feature_splitter5_2                                                             | 1[S] (L3 memory cuts: 1)      |
| conv_feature_splitter5_1                                                             | gate_rescue_repair_gate_rescue_repair_context_0_to_gate_rescue_repair_context_1_3094 | 1 (L3 memory cuts: 1)         |
| gate_rescue_repair_gate_rescue_repair_context_0_to_gate_rescue_repair_context_1_3094 | gate_rescue_repair_gate_rescue_repair_context_0_to_gate_rescue_repair_context_1_3095 | 1 (0.00[KB]) (DDR)            |
| gate_rescue_repair_gate_rescue_repair_context_0_to_gate_rescue_repair_context_1_3095 | concat8                                                                              | 3 (L3 memory cuts: 1)         |
| conv_feature_splitter5_2                                                             | conv_feature_splitter6_1                                                             | 1[RPC] (L3 memory cuts: 1)    |
| conv_feature_splitter5_2                                                             | conv_feature_splitter6_2                                                             | 1[RPC] (L3 memory cuts: 1)    |
| conv_feature_splitter5_2                                                             | conv_feature_splitter6_3                                                             | 2[RPC] (L3 memory cuts: 2)    |
| conv_feature_splitter5_2                                                             | gate_rescue_repair_gate_rescue_repair_context_0_to_gate_rescue_repair_context_1_3096 | 1[RPC] (L3 memory cuts: 1)    |
| conv_feature_splitter6_1                                                             | gate_rescue_repair_gate_rescue_repair_context_0_to_gate_rescue_repair_context_1_3098 | 1 (L3 memory cuts: 1)         |
| gate_rescue_repair_gate_rescue_repair_context_0_to_gate_rescue_repair_context_1_3098 | gate_rescue_repair_gate_rescue_repair_context_0_to_gate_rescue_repair_context_1_3099 | 1 (0.00[KB]) (DDR)            |
| gate_rescue_repair_gate_rescue_repair_context_0_to_gate_rescue_repair_context_1_3099 | matmul1                                                                              | 2 (L3 memory cuts: 1)         |
| conv_feature_splitter6_2                                                             | gate_rescue_repair_gate_rescue_repair_context_0_to_gate_rescue_repair_context_1_3100 | 1 (L3 memory cuts: 1)         |
| gate_rescue_repair_gate_rescue_repair_context_0_to_gate_rescue_repair_context_1_3100 | gate_rescue_repair_gate_rescue_repair_context_0_to_gate_rescue_repair_context_1_3101 | 1 (0.00[KB]) (DDR)            |
| gate_rescue_repair_gate_rescue_repair_context_0_to_gate_rescue_repair_context_1_3101 | matmul1                                                                              | 40 (L3 memory cuts: 2)        |
| matmul1                                                                              | reduce_max_softmax1                                                                  | 2[RPC] (L3 memory cuts: 2)    |
| matmul1                                                                              | ew_sub_softmax1                                                                      | 2[RPC] (L3 memory cuts: 2)    |
| reduce_max_softmax1                                                                  | ew_sub_softmax1                                                                      | 1 (L3 memory cuts: 1)         |
| ew_sub_softmax1                                                                      | reduce_sum_softmax1                                                                  | 1 (L3 memory cuts: 1)         |
| ew_sub_softmax1                                                                      | ew_mult_softmax1                                                                     | 1 (L3 memory cuts: 1)         |
| reduce_sum_softmax1                                                                  | ew_mult_softmax1                                                                     | 2 (L3 memory cuts: 1)         |
| ew_mult_softmax1                                                                     | matmul2                                                                              | 3 (L3 memory cuts: 2)         |
| conv_feature_splitter6_3                                                             | gate_rescue_repair_gate_rescue_repair_context_0_to_gate_rescue_repair_context_1_3102 | 1 (L3 memory cuts: 1)         |
| gate_rescue_repair_gate_rescue_repair_context_0_to_gate_rescue_repair_context_1_3102 | gate_rescue_repair_gate_rescue_repair_context_0_to_gate_rescue_repair_context_1_3103 | 1 (0.00[KB]) (DDR)            |
| gate_rescue_repair_gate_rescue_repair_context_0_to_gate_rescue_repair_context_1_3103 | activation1                                                                          | 2 (L3 memory cuts: 1)         |
| gate_rescue_repair_gate_rescue_repair_context_0_to_gate_rescue_repair_context_1_3103 | dw1_defuse_width_feature_reshape                                                     | 2 (L3 memory cuts: 1)         |
| activation1                                                                          | matmul2_reshape                                                                      | 1 (L3 memory cuts: 1)         |
| matmul2_reshape                                                                      | matmul2                                                                              | 40 (L3 memory cuts: 4)        |
| matmul2                                                                              | dw1_defuse_1x1                                                                       | 3 (L3 memory cuts: 1)         |
| dw1_defuse_width_feature_reshape                                                     | dw1_defuse_reshape_hxf_to_w_transposed                                               | 5 (L3 memory cuts: 1)         |
| dw1_defuse_reshape_hxf_to_w_transposed                                               | dw1_defuse_1x1                                                                       | 21 (L3 memory cuts: 18)       |
| dw1_defuse_1x1                                                                       | conv36                                                                               | 4 (L3 memory cuts: 1)         |
| gate_rescue_repair_gate_rescue_repair_context_0_to_gate_rescue_repair_context_1_3096 | gate_rescue_repair_gate_rescue_repair_context_0_to_gate_rescue_repair_context_1_3097 | 1 (0.00[KB]) (DDR)            |
| gate_rescue_repair_gate_rescue_repair_context_0_to_gate_rescue_repair_context_1_3097 | conv36                                                                               | 3 (L3 memory cuts: 1)         |
| conv36                                                                               | conv37                                                                               | 3[S] (L3 memory cuts: 1)      |
| conv36                                                                               | conv38                                                                               | 3[S] (L3 memory cuts: 1)      |
| conv37                                                                               | conv38                                                                               | 2[S] (L3 memory cuts: 1)      |
| conv38                                                                               | concat8                                                                              | 2 (L3 memory cuts: 1)         |
| concat8                                                                              | conv39                                                                               | 2[S] (L3 memory cuts: 1)      |
| conv39                                                                               | resize1                                                                              | 2 (L3 memory cuts: 1)         |
| conv39                                                                               | concat15                                                                             | 14 (L3 memory cuts: 3)        |
| resize1                                                                              | concat9                                                                              | 3 (L3 memory cuts: 1)         |
| gate_rescue_repair_gate_rescue_repair_context_0_to_gate_rescue_repair_context_1_3092 | gate_rescue_repair_gate_rescue_repair_context_0_to_gate_rescue_repair_context_1_3093 | 1 (0.00[KB]) (DDR)            |
| gate_rescue_repair_gate_rescue_repair_context_0_to_gate_rescue_repair_context_1_3093 | concat9                                                                              | 4 (L3 memory cuts: 1)         |
| concat9                                                                              | conv_feature_splitter7_1                                                             | 2[S] (L3 memory cuts: 1)      |
| concat9                                                                              | conv_feature_splitter7_2                                                             | 2[S] (L3 memory cuts: 1)      |
| conv_feature_splitter7_1                                                             | concat10                                                                             | 9[RPC] (L3 memory cuts: 9)    |
| conv_feature_splitter7_2                                                             | conv41                                                                               | 6[RPC] (L3 memory cuts: 6)    |
| conv_feature_splitter7_2                                                             | ew_add10                                                                             | 8[RPC] (L3 memory cuts: 8)    |
| conv_feature_splitter7_2                                                             | concat10                                                                             | 9[RPC] (L3 memory cuts: 9)    |
| conv41                                                                               | conv42                                                                               | 11[S] (L3 memory cuts: 1)     |
| conv42                                                                               | ew_add10                                                                             | 2[RPC] (L3 memory cuts: 2)    |
| ew_add10                                                                             | concat10                                                                             | 2 (L3 memory cuts: 1)         |
| concat10                                                                             | conv43                                                                               | 3[S] (L3 memory cuts: 1)      |
| conv43                                                                               | resize2                                                                              | 7[RPC] (L3 memory cuts: 7)    |
| conv43                                                                               | concat13                                                                             | 7[RPC] (L3 memory cuts: 7)    |
| resize2                                                                              | concat11                                                                             | 2[RPC] (L3 memory cuts: 2)    |
| gate_rescue_repair_gate_rescue_repair_context_0_to_gate_rescue_repair_context_1_3090 | gate_rescue_repair_gate_rescue_repair_context_0_to_gate_rescue_repair_context_1_3091 | 1 (0.00[KB]) (DDR)            |
| gate_rescue_repair_gate_rescue_repair_context_0_to_gate_rescue_repair_context_1_3091 | concat11                                                                             | 13 (L3 memory cuts: 5)        |
| concat11                                                                             | conv_feature_splitter8_1                                                             | 2[RPC] (L3 memory cuts: 2)    |
| concat11                                                                             | conv_feature_splitter8_2                                                             | 2[RPC] (L3 memory cuts: 2)    |
| conv_feature_splitter8_1                                                             | concat12                                                                             | 6 (L3 memory cuts: 1)         |
| conv_feature_splitter8_2                                                             | conv45                                                                               | 6[RPC] (L3 memory cuts: 6)    |
| conv_feature_splitter8_2                                                             | ew_add11                                                                             | 6[RPC] (L3 memory cuts: 6)    |
| conv_feature_splitter8_2                                                             | concat12                                                                             | 6[RPC] (L3 memory cuts: 6)    |
| conv45                                                                               | conv46                                                                               | 7[S] (L3 memory cuts: 1)      |
| conv46                                                                               | ew_add11                                                                             | 2 (L3 memory cuts: 1)         |
| ew_add11                                                                             | concat12                                                                             | 2 (L3 memory cuts: 1)         |
| concat12                                                                             | conv47                                                                               | 2[S] (L3 memory cuts: 1)      |
| conv47                                                                               | conv48                                                                               | 3 (L3 memory cuts: 1)         |
| conv47                                                                               | sh_from_conv47_to_conv49_d0-1_dw2_sd0-1_3114                                         | 3 (L3 memory cuts: 1)         |
| conv48                                                                               | concat13                                                                             | 2 (L3 memory cuts: 1)         |
| concat13                                                                             | conv_feature_splitter9_1                                                             | 2[S] (L3 memory cuts: 1)      |
| concat13                                                                             | conv_feature_splitter9_2                                                             | 2[S] (L3 memory cuts: 1)      |
| conv_feature_splitter9_1                                                             | concat14                                                                             | 7[RPC] (L3 memory cuts: 7)    |
| conv_feature_splitter9_2                                                             | conv56                                                                               | 3[RPC] (L3 memory cuts: 3)    |
| conv_feature_splitter9_2                                                             | ew_add12                                                                             | 6[RPC] (L3 memory cuts: 6)    |
| conv_feature_splitter9_2                                                             | concat14                                                                             | 7[RPC] (L3 memory cuts: 7)    |
| conv56                                                                               | conv57                                                                               | 11[S] (L3 memory cuts: 1)     |
| conv57                                                                               | ew_add12                                                                             | 2[RPC] (L3 memory cuts: 2)    |
| ew_add12                                                                             | concat14                                                                             | 2 (L3 memory cuts: 1)         |
| concat14                                                                             | conv58                                                                               | 3[S] (L3 memory cuts: 1)      |
| conv58                                                                               | conv59                                                                               | 3[RPC] (L3 memory cuts: 3)    |
| conv58                                                                               | conv60                                                                               | 3[RPC] (L3 memory cuts: 3)    |
| conv58                                                                               | dw4                                                                                  | 3[RPC] (L3 memory cuts: 3)    |
| conv59                                                                               | concat15                                                                             | 2 (L3 memory cuts: 1)         |
| concat15                                                                             | conv_feature_splitter10_1                                                            | 2[S] (L3 memory cuts: 1)      |
| concat15                                                                             | conv_feature_splitter10_2                                                            | 2[S] (L3 memory cuts: 1)      |
| conv_feature_splitter10_1                                                            | gate_rescue_repair_gate_rescue_repair_context_1_to_gate_rescue_repair_context_2_3105 | 1 (L3 memory cuts: 1)         |
| gate_rescue_repair_gate_rescue_repair_context_1_to_gate_rescue_repair_context_2_3105 | gate_rescue_repair_gate_rescue_repair_context_1_to_gate_rescue_repair_context_2_3106 | 1 (0.00[KB]) (DDR)            |
| gate_rescue_repair_gate_rescue_repair_context_1_to_gate_rescue_repair_context_2_3106 | concat17                                                                             | 3 (L3 memory cuts: 1)         |
| conv_feature_splitter10_2                                                            | conv67                                                                               | 1 (L3 memory cuts: 1)         |
| conv_feature_splitter10_2                                                            | conv68                                                                               | 1 (L3 memory cuts: 1)         |
| conv_feature_splitter10_2                                                            | gate_rescue_repair_gate_rescue_repair_context_1_to_gate_rescue_repair_context_2_3107 | 1 (L3 memory cuts: 1)         |
| conv67                                                                               | conv69                                                                               | 4 (L3 memory cuts: 1)         |
| conv67                                                                               | ew_add13                                                                             | 4 (L3 memory cuts: 1)         |
| conv69                                                                               | conv70                                                                               | 5[S] (L3 memory cuts: 1)      |
| conv70                                                                               | ew_add13                                                                             | 1 (L3 memory cuts: 1)         |
| ew_add13                                                                             | gate_rescue_repair_gate_rescue_repair_context_1_to_gate_rescue_repair_context_2_3111 | 1 (L3 memory cuts: 1)         |
| gate_rescue_repair_gate_rescue_repair_context_1_to_gate_rescue_repair_context_2_3111 | gate_rescue_repair_gate_rescue_repair_context_1_to_gate_rescue_repair_context_2_3112 | 1 (0.00[KB]) (DDR)            |
| gate_rescue_repair_gate_rescue_repair_context_1_to_gate_rescue_repair_context_2_3111 | gate_rescue_repair_gate_rescue_repair_context_1_to_gate_rescue_repair_context_2_3113 | 1 (0.00[KB]) (DDR)            |
| gate_rescue_repair_gate_rescue_repair_context_1_to_gate_rescue_repair_context_2_3112 | conv71                                                                               | 4 (L3 memory cuts: 1)         |
| conv71                                                                               | conv72                                                                               | 5[S] (L3 memory cuts: 1)      |
| conv72                                                                               | ew_add14                                                                             | 2 (L3 memory cuts: 1)         |
| gate_rescue_repair_gate_rescue_repair_context_1_to_gate_rescue_repair_context_2_3113 | ew_add14                                                                             | 2 (L3 memory cuts: 1)         |
| ew_add14                                                                             | concat16                                                                             | 2 (L3 memory cuts: 1)         |
| conv68                                                                               | gate_rescue_repair_gate_rescue_repair_context_1_to_gate_rescue_repair_context_2_3109 | 1 (L3 memory cuts: 1)         |
| gate_rescue_repair_gate_rescue_repair_context_1_to_gate_rescue_repair_context_2_3109 | gate_rescue_repair_gate_rescue_repair_context_1_to_gate_rescue_repair_context_2_3110 | 1 (0.00[KB]) (DDR)            |
| gate_rescue_repair_gate_rescue_repair_context_1_to_gate_rescue_repair_context_2_3110 | concat16                                                                             | 3 (L3 memory cuts: 1)         |
| concat16                                                                             | conv73                                                                               | 2[S] (L3 memory cuts: 1)      |
| conv73                                                                               | concat17                                                                             | 2[RPC] (L3 memory cuts: 2)    |
| gate_rescue_repair_gate_rescue_repair_context_1_to_gate_rescue_repair_context_2_3107 | gate_rescue_repair_gate_rescue_repair_context_1_to_gate_rescue_repair_context_2_3108 | 1 (0.00[KB]) (DDR)            |
| gate_rescue_repair_gate_rescue_repair_context_1_to_gate_rescue_repair_context_2_3108 | concat17                                                                             | 3 (L3 memory cuts: 1)         |
| concat17                                                                             | conv74                                                                               | 2[S] (L3 memory cuts: 1)      |
| conv74                                                                               | conv75_ws                                                                            | 1[RPC] (L3 memory cuts: 1)    |
| conv74                                                                               | dw6_fs                                                                               | 1[RPC] (L3 memory cuts: 1)    |
| conv75_ws                                                                            | conv75_sd0                                                                           | 1[RPC] (L3 memory cuts: 1)    |
| conv75_ws                                                                            | conv75_sd1                                                                           | 2[RPC] (L3 memory cuts: 2)    |
| conv75_sd0                                                                           | conv75_sdc                                                                           | 2 (L3 memory cuts: 1)         |
| conv75_sd1                                                                           | conv75_sdc                                                                           | 1[RPC] (L3 memory cuts: 1)    |
| conv75_sdc                                                                           | conv76                                                                               | 2[RPC] (L3 memory cuts: 2)    |
| conv76                                                                               | conv77                                                                               | 1[S] (L3 memory cuts: 1)      |
| conv77                                                                               | output_from_conv77_to_yolov8_nms_postprocess                                         | 1 (L3 memory cuts: 1)         |
| dw6_fs                                                                               | dw6_d0                                                                               | 1 (L3 memory cuts: 1)         |
| dw6_fs                                                                               | dw6_d1                                                                               | 1 (L3 memory cuts: 1)         |
| dw6_d0                                                                               | dw6_dc                                                                               | 2[RPC] (L3 memory cuts: 2)    |
| dw6_d1                                                                               | dw6_dc                                                                               | 2[RPC] (L3 memory cuts: 2)    |
| dw6_dc                                                                               | conv78                                                                               | 2[S] (L3 memory cuts: 1)      |
| conv78                                                                               | dw7                                                                                  | 4 (L3 memory cuts: 1)         |
| dw7                                                                                  | conv79                                                                               | 3 (L3 memory cuts: 1)         |
| conv79                                                                               | conv80                                                                               | 1[S] (L3 memory cuts: 1)      |
| conv80                                                                               | output_from_conv80_to_yolov8_nms_postprocess                                         | 1 (L3 memory cuts: 1)         |
| conv60                                                                               | conv61                                                                               | 10[S] (L3 memory cuts: 1)     |
| conv61                                                                               | conv62                                                                               | 4[S][RPC] (L3 memory cuts: 4) |
| conv62                                                                               | output_from_conv62_to_yolov8_nms_postprocess                                         | 1 (L3 memory cuts: 1)         |
| dw4                                                                                  | conv63                                                                               | 2 (L3 memory cuts: 1)         |
| conv63                                                                               | dw5                                                                                  | 4 (L3 memory cuts: 1)         |
| dw5                                                                                  | conv64                                                                               | 3 (L3 memory cuts: 1)         |
| conv64                                                                               | conv65                                                                               | 1[S] (L3 memory cuts: 1)      |
| conv65                                                                               | output_from_conv65_to_yolov8_nms_postprocess                                         | 1 (L3 memory cuts: 1)         |
| sh_from_conv47_to_conv49_d0-1_dw2_sd0-1_3114                                         | conv49_d0                                                                            | 2 (L3 memory cuts: 1)         |
| sh_from_conv47_to_conv49_d0-1_dw2_sd0-1_3114                                         | conv49_d1                                                                            | 2 (L3 memory cuts: 1)         |
| sh_from_conv47_to_conv49_d0-1_dw2_sd0-1_3114                                         | dw2_sd0                                                                              | 2 (L3 memory cuts: 1)         |
| sh_from_conv47_to_conv49_d0-1_dw2_sd0-1_3114                                         | dw2_sd1                                                                              | 2 (L3 memory cuts: 1)         |
| conv49_d0                                                                            | conv49_dc                                                                            | 4[S][RPC] (L3 memory cuts: 4) |
| conv49_d1                                                                            | conv49_dc                                                                            | 4[S][RPC] (L3 memory cuts: 4) |
| conv49_dc                                                                            | conv50_d0                                                                            | 9[S] (L3 memory cuts: 1)      |
| conv49_dc                                                                            | conv50_d1                                                                            | 9[S] (L3 memory cuts: 1)      |
| conv50_d0                                                                            | conv50_dc                                                                            | 4[S][RPC] (L3 memory cuts: 4) |
| conv50_d1                                                                            | conv50_dc                                                                            | 4[S][RPC] (L3 memory cuts: 4) |
| conv50_dc                                                                            | conv51                                                                               | 5[S] (L3 memory cuts: 1)      |
| conv51                                                                               | output_from_conv51_to_yolov8_nms_postprocess                                         | 2 (L3 memory cuts: 1)         |
| dw2_sd0                                                                              | dw2_sdc                                                                              | 2 (L3 memory cuts: 1)         |
| dw2_sd1                                                                              | dw2_sdc                                                                              | 2 (L3 memory cuts: 1)         |
| dw2_sdc                                                                              | conv52                                                                               | 2 (L3 memory cuts: 1)         |
| conv52                                                                               | dw3_sd0                                                                              | 2 (L3 memory cuts: 1)         |
| conv52                                                                               | dw3_sd1                                                                              | 2 (L3 memory cuts: 1)         |
| dw3_sd0                                                                              | dw3_sdc                                                                              | 2 (L3 memory cuts: 1)         |
| dw3_sd1                                                                              | dw3_sdc                                                                              | 2 (L3 memory cuts: 1)         |
| dw3_sdc                                                                              | conv53                                                                               | 2 (L3 memory cuts: 1)         |
| conv53                                                                               | conv54                                                                               | 3[S][RPC] (L3 memory cuts: 3) |
| conv54                                                                               | output_from_conv54_to_yolov8_nms_postprocess                                         | 1 (L3 memory cuts: 1)         |
+--------------------------------------------------------------------------------------+--------------------------------------------------------------------------------------+-------------------------------+
[2026-09-25 10:49:42.993] [default] [info] Adjust Edges After Dimaffer buffers:
+--------------------------------------------------------------------------------------+--------------------------------------------------------------------------------------+-------------------------------+
| Src                                                                                  | Dst                                                                                  | Buffers                       |
+--------------------------------------------------------------------------------------+--------------------------------------------------------------------------------------+-------------------------------+
| input_layer1                                                                         | normalization1_sd0                                                                   | 3 (L3 memory cuts: 1)         |
| input_layer1                                                                         | normalization1_sd1                                                                   | 3 (L3 memory cuts: 1)         |
| normalization1_sd0                                                                   | normalization1_sdc                                                                   | 2 (L3 memory cuts: 1)         |
| normalization1_sd1                                                                   | normalization1_sdc                                                                   | 2 (L3 memory cuts: 1)         |
| normalization1_sdc                                                                   | conv1_ws                                                                             | 1[RPC] (L3 memory cuts: 1)    |
| conv1_ws                                                                             | conv1_sd0                                                                            | 2 (L3 memory cuts: 1)         |
| conv1_ws                                                                             | conv1_sd1                                                                            | 2 (L3 memory cuts: 1)         |
| conv1_ws                                                                             | conv1_sd2                                                                            | 2 (L3 memory cuts: 1)         |
| conv1_ws                                                                             | conv1_sd3                                                                            | 2 (L3 memory cuts: 1)         |
| conv1_sd0                                                                            | conv1_sdc                                                                            | 2[RPC] (L3 memory cuts: 2)    |
| conv1_sd1                                                                            | conv1_sdc                                                                            | 2[RPC] (L3 memory cuts: 2)    |
| conv1_sd2                                                                            | conv1_sdc                                                                            | 2[RPC] (L3 memory cuts: 2)    |
| conv1_sd3                                                                            | conv1_sdc                                                                            | 2[RPC] (L3 memory cuts: 2)    |
| conv1_sdc                                                                            | conv2_ws                                                                             | 2[RPC] (L3 memory cuts: 2)    |
| conv2_ws                                                                             | conv2_sd0                                                                            | 3[RPC] (L3 memory cuts: 3)    |
| conv2_ws                                                                             | conv2_sd1                                                                            | 3[RPC] (L3 memory cuts: 3)    |
| conv2_ws                                                                             | conv2_sd2                                                                            | 2[RPC] (L3 memory cuts: 2)    |
| conv2_sd0                                                                            | conv2_sdc                                                                            | 1[RPC] (L3 memory cuts: 1)    |
| conv2_sd1                                                                            | conv2_sdc                                                                            | 1[RPC] (L3 memory cuts: 1)    |
| conv2_sd2                                                                            | conv2_sdc                                                                            | 2 (L3 memory cuts: 1)         |
| conv2_sdc                                                                            | conv_feature_splitter1_1                                                             | 1 (L3 memory cuts: 1)         |
| conv2_sdc                                                                            | conv_feature_splitter1_2                                                             | 1 (L3 memory cuts: 1)         |
| conv_feature_splitter1_1                                                             | concat1                                                                              | 7[RPC] (L3 memory cuts: 7)    |
| conv_feature_splitter1_2                                                             | conv4                                                                                | 4[RPC] (L3 memory cuts: 4)    |
| conv_feature_splitter1_2                                                             | ew_add1                                                                              | 6[RPC] (L3 memory cuts: 6)    |
| conv_feature_splitter1_2                                                             | concat1                                                                              | 7[RPC] (L3 memory cuts: 7)    |
| conv4                                                                                | conv5                                                                                | 11[S] (L3 memory cuts: 1)     |
| conv5                                                                                | ew_add1                                                                              | 2 (L3 memory cuts: 1)         |
| ew_add1                                                                              | concat1                                                                              | 3 (L3 memory cuts: 1)         |
| concat1                                                                              | conv6                                                                                | 3[S] (L3 memory cuts: 1)      |
| conv6                                                                                | conv7_ws                                                                             | 2[RPC] (L3 memory cuts: 2)    |
| conv7_ws                                                                             | conv7_sd0                                                                            | 2[RPC] (L3 memory cuts: 2)    |
| conv7_ws                                                                             | conv7_sd1                                                                            | 2[RPC] (L3 memory cuts: 2)    |
| conv7_ws                                                                             | conv7_sd2                                                                            | 2[RPC] (L3 memory cuts: 2)    |
| conv7_sd0                                                                            | conv7_sdc                                                                            | 1[RPC] (L3 memory cuts: 1)    |
| conv7_sd1                                                                            | conv7_sdc                                                                            | 1 (L3 memory cuts: 1)         |
| conv7_sd2                                                                            | conv7_sdc                                                                            | 1 (L3 memory cuts: 1)         |
| conv7_sdc                                                                            | conv_feature_splitter2_1                                                             | 1 (L3 memory cuts: 1)         |
| conv7_sdc                                                                            | conv_feature_splitter2_2                                                             | 1 (L3 memory cuts: 1)         |
| conv_feature_splitter2_1                                                             | concat2                                                                              | 5 (L3 memory cuts: 1)         |
| conv_feature_splitter2_2                                                             | conv9                                                                                | 5 (L3 memory cuts: 1)         |
| conv_feature_splitter2_2                                                             | ew_add2                                                                              | 5 (L3 memory cuts: 1)         |
| conv_feature_splitter2_2                                                             | concat2                                                                              | 5 (L3 memory cuts: 1)         |
| conv9                                                                                | conv10                                                                               | 9[S] (L3 memory cuts: 1)      |
| conv10                                                                               | ew_add2                                                                              | 2 (L3 memory cuts: 1)         |
| ew_add2                                                                              | concat2                                                                              | 2 (L3 memory cuts: 1)         |
| concat2                                                                              | conv11                                                                               | 5[S] (L3 memory cuts: 1)      |
| conv11                                                                               | conv12_ws                                                                            | 2[RPC] (L3 memory cuts: 2)    |
| conv11                                                                               | gate_rescue_repair_gate_rescue_repair_context_0_to_gate_rescue_repair_context_1_3090 | 2[RPC] (L3 memory cuts: 2)    |
| conv12_ws                                                                            | conv12_sd0                                                                           | 2 (L3 memory cuts: 1)         |
| conv12_ws                                                                            | conv12_sd1                                                                           | 1 (L3 memory cuts: 1)         |
| conv12_sd0                                                                           | conv12_sdc                                                                           | 1 (L3 memory cuts: 1)         |
| conv12_sd1                                                                           | conv12_sdc                                                                           | 1 (L3 memory cuts: 1)         |
| conv12_sdc                                                                           | conv_feature_splitter3_1                                                             | 2[RPC] (L3 memory cuts: 2)    |
| conv12_sdc                                                                           | conv_feature_splitter3_2                                                             | 2[RPC] (L3 memory cuts: 2)    |
| conv_feature_splitter3_1                                                             | concat4                                                                              | 39[S] (L3 memory cuts: 1)     |
| conv_feature_splitter3_2                                                             | conv14                                                                               | 39[S] (L3 memory cuts: 1)     |
| conv_feature_splitter3_2                                                             | conv15                                                                               | 39[S] (L3 memory cuts: 1)     |
| conv_feature_splitter3_2                                                             | concat4                                                                              | 39[S] (L3 memory cuts: 1)     |
| conv14                                                                               | conv16                                                                               | 5 (L3 memory cuts: 1)         |
| conv14                                                                               | ew_add3                                                                              | 5 (L3 memory cuts: 1)         |
| conv16                                                                               | conv17                                                                               | 5[S] (L3 memory cuts: 1)      |
| conv17                                                                               | ew_add3                                                                              | 1 (L3 memory cuts: 1)         |
| ew_add3                                                                              | conv18                                                                               | 4 (L3 memory cuts: 1)         |
| ew_add3                                                                              | ew_add4                                                                              | 4 (L3 memory cuts: 1)         |
| conv18                                                                               | conv19                                                                               | 5[S] (L3 memory cuts: 1)      |
| conv19                                                                               | ew_add4                                                                              | 1 (L3 memory cuts: 1)         |
| ew_add4                                                                              | concat3                                                                              | 3 (L3 memory cuts: 1)         |
| conv15                                                                               | concat3                                                                              | 9 (L3 memory cuts: 1)         |
| concat3                                                                              | conv20                                                                               | 2[S] (L3 memory cuts: 1)      |
| conv20                                                                               | concat4                                                                              | 1[S] (L3 memory cuts: 1)      |
| concat4                                                                              | conv21                                                                               | 1[S] (L3 memory cuts: 1)      |
| conv21                                                                               | conv22                                                                               | 2 (L3 memory cuts: 1)         |
| conv21                                                                               | gate_rescue_repair_gate_rescue_repair_context_0_to_gate_rescue_repair_context_1_3092 | 2 (L3 memory cuts: 1)         |
| conv22                                                                               | conv_feature_splitter4_1                                                             | 2 (L3 memory cuts: 1)         |
| conv22                                                                               | conv_feature_splitter4_2                                                             | 2 (L3 memory cuts: 1)         |
| conv_feature_splitter4_1                                                             | concat6                                                                              | 28[S] (L3 memory cuts: 1)     |
| conv_feature_splitter4_2                                                             | conv24                                                                               | 28[S] (L3 memory cuts: 1)     |
| conv_feature_splitter4_2                                                             | conv25                                                                               | 28[S] (L3 memory cuts: 1)     |
| conv_feature_splitter4_2                                                             | concat6                                                                              | 28[S] (L3 memory cuts: 1)     |
| conv24                                                                               | conv26                                                                               | 6 (L3 memory cuts: 1)         |
| conv24                                                                               | ew_add5                                                                              | 6 (L3 memory cuts: 1)         |
| conv26                                                                               | conv27                                                                               | 6[S] (L3 memory cuts: 1)      |
| conv27                                                                               | ew_add5                                                                              | 1 (L3 memory cuts: 1)         |
| ew_add5                                                                              | conv28                                                                               | 4 (L3 memory cuts: 1)         |
| ew_add5                                                                              | ew_add6                                                                              | 4 (L3 memory cuts: 1)         |
| conv28                                                                               | conv29                                                                               | 6[S] (L3 memory cuts: 1)      |
| conv29                                                                               | ew_add6                                                                              | 1 (L3 memory cuts: 1)         |
| ew_add6                                                                              | concat5                                                                              | 3 (L3 memory cuts: 1)         |
| conv25                                                                               | concat5                                                                              | 10 (L3 memory cuts: 1)        |
| concat5                                                                              | conv30                                                                               | 2[S] (L3 memory cuts: 1)      |
| conv30                                                                               | concat6                                                                              | 1[S] (L3 memory cuts: 1)      |
| concat6                                                                              | conv31                                                                               | 2[S] (L3 memory cuts: 1)      |
| conv31                                                                               | conv32                                                                               | 2[S] (L3 memory cuts: 1)      |
| conv32                                                                               | maxpool1                                                                             | 10 (L3 memory cuts: 1)        |
| conv32                                                                               | concat7                                                                              | 10 (L3 memory cuts: 1)        |
| maxpool1                                                                             | maxpool2                                                                             | 9 (L3 memory cuts: 1)         |
| maxpool1                                                                             | concat7                                                                              | 9 (L3 memory cuts: 1)         |
| maxpool2                                                                             | maxpool3                                                                             | 7 (L3 memory cuts: 1)         |
| maxpool2                                                                             | concat7                                                                              | 7 (L3 memory cuts: 1)         |
| maxpool3                                                                             | concat7                                                                              | 4 (L3 memory cuts: 1)         |
| concat7                                                                              | conv33                                                                               | 2[S] (L3 memory cuts: 1)      |
| conv33                                                                               | conv_feature_splitter5_1                                                             | 1[S] (L3 memory cuts: 1)      |
| conv33                                                                               | conv_feature_splitter5_2                                                             | 1[S] (L3 memory cuts: 1)      |
| conv_feature_splitter5_1                                                             | gate_rescue_repair_gate_rescue_repair_context_0_to_gate_rescue_repair_context_1_3094 | 1 (L3 memory cuts: 1)         |
| gate_rescue_repair_gate_rescue_repair_context_0_to_gate_rescue_repair_context_1_3094 | gate_rescue_repair_gate_rescue_repair_context_0_to_gate_rescue_repair_context_1_3095 | 1 (0.00[KB]) (DDR)            |
| gate_rescue_repair_gate_rescue_repair_context_0_to_gate_rescue_repair_context_1_3095 | concat8                                                                              | 3 (L3 memory cuts: 1)         |
| conv_feature_splitter5_2                                                             | conv_feature_splitter6_1                                                             | 1[RPC] (L3 memory cuts: 1)    |
| conv_feature_splitter5_2                                                             | conv_feature_splitter6_2                                                             | 1[RPC] (L3 memory cuts: 1)    |
| conv_feature_splitter5_2                                                             | conv_feature_splitter6_3                                                             | 2[RPC] (L3 memory cuts: 2)    |
| conv_feature_splitter5_2                                                             | gate_rescue_repair_gate_rescue_repair_context_0_to_gate_rescue_repair_context_1_3096 | 1[RPC] (L3 memory cuts: 1)    |
| conv_feature_splitter6_1                                                             | gate_rescue_repair_gate_rescue_repair_context_0_to_gate_rescue_repair_context_1_3098 | 1 (L3 memory cuts: 1)         |
| gate_rescue_repair_gate_rescue_repair_context_0_to_gate_rescue_repair_context_1_3098 | gate_rescue_repair_gate_rescue_repair_context_0_to_gate_rescue_repair_context_1_3099 | 1 (0.00[KB]) (DDR)            |
| gate_rescue_repair_gate_rescue_repair_context_0_to_gate_rescue_repair_context_1_3099 | matmul1                                                                              | 2 (L3 memory cuts: 1)         |
| conv_feature_splitter6_2                                                             | gate_rescue_repair_gate_rescue_repair_context_0_to_gate_rescue_repair_context_1_3100 | 1 (L3 memory cuts: 1)         |
| gate_rescue_repair_gate_rescue_repair_context_0_to_gate_rescue_repair_context_1_3100 | gate_rescue_repair_gate_rescue_repair_context_0_to_gate_rescue_repair_context_1_3101 | 1 (0.00[KB]) (DDR)            |
| gate_rescue_repair_gate_rescue_repair_context_0_to_gate_rescue_repair_context_1_3101 | matmul1                                                                              | 40 (L3 memory cuts: 2)        |
| matmul1                                                                              | reduce_max_softmax1                                                                  | 2[RPC] (L3 memory cuts: 2)    |
| matmul1                                                                              | ew_sub_softmax1                                                                      | 2[RPC] (L3 memory cuts: 2)    |
| reduce_max_softmax1                                                                  | ew_sub_softmax1                                                                      | 1 (L3 memory cuts: 1)         |
| ew_sub_softmax1                                                                      | reduce_sum_softmax1                                                                  | 1 (L3 memory cuts: 1)         |
| ew_sub_softmax1                                                                      | ew_mult_softmax1                                                                     | 1 (L3 memory cuts: 1)         |
| reduce_sum_softmax1                                                                  | ew_mult_softmax1                                                                     | 2 (L3 memory cuts: 1)         |
| ew_mult_softmax1                                                                     | matmul2                                                                              | 3 (L3 memory cuts: 2)         |
| conv_feature_splitter6_3                                                             | gate_rescue_repair_gate_rescue_repair_context_0_to_gate_rescue_repair_context_1_3102 | 1 (L3 memory cuts: 1)         |
| gate_rescue_repair_gate_rescue_repair_context_0_to_gate_rescue_repair_context_1_3102 | gate_rescue_repair_gate_rescue_repair_context_0_to_gate_rescue_repair_context_1_3103 | 1 (0.00[KB]) (DDR)            |
| gate_rescue_repair_gate_rescue_repair_context_0_to_gate_rescue_repair_context_1_3103 | activation1                                                                          | 2 (L3 memory cuts: 1)         |
| gate_rescue_repair_gate_rescue_repair_context_0_to_gate_rescue_repair_context_1_3103 | dw1_defuse_width_feature_reshape                                                     | 2 (L3 memory cuts: 1)         |
| activation1                                                                          | matmul2_reshape                                                                      | 1 (L3 memory cuts: 1)         |
| matmul2_reshape                                                                      | matmul2                                                                              | 40 (L3 memory cuts: 4)        |
| matmul2                                                                              | dw1_defuse_1x1                                                                       | 3 (L3 memory cuts: 1)         |
| dw1_defuse_width_feature_reshape                                                     | dw1_defuse_reshape_hxf_to_w_transposed                                               | 5 (L3 memory cuts: 1)         |
| dw1_defuse_reshape_hxf_to_w_transposed                                               | dw1_defuse_1x1                                                                       | 21 (L3 memory cuts: 18)       |
| dw1_defuse_1x1                                                                       | conv36                                                                               | 4 (L3 memory cuts: 1)         |
| gate_rescue_repair_gate_rescue_repair_context_0_to_gate_rescue_repair_context_1_3096 | gate_rescue_repair_gate_rescue_repair_context_0_to_gate_rescue_repair_context_1_3097 | 1 (0.00[KB]) (DDR)            |
| gate_rescue_repair_gate_rescue_repair_context_0_to_gate_rescue_repair_context_1_3097 | conv36                                                                               | 3 (L3 memory cuts: 1)         |
| conv36                                                                               | conv37                                                                               | 3[S] (L3 memory cuts: 1)      |
| conv36                                                                               | conv38                                                                               | 3[S] (L3 memory cuts: 1)      |
| conv37                                                                               | conv38                                                                               | 2[S] (L3 memory cuts: 1)      |
| conv38                                                                               | concat8                                                                              | 2 (L3 memory cuts: 1)         |
| concat8                                                                              | conv39                                                                               | 2[S] (L3 memory cuts: 1)      |
| conv39                                                                               | resize1                                                                              | 2 (L3 memory cuts: 1)         |
| conv39                                                                               | concat15                                                                             | 14 (L3 memory cuts: 3)        |
| resize1                                                                              | concat9                                                                              | 3 (L3 memory cuts: 1)         |
| gate_rescue_repair_gate_rescue_repair_context_0_to_gate_rescue_repair_context_1_3092 | gate_rescue_repair_gate_rescue_repair_context_0_to_gate_rescue_repair_context_1_3093 | 1 (0.00[KB]) (DDR)            |
| gate_rescue_repair_gate_rescue_repair_context_0_to_gate_rescue_repair_context_1_3093 | concat9                                                                              | 4 (L3 memory cuts: 1)         |
| concat9                                                                              | conv_feature_splitter7_1                                                             | 2[S] (L3 memory cuts: 1)      |
| concat9                                                                              | conv_feature_splitter7_2                                                             | 2[S] (L3 memory cuts: 1)      |
| conv_feature_splitter7_1                                                             | concat10                                                                             | 9[RPC] (L3 memory cuts: 9)    |
| conv_feature_splitter7_2                                                             | conv41                                                                               | 6[RPC] (L3 memory cuts: 6)    |
| conv_feature_splitter7_2                                                             | ew_add10                                                                             | 8[RPC] (L3 memory cuts: 8)    |
| conv_feature_splitter7_2                                                             | concat10                                                                             | 9[RPC] (L3 memory cuts: 9)    |
| conv41                                                                               | conv42                                                                               | 11[S] (L3 memory cuts: 1)     |
| conv42                                                                               | ew_add10                                                                             | 2[RPC] (L3 memory cuts: 2)    |
| ew_add10                                                                             | concat10                                                                             | 2 (L3 memory cuts: 1)         |
| concat10                                                                             | conv43                                                                               | 3[S] (L3 memory cuts: 1)      |
| conv43                                                                               | resize2                                                                              | 7[RPC] (L3 memory cuts: 7)    |
| conv43                                                                               | concat13                                                                             | 7[RPC] (L3 memory cuts: 7)    |
| resize2                                                                              | concat11                                                                             | 2[RPC] (L3 memory cuts: 2)    |
| gate_rescue_repair_gate_rescue_repair_context_0_to_gate_rescue_repair_context_1_3090 | gate_rescue_repair_gate_rescue_repair_context_0_to_gate_rescue_repair_context_1_3091 | 1 (0.00[KB]) (DDR)            |
| gate_rescue_repair_gate_rescue_repair_context_0_to_gate_rescue_repair_context_1_3091 | concat11                                                                             | 13 (L3 memory cuts: 5)        |
| concat11                                                                             | conv_feature_splitter8_1                                                             | 2[RPC] (L3 memory cuts: 2)    |
| concat11                                                                             | conv_feature_splitter8_2                                                             | 2[RPC] (L3 memory cuts: 2)    |
| conv_feature_splitter8_1                                                             | concat12                                                                             | 6 (L3 memory cuts: 1)         |
| conv_feature_splitter8_2                                                             | conv45                                                                               | 6[RPC] (L3 memory cuts: 6)    |
| conv_feature_splitter8_2                                                             | ew_add11                                                                             | 6[RPC] (L3 memory cuts: 6)    |
| conv_feature_splitter8_2                                                             | concat12                                                                             | 6[RPC] (L3 memory cuts: 6)    |
| conv45                                                                               | conv46                                                                               | 7[S] (L3 memory cuts: 1)      |
| conv46                                                                               | ew_add11                                                                             | 2 (L3 memory cuts: 1)         |
| ew_add11                                                                             | concat12                                                                             | 2 (L3 memory cuts: 1)         |
| concat12                                                                             | conv47                                                                               | 2[S] (L3 memory cuts: 1)      |
| conv47                                                                               | conv48                                                                               | 3 (L3 memory cuts: 1)         |
| conv47                                                                               | sh_from_conv47_to_conv49_d0-1_dw2_sd0-1_3114                                         | 3 (L3 memory cuts: 1)         |
| conv48                                                                               | concat13                                                                             | 2 (L3 memory cuts: 1)         |
| concat13                                                                             | conv_feature_splitter9_1                                                             | 2[S] (L3 memory cuts: 1)      |
| concat13                                                                             | conv_feature_splitter9_2                                                             | 2[S] (L3 memory cuts: 1)      |
| conv_feature_splitter9_1                                                             | concat14                                                                             | 7[RPC] (L3 memory cuts: 7)    |
| conv_feature_splitter9_2                                                             | conv56                                                                               | 3[RPC] (L3 memory cuts: 3)    |
| conv_feature_splitter9_2                                                             | ew_add12                                                                             | 6[RPC] (L3 memory cuts: 6)    |
| conv_feature_splitter9_2                                                             | concat14                                                                             | 7[RPC] (L3 memory cuts: 7)    |
| conv56                                                                               | conv57                                                                               | 11[S] (L3 memory cuts: 1)     |
| conv57                                                                               | ew_add12                                                                             | 2[RPC] (L3 memory cuts: 2)    |
| ew_add12                                                                             | concat14                                                                             | 2 (L3 memory cuts: 1)         |
| concat14                                                                             | conv58                                                                               | 3[S] (L3 memory cuts: 1)      |
| conv58                                                                               | conv59                                                                               | 3[RPC] (L3 memory cuts: 3)    |
| conv58                                                                               | conv60                                                                               | 3[RPC] (L3 memory cuts: 3)    |
| conv58                                                                               | dw4                                                                                  | 3[RPC] (L3 memory cuts: 3)    |
| conv59                                                                               | concat15                                                                             | 2 (L3 memory cuts: 1)         |
| concat15                                                                             | conv_feature_splitter10_1                                                            | 2[S] (L3 memory cuts: 1)      |
| concat15                                                                             | conv_feature_splitter10_2                                                            | 2[S] (L3 memory cuts: 1)      |
| conv_feature_splitter10_1                                                            | gate_rescue_repair_gate_rescue_repair_context_1_to_gate_rescue_repair_context_2_3105 | 1 (L3 memory cuts: 1)         |
| gate_rescue_repair_gate_rescue_repair_context_1_to_gate_rescue_repair_context_2_3105 | gate_rescue_repair_gate_rescue_repair_context_1_to_gate_rescue_repair_context_2_3106 | 1 (0.00[KB]) (DDR)            |
| gate_rescue_repair_gate_rescue_repair_context_1_to_gate_rescue_repair_context_2_3106 | concat17                                                                             | 3 (L3 memory cuts: 1)         |
| conv_feature_splitter10_2                                                            | conv67                                                                               | 1 (L3 memory cuts: 1)         |
| conv_feature_splitter10_2                                                            | conv68                                                                               | 1 (L3 memory cuts: 1)         |
| conv_feature_splitter10_2                                                            | gate_rescue_repair_gate_rescue_repair_context_1_to_gate_rescue_repair_context_2_3107 | 1 (L3 memory cuts: 1)         |
| conv67                                                                               | conv69                                                                               | 4 (L3 memory cuts: 1)         |
| conv67                                                                               | ew_add13                                                                             | 4 (L3 memory cuts: 1)         |
| conv69                                                                               | conv70                                                                               | 5[S] (L3 memory cuts: 1)      |
| conv70                                                                               | ew_add13                                                                             | 1 (L3 memory cuts: 1)         |
| ew_add13                                                                             | gate_rescue_repair_gate_rescue_repair_context_1_to_gate_rescue_repair_context_2_3111 | 1 (L3 memory cuts: 1)         |
| gate_rescue_repair_gate_rescue_repair_context_1_to_gate_rescue_repair_context_2_3111 | gate_rescue_repair_gate_rescue_repair_context_1_to_gate_rescue_repair_context_2_3112 | 1 (0.00[KB]) (DDR)            |
| gate_rescue_repair_gate_rescue_repair_context_1_to_gate_rescue_repair_context_2_3111 | gate_rescue_repair_gate_rescue_repair_context_1_to_gate_rescue_repair_context_2_3113 | 1 (0.00[KB]) (DDR)            |
| gate_rescue_repair_gate_rescue_repair_context_1_to_gate_rescue_repair_context_2_3112 | conv71                                                                               | 4 (L3 memory cuts: 1)         |
| conv71                                                                               | conv72                                                                               | 5[S] (L3 memory cuts: 1)      |
| conv72                                                                               | ew_add14                                                                             | 2 (L3 memory cuts: 1)         |
| gate_rescue_repair_gate_rescue_repair_context_1_to_gate_rescue_repair_context_2_3113 | ew_add14                                                                             | 2 (L3 memory cuts: 1)         |
| ew_add14                                                                             | concat16                                                                             | 2 (L3 memory cuts: 1)         |
| conv68                                                                               | gate_rescue_repair_gate_rescue_repair_context_1_to_gate_rescue_repair_context_2_3109 | 1 (L3 memory cuts: 1)         |
| gate_rescue_repair_gate_rescue_repair_context_1_to_gate_rescue_repair_context_2_3109 | gate_rescue_repair_gate_rescue_repair_context_1_to_gate_rescue_repair_context_2_3110 | 1 (0.00[KB]) (DDR)            |
| gate_rescue_repair_gate_rescue_repair_context_1_to_gate_rescue_repair_context_2_3110 | concat16                                                                             | 3 (L3 memory cuts: 1)         |
| concat16                                                                             | conv73                                                                               | 2[S] (L3 memory cuts: 1)      |
| conv73                                                                               | concat17                                                                             | 2[RPC] (L3 memory cuts: 2)    |
| gate_rescue_repair_gate_rescue_repair_context_1_to_gate_rescue_repair_context_2_3107 | gate_rescue_repair_gate_rescue_repair_context_1_to_gate_rescue_repair_context_2_3108 | 1 (0.00[KB]) (DDR)            |
| gate_rescue_repair_gate_rescue_repair_context_1_to_gate_rescue_repair_context_2_3108 | concat17                                                                             | 3 (L3 memory cuts: 1)         |
| concat17                                                                             | conv74                                                                               | 2[S] (L3 memory cuts: 1)      |
| conv74                                                                               | conv75_ws                                                                            | 1[RPC] (L3 memory cuts: 1)    |
| conv74                                                                               | dw6_fs                                                                               | 1[RPC] (L3 memory cuts: 1)    |
| conv75_ws                                                                            | conv75_sd0                                                                           | 1[RPC] (L3 memory cuts: 1)    |
| conv75_ws                                                                            | conv75_sd1                                                                           | 2[RPC] (L3 memory cuts: 2)    |
| conv75_sd0                                                                           | conv75_sdc                                                                           | 2 (L3 memory cuts: 1)         |
| conv75_sd1                                                                           | conv75_sdc                                                                           | 1[RPC] (L3 memory cuts: 1)    |
| conv75_sdc                                                                           | conv76                                                                               | 2[RPC] (L3 memory cuts: 2)    |
| conv76                                                                               | conv77                                                                               | 1[S] (L3 memory cuts: 1)      |
| conv77                                                                               | output_from_conv77_to_yolov8_nms_postprocess                                         | 1 (L3 memory cuts: 1)         |
| dw6_fs                                                                               | dw6_d0                                                                               | 1 (L3 memory cuts: 1)         |
| dw6_fs                                                                               | dw6_d1                                                                               | 1 (L3 memory cuts: 1)         |
| dw6_d0                                                                               | dw6_dc                                                                               | 2[RPC] (L3 memory cuts: 2)    |
| dw6_d1                                                                               | dw6_dc                                                                               | 2[RPC] (L3 memory cuts: 2)    |
| dw6_dc                                                                               | conv78                                                                               | 2[S] (L3 memory cuts: 1)      |
| conv78                                                                               | dw7                                                                                  | 4 (L3 memory cuts: 1)         |
| dw7                                                                                  | conv79                                                                               | 3 (L3 memory cuts: 1)         |
| conv79                                                                               | conv80                                                                               | 1[S] (L3 memory cuts: 1)      |
| conv80                                                                               | output_from_conv80_to_yolov8_nms_postprocess                                         | 1 (L3 memory cuts: 1)         |
| conv60                                                                               | conv61                                                                               | 10[S] (L3 memory cuts: 1)     |
| conv61                                                                               | conv62                                                                               | 4[S][RPC] (L3 memory cuts: 4) |
| conv62                                                                               | output_from_conv62_to_yolov8_nms_postprocess                                         | 1 (L3 memory cuts: 1)         |
| dw4                                                                                  | conv63                                                                               | 2 (L3 memory cuts: 1)         |
| conv63                                                                               | dw5                                                                                  | 4 (L3 memory cuts: 1)         |
| dw5                                                                                  | conv64                                                                               | 3 (L3 memory cuts: 1)         |
| conv64                                                                               | conv65                                                                               | 1[S] (L3 memory cuts: 1)      |
| conv65                                                                               | output_from_conv65_to_yolov8_nms_postprocess                                         | 1 (L3 memory cuts: 1)         |
| sh_from_conv47_to_conv49_d0-1_dw2_sd0-1_3114                                         | conv49_d0                                                                            | 2 (L3 memory cuts: 1)         |
| sh_from_conv47_to_conv49_d0-1_dw2_sd0-1_3114                                         | conv49_d1                                                                            | 2 (L3 memory cuts: 1)         |
| sh_from_conv47_to_conv49_d0-1_dw2_sd0-1_3114                                         | dw2_sd0                                                                              | 2 (L3 memory cuts: 1)         |
| sh_from_conv47_to_conv49_d0-1_dw2_sd0-1_3114                                         | dw2_sd1                                                                              | 2 (L3 memory cuts: 1)         |
| conv49_d0                                                                            | conv49_dc                                                                            | 4[S][RPC] (L3 memory cuts: 4) |
| conv49_d1                                                                            | conv49_dc                                                                            | 4[S][RPC] (L3 memory cuts: 4) |
| conv49_dc                                                                            | conv50_d0                                                                            | 9[S] (L3 memory cuts: 1)      |
| conv49_dc                                                                            | conv50_d1                                                                            | 9[S] (L3 memory cuts: 1)      |
| conv50_d0                                                                            | conv50_dc                                                                            | 4[S][RPC] (L3 memory cuts: 4) |
| conv50_d1                                                                            | conv50_dc                                                                            | 4[S][RPC] (L3 memory cuts: 4) |
| conv50_dc                                                                            | conv51                                                                               | 5[S] (L3 memory cuts: 1)      |
| conv51                                                                               | output_from_conv51_to_yolov8_nms_postprocess                                         | 2 (L3 memory cuts: 1)         |
| dw2_sd0                                                                              | dw2_sdc                                                                              | 2 (L3 memory cuts: 1)         |
| dw2_sd1                                                                              | dw2_sdc                                                                              | 2 (L3 memory cuts: 1)         |
| dw2_sdc                                                                              | conv52                                                                               | 2 (L3 memory cuts: 1)         |
| conv52                                                                               | dw3_sd0                                                                              | 2 (L3 memory cuts: 1)         |
| conv52                                                                               | dw3_sd1                                                                              | 2 (L3 memory cuts: 1)         |
| dw3_sd0                                                                              | dw3_sdc                                                                              | 2 (L3 memory cuts: 1)         |
| dw3_sd1                                                                              | dw3_sdc                                                                              | 2 (L3 memory cuts: 1)         |
| dw3_sdc                                                                              | conv53                                                                               | 2 (L3 memory cuts: 1)         |
| conv53                                                                               | conv54                                                                               | 3[S][RPC] (L3 memory cuts: 3) |
| conv54                                                                               | output_from_conv54_to_yolov8_nms_postprocess                                         | 1 (L3 memory cuts: 1)         |
+--------------------------------------------------------------------------------------+--------------------------------------------------------------------------------------+-------------------------------+
[2026-09-25 10:49:43.664] [default] [info] Pre-allocation Resources for gate_rescue_repair_context_0
+--------------------------------------------------------------------------------------+-------------+-----------------------+-----------------------+----------------------+----------------+-----+-----+------+
| Node                                                                                 | Subclusters | L3 Weight Memory Cuts | L3 Output Memory Cuts | L3 Input Memory Cuts | L4 Memory Cuts | IBs | OBs | APUs |
+--------------------------------------------------------------------------------------+-------------+-----------------------+-----------------------+----------------------+----------------+-----+-----+------+
| input_layer1                                                                         | 0           | 0                     | 0                     | 0                    | 0.500          | 0   | 0   | 0    |
| normalization1_sd0                                                                   | 1           | 1                     | 1                     | 0                    | 0.000          | 0   | 0   | 1    |
| normalization1_sd1                                                                   | 1           | 1                     | 1                     | 0                    | 0.000          | 0   | 0   | 1    |
| normalization1_sdc                                                                   | 1           | 0                     | 1                     | 2                    | 0.000          | 0   | 0   | 1    |
| conv1_ws                                                                             | 1           | 0                     | 4                     | 1                    | 0.000          | 0   | 0   | 1    |
| conv1_sd0                                                                            | 1           | 1                     | 2                     | 1                    | 0.000          | 0   | 0   | 1    |
| conv1_sd1                                                                            | 1           | 1                     | 2                     | 1                    | 0.000          | 0   | 0   | 1    |
| conv1_sd2                                                                            | 1           | 1                     | 2                     | 1                    | 0.000          | 0   | 0   | 1    |
| conv1_sd3                                                                            | 1           | 1                     | 2                     | 1                    | 0.000          | 0   | 0   | 1    |
| conv1_sdc                                                                            | 1           | 0                     | 2                     | 8                    | 0.000          | 0   | 0   | 1    |
| conv2_ws                                                                             | 1           | 0                     | 8                     | 2                    | 0.000          | 0   | 0   | 1    |
| conv2_sd0                                                                            | 4           | 4                     | 1                     | 3                    | 0.000          | 0   | 0   | 1    |
| conv2_sd1                                                                            | 4           | 4                     | 1                     | 3                    | 0.000          | 0   | 0   | 1    |
| conv2_sd2                                                                            | 4           | 4                     | 1                     | 2                    | 0.000          | 0   | 0   | 1    |
| conv2_sdc                                                                            | 1           | 0                     | 2                     | 3                    | 0.000          | 0   | 0   | 1    |
| conv_feature_splitter1_1                                                             | 1           | 1                     | 7                     | 1                    | 0.000          | 0   | 0   | 1    |
| conv_feature_splitter1_2                                                             | 1           | 1                     | 17                    | 1                    | 0.000          | 0   | 0   | 1    |
| conv4                                                                                | 2           | 1                     | 1                     | 4                    | 0.000          | 0   | 0   | 1    |
| conv5                                                                                | 2           | 2                     | 1                     | 1                    | 0.000          | 0   | 0   | 1    |
| ew_add1                                                                              | 1           | 1                     | 1                     | 7                    | 0.000          | 0   | 0   | 1    |
| concat1                                                                              | 1           | 0                     | 1                     | 15                   | 0.000          | 0   | 0   | 1    |
| conv6                                                                                | 4           | 4                     | 2                     | 1                    | 0.000          | 0   | 0   | 1    |
| conv7_ws                                                                             | 1           | 0                     | 6                     | 2                    | 0.000          | 0   | 0   | 1    |
| conv7_sd0                                                                            | 8           | 8                     | 1                     | 2                    | 0.000          | 0   | 0   | 1    |
| conv7_sd1                                                                            | 8           | 8                     | 1                     | 2                    | 0.000          | 0   | 0   | 1    |
| conv7_sd2                                                                            | 8           | 8                     | 1                     | 2                    | 0.000          | 0   | 0   | 1    |
| conv7_sdc                                                                            | 1           | 0                     | 2                     | 3                    | 0.000          | 0   | 0   | 1    |
| conv_feature_splitter2_1                                                             | 1           | 1                     | 1                     | 1                    | 0.000          | 0   | 0   | 1    |
| conv_feature_splitter2_2                                                             | 1           | 1                     | 3                     | 1                    | 0.000          | 0   | 0   | 1    |
| conv9                                                                                | 2           | 2                     | 1                     | 1                    | 0.000          | 0   | 0   | 1    |
| conv10                                                                               | 2           | 1                     | 1                     | 1                    | 0.000          | 0   | 0   | 1    |
| ew_add2                                                                              | 1           | 1                     | 1                     | 2                    | 0.000          | 0   | 0   | 1    |
| concat2                                                                              | 1           | 0                     | 1                     | 3                    | 0.000          | 0   | 0   | 1    |
| conv11                                                                               | 4           | 2                     | 4                     | 1                    | 0.000          | 0   | 0   | 1    |
| conv12_ws                                                                            | 1           | 0                     | 2                     | 2                    | 0.000          | 0   | 0   | 1    |
| conv12_sd0                                                                           | 8           | 8                     | 1                     | 1                    | 0.000          | 0   | 0   | 1    |
| conv12_sd1                                                                           | 8           | 8                     | 1                     | 1                    | 0.000          | 0   | 0   | 1    |
| conv12_sdc                                                                           | 1           | 0                     | 4                     | 2                    | 0.000          | 0   | 0   | 1    |
| conv_feature_splitter3_1                                                             | 1           | 1                     | 1                     | 2                    | 0.000          | 0   | 0   | 1    |
| conv_feature_splitter3_2                                                             | 1           | 1                     | 3                     | 2                    | 0.000          | 0   | 0   | 1    |
| conv14                                                                               | 1           | 1                     | 2                     | 1                    | 0.000          | 0   | 0   | 1    |
| conv16                                                                               | 1           | 1                     | 1                     | 1                    | 0.000          | 0   | 0   | 1    |
| conv17                                                                               | 1           | 1                     | 1                     | 1                    | 0.000          | 0   | 0   | 1    |
| ew_add3                                                                              | 1           | 1                     | 2                     | 2                    | 0.000          | 0   | 0   | 1    |
| conv18                                                                               | 1           | 1                     | 1                     | 1                    | 0.000          | 0   | 0   | 1    |
| conv19                                                                               | 1           | 1                     | 1                     | 1                    | 0.000          | 0   | 0   | 1    |
| ew_add4                                                                              | 1           | 1                     | 1                     | 2                    | 0.000          | 0   | 0   | 1    |
| conv15                                                                               | 1           | 1                     | 1                     | 1                    | 0.000          | 0   | 0   | 1    |
| concat3                                                                              | 1           | 0                     | 1                     | 2                    | 0.000          | 0   | 0   | 1    |
| conv20                                                                               | 1           | 1                     | 1                     | 1                    | 0.000          | 0   | 0   | 1    |
| concat4                                                                              | 1           | 0                     | 1                     | 3                    | 0.000          | 0   | 0   | 1    |
| conv21                                                                               | 2           | 2                     | 2                     | 1                    | 0.000          | 0   | 0   | 1    |
| conv22                                                                               | 8           | 16                    | 2                     | 1                    | 0.000          | 0   | 0   | 1    |
| conv_feature_splitter4_1                                                             | 1           | 1                     | 1                     | 1                    | 0.000          | 0   | 0   | 1    |
| conv_feature_splitter4_2                                                             | 1           | 1                     | 3                     | 1                    | 0.000          | 0   | 0   | 1    |
| conv24                                                                               | 1           | 1                     | 2                     | 1                    | 0.000          | 0   | 0   | 1    |
| conv26                                                                               | 1           | 2                     | 1                     | 1                    | 0.000          | 0   | 0   | 1    |
| conv27                                                                               | 1           | 2                     | 1                     | 1                    | 0.000          | 0   | 0   | 1    |
| ew_add5                                                                              | 1           | 1                     | 2                     | 2                    | 0.000          | 0   | 0   | 1    |
| conv28                                                                               | 1           | 2                     | 1                     | 1                    | 0.000          | 0   | 0   | 1    |
| conv29                                                                               | 1           | 2                     | 1                     | 1                    | 0.000          | 0   | 0   | 1    |
| ew_add6                                                                              | 1           | 1                     | 1                     | 2                    | 0.000          | 0   | 0   | 1    |
| conv25                                                                               | 1           | 1                     | 1                     | 1                    | 0.000          | 0   | 0   | 1    |
| concat5                                                                              | 1           | 0                     | 1                     | 2                    | 0.000          | 0   | 0   | 1    |
| conv30                                                                               | 1           | 1                     | 1                     | 1                    | 0.000          | 0   | 0   | 1    |
| concat6                                                                              | 1           | 0                     | 1                     | 3                    | 0.000          | 0   | 0   | 1    |
| conv31                                                                               | 2           | 4                     | 1                     | 1                    | 0.000          | 0   | 0   | 1    |
| conv32                                                                               | 1           | 1                     | 2                     | 1                    | 0.000          | 0   | 0   | 1    |
| maxpool1                                                                             | 1           | 0                     | 2                     | 1                    | 0.000          | 0   | 0   | 1    |
| maxpool2                                                                             | 1           | 0                     | 2                     | 1                    | 0.000          | 0   | 0   | 1    |
| maxpool3                                                                             | 1           | 0                     | 1                     | 1                    | 0.000          | 0   | 0   | 1    |
| concat7                                                                              | 1           | 0                     | 1                     | 4                    | 0.000          | 0   | 0   | 1    |
| conv33                                                                               | 4           | 4                     | 2                     | 1                    | 0.000          | 0   | 0   | 1    |
| conv_feature_splitter5_1                                                             | 1           | 1                     | 1                     | 1                    | 0.000          | 0   | 0   | 1    |
| gate_rescue_repair_gate_rescue_repair_context_0_to_gate_rescue_repair_context_1_3094 | 0           | 0                     | 0                     | 0                    | 0.500          | 0   | 0   | 0    |
| conv_feature_splitter5_2                                                             | 1           | 1                     | 5                     | 1                    | 0.000          | 0   | 0   | 1    |
| conv_feature_splitter6_1                                                             | 1           | 1                     | 1                     | 1                    | 0.000          | 0   | 0   | 1    |
| gate_rescue_repair_gate_rescue_repair_context_0_to_gate_rescue_repair_context_1_3098 | 0           | 0                     | 0                     | 0                    | 0.500          | 0   | 0   | 0    |
| conv_feature_splitter6_2                                                             | 1           | 1                     | 1                     | 1                    | 0.000          | 0   | 0   | 1    |
| gate_rescue_repair_gate_rescue_repair_context_0_to_gate_rescue_repair_context_1_3100 | 0           | 0                     | 0                     | 0                    | 0.500          | 0   | 0   | 0    |
| conv_feature_splitter6_3                                                             | 1           | 1                     | 1                     | 2                    | 0.000          | 0   | 0   | 1    |
| gate_rescue_repair_gate_rescue_repair_context_0_to_gate_rescue_repair_context_1_3102 | 0           | 0                     | 0                     | 0                    | 0.500          | 0   | 0   | 0    |
| gate_rescue_repair_gate_rescue_repair_context_0_to_gate_rescue_repair_context_1_3096 | 0           | 0                     | 0                     | 0                    | 0.500          | 0   | 0   | 0    |
| gate_rescue_repair_gate_rescue_repair_context_0_to_gate_rescue_repair_context_1_3092 | 0           | 0                     | 0                     | 0                    | 0.500          | 0   | 0   | 0    |
| gate_rescue_repair_gate_rescue_repair_context_0_to_gate_rescue_repair_context_1_3090 | 0           | 0                     | 0                     | 0                    | 0.500          | 0   | 0   | 0    |
+--------------------------------------------------------------------------------------+-------------+-----------------------+-----------------------+----------------------+----------------+-----+-----+------+
TOTAL:  LCUs: 77 (60.1562%), Subclusters: 143 (27.9297%), Weight memory cuts: 134 (13.0859%), L3 Output memory cuts: 149 (14.5508%), L3 Input memory cuts: 141 (13.7695%), L3 total cuts: 283 (27.6367%), L4 memory cuts: 0 (0%), IBs: 0 (0%), OBs: 0 (0%), APUs: 77 (48.125%)
[2026-09-25 10:49:43.678] [default] [info] Pre-allocation buffers for gate_rescue_repair_context_0 buffers:
+--------------------------+--------------------------------------------------------------------------------------+----------------------------+
| Src                      | Dst                                                                                  | Buffers                    |
+--------------------------+--------------------------------------------------------------------------------------+----------------------------+
| input_layer1             | normalization1_sd0                                                                   | 3 (L3 memory cuts: 1)      |
| input_layer1             | normalization1_sd1                                                                   | 3 (L3 memory cuts: 1)      |
| normalization1_sd0       | normalization1_sdc                                                                   | 2 (L3 memory cuts: 1)      |
| normalization1_sd1       | normalization1_sdc                                                                   | 2 (L3 memory cuts: 1)      |
| normalization1_sdc       | conv1_ws                                                                             | 1[RPC] (L3 memory cuts: 1) |
| conv1_ws                 | conv1_sd0                                                                            | 2 (L3 memory cuts: 1)      |
| conv1_ws                 | conv1_sd1                                                                            | 2 (L3 memory cuts: 1)      |
| conv1_ws                 | conv1_sd2                                                                            | 2 (L3 memory cuts: 1)      |
| conv1_ws                 | conv1_sd3                                                                            | 2 (L3 memory cuts: 1)      |
| conv1_sd0                | conv1_sdc                                                                            | 2[RPC] (L3 memory cuts: 2) |
| conv1_sd1                | conv1_sdc                                                                            | 2[RPC] (L3 memory cuts: 2) |
| conv1_sd2                | conv1_sdc                                                                            | 2[RPC] (L3 memory cuts: 2) |
| conv1_sd3                | conv1_sdc                                                                            | 2[RPC] (L3 memory cuts: 2) |
| conv1_sdc                | conv2_ws                                                                             | 2[RPC] (L3 memory cuts: 2) |
| conv2_ws                 | conv2_sd0                                                                            | 3[RPC] (L3 memory cuts: 3) |
| conv2_ws                 | conv2_sd1                                                                            | 3[RPC] (L3 memory cuts: 3) |
| conv2_ws                 | conv2_sd2                                                                            | 2[RPC] (L3 memory cuts: 2) |
| conv2_sd0                | conv2_sdc                                                                            | 1[RPC] (L3 memory cuts: 1) |
| conv2_sd1                | conv2_sdc                                                                            | 1[RPC] (L3 memory cuts: 1) |
| conv2_sd2                | conv2_sdc                                                                            | 2 (L3 memory cuts: 1)      |
| conv2_sdc                | conv_feature_splitter1_1                                                             | 1 (L3 memory cuts: 1)      |
| conv2_sdc                | conv_feature_splitter1_2                                                             | 1 (L3 memory cuts: 1)      |
| conv_feature_splitter1_1 | concat1                                                                              | 7[RPC] (L3 memory cuts: 7) |
| conv_feature_splitter1_2 | conv4                                                                                | 4[RPC] (L3 memory cuts: 4) |
| conv_feature_splitter1_2 | ew_add1                                                                              | 6[RPC] (L3 memory cuts: 6) |
| conv_feature_splitter1_2 | concat1                                                                              | 7[RPC] (L3 memory cuts: 7) |
| conv4                    | conv5                                                                                | 11[S] (L3 memory cuts: 1)  |
| conv5                    | ew_add1                                                                              | 2 (L3 memory cuts: 1)      |
| ew_add1                  | concat1                                                                              | 3 (L3 memory cuts: 1)      |
| concat1                  | conv6                                                                                | 3[S] (L3 memory cuts: 1)   |
| conv6                    | conv7_ws                                                                             | 2[RPC] (L3 memory cuts: 2) |
| conv7_ws                 | conv7_sd0                                                                            | 2[RPC] (L3 memory cuts: 2) |
| conv7_ws                 | conv7_sd1                                                                            | 2[RPC] (L3 memory cuts: 2) |
| conv7_ws                 | conv7_sd2                                                                            | 2[RPC] (L3 memory cuts: 2) |
| conv7_sd0                | conv7_sdc                                                                            | 1[RPC] (L3 memory cuts: 1) |
| conv7_sd1                | conv7_sdc                                                                            | 1 (L3 memory cuts: 1)      |
| conv7_sd2                | conv7_sdc                                                                            | 1 (L3 memory cuts: 1)      |
| conv7_sdc                | conv_feature_splitter2_1                                                             | 1 (L3 memory cuts: 1)      |
| conv7_sdc                | conv_feature_splitter2_2                                                             | 1 (L3 memory cuts: 1)      |
| conv_feature_splitter2_1 | concat2                                                                              | 5 (L3 memory cuts: 1)      |
| conv_feature_splitter2_2 | conv9                                                                                | 5 (L3 memory cuts: 1)      |
| conv_feature_splitter2_2 | ew_add2                                                                              | 5 (L3 memory cuts: 1)      |
| conv_feature_splitter2_2 | concat2                                                                              | 5 (L3 memory cuts: 1)      |
| conv9                    | conv10                                                                               | 9[S] (L3 memory cuts: 1)   |
| conv10                   | ew_add2                                                                              | 2 (L3 memory cuts: 1)      |
| ew_add2                  | concat2                                                                              | 2 (L3 memory cuts: 1)      |
| concat2                  | conv11                                                                               | 5[S] (L3 memory cuts: 1)   |
| conv11                   | conv12_ws                                                                            | 2[RPC] (L3 memory cuts: 2) |
| conv11                   | gate_rescue_repair_gate_rescue_repair_context_0_to_gate_rescue_repair_context_1_3090 | 2[RPC] (L3 memory cuts: 2) |
| conv12_ws                | conv12_sd0                                                                           | 2 (L3 memory cuts: 1)      |
| conv12_ws                | conv12_sd1                                                                           | 1 (L3 memory cuts: 1)      |
| conv12_sd0               | conv12_sdc                                                                           | 1 (L3 memory cuts: 1)      |
| conv12_sd1               | conv12_sdc                                                                           | 1 (L3 memory cuts: 1)      |
| conv12_sdc               | conv_feature_splitter3_1                                                             | 2[RPC] (L3 memory cuts: 2) |
| conv12_sdc               | conv_feature_splitter3_2                                                             | 2[RPC] (L3 memory cuts: 2) |
| conv_feature_splitter3_1 | concat4                                                                              | 39[S] (L3 memory cuts: 1)  |
| conv_feature_splitter3_2 | conv14                                                                               | 39[S] (L3 memory cuts: 1)  |
| conv_feature_splitter3_2 | conv15                                                                               | 39[S] (L3 memory cuts: 1)  |
| conv_feature_splitter3_2 | concat4                                                                              | 39[S] (L3 memory cuts: 1)  |
| conv14                   | conv16                                                                               | 5 (L3 memory cuts: 1)      |
| conv14                   | ew_add3                                                                              | 5 (L3 memory cuts: 1)      |
| conv16                   | conv17                                                                               | 5[S] (L3 memory cuts: 1)   |
| conv17                   | ew_add3                                                                              | 1 (L3 memory cuts: 1)      |
| ew_add3                  | conv18                                                                               | 4 (L3 memory cuts: 1)      |
| ew_add3                  | ew_add4                                                                              | 4 (L3 memory cuts: 1)      |
| conv18                   | conv19                                                                               | 5[S] (L3 memory cuts: 1)   |
| conv19                   | ew_add4                                                                              | 1 (L3 memory cuts: 1)      |
| ew_add4                  | concat3                                                                              | 3 (L3 memory cuts: 1)      |
| conv15                   | concat3                                                                              | 9 (L3 memory cuts: 1)      |
| concat3                  | conv20                                                                               | 2[S] (L3 memory cuts: 1)   |
| conv20                   | concat4                                                                              | 1[S] (L3 memory cuts: 1)   |
| concat4                  | conv21                                                                               | 1[S] (L3 memory cuts: 1)   |
| conv21                   | conv22                                                                               | 2 (L3 memory cuts: 1)      |
| conv21                   | gate_rescue_repair_gate_rescue_repair_context_0_to_gate_rescue_repair_context_1_3092 | 2 (L3 memory cuts: 1)      |
| conv22                   | conv_feature_splitter4_1                                                             | 2 (L3 memory cuts: 1)      |
| conv22                   | conv_feature_splitter4_2                                                             | 2 (L3 memory cuts: 1)      |
| conv_feature_splitter4_1 | concat6                                                                              | 28[S] (L3 memory cuts: 1)  |
| conv_feature_splitter4_2 | conv24                                                                               | 28[S] (L3 memory cuts: 1)  |
| conv_feature_splitter4_2 | conv25                                                                               | 28[S] (L3 memory cuts: 1)  |
| conv_feature_splitter4_2 | concat6                                                                              | 28[S] (L3 memory cuts: 1)  |
| conv24                   | conv26                                                                               | 6 (L3 memory cuts: 1)      |
| conv24                   | ew_add5                                                                              | 6 (L3 memory cuts: 1)      |
| conv26                   | conv27                                                                               | 6[S] (L3 memory cuts: 1)   |
| conv27                   | ew_add5                                                                              | 1 (L3 memory cuts: 1)      |
| ew_add5                  | conv28                                                                               | 4 (L3 memory cuts: 1)      |
| ew_add5                  | ew_add6                                                                              | 4 (L3 memory cuts: 1)      |
| conv28                   | conv29                                                                               | 6[S] (L3 memory cuts: 1)   |
| conv29                   | ew_add6                                                                              | 1 (L3 memory cuts: 1)      |
| ew_add6                  | concat5                                                                              | 3 (L3 memory cuts: 1)      |
| conv25                   | concat5                                                                              | 10 (L3 memory cuts: 1)     |
| concat5                  | conv30                                                                               | 2[S] (L3 memory cuts: 1)   |
| conv30                   | concat6                                                                              | 1[S] (L3 memory cuts: 1)   |
| concat6                  | conv31                                                                               | 2[S] (L3 memory cuts: 1)   |
| conv31                   | conv32                                                                               | 2[S] (L3 memory cuts: 1)   |
| conv32                   | maxpool1                                                                             | 10 (L3 memory cuts: 1)     |
| conv32                   | concat7                                                                              | 10 (L3 memory cuts: 1)     |
| maxpool1                 | maxpool2                                                                             | 9 (L3 memory cuts: 1)      |
| maxpool1                 | concat7                                                                              | 9 (L3 memory cuts: 1)      |
| maxpool2                 | maxpool3                                                                             | 7 (L3 memory cuts: 1)      |
| maxpool2                 | concat7                                                                              | 7 (L3 memory cuts: 1)      |
| maxpool3                 | concat7                                                                              | 4 (L3 memory cuts: 1)      |
| concat7                  | conv33                                                                               | 2[S] (L3 memory cuts: 1)   |
| conv33                   | conv_feature_splitter5_1                                                             | 1[S] (L3 memory cuts: 1)   |
| conv33                   | conv_feature_splitter5_2                                                             | 1[S] (L3 memory cuts: 1)   |
| conv_feature_splitter5_1 | gate_rescue_repair_gate_rescue_repair_context_0_to_gate_rescue_repair_context_1_3094 | 1 (L3 memory cuts: 1)      |
| conv_feature_splitter5_2 | conv_feature_splitter6_1                                                             | 1[RPC] (L3 memory cuts: 1) |
| conv_feature_splitter5_2 | conv_feature_splitter6_2                                                             | 1[RPC] (L3 memory cuts: 1) |
| conv_feature_splitter5_2 | conv_feature_splitter6_3                                                             | 2[RPC] (L3 memory cuts: 2) |
| conv_feature_splitter5_2 | gate_rescue_repair_gate_rescue_repair_context_0_to_gate_rescue_repair_context_1_3096 | 1[RPC] (L3 memory cuts: 1) |
| conv_feature_splitter6_1 | gate_rescue_repair_gate_rescue_repair_context_0_to_gate_rescue_repair_context_1_3098 | 1 (L3 memory cuts: 1)      |
| conv_feature_splitter6_2 | gate_rescue_repair_gate_rescue_repair_context_0_to_gate_rescue_repair_context_1_3100 | 1 (L3 memory cuts: 1)      |
| conv_feature_splitter6_3 | gate_rescue_repair_gate_rescue_repair_context_0_to_gate_rescue_repair_context_1_3102 | 1 (L3 memory cuts: 1)      |
+--------------------------+--------------------------------------------------------------------------------------+----------------------------+
[2026-09-25 10:49:43.899] [default] [info] Pre-allocation Resources for gate_rescue_repair_context_1
+--------------------------------------------------------------------------------------+-------------+-----------------------+-----------------------+----------------------+----------------+-----+-----+------+
| Node                                                                                 | Subclusters | L3 Weight Memory Cuts | L3 Output Memory Cuts | L3 Input Memory Cuts | L4 Memory Cuts | IBs | OBs | APUs |
+--------------------------------------------------------------------------------------+-------------+-----------------------+-----------------------+----------------------+----------------+-----+-----+------+
| gate_rescue_repair_gate_rescue_repair_context_0_to_gate_rescue_repair_context_1_3091 | 0           | 0                     | 0                     | 0                    | 0.500          | 0   | 0   | 0    |
| gate_rescue_repair_gate_rescue_repair_context_0_to_gate_rescue_repair_context_1_3093 | 0           | 0                     | 0                     | 0                    | 0.500          | 0   | 0   | 0    |
| gate_rescue_repair_gate_rescue_repair_context_0_to_gate_rescue_repair_context_1_3095 | 0           | 0                     | 0                     | 0                    | 0.500          | 0   | 0   | 0    |
| gate_rescue_repair_gate_rescue_repair_context_0_to_gate_rescue_repair_context_1_3097 | 0           | 0                     | 0                     | 0                    | 0.500          | 0   | 0   | 0    |
| gate_rescue_repair_gate_rescue_repair_context_0_to_gate_rescue_repair_context_1_3099 | 0           | 0                     | 0                     | 0                    | 0.500          | 0   | 0   | 0    |
| gate_rescue_repair_gate_rescue_repair_context_0_to_gate_rescue_repair_context_1_3101 | 0           | 0                     | 0                     | 0                    | 0.500          | 0   | 0   | 0    |
| matmul1                                                                              | 1           | 0                     | 4                     | 0                    | 0.000          | 0   | 0   | 1    |
| reduce_max_softmax1                                                                  | 1           | 0                     | 1                     | 2                    | 0.000          | 0   | 0   | 1    |
| ew_sub_softmax1                                                                      | 1           | 1                     | 2                     | 3                    | 0.000          | 0   | 0   | 1    |
| reduce_sum_softmax1                                                                  | 1           | 0                     | 1                     | 1                    | 0.000          | 0   | 0   | 1    |
| ew_mult_softmax1                                                                     | 1           | 0                     | 2                     | 2                    | 0.000          | 0   | 0   | 1    |
| gate_rescue_repair_gate_rescue_repair_context_0_to_gate_rescue_repair_context_1_3103 | 0           | 0                     | 0                     | 0                    | 0.500          | 0   | 0   | 0    |
| activation1                                                                          | 1           | 1                     | 1                     | 0                    | 0.000          | 0   | 0   | 1    |
| matmul2_reshape                                                                      | 1           | 0                     | 4                     | 1                    | 0.000          | 0   | 0   | 1    |
| matmul2                                                                              | 2           | 0                     | 1                     | 2                    | 0.000          | 0   | 0   | 1    |
| dw1_defuse_width_feature_reshape                                                     | 1           | 0                     | 1                     | 0                    | 0.000          | 0   | 0   | 1    |
| dw1_defuse_reshape_hxf_to_w_transposed                                               | 1           | 0                     | 18                    | 1                    | 0.000          | 0   | 0   | 1    |
| dw1_defuse_1x1                                                                       | 1           | 1                     | 1                     | 19                   | 0.000          | 0   | 0   | 1    |
| conv36                                                                               | 1           | 1                     | 2                     | 1                    | 0.000          | 0   | 0   | 1    |
| conv37                                                                               | 1           | 1                     | 1                     | 1                    | 0.000          | 0   | 0   | 1    |
| conv38                                                                               | 1           | 1                     | 1                     | 2                    | 0.000          | 0   | 0   | 1    |
| concat8                                                                              | 1           | 0                     | 1                     | 1                    | 0.000          | 0   | 0   | 1    |
| conv39                                                                               | 2           | 2                     | 4                     | 1                    | 0.000          | 0   | 0   | 1    |
| resize1                                                                              | 1           | 0                     | 1                     | 1                    | 0.000          | 0   | 0   | 1    |
| concat9                                                                              | 1           | 0                     | 2                     | 1                    | 0.000          | 0   | 0   | 1    |
| conv_feature_splitter7_1                                                             | 2           | 2                     | 9                     | 1                    | 0.000          | 0   | 0   | 1    |
| conv_feature_splitter7_2                                                             | 2           | 2                     | 23                    | 1                    | 0.000          | 0   | 0   | 1    |
| conv41                                                                               | 2           | 1                     | 1                     | 6                    | 0.000          | 0   | 0   | 1    |
| conv42                                                                               | 2           | 1                     | 2                     | 1                    | 0.000          | 0   | 0   | 1    |
| ew_add10                                                                             | 1           | 1                     | 1                     | 10                   | 0.000          | 0   | 0   | 1    |
| concat10                                                                             | 1           | 0                     | 1                     | 19                   | 0.000          | 0   | 0   | 1    |
| conv43                                                                               | 2           | 2                     | 14                    | 1                    | 0.000          | 0   | 0   | 1    |
| resize2                                                                              | 1           | 0                     | 2                     | 7                    | 0.000          | 0   | 0   | 1    |
| concat11                                                                             | 1           | 0                     | 4                     | 2                    | 0.000          | 0   | 0   | 1    |
| conv_feature_splitter8_1                                                             | 4           | 4                     | 1                     | 2                    | 0.000          | 0   | 0   | 1    |
| conv_feature_splitter8_2                                                             | 4           | 2                     | 18                    | 2                    | 0.000          | 0   | 0   | 1    |
| conv45                                                                               | 2           | 2                     | 1                     | 6                    | 0.000          | 0   | 0   | 1    |
| conv46                                                                               | 2           | 1                     | 1                     | 1                    | 0.000          | 0   | 0   | 1    |
| ew_add11                                                                             | 1           | 1                     | 1                     | 7                    | 0.000          | 0   | 0   | 1    |
| concat12                                                                             | 1           | 0                     | 1                     | 8                    | 0.000          | 0   | 0   | 1    |
| conv47                                                                               | 3           | 3                     | 2                     | 1                    | 0.000          | 0   | 0   | 1    |
| conv48                                                                               | 4           | 4                     | 1                     | 1                    | 0.000          | 0   | 0   | 1    |
| sh_from_conv47_to_conv49_d0-1_dw2_sd0-1_3114                                         | 1           | 0                     | 4                     | 1                    | 0.000          | 0   | 0   | 1    |
| conv49_d0                                                                            | 8           | 4                     | 4                     | 1                    | 0.000          | 0   | 0   | 1    |
| conv49_d1                                                                            | 8           | 4                     | 4                     | 1                    | 0.000          | 0   | 0   | 1    |
| conv49_dc                                                                            | 1           | 0                     | 2                     | 8                    | 0.000          | 0   | 0   | 1    |
| conv50_d0                                                                            | 8           | 4                     | 4                     | 1                    | 0.000          | 0   | 0   | 1    |
| conv50_d1                                                                            | 8           | 4                     | 4                     | 1                    | 0.000          | 0   | 0   | 1    |
| conv50_dc                                                                            | 1           | 0                     | 1                     | 8                    | 0.000          | 0   | 0   | 1    |
| conv51                                                                               | 2           | 1                     | 1                     | 1                    | 0.000          | 0   | 0   | 1    |
| output_from_conv51_to_yolov8_nms_postprocess                                         | 0           | 0                     | 0                     | 0                    | 0.500          | 0   | 0   | 0    |
| dw2_sd0                                                                              | 2           | 1                     | 1                     | 1                    | 0.000          | 0   | 0   | 1    |
| dw2_sd1                                                                              | 2           | 1                     | 1                     | 1                    | 0.000          | 0   | 0   | 1    |
| dw2_sdc                                                                              | 1           | 0                     | 1                     | 2                    | 0.000          | 0   | 0   | 1    |
| conv52                                                                               | 2           | 1                     | 2                     | 1                    | 0.000          | 0   | 0   | 1    |
| dw3_sd0                                                                              | 2           | 1                     | 1                     | 1                    | 0.000          | 0   | 0   | 1    |
| dw3_sd1                                                                              | 2           | 1                     | 1                     | 1                    | 0.000          | 0   | 0   | 1    |
| dw3_sdc                                                                              | 1           | 0                     | 1                     | 2                    | 0.000          | 0   | 0   | 1    |
| conv53                                                                               | 2           | 1                     | 3                     | 1                    | 0.000          | 0   | 0   | 1    |
| conv54                                                                               | 1           | 1                     | 1                     | 3                    | 0.000          | 0   | 0   | 1    |
| output_from_conv54_to_yolov8_nms_postprocess                                         | 0           | 0                     | 0                     | 0                    | 0.500          | 0   | 0   | 0    |
| concat13                                                                             | 1           | 0                     | 2                     | 8                    | 0.000          | 0   | 0   | 1    |
| conv_feature_splitter9_1                                                             | 1           | 1                     | 7                     | 1                    | 0.000          | 0   | 0   | 1    |
| conv_feature_splitter9_2                                                             | 1           | 1                     | 16                    | 1                    | 0.000          | 0   | 0   | 1    |
| conv56                                                                               | 2           | 1                     | 1                     | 3                    | 0.000          | 0   | 0   | 1    |
| conv57                                                                               | 2           | 1                     | 2                     | 1                    | 0.000          | 0   | 0   | 1    |
| ew_add12                                                                             | 1           | 1                     | 1                     | 8                    | 0.000          | 0   | 0   | 1    |
| concat14                                                                             | 1           | 0                     | 1                     | 15                   | 0.000          | 0   | 0   | 1    |
| conv58                                                                               | 2           | 2                     | 9                     | 1                    | 0.000          | 0   | 0   | 1    |
| conv59                                                                               | 6           | 6                     | 1                     | 3                    | 0.000          | 0   | 0   | 1    |
| conv60                                                                               | 8           | 4                     | 1                     | 3                    | 0.000          | 0   | 0   | 1    |
| conv61                                                                               | 4           | 2                     | 4                     | 1                    | 0.000          | 0   | 0   | 1    |
| conv62                                                                               | 1           | 1                     | 1                     | 4                    | 0.000          | 0   | 0   | 1    |
| output_from_conv62_to_yolov8_nms_postprocess                                         | 0           | 0                     | 0                     | 0                    | 0.500          | 0   | 0   | 0    |
| dw4                                                                                  | 2           | 1                     | 1                     | 3                    | 0.000          | 0   | 0   | 1    |
| conv63                                                                               | 1           | 1                     | 1                     | 1                    | 0.000          | 0   | 0   | 1    |
| dw5                                                                                  | 1           | 1                     | 1                     | 1                    | 0.000          | 0   | 0   | 1    |
| conv64                                                                               | 1           | 1                     | 1                     | 1                    | 0.000          | 0   | 0   | 1    |
| conv65                                                                               | 1           | 1                     | 1                     | 1                    | 0.000          | 0   | 0   | 1    |
| output_from_conv65_to_yolov8_nms_postprocess                                         | 0           | 0                     | 0                     | 0                    | 0.500          | 0   | 0   | 0    |
| concat15                                                                             | 1           | 0                     | 2                     | 4                    | 0.000          | 0   | 0   | 1    |
| conv_feature_splitter10_1                                                            | 2           | 2                     | 1                     | 1                    | 0.000          | 0   | 0   | 1    |
| gate_rescue_repair_gate_rescue_repair_context_1_to_gate_rescue_repair_context_2_3105 | 0           | 0                     | 0                     | 0                    | 0.500          | 0   | 0   | 0    |
| conv_feature_splitter10_2                                                            | 2           | 2                     | 3                     | 1                    | 0.000          | 0   | 0   | 1    |
| conv67                                                                               | 1           | 1                     | 2                     | 1                    | 0.000          | 0   | 0   | 1    |
| conv69                                                                               | 2           | 2                     | 1                     | 1                    | 0.000          | 0   | 0   | 1    |
| conv70                                                                               | 2           | 2                     | 1                     | 1                    | 0.000          | 0   | 0   | 1    |
| ew_add13                                                                             | 1           | 1                     | 1                     | 2                    | 0.000          | 0   | 0   | 1    |
| gate_rescue_repair_gate_rescue_repair_context_1_to_gate_rescue_repair_context_2_3111 | 0           | 0                     | 0                     | 0                    | 0.500          | 0   | 0   | 0    |
| conv68                                                                               | 1           | 1                     | 1                     | 1                    | 0.000          | 0   | 0   | 1    |
| gate_rescue_repair_gate_rescue_repair_context_1_to_gate_rescue_repair_context_2_3109 | 0           | 0                     | 0                     | 0                    | 0.500          | 0   | 0   | 0    |
| gate_rescue_repair_gate_rescue_repair_context_1_to_gate_rescue_repair_context_2_3107 | 0           | 0                     | 0                     | 0                    | 0.500          | 0   | 0   | 0    |
+--------------------------------------------------------------------------------------+-------------+-----------------------+-----------------------+----------------------+----------------+-----+-----+------+
TOTAL:  LCUs: 77 (60.1562%), Subclusters: 155 (30.2734%), Weight memory cuts: 94 (9.17969%), L3 Output memory cuts: 230 (22.4609%), L3 Input memory cuts: 218 (21.2891%), L3 total cuts: 324 (31.6406%), L4 memory cuts: 0 (0%), IBs: 0 (0%), OBs: 0 (0%), APUs: 77 (48.125%)
[2026-09-25 10:49:43.914] [default] [info] Pre-allocation buffers for gate_rescue_repair_context_1 buffers:
+--------------------------------------------------------------------------------------+--------------------------------------------------------------------------------------+-------------------------------+
| Src                                                                                  | Dst                                                                                  | Buffers                       |
+--------------------------------------------------------------------------------------+--------------------------------------------------------------------------------------+-------------------------------+
| gate_rescue_repair_gate_rescue_repair_context_0_to_gate_rescue_repair_context_1_3091 | concat11                                                                             | 13 (L3 memory cuts: 5)        |
| gate_rescue_repair_gate_rescue_repair_context_0_to_gate_rescue_repair_context_1_3093 | concat9                                                                              | 4 (L3 memory cuts: 1)         |
| gate_rescue_repair_gate_rescue_repair_context_0_to_gate_rescue_repair_context_1_3095 | concat8                                                                              | 3 (L3 memory cuts: 1)         |
| gate_rescue_repair_gate_rescue_repair_context_0_to_gate_rescue_repair_context_1_3097 | conv36                                                                               | 3 (L3 memory cuts: 1)         |
| gate_rescue_repair_gate_rescue_repair_context_0_to_gate_rescue_repair_context_1_3099 | matmul1                                                                              | 2 (L3 memory cuts: 1)         |
| gate_rescue_repair_gate_rescue_repair_context_0_to_gate_rescue_repair_context_1_3101 | matmul1                                                                              | 40 (L3 memory cuts: 2)        |
| matmul1                                                                              | reduce_max_softmax1                                                                  | 2[RPC] (L3 memory cuts: 2)    |
| matmul1                                                                              | ew_sub_softmax1                                                                      | 2[RPC] (L3 memory cuts: 2)    |
| reduce_max_softmax1                                                                  | ew_sub_softmax1                                                                      | 1 (L3 memory cuts: 1)         |
| ew_sub_softmax1                                                                      | reduce_sum_softmax1                                                                  | 1 (L3 memory cuts: 1)         |
| ew_sub_softmax1                                                                      | ew_mult_softmax1                                                                     | 1 (L3 memory cuts: 1)         |
| reduce_sum_softmax1                                                                  | ew_mult_softmax1                                                                     | 2 (L3 memory cuts: 1)         |
| ew_mult_softmax1                                                                     | matmul2                                                                              | 3 (L3 memory cuts: 2)         |
| gate_rescue_repair_gate_rescue_repair_context_0_to_gate_rescue_repair_context_1_3103 | activation1                                                                          | 2 (L3 memory cuts: 1)         |
| gate_rescue_repair_gate_rescue_repair_context_0_to_gate_rescue_repair_context_1_3103 | dw1_defuse_width_feature_reshape                                                     | 2 (L3 memory cuts: 1)         |
| activation1                                                                          | matmul2_reshape                                                                      | 1 (L3 memory cuts: 1)         |
| matmul2_reshape                                                                      | matmul2                                                                              | 40 (L3 memory cuts: 4)        |
| matmul2                                                                              | dw1_defuse_1x1                                                                       | 3 (L3 memory cuts: 1)         |
| dw1_defuse_width_feature_reshape                                                     | dw1_defuse_reshape_hxf_to_w_transposed                                               | 5 (L3 memory cuts: 1)         |
| dw1_defuse_reshape_hxf_to_w_transposed                                               | dw1_defuse_1x1                                                                       | 21 (L3 memory cuts: 18)       |
| dw1_defuse_1x1                                                                       | conv36                                                                               | 4 (L3 memory cuts: 1)         |
| conv36                                                                               | conv37                                                                               | 3[S] (L3 memory cuts: 1)      |
| conv36                                                                               | conv38                                                                               | 3[S] (L3 memory cuts: 1)      |
| conv37                                                                               | conv38                                                                               | 2[S] (L3 memory cuts: 1)      |
| conv38                                                                               | concat8                                                                              | 2 (L3 memory cuts: 1)         |
| concat8                                                                              | conv39                                                                               | 2[S] (L3 memory cuts: 1)      |
| conv39                                                                               | resize1                                                                              | 2 (L3 memory cuts: 1)         |
| conv39                                                                               | concat15                                                                             | 14 (L3 memory cuts: 3)        |
| resize1                                                                              | concat9                                                                              | 3 (L3 memory cuts: 1)         |
| concat9                                                                              | conv_feature_splitter7_1                                                             | 2[S] (L3 memory cuts: 1)      |
| concat9                                                                              | conv_feature_splitter7_2                                                             | 2[S] (L3 memory cuts: 1)      |
| conv_feature_splitter7_1                                                             | concat10                                                                             | 9[RPC] (L3 memory cuts: 9)    |
| conv_feature_splitter7_2                                                             | conv41                                                                               | 6[RPC] (L3 memory cuts: 6)    |
| conv_feature_splitter7_2                                                             | ew_add10                                                                             | 8[RPC] (L3 memory cuts: 8)    |
| conv_feature_splitter7_2                                                             | concat10                                                                             | 9[RPC] (L3 memory cuts: 9)    |
| conv41                                                                               | conv42                                                                               | 11[S] (L3 memory cuts: 1)     |
| conv42                                                                               | ew_add10                                                                             | 2[RPC] (L3 memory cuts: 2)    |
| ew_add10                                                                             | concat10                                                                             | 2 (L3 memory cuts: 1)         |
| concat10                                                                             | conv43                                                                               | 3[S] (L3 memory cuts: 1)      |
| conv43                                                                               | resize2                                                                              | 7[RPC] (L3 memory cuts: 7)    |
| conv43                                                                               | concat13                                                                             | 7[RPC] (L3 memory cuts: 7)    |
| resize2                                                                              | concat11                                                                             | 2[RPC] (L3 memory cuts: 2)    |
| concat11                                                                             | conv_feature_splitter8_1                                                             | 2[RPC] (L3 memory cuts: 2)    |
| concat11                                                                             | conv_feature_splitter8_2                                                             | 2[RPC] (L3 memory cuts: 2)    |
| conv_feature_splitter8_1                                                             | concat12                                                                             | 6 (L3 memory cuts: 1)         |
| conv_feature_splitter8_2                                                             | conv45                                                                               | 6[RPC] (L3 memory cuts: 6)    |
| conv_feature_splitter8_2                                                             | ew_add11                                                                             | 6[RPC] (L3 memory cuts: 6)    |
| conv_feature_splitter8_2                                                             | concat12                                                                             | 6[RPC] (L3 memory cuts: 6)    |
| conv45                                                                               | conv46                                                                               | 7[S] (L3 memory cuts: 1)      |
| conv46                                                                               | ew_add11                                                                             | 2 (L3 memory cuts: 1)         |
| ew_add11                                                                             | concat12                                                                             | 2 (L3 memory cuts: 1)         |
| concat12                                                                             | conv47                                                                               | 2[S] (L3 memory cuts: 1)      |
| conv47                                                                               | conv48                                                                               | 3 (L3 memory cuts: 1)         |
| conv47                                                                               | sh_from_conv47_to_conv49_d0-1_dw2_sd0-1_3114                                         | 3 (L3 memory cuts: 1)         |
| conv48                                                                               | concat13                                                                             | 2 (L3 memory cuts: 1)         |
| sh_from_conv47_to_conv49_d0-1_dw2_sd0-1_3114                                         | conv49_d0                                                                            | 2 (L3 memory cuts: 1)         |
| sh_from_conv47_to_conv49_d0-1_dw2_sd0-1_3114                                         | conv49_d1                                                                            | 2 (L3 memory cuts: 1)         |
| sh_from_conv47_to_conv49_d0-1_dw2_sd0-1_3114                                         | dw2_sd0                                                                              | 2 (L3 memory cuts: 1)         |
| sh_from_conv47_to_conv49_d0-1_dw2_sd0-1_3114                                         | dw2_sd1                                                                              | 2 (L3 memory cuts: 1)         |
| conv49_d0                                                                            | conv49_dc                                                                            | 4[S][RPC] (L3 memory cuts: 4) |
| conv49_d1                                                                            | conv49_dc                                                                            | 4[S][RPC] (L3 memory cuts: 4) |
| conv49_dc                                                                            | conv50_d0                                                                            | 9[S] (L3 memory cuts: 1)      |
| conv49_dc                                                                            | conv50_d1                                                                            | 9[S] (L3 memory cuts: 1)      |
| conv50_d0                                                                            | conv50_dc                                                                            | 4[S][RPC] (L3 memory cuts: 4) |
| conv50_d1                                                                            | conv50_dc                                                                            | 4[S][RPC] (L3 memory cuts: 4) |
| conv50_dc                                                                            | conv51                                                                               | 5[S] (L3 memory cuts: 1)      |
| conv51                                                                               | output_from_conv51_to_yolov8_nms_postprocess                                         | 2 (L3 memory cuts: 1)         |
| dw2_sd0                                                                              | dw2_sdc                                                                              | 2 (L3 memory cuts: 1)         |
| dw2_sd1                                                                              | dw2_sdc                                                                              | 2 (L3 memory cuts: 1)         |
| dw2_sdc                                                                              | conv52                                                                               | 2 (L3 memory cuts: 1)         |
| conv52                                                                               | dw3_sd0                                                                              | 2 (L3 memory cuts: 1)         |
| conv52                                                                               | dw3_sd1                                                                              | 2 (L3 memory cuts: 1)         |
| dw3_sd0                                                                              | dw3_sdc                                                                              | 2 (L3 memory cuts: 1)         |
| dw3_sd1                                                                              | dw3_sdc                                                                              | 2 (L3 memory cuts: 1)         |
| dw3_sdc                                                                              | conv53                                                                               | 2 (L3 memory cuts: 1)         |
| conv53                                                                               | conv54                                                                               | 3[S][RPC] (L3 memory cuts: 3) |
| conv54                                                                               | output_from_conv54_to_yolov8_nms_postprocess                                         | 1 (L3 memory cuts: 1)         |
| concat13                                                                             | conv_feature_splitter9_1                                                             | 2[S] (L3 memory cuts: 1)      |
| concat13                                                                             | conv_feature_splitter9_2                                                             | 2[S] (L3 memory cuts: 1)      |
| conv_feature_splitter9_1                                                             | concat14                                                                             | 7[RPC] (L3 memory cuts: 7)    |
| conv_feature_splitter9_2                                                             | conv56                                                                               | 3[RPC] (L3 memory cuts: 3)    |
| conv_feature_splitter9_2                                                             | ew_add12                                                                             | 6[RPC] (L3 memory cuts: 6)    |
| conv_feature_splitter9_2                                                             | concat14                                                                             | 7[RPC] (L3 memory cuts: 7)    |
| conv56                                                                               | conv57                                                                               | 11[S] (L3 memory cuts: 1)     |
| conv57                                                                               | ew_add12                                                                             | 2[RPC] (L3 memory cuts: 2)    |
| ew_add12                                                                             | concat14                                                                             | 2 (L3 memory cuts: 1)         |
| concat14                                                                             | conv58                                                                               | 3[S] (L3 memory cuts: 1)      |
| conv58                                                                               | conv59                                                                               | 3[RPC] (L3 memory cuts: 3)    |
| conv58                                                                               | conv60                                                                               | 3[RPC] (L3 memory cuts: 3)    |
| conv58                                                                               | dw4                                                                                  | 3[RPC] (L3 memory cuts: 3)    |
| conv59                                                                               | concat15                                                                             | 2 (L3 memory cuts: 1)         |
| conv60                                                                               | conv61                                                                               | 10[S] (L3 memory cuts: 1)     |
| conv61                                                                               | conv62                                                                               | 4[S][RPC] (L3 memory cuts: 4) |
| conv62                                                                               | output_from_conv62_to_yolov8_nms_postprocess                                         | 1 (L3 memory cuts: 1)         |
| dw4                                                                                  | conv63                                                                               | 2 (L3 memory cuts: 1)         |
| conv63                                                                               | dw5                                                                                  | 4 (L3 memory cuts: 1)         |
| dw5                                                                                  | conv64                                                                               | 3 (L3 memory cuts: 1)         |
| conv64                                                                               | conv65                                                                               | 1[S] (L3 memory cuts: 1)      |
| conv65                                                                               | output_from_conv65_to_yolov8_nms_postprocess                                         | 1 (L3 memory cuts: 1)         |
| concat15                                                                             | conv_feature_splitter10_1                                                            | 2[S] (L3 memory cuts: 1)      |
| concat15                                                                             | conv_feature_splitter10_2                                                            | 2[S] (L3 memory cuts: 1)      |
| conv_feature_splitter10_1                                                            | gate_rescue_repair_gate_rescue_repair_context_1_to_gate_rescue_repair_context_2_3105 | 1 (L3 memory cuts: 1)         |
| conv_feature_splitter10_2                                                            | conv67                                                                               | 1 (L3 memory cuts: 1)         |
| conv_feature_splitter10_2                                                            | conv68                                                                               | 1 (L3 memory cuts: 1)         |
| conv_feature_splitter10_2                                                            | gate_rescue_repair_gate_rescue_repair_context_1_to_gate_rescue_repair_context_2_3107 | 1 (L3 memory cuts: 1)         |
| conv67                                                                               | conv69                                                                               | 4 (L3 memory cuts: 1)         |
| conv67                                                                               | ew_add13                                                                             | 4 (L3 memory cuts: 1)         |
| conv69                                                                               | conv70                                                                               | 5[S] (L3 memory cuts: 1)      |
| conv70                                                                               | ew_add13                                                                             | 1 (L3 memory cuts: 1)         |
| ew_add13                                                                             | gate_rescue_repair_gate_rescue_repair_context_1_to_gate_rescue_repair_context_2_3111 | 1 (L3 memory cuts: 1)         |
| conv68                                                                               | gate_rescue_repair_gate_rescue_repair_context_1_to_gate_rescue_repair_context_2_3109 | 1 (L3 memory cuts: 1)         |
+--------------------------------------------------------------------------------------+--------------------------------------------------------------------------------------+-------------------------------+
[2026-09-25 10:49:43.977] [default] [info] Pre-allocation Resources for gate_rescue_repair_context_2
+--------------------------------------------------------------------------------------+-------------+-----------------------+-----------------------+----------------------+----------------+-----+-----+------+
| Node                                                                                 | Subclusters | L3 Weight Memory Cuts | L3 Output Memory Cuts | L3 Input Memory Cuts | L4 Memory Cuts | IBs | OBs | APUs |
+--------------------------------------------------------------------------------------+-------------+-----------------------+-----------------------+----------------------+----------------+-----+-----+------+
| gate_rescue_repair_gate_rescue_repair_context_1_to_gate_rescue_repair_context_2_3106 | 0           | 0                     | 0                     | 0                    | 0.500          | 0   | 0   | 0    |
| gate_rescue_repair_gate_rescue_repair_context_1_to_gate_rescue_repair_context_2_3108 | 0           | 0                     | 0                     | 0                    | 0.500          | 0   | 0   | 0    |
| gate_rescue_repair_gate_rescue_repair_context_1_to_gate_rescue_repair_context_2_3110 | 0           | 0                     | 0                     | 0                    | 0.500          | 0   | 0   | 0    |
| gate_rescue_repair_gate_rescue_repair_context_1_to_gate_rescue_repair_context_2_3112 | 0           | 0                     | 0                     | 0                    | 0.500          | 0   | 0   | 0    |
| conv71                                                                               | 3           | 3                     | 1                     | 0                    | 0.000          | 0   | 0   | 1    |
| conv72                                                                               | 3           | 3                     | 1                     | 1                    | 0.000          | 0   | 0   | 1    |
| gate_rescue_repair_gate_rescue_repair_context_1_to_gate_rescue_repair_context_2_3113 | 0           | 0                     | 0                     | 0                    | 0.500          | 0   | 0   | 0    |
| ew_add14                                                                             | 1           | 1                     | 1                     | 1                    | 0.000          | 0   | 0   | 1    |
| concat16                                                                             | 1           | 0                     | 1                     | 1                    | 0.000          | 0   | 0   | 1    |
| conv73                                                                               | 1           | 1                     | 2                     | 1                    | 0.000          | 0   | 0   | 1    |
| concat17                                                                             | 1           | 0                     | 1                     | 2                    | 0.000          | 0   | 0   | 1    |
| conv74                                                                               | 7           | 7                     | 2                     | 1                    | 0.000          | 0   | 0   | 1    |
| conv75_ws                                                                            | 1           | 0                     | 3                     | 1                    | 0.000          | 0   | 0   | 1    |
| conv75_sd0                                                                           | 8           | 8                     | 1                     | 1                    | 0.000          | 0   | 0   | 1    |
| conv75_sd1                                                                           | 8           | 8                     | 1                     | 2                    | 0.000          | 0   | 0   | 1    |
| conv75_sdc                                                                           | 1           | 0                     | 2                     | 2                    | 0.000          | 0   | 0   | 1    |
| conv76                                                                               | 3           | 3                     | 1                     | 2                    | 0.000          | 0   | 0   | 1    |
| conv77                                                                               | 1           | 1                     | 1                     | 1                    | 0.000          | 0   | 0   | 1    |
| output_from_conv77_to_yolov8_nms_postprocess                                         | 0           | 0                     | 0                     | 0                    | 0.500          | 0   | 0   | 0    |
| dw6_fs                                                                               | 1           | 0                     | 2                     | 1                    | 0.000          | 0   | 0   | 1    |
| dw6_d0                                                                               | 2           | 1                     | 2                     | 1                    | 0.000          | 0   | 0   | 1    |
| dw6_d1                                                                               | 2           | 1                     | 2                     | 1                    | 0.000          | 0   | 0   | 1    |
| dw6_dc                                                                               | 1           | 0                     | 1                     | 4                    | 0.000          | 0   | 0   | 1    |
| conv78                                                                               | 1           | 1                     | 1                     | 1                    | 0.000          | 0   | 0   | 1    |
| dw7                                                                                  | 1           | 1                     | 1                     | 1                    | 0.000          | 0   | 0   | 1    |
| conv79                                                                               | 1           | 1                     | 1                     | 1                    | 0.000          | 0   | 0   | 1    |
| conv80                                                                               | 1           | 1                     | 1                     | 1                    | 0.000          | 0   | 0   | 1    |
| output_from_conv80_to_yolov8_nms_postprocess                                         | 0           | 0                     | 0                     | 0                    | 0.500          | 0   | 0   | 0    |
+--------------------------------------------------------------------------------------+-------------+-----------------------+-----------------------+----------------------+----------------+-----+-----+------+
TOTAL:  LCUs: 21 (16.4062%), Subclusters: 49 (9.57031%), Weight memory cuts: 41 (4.00391%), L3 Output memory cuts: 29 (2.83203%), L3 Input memory cuts: 27 (2.63672%), L3 total cuts: 70 (6.83594%), L4 memory cuts: 0 (0%), IBs: 0 (0%), OBs: 0 (0%), APUs: 21 (13.125%)
[2026-09-25 10:49:43.981] [default] [info] Pre-allocation buffers for gate_rescue_repair_context_2 buffers:
+--------------------------------------------------------------------------------------+----------------------------------------------+----------------------------+
| Src                                                                                  | Dst                                          | Buffers                    |
+--------------------------------------------------------------------------------------+----------------------------------------------+----------------------------+
| gate_rescue_repair_gate_rescue_repair_context_1_to_gate_rescue_repair_context_2_3106 | concat17                                     | 3 (L3 memory cuts: 1)      |
| gate_rescue_repair_gate_rescue_repair_context_1_to_gate_rescue_repair_context_2_3108 | concat17                                     | 3 (L3 memory cuts: 1)      |
| gate_rescue_repair_gate_rescue_repair_context_1_to_gate_rescue_repair_context_2_3110 | concat16                                     | 3 (L3 memory cuts: 1)      |
| gate_rescue_repair_gate_rescue_repair_context_1_to_gate_rescue_repair_context_2_3112 | conv71                                       | 4 (L3 memory cuts: 1)      |
| conv71                                                                               | conv72                                       | 5[S] (L3 memory cuts: 1)   |
| conv72                                                                               | ew_add14                                     | 2 (L3 memory cuts: 1)      |
| gate_rescue_repair_gate_rescue_repair_context_1_to_gate_rescue_repair_context_2_3113 | ew_add14                                     | 2 (L3 memory cuts: 1)      |
| ew_add14                                                                             | concat16                                     | 2 (L3 memory cuts: 1)      |
| concat16                                                                             | conv73                                       | 2[S] (L3 memory cuts: 1)   |
| conv73                                                                               | concat17                                     | 2[RPC] (L3 memory cuts: 2) |
| concat17                                                                             | conv74                                       | 2[S] (L3 memory cuts: 1)   |
| conv74                                                                               | conv75_ws                                    | 1[RPC] (L3 memory cuts: 1) |
| conv74                                                                               | dw6_fs                                       | 1[RPC] (L3 memory cuts: 1) |
| conv75_ws                                                                            | conv75_sd0                                   | 1[RPC] (L3 memory cuts: 1) |
| conv75_ws                                                                            | conv75_sd1                                   | 2[RPC] (L3 memory cuts: 2) |
| conv75_sd0                                                                           | conv75_sdc                                   | 2 (L3 memory cuts: 1)      |
| conv75_sd1                                                                           | conv75_sdc                                   | 1[RPC] (L3 memory cuts: 1) |
| conv75_sdc                                                                           | conv76                                       | 2[RPC] (L3 memory cuts: 2) |
| conv76                                                                               | conv77                                       | 1[S] (L3 memory cuts: 1)   |
| conv77                                                                               | output_from_conv77_to_yolov8_nms_postprocess | 1 (L3 memory cuts: 1)      |
| dw6_fs                                                                               | dw6_d0                                       | 1 (L3 memory cuts: 1)      |
| dw6_fs                                                                               | dw6_d1                                       | 1 (L3 memory cuts: 1)      |
| dw6_d0                                                                               | dw6_dc                                       | 2[RPC] (L3 memory cuts: 2) |
| dw6_d1                                                                               | dw6_dc                                       | 2[RPC] (L3 memory cuts: 2) |
| dw6_dc                                                                               | conv78                                       | 2[S] (L3 memory cuts: 1)   |
| conv78                                                                               | dw7                                          | 4 (L3 memory cuts: 1)      |
| dw7                                                                                  | conv79                                       | 3 (L3 memory cuts: 1)      |
| conv79                                                                               | conv80                                       | 1[S] (L3 memory cuts: 1)   |
| conv80                                                                               | output_from_conv80_to_yolov8_nms_postprocess | 1 (L3 memory cuts: 1)      |
+--------------------------------------------------------------------------------------+----------------------------------------------+----------------------------+
[2026-09-25 10:49:43.981] [default] [info] gate_rescue_repair_context_0 - Bottleneck FPS: 975.372 (layer: conv7_sd0)
[2026-09-25 10:49:43.981] [default] [info] gate_rescue_repair_context_1 - Bottleneck FPS: 1223.86 (layer: conv50_d0)
[2026-09-25 10:49:43.981] [default] [info] gate_rescue_repair_context_2 - Bottleneck FPS: 2966.17 (layer: conv75_sd1)
[2026-09-25 10:49:44.583] [default] [info] Pre-Allocation Layers FPS: 
gate_rescue_repair_context_0: 
 
			 input_layer1: 1,302.08
			 normalization1_sd0: 1,509.53
			 normalization1_sd1: 1,509.53
			 normalization1_sdc: 2,264.25
			 conv1_ws: 2,280.67
			 conv1_sd0: 1,025.55
			 conv1_sd1: 1,032.33
			 conv1_sd2: 1,032.33
			 conv1_sd3: 1,032.33
			 conv1_sdc: 1,570.19
			 conv2_ws: 1,800.95
			 conv2_sd0: 1,016.26
			 conv2_sd1: 1,030.5
			 conv2_sd2: 1,200.59
			 conv2_sdc: 2,916.62
			 conv_feature_splitter1_1: 1,552.67
			 conv_feature_splitter1_2: 1,520.54
			 conv4: 1,143.01
			 conv5: 1,183.76
			 ew_add1: 2,548.11
			 concat1: 2,004.5
			 conv6: 1,080.32
			 conv7_ws: 1,748.06
			 conv7_sd0: 975.372
			 conv7_sd1: 1,332.53
			 conv7_sd2: 1,332.53
			 conv7_sdc: 4,765.02
			 conv_feature_splitter2_1: 1,750.54
			 conv_feature_splitter2_2: 1,750.54
			 conv9: 1,491.96
			 conv10: 1,418.14
			 ew_add2: 5,074.92
			 concat2: 4,515.13
			 conv11: 1,029.6
			 conv12_ws: 3,503.15
			 conv12_sd0: 1,070.84
			 conv12_sd1: 1,650.03
			 conv12_sdc: 8,499.97
			 conv_feature_splitter3_1: 1,800.33
			 conv_feature_splitter3_2: 1,800.33
			 conv14: 6,884.56
			 conv16: 1,520.43
			 conv17: 1,522.26
			 ew_add3: 19,783.4
			 conv18: 1,520.43
			 conv19: 1,522.26
			 ew_add4: 19,783.4
			 conv15: 6,884.56
			 concat3: 25,209.6
			 conv20: 3,337.2
			 concat4: 9,464.1
			 conv21: 1,242.46
			 conv22: 1,267.37
			 conv_feature_splitter4_1: 1,562.13
			 conv_feature_splitter4_2: 1,562.13
			 conv24: 6,088.19
			 conv26: 1,151.08
			 conv27: 1,152.38
			 ew_add5: 32,789.6
			 conv28: 1,151.08
			 conv29: 1,152.38
			 ew_add6: 32,789.6
			 conv25: 6,088.19
			 concat5: 46,152.1
			 conv30: 3,003.43
			 concat6: 16,511.9
			 conv31: 1,034.6
			 conv32: 1,583.15
			 maxpool1: 1,288.5
			 maxpool2: 1,288.5
			 maxpool3: 1,288.5
			 concat7: 12,596.4
			 conv33: 1,523.57
			 conv_feature_splitter5_1: 1,583.15
			 gate_rescue_repair_gate_rescue_repair_context_0_to_gate_rescue_repair_context_1_3094: 26,040
			 conv_feature_splitter5_2: 1,559.05
			 conv_feature_splitter6_1: 6,086.33
			 gate_rescue_repair_gate_rescue_repair_context_0_to_gate_rescue_repair_context_1_3098: 52,076.6
			 conv_feature_splitter6_2: 5,415.58
			 gate_rescue_repair_gate_rescue_repair_context_0_to_gate_rescue_repair_context_1_3100: 50,498.7
			 conv_feature_splitter6_3: 3,081.64
			 gate_rescue_repair_gate_rescue_repair_context_0_to_gate_rescue_repair_context_1_3102: 26,040
			 gate_rescue_repair_gate_rescue_repair_context_0_to_gate_rescue_repair_context_1_3096: 26,040
			 gate_rescue_repair_gate_rescue_repair_context_0_to_gate_rescue_repair_context_1_3092: 7,812.35
			 gate_rescue_repair_gate_rescue_repair_context_0_to_gate_rescue_repair_context_1_3090: 1,953.12
gate_rescue_repair_context_1: 
 
			 gate_rescue_repair_gate_rescue_repair_context_0_to_gate_rescue_repair_context_1_3091: 1,953.12
			 gate_rescue_repair_gate_rescue_repair_context_0_to_gate_rescue_repair_context_1_3093: 7,812.35
			 gate_rescue_repair_gate_rescue_repair_context_0_to_gate_rescue_repair_context_1_3095: 26,040
			 gate_rescue_repair_gate_rescue_repair_context_0_to_gate_rescue_repair_context_1_3097: 26,040
			 gate_rescue_repair_gate_rescue_repair_context_0_to_gate_rescue_repair_context_1_3099: 52,076.6
			 gate_rescue_repair_gate_rescue_repair_context_0_to_gate_rescue_repair_context_1_3101: 50,498.7
			 matmul1: 1,383.78
			 reduce_max_softmax1: 8,196.89
			 ew_sub_softmax1: 3,560.02
			 reduce_sum_softmax1: 8,237.4
			 ew_mult_softmax1: 4,150.28
			 gate_rescue_repair_gate_rescue_repair_context_0_to_gate_rescue_repair_context_1_3103: 26,040
			 activation1: 18,131.5
			 matmul2_reshape: 25,479.3
			 dw1_defuse_width_feature_reshape: 23,319.5
			 dw1_defuse_reshape_hxf_to_w_transposed: 2,877.49
 
			 matmul2: 2,043.08
			 dw1_defuse_1x1: 3,463.11
			 conv36: 2,839.68
			 conv37: 1,502.96
			 conv38: 1,411.53
			 concat8: 24,469.3
			 conv39: 1,559.33
			 resize1: 2,595.73
			 concat9: 4,970.98
			 conv_feature_splitter7_1: 1,268.31
			 conv_feature_splitter7_2: 1,247.72
			 conv41: 1,299.47
			 conv42: 1,263.84
			 ew_add10: 10,065.7
			 concat10: 9,636
			 conv43: 1,242.46
			 resize2: 1,496.9
			 concat11: 1,939.31
			 conv_feature_splitter8_1: 1,847.57
			 conv_feature_splitter8_2: 1,250.54
			 conv45: 1,491.96
			 conv46: 1,418.14
			 ew_add11: 5,074.92
			 concat12: 4,515.13
			 conv47: 1,576.16
			 conv48: 1,282.98
			 sh_from_conv47_to_conv49_d0-1_dw2_sd0-1_3114: 7,607.6
			 conv49_d0: 1,237.21
			 conv49_d1: 1,237.21
			 conv49_dc: 6,248.15
			 conv50_d0: 1,223.86
			 conv50_d1: 1,223.86
			 conv50_dc: 6,248.15
			 conv51: 1,520.56
			 output_from_conv51_to_yolov8_nms_postprocess: 3,906.21
			 dw2_sd0: 1,382.21
			 dw2_sd1: 1,377.34
			 dw2_sdc: 5,433.38
			 conv52: 1,537.39
			 dw3_sd0: 1,382.21
			 dw3_sd1: 1,377.34
			 dw3_sdc: 5,433.38
			 conv53: 1,372.02
			 conv54: 6,508.19
			 output_from_conv54_to_yolov8_nms_postprocess: 83,316
			 concat13: 9,508.64
			 conv_feature_splitter9_1: 1,252.42
			 conv_feature_splitter9_2: 1,232.34
			 conv56: 1,299.47
			 conv57: 1,263.84
			 ew_add12: 10,065.7
			 concat14: 9,636
			 conv58: 1,242.46
			 conv59: 1,636.61
			 conv60: 1,287.12
			 conv61: 1,264.29
			 conv62: 3,490.98
			 output_from_conv62_to_yolov8_nms_postprocess: 15,624.4
			 dw4: 1,362.96
			 conv63: 1,843.82
			 dw5: 1,512.81
			 conv64: 3,339.43
			 conv65: 25,411.3
			 output_from_conv65_to_yolov8_nms_postprocess: 333,056
			 concat15: 16,524.1
			 conv_feature_splitter10_1: 2,106.8
			 gate_rescue_repair_gate_rescue_repair_context_1_to_gate_rescue_repair_context_2_3105: 26,040
			 conv_feature_splitter10_2: 2,106.8
			 conv67: 6,086.33
			 conv69: 2,275.43
			 conv70: 2,294.54
			 ew_add13: 32,789.6
			 gate_rescue_repair_gate_rescue_repair_context_1_to_gate_rescue_repair_context_2_3111: 52,076.6
			 conv68: 6,086.33
			 gate_rescue_repair_gate_rescue_repair_context_1_to_gate_rescue_repair_context_2_3109: 52,076.6
			 gate_rescue_repair_gate_rescue_repair_context_1_to_gate_rescue_repair_context_2_3107: 26,040
gate_rescue_repair_context_2: 
 
			 gate_rescue_repair_gate_rescue_repair_context_1_to_gate_rescue_repair_context_2_3106: 26,040
			 gate_rescue_repair_gate_rescue_repair_context_1_to_gate_rescue_repair_context_2_3108: 26,040
			 gate_rescue_repair_gate_rescue_repair_context_1_to_gate_rescue_repair_context_2_3110: 52,076.6
			 gate_rescue_repair_gate_rescue_repair_context_1_to_gate_rescue_repair_context_2_3112: 52,076.6
			 conv71: 3,095.52
			 conv72: 3,132.42
			 gate_rescue_repair_gate_rescue_repair_context_1_to_gate_rescue_repair_context_2_3113: 52,076.6
			 ew_add14: 32,789.6
			 concat16: 46,152.1
			 conv73: 3,082.12
			 concat17: 16,631.3
			 conv74: 3,255.18
			 conv75_ws: 15,382.8
			 conv75_sd0: 7,557.44
			 conv75_sd1: 2,966.17
			 conv75_sdc: 42,287.8
			 conv76: 3,095.52
			 conv77: 11,434.8
			 output_from_conv77_to_yolov8_nms_postprocess: 52,076.6
			 dw6_fs: 25,414.6
			 dw6_d0: 3,381.95
			 dw6_d1: 3,381.95
			 dw6_dc: 24,469.3
			 conv78: 3,146.11
			 dw7: 4,033.84
			 conv79: 11,117
			 conv80: 81,950.4
			 output_from_conv80_to_yolov8_nms_postprocess: 1.10803e+06
[2026-09-25 10:49:44.591] [default] [info] Partition passed at control_util 0.6.
[2026-09-25 10:49:46.736] [default] [info] Microcode violation: DUAL_BUFFER_FLIP_OUT in the next 1 cycles after APU_WRITE_TO_MEM
 in layer conv6, line: 36
[2026-09-25 10:49:46.949] [default] [info] Microcode violation: DUAL_BUFFER_FLIP_OUT in the next 1 cycles after APU_WRITE_TO_MEM
 in layer conv11, line: 86
[2026-09-25 10:49:47.036] [default] [info] Microcode violation: DUAL_BUFFER_FLIP_OUT in the next 1 cycles after APU_WRITE_TO_MEM
 in layer conv14, line: 33
[2026-09-25 10:49:47.346] [default] [info] Microcode violation: DUAL_BUFFER_FLIP_OUT in the next 1 cycles after APU_WRITE_TO_MEM
 in layer conv15, line: 33
[2026-09-25 10:49:47.368] [default] [info] Microcode violation: DUAL_BUFFER_FLIP_OUT in the next 1 cycles after APU_WRITE_TO_MEM
 in layer conv21, line: 37
[2026-09-25 10:49:47.447] [default] [info] Microcode violation: DUAL_BUFFER_FLIP_OUT in the next 1 cycles after APU_WRITE_TO_MEM
 in layer conv24, line: 33
[2026-09-25 10:49:48.238] [default] [info] Microcode violation: DUAL_BUFFER_FLIP_OUT in the next 1 cycles after APU_WRITE_TO_MEM
 in layer conv25, line: 33
[2026-09-25 10:49:48.289] [default] [info] Microcode violation: DUAL_BUFFER_FLIP_OUT in the next 1 cycles after APU_WRITE_TO_MEM
 in layer conv32, line: 46
[2026-09-25 10:49:48.402] [default] [info] Microcode violation: DUAL_BUFFER_FLIP_OUT in the next 1 cycles after APU_WRITE_TO_MEM
 in layer conv_feature_splitter5_1, line: 46
[2026-09-25 10:49:48.430] [default] [info] Microcode violation: DUAL_BUFFER_FLIP_OUT in the next 1 cycles after APU_WRITE_TO_MEM
 in layer conv_feature_splitter5_2, line: 59
[2026-09-25 10:49:48.661] [default] [info] Microcode violation: DUAL_BUFFER_FLIP_OUT in the next 1 cycles after APU_WRITE_TO_MEM
 in layer dw1_defuse_width_feature_reshape, line: 10
[2026-09-25 10:49:48.662] [default] [info] Microcode violation: DUAL_BUFFER_FLIP_OUT in the next 1 cycles after APU_WRITE_TO_MEM
 in layer dw1_defuse_width_feature_reshape, line: 39
[2026-09-25 10:49:48.800] [default] [info] Microcode violation: DUAL_BUFFER_FLIP_OUT in the next 1 cycles after APU_WRITE_TO_MEM
 in layer conv38, line: 55
[2026-09-25 10:49:48.835] [default] [info] Microcode violation: DUAL_BUFFER_FLIP_OUT in the next 1 cycles after APU_WRITE_TO_MEM
 in layer conv39, line: 61
[2026-09-25 10:49:48.845] [default] [info] Microcode violation: DUAL_BUFFER_FLIP_OUT in the next 1 cycles after APU_WRITE_TO_MEM
 in layer resize1, line: 15
[2026-09-25 10:49:48.863] [default] [info] Microcode violation: DUAL_BUFFER_FLIP_OUT in the next 1 cycles after APU_WRITE_TO_MEM
 in layer conv_feature_splitter7_1, line: 37
[2026-09-25 10:49:48.883] [default] [info] Microcode violation: DUAL_BUFFER_FLIP_OUT in the next 1 cycles after APU_WRITE_TO_MEM
 in layer conv_feature_splitter7_2, line: 62
[2026-09-25 10:49:49.142] [default] [info] Microcode violation: DUAL_BUFFER_FLIP_OUT in the next 1 cycles after APU_WRITE_TO_MEM
 in layer conv43, line: 37
[2026-09-25 10:49:49.149] [default] [info] Microcode violation: DUAL_BUFFER_FLIP_OUT in the next 1 cycles after APU_WRITE_TO_MEM
 in layer resize2, line: 16
[2026-09-25 10:49:49.294] [default] [info] Microcode violation: DUAL_BUFFER_FLIP_OUT in the next 1 cycles after APU_WRITE_TO_MEM
 in layer conv47, line: 37
[2026-09-25 10:49:49.527] [default] [info] Microcode violation: DUAL_BUFFER_FLIP_OUT in the next 1 cycles after APU_WRITE_TO_MEM
 in layer conv51, line: 68
[2026-09-25 10:49:49.762] [default] [info] Microcode violation: DUAL_BUFFER_FLIP_OUT in the next 1 cycles after APU_WRITE_TO_MEM
 in layer conv54, line: 30
[2026-09-25 10:49:49.782] [default] [info] Microcode violation: DUAL_BUFFER_FLIP_OUT in the next 1 cycles after APU_WRITE_TO_MEM
 in layer conv_feature_splitter9_1, line: 33
[2026-09-25 10:49:49.800] [default] [info] Microcode violation: DUAL_BUFFER_FLIP_OUT in the next 1 cycles after APU_WRITE_TO_MEM
 in layer conv_feature_splitter9_2, line: 50
[2026-09-25 10:49:50.057] [default] [info] Microcode violation: DUAL_BUFFER_FLIP_OUT in the next 1 cycles after APU_WRITE_TO_MEM
 in layer conv58, line: 37
[2026-09-25 10:49:50.371] [default] [info] Microcode violation: DUAL_BUFFER_FLIP_OUT in the next 1 cycles after APU_WRITE_TO_MEM
 in layer conv62, line: 33
[2026-09-25 10:49:50.599] [default] [info] Microcode violation: DUAL_BUFFER_FLIP_OUT in the next 1 cycles after APU_WRITE_TO_MEM
 in layer conv65, line: 30
[2026-09-25 10:49:50.630] [default] [info] Microcode violation: DUAL_BUFFER_FLIP_OUT in the next 1 cycles after APU_WRITE_TO_MEM
 in layer conv_feature_splitter10_1, line: 37
[2026-09-25 10:49:50.662] [default] [info] Microcode violation: DUAL_BUFFER_FLIP_OUT in the next 1 cycles after APU_WRITE_TO_MEM
 in layer conv_feature_splitter10_2, line: 37
[2026-09-25 10:49:51.148] [default] [info] Microcode violation: DUAL_BUFFER_FLIP_OUT in the next 1 cycles after APU_WRITE_TO_MEM
 in layer conv73, line: 46
[2026-09-25 10:49:51.171] [default] [info] Microcode violation: DUAL_BUFFER_FLIP_OUT in the next 1 cycles after APU_WRITE_TO_MEM
 in layer conv74, line: 37
[2026-09-25 10:49:51.452] [default] [info] Microcode violation: DUAL_BUFFER_FLIP_OUT in the next 1 cycles after APU_WRITE_TO_MEM
 in layer conv77, line: 33
[2026-09-25 10:49:51.571] [default] [info] Microcode violation: DUAL_BUFFER_FLIP_OUT in the next 1 cycles after APU_WRITE_TO_MEM
 in layer conv78, line: 33
[2026-09-25 10:49:51.718] [default] [info] Microcode violation: DUAL_BUFFER_FLIP_OUT in the next 1 cycles after APU_WRITE_TO_MEM
 in layer conv80, line: 30
[2026-09-25 10:49:54.351] [default] [info] Microcode violation: DUAL_BUFFER_FLIP_OUT in the next 1 cycles after APU_WRITE_TO_MEM
 in layer conv6, line: 36
[2026-09-25 10:49:54.556] [default] [info] Microcode violation: DUAL_BUFFER_FLIP_OUT in the next 1 cycles after APU_WRITE_TO_MEM
 in layer conv11, line: 86
[2026-09-25 10:49:54.640] [default] [info] Microcode violation: DUAL_BUFFER_FLIP_OUT in the next 1 cycles after APU_WRITE_TO_MEM
 in layer conv14, line: 33
[2026-09-25 10:49:54.961] [default] [info] Microcode violation: DUAL_BUFFER_FLIP_OUT in the next 1 cycles after APU_WRITE_TO_MEM
 in layer conv15, line: 33
[2026-09-25 10:49:54.982] [default] [info] Microcode violation: DUAL_BUFFER_FLIP_OUT in the next 1 cycles after APU_WRITE_TO_MEM
 in layer conv21, line: 37
[2026-09-25 10:49:55.065] [default] [info] Microcode violation: DUAL_BUFFER_FLIP_OUT in the next 1 cycles after APU_WRITE_TO_MEM
 in layer conv24, line: 33
[2026-09-25 10:49:55.870] [default] [info] Microcode violation: DUAL_BUFFER_FLIP_OUT in the next 1 cycles after APU_WRITE_TO_MEM
 in layer conv25, line: 33
[2026-09-25 10:49:55.914] [default] [info] Microcode violation: DUAL_BUFFER_FLIP_OUT in the next 1 cycles after APU_WRITE_TO_MEM
 in layer conv32, line: 46
[2026-09-25 10:49:56.027] [default] [info] Microcode violation: DUAL_BUFFER_FLIP_OUT in the next 1 cycles after APU_WRITE_TO_MEM
 in layer conv_feature_splitter5_1, line: 46
[2026-09-25 10:49:56.055] [default] [info] Microcode violation: DUAL_BUFFER_FLIP_OUT in the next 1 cycles after APU_WRITE_TO_MEM
 in layer conv_feature_splitter5_2, line: 59
[2026-09-25 10:49:56.291] [default] [info] Microcode violation: DUAL_BUFFER_FLIP_OUT in the next 1 cycles after APU_WRITE_TO_MEM
 in layer dw1_defuse_width_feature_reshape, line: 10
[2026-09-25 10:49:56.292] [default] [info] Microcode violation: DUAL_BUFFER_FLIP_OUT in the next 1 cycles after APU_WRITE_TO_MEM
 in layer dw1_defuse_width_feature_reshape, line: 39
[2026-09-25 10:49:56.409] [default] [info] Microcode violation: DUAL_BUFFER_FLIP_OUT in the next 1 cycles after APU_WRITE_TO_MEM
 in layer conv38, line: 55
[2026-09-25 10:49:56.444] [default] [info] Microcode violation: DUAL_BUFFER_FLIP_OUT in the next 1 cycles after APU_WRITE_TO_MEM
 in layer conv39, line: 61
[2026-09-25 10:49:56.455] [default] [info] Microcode violation: DUAL_BUFFER_FLIP_OUT in the next 1 cycles after APU_WRITE_TO_MEM
 in layer resize1, line: 15
[2026-09-25 10:49:56.471] [default] [info] Microcode violation: DUAL_BUFFER_FLIP_OUT in the next 1 cycles after APU_WRITE_TO_MEM
 in layer conv_feature_splitter7_1, line: 37
[2026-09-25 10:49:56.490] [default] [info] Microcode violation: DUAL_BUFFER_FLIP_OUT in the next 1 cycles after APU_WRITE_TO_MEM
 in layer conv_feature_splitter7_2, line: 62
[2026-09-25 10:49:56.729] [default] [info] Microcode violation: DUAL_BUFFER_FLIP_OUT in the next 1 cycles after APU_WRITE_TO_MEM
 in layer conv43, line: 37
[2026-09-25 10:49:56.734] [default] [info] Microcode violation: DUAL_BUFFER_FLIP_OUT in the next 1 cycles after APU_WRITE_TO_MEM
 in layer resize2, line: 16
[2026-09-25 10:49:56.870] [default] [info] Microcode violation: DUAL_BUFFER_FLIP_OUT in the next 1 cycles after APU_WRITE_TO_MEM
 in layer conv47, line: 37
[2026-09-25 10:49:57.083] [default] [info] Microcode violation: DUAL_BUFFER_FLIP_OUT in the next 1 cycles after APU_WRITE_TO_MEM
 in layer conv51, line: 68
[2026-09-25 10:49:57.311] [default] [info] Microcode violation: DUAL_BUFFER_FLIP_OUT in the next 1 cycles after APU_WRITE_TO_MEM
 in layer conv54, line: 30
[2026-09-25 10:49:57.325] [default] [info] Microcode violation: DUAL_BUFFER_FLIP_OUT in the next 1 cycles after APU_WRITE_TO_MEM
 in layer conv_feature_splitter9_1, line: 33
[2026-09-25 10:49:57.341] [default] [info] Microcode violation: DUAL_BUFFER_FLIP_OUT in the next 1 cycles after APU_WRITE_TO_MEM
 in layer conv_feature_splitter9_2, line: 50
[2026-09-25 10:49:57.583] [default] [info] Microcode violation: DUAL_BUFFER_FLIP_OUT in the next 1 cycles after APU_WRITE_TO_MEM
 in layer conv58, line: 37
[2026-09-25 10:49:57.882] [default] [info] Microcode violation: DUAL_BUFFER_FLIP_OUT in the next 1 cycles after APU_WRITE_TO_MEM
 in layer conv62, line: 33
[2026-09-25 10:49:58.094] [default] [info] Microcode violation: DUAL_BUFFER_FLIP_OUT in the next 1 cycles after APU_WRITE_TO_MEM
 in layer conv65, line: 30
[2026-09-25 10:49:58.123] [default] [info] Microcode violation: DUAL_BUFFER_FLIP_OUT in the next 1 cycles after APU_WRITE_TO_MEM
 in layer conv_feature_splitter10_1, line: 37
[2026-09-25 10:49:58.153] [default] [info] Microcode violation: DUAL_BUFFER_FLIP_OUT in the next 1 cycles after APU_WRITE_TO_MEM
 in layer conv_feature_splitter10_2, line: 37
[2026-09-25 10:49:58.635] [default] [info] Microcode violation: DUAL_BUFFER_FLIP_OUT in the next 1 cycles after APU_WRITE_TO_MEM
 in layer conv73, line: 46
[2026-09-25 10:49:58.661] [default] [info] Microcode violation: DUAL_BUFFER_FLIP_OUT in the next 1 cycles after APU_WRITE_TO_MEM
 in layer conv74, line: 37
[2026-09-25 10:49:58.967] [default] [info] Microcode violation: DUAL_BUFFER_FLIP_OUT in the next 1 cycles after APU_WRITE_TO_MEM
 in layer conv77, line: 33
[2026-09-25 10:49:59.099] [default] [info] Microcode violation: DUAL_BUFFER_FLIP_OUT in the next 1 cycles after APU_WRITE_TO_MEM
 in layer conv78, line: 33
[2026-09-25 10:49:59.260] [default] [info] Microcode violation: DUAL_BUFFER_FLIP_OUT in the next 1 cycles after APU_WRITE_TO_MEM
 in layer conv80, line: 30
[2026-09-25 10:50:01.663] [default] [info] Microcode violation: DUAL_BUFFER_FLIP_OUT in the next 1 cycles after APU_WRITE_TO_MEM
 in layer conv6, line: 36
[2026-09-25 10:50:01.866] [default] [info] Microcode violation: DUAL_BUFFER_FLIP_OUT in the next 1 cycles after APU_WRITE_TO_MEM
 in layer conv11, line: 86
[2026-09-25 10:50:01.953] [default] [info] Microcode violation: DUAL_BUFFER_FLIP_OUT in the next 1 cycles after APU_WRITE_TO_MEM
 in layer conv14, line: 33
[2026-09-25 10:50:02.255] [default] [info] Microcode violation: DUAL_BUFFER_FLIP_OUT in the next 1 cycles after APU_WRITE_TO_MEM
 in layer conv15, line: 33
[2026-09-25 10:50:02.285] [default] [info] Microcode violation: DUAL_BUFFER_FLIP_OUT in the next 1 cycles after APU_WRITE_TO_MEM
 in layer conv21, line: 37
[2026-09-25 10:50:02.365] [default] [info] Microcode violation: DUAL_BUFFER_FLIP_OUT in the next 1 cycles after APU_WRITE_TO_MEM
 in layer conv24, line: 33
[2026-09-25 10:50:03.161] [default] [info] Microcode violation: DUAL_BUFFER_FLIP_OUT in the next 1 cycles after APU_WRITE_TO_MEM
 in layer conv25, line: 33
[2026-09-25 10:50:03.205] [default] [info] Microcode violation: DUAL_BUFFER_FLIP_OUT in the next 1 cycles after APU_WRITE_TO_MEM
 in layer conv32, line: 46
[2026-09-25 10:50:03.328] [default] [info] Microcode violation: DUAL_BUFFER_FLIP_OUT in the next 1 cycles after APU_WRITE_TO_MEM
 in layer conv_feature_splitter5_1, line: 46
[2026-09-25 10:50:03.356] [default] [info] Microcode violation: DUAL_BUFFER_FLIP_OUT in the next 1 cycles after APU_WRITE_TO_MEM
 in layer conv_feature_splitter5_2, line: 59
[2026-09-25 10:50:03.585] [default] [info] Microcode violation: DUAL_BUFFER_FLIP_OUT in the next 1 cycles after APU_WRITE_TO_MEM
 in layer dw1_defuse_width_feature_reshape, line: 10
[2026-09-25 10:50:03.586] [default] [info] Microcode violation: DUAL_BUFFER_FLIP_OUT in the next 1 cycles after APU_WRITE_TO_MEM
 in layer dw1_defuse_width_feature_reshape, line: 39
[2026-09-25 10:50:03.705] [default] [info] Microcode violation: DUAL_BUFFER_FLIP_OUT in the next 1 cycles after APU_WRITE_TO_MEM
 in layer conv38, line: 55
[2026-09-25 10:50:03.737] [default] [info] Microcode violation: DUAL_BUFFER_FLIP_OUT in the next 1 cycles after APU_WRITE_TO_MEM
 in layer conv39, line: 61
[2026-09-25 10:50:03.747] [default] [info] Microcode violation: DUAL_BUFFER_FLIP_OUT in the next 1 cycles after APU_WRITE_TO_MEM
 in layer resize1, line: 15
[2026-09-25 10:50:03.764] [default] [info] Microcode violation: DUAL_BUFFER_FLIP_OUT in the next 1 cycles after APU_WRITE_TO_MEM
 in layer conv_feature_splitter7_1, line: 37
[2026-09-25 10:50:03.787] [default] [info] Microcode violation: DUAL_BUFFER_FLIP_OUT in the next 1 cycles after APU_WRITE_TO_MEM
 in layer conv_feature_splitter7_2, line: 62
[2026-09-25 10:50:04.024] [default] [info] Microcode violation: DUAL_BUFFER_FLIP_OUT in the next 1 cycles after APU_WRITE_TO_MEM
 in layer conv43, line: 37
[2026-09-25 10:50:04.029] [default] [info] Microcode violation: DUAL_BUFFER_FLIP_OUT in the next 1 cycles after APU_WRITE_TO_MEM
 in layer resize2, line: 16
[2026-09-25 10:50:04.158] [default] [info] Microcode violation: DUAL_BUFFER_FLIP_OUT in the next 1 cycles after APU_WRITE_TO_MEM
 in layer conv47, line: 37
[2026-09-25 10:50:04.378] [default] [info] Microcode violation: DUAL_BUFFER_FLIP_OUT in the next 1 cycles after APU_WRITE_TO_MEM
 in layer conv51, line: 68
[2026-09-25 10:50:04.592] [default] [info] Microcode violation: DUAL_BUFFER_FLIP_OUT in the next 1 cycles after APU_WRITE_TO_MEM
 in layer conv54, line: 30
[2026-09-25 10:50:04.606] [default] [info] Microcode violation: DUAL_BUFFER_FLIP_OUT in the next 1 cycles after APU_WRITE_TO_MEM
 in layer conv_feature_splitter9_1, line: 33
[2026-09-25 10:50:04.622] [default] [info] Microcode violation: DUAL_BUFFER_FLIP_OUT in the next 1 cycles after APU_WRITE_TO_MEM
 in layer conv_feature_splitter9_2, line: 50
[2026-09-25 10:50:04.865] [default] [info] Microcode violation: DUAL_BUFFER_FLIP_OUT in the next 1 cycles after APU_WRITE_TO_MEM
 in layer conv58, line: 37
[2026-09-25 10:50:05.151] [default] [info] Microcode violation: DUAL_BUFFER_FLIP_OUT in the next 1 cycles after APU_WRITE_TO_MEM
 in layer conv62, line: 33
[2026-09-25 10:50:05.369] [default] [info] Microcode violation: DUAL_BUFFER_FLIP_OUT in the next 1 cycles after APU_WRITE_TO_MEM
 in layer conv65, line: 30
[2026-09-25 10:50:05.397] [default] [info] Microcode violation: DUAL_BUFFER_FLIP_OUT in the next 1 cycles after APU_WRITE_TO_MEM
 in layer conv_feature_splitter10_1, line: 37
[2026-09-25 10:50:05.426] [default] [info] Microcode violation: DUAL_BUFFER_FLIP_OUT in the next 1 cycles after APU_WRITE_TO_MEM
 in layer conv_feature_splitter10_2, line: 37
[2026-09-25 10:50:05.891] [default] [info] Microcode violation: DUAL_BUFFER_FLIP_OUT in the next 1 cycles after APU_WRITE_TO_MEM
 in layer conv73, line: 46
[2026-09-25 10:50:05.915] [default] [info] Microcode violation: DUAL_BUFFER_FLIP_OUT in the next 1 cycles after APU_WRITE_TO_MEM
 in layer conv74, line: 37
[2026-09-25 10:50:06.188] [default] [info] Microcode violation: DUAL_BUFFER_FLIP_OUT in the next 1 cycles after APU_WRITE_TO_MEM
 in layer conv77, line: 33
[2026-09-25 10:50:06.319] [default] [info] Microcode violation: DUAL_BUFFER_FLIP_OUT in the next 1 cycles after APU_WRITE_TO_MEM
 in layer conv78, line: 33
[2026-09-25 10:50:06.464] [default] [info] Microcode violation: DUAL_BUFFER_FLIP_OUT in the next 1 cycles after APU_WRITE_TO_MEM
 in layer conv80, line: 30
[2026-09-25 10:50:07.019] [default] [info] Validating layers feasibility
[2026-09-25 10:50:07.083] [default] [info] input_layer1: Pass
[2026-09-25 10:50:07.084] [default] [info] normalization1_sd1: Pass
[2026-09-25 10:50:07.084] [default] [info] conv1_sd2: Pass
[2026-09-25 10:50:07.085] [default] [info] conv1_sd3: Pass
[2026-09-25 10:50:07.087] [default] [info] normalization1_sd0: Pass
[2026-09-25 10:50:07.087] [default] [info] conv1_sd1: Pass
[2026-09-25 10:50:07.087] [default] [info] normalization1_sdc: Pass
[2026-09-25 10:50:07.088] [default] [info] conv1_sdc: Pass
[2026-09-25 10:50:07.089] [default] [info] conv2_sd1: Pass
[2026-09-25 10:50:07.092] [default] [info] conv2_sd0: Pass
[2026-09-25 10:50:07.092] [default] [info] conv1_ws: Pass
[2026-09-25 10:50:07.094] [default] [info] ew_add2: Pass
[2026-09-25 10:50:07.096] [default] [info] gate_rescue_repair_gate_rescue_repair_context_0_to_gate_rescue_repair_context_1_3102: Pass
[2026-09-25 10:50:07.096] [default] [info] gate_rescue_repair_gate_rescue_repair_context_0_to_gate_rescue_repair_context_1_3100: Pass
[2026-09-25 10:50:07.096] [default] [info] conv10: Pass
[2026-09-25 10:50:07.096] [default] [info] conv1_sd0: Pass
[2026-09-25 10:50:07.097] [default] [info] conv2_sd2: Pass
[2026-09-25 10:50:07.097] [default] [info] conv2_ws: Pass
[2026-09-25 10:50:07.099] [default] [info] conv12_ws: Pass
[2026-09-25 10:50:07.099] [default] [info] gate_rescue_repair_gate_rescue_repair_context_0_to_gate_rescue_repair_context_1_3096: Pass
[2026-09-25 10:50:07.100] [default] [info] conv_feature_splitter2_2: Pass
[2026-09-25 10:50:07.100] [default] [info] gate_rescue_repair_gate_rescue_repair_context_0_to_gate_rescue_repair_context_1_3092: Pass
[2026-09-25 10:50:07.101] [default] [info] concat1: Pass
[2026-09-25 10:50:07.102] [default] [info] conv16: Pass
[2026-09-25 10:50:07.103] [default] [info] conv7_sd1: Pass
[2026-09-25 10:50:07.103] [default] [info] concat4: Pass
[2026-09-25 10:50:07.105] [default] [info] conv_feature_splitter5_1: Pass
[2026-09-25 10:50:07.105] [default] [info] conv33: Pass
[2026-09-25 10:50:07.105] [default] [info] gate_rescue_repair_gate_rescue_repair_context_0_to_gate_rescue_repair_context_1_3098: Pass
[2026-09-25 10:50:07.106] [default] [info] conv_feature_splitter6_3: Pass
[2026-09-25 10:50:07.107] [default] [info] conv4: Pass
[2026-09-25 10:50:07.109] [default] [info] conv26: Pass
[2026-09-25 10:50:07.112] [default] [info] conv_feature_splitter1_1: Pass
[2026-09-25 10:50:07.112] [default] [info] conv12_sdc: Pass
[2026-09-25 10:50:07.113] [default] [info] conv20: Pass
[2026-09-25 10:50:07.113] [default] [info] conv_feature_splitter2_1: Pass
[2026-09-25 10:50:07.115] [default] [info] ew_add5: Pass
[2026-09-25 10:50:07.115] [default] [info] concat3: Pass
[2026-09-25 10:50:07.116] [default] [info] conv18: Pass
[2026-09-25 10:50:07.117] [default] [info] conv6: Pass
[2026-09-25 10:50:07.118] [default] [info] conv27: Pass
[2026-09-25 10:50:07.119] [default] [info] concat2: Pass
[2026-09-25 10:50:07.119] [default] [info] maxpool2: Pass
[2026-09-25 10:50:07.121] [default] [info] conv14: Pass
[2026-09-25 10:50:07.121] [default] [info] gate_rescue_repair_gate_rescue_repair_context_0_to_gate_rescue_repair_context_1_3090: Pass
[2026-09-25 10:50:07.121] [default] [info] conv9: Pass
[2026-09-25 10:50:07.123] [default] [info] conv7_ws: Pass
[2026-09-25 10:50:07.125] [default] [info] conv11: Pass
[2026-09-25 10:50:07.125] [default] [info] conv32: Pass
[2026-09-25 10:50:07.126] [default] [info] maxpool3: Pass
[2026-09-25 10:50:07.129] [default] [info] maxpool1: Pass
[2026-09-25 10:50:07.130] [default] [info] ew_add4: Pass
[2026-09-25 10:50:07.130] [default] [info] conv2_sdc: Pass
[2026-09-25 10:50:07.132] [default] [info] conv19: Pass
[2026-09-25 10:50:07.132] [default] [info] ew_add1: Pass
[2026-09-25 10:50:07.134] [default] [info] conv30: Pass
[2026-09-25 10:50:07.134] [default] [info] conv15: Pass
[2026-09-25 10:50:07.136] [default] [info] conv7_sd2: Pass
[2026-09-25 10:50:07.137] [default] [info] conv12_sd0: Pass
[2026-09-25 10:50:07.139] [default] [info] conv24: Pass
[2026-09-25 10:50:07.139] [default] [info] conv_feature_splitter4_1: Pass
[2026-09-25 10:50:07.139] [default] [info] conv12_sd1: Pass
[2026-09-25 10:50:07.139] [default] [info] ew_add6: Pass
[2026-09-25 10:50:07.140] [default] [info] conv7_sdc: Pass
[2026-09-25 10:50:07.141] [default] [info] conv_feature_splitter4_2: Pass
[2026-09-25 10:50:07.142] [default] [info] concat5: Pass
[2026-09-25 10:50:07.142] [default] [info] conv_feature_splitter5_2: Pass
[2026-09-25 10:50:07.147] [default] [info] conv22: Pass
[2026-09-25 10:50:07.147] [default] [info] gate_rescue_repair_gate_rescue_repair_context_0_to_gate_rescue_repair_context_1_3094: Pass
[2026-09-25 10:50:07.147] [default] [info] conv_feature_splitter6_1: Pass
[2026-09-25 10:50:07.148] [default] [info] conv_feature_splitter6_2: Pass
[2026-09-25 10:50:07.148] [default] [info] conv21: Pass
[2026-09-25 10:50:07.149] [default] [info] conv29: Pass
[2026-09-25 10:50:07.150] [default] [info] ew_add3: Pass
[2026-09-25 10:50:07.150] [default] [info] concat7: Pass
[2026-09-25 10:50:07.151] [default] [info] conv_feature_splitter3_1: Pass
[2026-09-25 10:50:07.152] [default] [info] conv_feature_splitter3_2: Pass
[2026-09-25 10:50:07.154] [default] [info] conv25: Pass
[2026-09-25 10:50:07.154] [default] [info] conv7_sd0: Pass
[2026-09-25 10:50:07.154] [default] [info] conv28: Pass
[2026-09-25 10:50:07.155] [default] [info] conv17: Pass
[2026-09-25 10:50:07.156] [default] [info] conv31: Pass
[2026-09-25 10:50:07.156] [default] [info] conv5: Pass
[2026-09-25 10:50:07.157] [default] [info] conv_feature_splitter1_2: Pass
[2026-09-25 10:50:07.158] [default] [info] concat6: Pass
[2026-09-25 10:50:07.232] [default] [info] reduce_max_softmax1: Pass
[2026-09-25 10:50:07.233] [default] [info] dw1_defuse_width_feature_reshape: Pass
[2026-09-25 10:50:07.233] [default] [info] matmul2_reshape: Pass
[2026-09-25 10:50:07.234] [default] [info] dw1_defuse_reshape_hxf_to_w_transposed: Pass
[2026-09-25 10:50:07.236] [default] [info] conv36: Pass
[2026-09-25 10:50:07.236] [default] [info] reduce_sum_softmax1: Pass
[2026-09-25 10:50:07.238] [default] [info] matmul2: Pass
[2026-09-25 10:50:07.238] [default] [info] gate_rescue_repair_gate_rescue_repair_context_1_to_gate_rescue_repair_context_2_3105: Pass
[2026-09-25 10:50:07.239] [default] [info] activation1: Pass
[2026-09-25 10:50:07.239] [default] [info] matmul1: Pass
[2026-09-25 10:50:07.240] [default] [info] ew_mult_softmax1: Pass
[2026-09-25 10:50:07.241] [default] [info] conv42: Pass
[2026-09-25 10:50:07.242] [default] [info] ew_sub_softmax1: Pass
[2026-09-25 10:50:07.244] [default] [info] resize1: Pass
[2026-09-25 10:50:07.247] [default] [info] dw3_sd0: Pass
[2026-09-25 10:50:07.247] [default] [info] conv61: Pass
[2026-09-25 10:50:07.248] [default] [info] gate_rescue_repair_gate_rescue_repair_context_0_to_gate_rescue_repair_context_1_3101: Pass
[2026-09-25 10:50:07.248] [default] [info] dw2_sd0: Pass
[2026-09-25 10:50:07.249] [default] [info] conv_feature_splitter8_2: Pass
[2026-09-25 10:50:07.249] [default] [info] sh_from_conv47_to_conv49_d0-1_dw2_sd0-1_3114: Pass
[2026-09-25 10:50:07.250] [default] [info] conv69: Pass
[2026-09-25 10:50:07.252] [default] [info] conv47: Pass
[2026-09-25 10:50:07.252] [default] [info] dw1_defuse_1x1: Pass
[2026-09-25 10:50:07.254] [default] [info] conv68: Pass
[2026-09-25 10:50:07.256] [default] [info] conv59: Pass
[2026-09-25 10:50:07.259] [default] [info] conv65: Pass
[2026-09-25 10:50:07.261] [default] [info] concat9: Pass
[2026-09-25 10:50:07.261] [default] [info] ew_add13: Pass
[2026-09-25 10:50:07.261] [default] [info] output_from_conv54_to_yolov8_nms_postprocess: Pass
[2026-09-25 10:50:07.262] [default] [info] gate_rescue_repair_gate_rescue_repair_context_0_to_gate_rescue_repair_context_1_3099: Pass
[2026-09-25 10:50:07.263] [default] [info] conv_feature_splitter9_1: Pass
[2026-09-25 10:50:07.265] [default] [info] conv67: Pass
[2026-09-25 10:50:07.267] [default] [info] conv50_d0: Pass
[2026-09-25 10:50:07.267] [default] [info] conv41: Pass
[2026-09-25 10:50:07.268] [default] [info] conv57: Pass
[2026-09-25 10:50:07.269] [default] [info] gate_rescue_repair_gate_rescue_repair_context_1_to_gate_rescue_repair_context_2_3107: Pass
[2026-09-25 10:50:07.270] [default] [info] conv_feature_splitter8_1: Pass
[2026-09-25 10:50:07.274] [default] [info] conv49_d0: Pass
[2026-09-25 10:50:07.277] [default] [info] dw3_sd1: Pass
[2026-09-25 10:50:07.278] [default] [info] conv54: Pass
[2026-09-25 10:50:07.283] [default] [info] conv48: Pass
[2026-09-25 10:50:07.283] [default] [info] conv46: Pass
[2026-09-25 10:50:07.283] [default] [info] conv45: Pass
[2026-09-25 10:50:07.283] [default] [info] output_from_conv62_to_yolov8_nms_postprocess: Pass
[2026-09-25 10:50:07.284] [default] [info] conv51: Pass
[2026-09-25 10:50:07.287] [default] [info] conv49_dc: Pass
[2026-09-25 10:50:07.289] [default] [info] conv53: Pass
[2026-09-25 10:50:07.292] [default] [info] conv_feature_splitter7_1: Pass
[2026-09-25 10:50:07.292] [default] [info] conv_feature_splitter7_2: Pass
[2026-09-25 10:50:07.292] [default] [info] output_from_conv65_to_yolov8_nms_postprocess: Pass
[2026-09-25 10:50:07.292] [default] [info] gate_rescue_repair_gate_rescue_repair_context_1_to_gate_rescue_repair_context_2_3109: Pass
[2026-09-25 10:50:07.293] [default] [info] resize2: Pass
[2026-09-25 10:50:07.294] [default] [info] dw2_sdc: Pass
[2026-09-25 10:50:07.297] [default] [info] conv70: Pass
[2026-09-25 10:50:07.298] [default] [info] conv62: Pass
[2026-09-25 10:50:07.299] [default] [info] conv50_d1: Pass
[2026-09-25 10:50:07.300] [default] [info] conv63: Pass
[2026-09-25 10:50:07.301] [default] [info] concat11: Pass
[2026-09-25 10:50:07.303] [default] [info] conv56: Pass
[2026-09-25 10:50:07.303] [default] [info] concat8: Pass
[2026-09-25 10:50:07.305] [default] [info] conv58: Pass
[2026-09-25 10:50:07.305] [default] [info] gate_rescue_repair_gate_rescue_repair_context_0_to_gate_rescue_repair_context_1_3091: Pass
[2026-09-25 10:50:07.305] [default] [info] conv50_dc: Pass
[2026-09-25 10:50:07.306] [default] [info] conv_feature_splitter10_2: Pass
[2026-09-25 10:50:07.308] [default] [info] conv_feature_splitter9_2: Pass
[2026-09-25 10:50:07.308] [default] [info] concat13: Pass
[2026-09-25 10:50:07.311] [default] [info] dw4: Pass
[2026-09-25 10:50:07.311] [default] [info] conv64: Pass
[2026-09-25 10:50:07.312] [default] [info] output_from_conv51_to_yolov8_nms_postprocess: Pass
[2026-09-25 10:50:07.312] [default] [info] gate_rescue_repair_gate_rescue_repair_context_1_to_gate_rescue_repair_context_2_3111: Pass
[2026-09-25 10:50:07.314] [default] [info] conv37: Pass
[2026-09-25 10:50:07.314] [default] [info] conv49_d1: Pass
[2026-09-25 10:50:07.314] [default] [info] dw2_sd1: Pass
[2026-09-25 10:50:07.316] [default] [info] concat15: Pass
[2026-09-25 10:50:07.316] [default] [info] conv43: Pass
[2026-09-25 10:50:07.318] [default] [info] concat10: Pass
[2026-09-25 10:50:07.319] [default] [info] gate_rescue_repair_gate_rescue_repair_context_0_to_gate_rescue_repair_context_1_3103: Pass
[2026-09-25 10:50:07.320] [default] [info] dw3_sdc: Pass
[2026-09-25 10:50:07.320] [default] [info] gate_rescue_repair_gate_rescue_repair_context_0_to_gate_rescue_repair_context_1_3093: Pass
[2026-09-25 10:50:07.321] [default] [info] ew_add10: Pass
[2026-09-25 10:50:07.321] [default] [info] dw5: Pass
[2026-09-25 10:50:07.322] [default] [info] ew_add11: Pass
[2026-09-25 10:50:07.324] [default] [info] conv38: Pass
[2026-09-25 10:50:07.325] [default] [info] gate_rescue_repair_gate_rescue_repair_context_0_to_gate_rescue_repair_context_1_3097: Pass
[2026-09-25 10:50:07.325] [default] [info] conv39: Pass
[2026-09-25 10:50:07.326] [default] [info] concat12: Pass
[2026-09-25 10:50:07.328] [default] [info] conv_feature_splitter10_1: Pass
[2026-09-25 10:50:07.328] [default] [info] conv52: Pass
[2026-09-25 10:50:07.331] [default] [info] gate_rescue_repair_gate_rescue_repair_context_0_to_gate_rescue_repair_context_1_3095: Pass
[2026-09-25 10:50:07.331] [default] [info] ew_add12: Pass
[2026-09-25 10:50:07.332] [default] [info] conv60: Pass
[2026-09-25 10:50:07.334] [default] [info] concat14: Pass
[2026-09-25 10:50:07.369] [default] [info] concat16: Pass
[2026-09-25 10:50:07.369] [default] [info] conv75_sdc: Pass
[2026-09-25 10:50:07.369] [default] [info] ew_add14: Pass
[2026-09-25 10:50:07.369] [default] [info] conv73: Pass
[2026-09-25 10:50:07.370] [default] [info] conv75_ws: Pass
[2026-09-25 10:50:07.370] [default] [info] conv71: Pass
[2026-09-25 10:50:07.371] [default] [info] conv76: Pass
[2026-09-25 10:50:07.372] [default] [info] conv72: Pass
[2026-09-25 10:50:07.372] [default] [info] output_from_conv77_to_yolov8_nms_postprocess: Pass
[2026-09-25 10:50:07.372] [default] [info] concat17: Pass
[2026-09-25 10:50:07.374] [default] [info] conv74: Pass
[2026-09-25 10:50:07.376] [default] [info] dw7: Pass
[2026-09-25 10:50:07.376] [default] [info] output_from_conv80_to_yolov8_nms_postprocess: Pass
[2026-09-25 10:50:07.376] [default] [info] conv75_sd1: Pass
[2026-09-25 10:50:07.376] [default] [info] conv75_sd0: Pass
[2026-09-25 10:50:07.378] [default] [info] dw6_fs: Pass
[2026-09-25 10:50:07.379] [default] [info] gate_rescue_repair_gate_rescue_repair_context_1_to_gate_rescue_repair_context_2_3108: Pass
[2026-09-25 10:50:07.380] [default] [info] conv80: Pass
[2026-09-25 10:50:07.380] [default] [info] gate_rescue_repair_gate_rescue_repair_context_1_to_gate_rescue_repair_context_2_3110: Pass
[2026-09-25 10:50:07.381] [default] [info] conv77: Pass
[2026-09-25 10:50:07.381] [default] [info] conv78: Pass
[2026-09-25 10:50:07.382] [default] [info] dw6_d1: Pass
[2026-09-25 10:50:07.382] [default] [info] gate_rescue_repair_gate_rescue_repair_context_1_to_gate_rescue_repair_context_2_3106: Pass
[2026-09-25 10:50:07.384] [default] [info] conv79: Pass
[2026-09-25 10:50:07.384] [default] [info] gate_rescue_repair_gate_rescue_repair_context_1_to_gate_rescue_repair_context_2_3113: Pass
[2026-09-25 10:50:07.384] [default] [info] dw6_dc: Pass
[2026-09-25 10:50:07.385] [default] [info] gate_rescue_repair_gate_rescue_repair_context_1_to_gate_rescue_repair_context_2_3112: Pass
[2026-09-25 10:50:07.386] [default] [info] dw6_d0: Pass
[2026-09-25 10:50:07.387] [default] [info] Layers feasibility validated successfully
[2026-09-25 10:50:07.387] [default] [info] Running resources allocation (mapping) flow, time per context: 59m 59s
[2026-09-25 10:50:07.578] [default] [info] Resolve-prepost Buffers gate_rescue_repair_context_0 buffers:
+------------------------------------+--------------------------------------------------------------------------------------+----------------------------+
| Src                                | Dst                                                                                  | Buffers                    |
+------------------------------------+--------------------------------------------------------------------------------------+----------------------------+
| input_layer1                       | input_to_cluster_unknown_358_i0                                                      | 3 (L3 memory cuts: 1)      |
| input_to_cluster_unknown_358_i0    | normalization1_sd0                                                                   | 3 (L3 memory cuts: 1)      |
| input_to_cluster_unknown_358_i0    | normalization1_sd1                                                                   | 3 (L3 memory cuts: 1)      |
| normalization1_sd0                 | normalization1_sdc                                                                   | 2 (L3 memory cuts: 1)      |
| normalization1_sd1                 | normalization1_sdc                                                                   | 2 (L3 memory cuts: 1)      |
| normalization1_sdc                 | conv1_ws                                                                             | 1[RPC] (L3 memory cuts: 1) |
| conv1_ws                           | conv1_sd0                                                                            | 2 (L3 memory cuts: 1)      |
| conv1_ws                           | conv1_sd1                                                                            | 2 (L3 memory cuts: 1)      |
| conv1_ws                           | conv1_sd2                                                                            | 2 (L3 memory cuts: 1)      |
| conv1_ws                           | conv1_sd3                                                                            | 2 (L3 memory cuts: 1)      |
| conv1_sd0                          | conv1_sdc                                                                            | 2[RPC] (L3 memory cuts: 2) |
| conv1_sd1                          | conv1_sdc                                                                            | 2[RPC] (L3 memory cuts: 2) |
| conv1_sd2                          | conv1_sdc                                                                            | 2[RPC] (L3 memory cuts: 2) |
| conv1_sd3                          | conv1_sdc                                                                            | 2[RPC] (L3 memory cuts: 2) |
| conv1_sdc                          | conv2_ws                                                                             | 2[RPC] (L3 memory cuts: 2) |
| conv2_ws                           | conv2_sd0                                                                            | 3[RPC] (L3 memory cuts: 3) |
| conv2_ws                           | conv2_sd1                                                                            | 3[RPC] (L3 memory cuts: 3) |
| conv2_ws                           | conv2_sd2                                                                            | 2[RPC] (L3 memory cuts: 2) |
| conv2_sd0                          | conv2_sdc                                                                            | 1[RPC] (L3 memory cuts: 1) |
| conv2_sd1                          | conv2_sdc                                                                            | 1[RPC] (L3 memory cuts: 1) |
| conv2_sd2                          | conv2_sdc                                                                            | 2 (L3 memory cuts: 1)      |
| conv2_sdc                          | conv_feature_splitter1_1                                                             | 1 (L3 memory cuts: 1)      |
| conv2_sdc                          | conv_feature_splitter1_2                                                             | 1 (L3 memory cuts: 1)      |
| conv_feature_splitter1_1           | concat1                                                                              | 7[RPC] (L3 memory cuts: 7) |
| conv_feature_splitter1_2           | conv4                                                                                | 4[RPC] (L3 memory cuts: 4) |
| conv_feature_splitter1_2           | ew_add1                                                                              | 6[RPC] (L3 memory cuts: 6) |
| conv_feature_splitter1_2           | concat1                                                                              | 7[RPC] (L3 memory cuts: 7) |
| conv4                              | conv5                                                                                | 11[S] (L3 memory cuts: 1)  |
| conv5                              | ew_add1                                                                              | 2 (L3 memory cuts: 1)      |
| ew_add1                            | concat1                                                                              | 3 (L3 memory cuts: 1)      |
| concat1                            | conv6                                                                                | 3[S] (L3 memory cuts: 1)   |
| conv6                              | conv7_ws                                                                             | 2[RPC] (L3 memory cuts: 2) |
| conv7_ws                           | conv7_sd0                                                                            | 2[RPC] (L3 memory cuts: 2) |
| conv7_ws                           | conv7_sd1                                                                            | 2[RPC] (L3 memory cuts: 2) |
| conv7_ws                           | conv7_sd2                                                                            | 2[RPC] (L3 memory cuts: 2) |
| conv7_sd0                          | conv7_sdc                                                                            | 1[RPC] (L3 memory cuts: 1) |
| conv7_sd1                          | conv7_sdc                                                                            | 1 (L3 memory cuts: 1)      |
| conv7_sd2                          | conv7_sdc                                                                            | 1 (L3 memory cuts: 1)      |
| conv7_sdc                          | conv_feature_splitter2_1                                                             | 1 (L3 memory cuts: 1)      |
| conv7_sdc                          | conv_feature_splitter2_2                                                             | 1 (L3 memory cuts: 1)      |
| conv_feature_splitter2_1           | concat2                                                                              | 5 (L3 memory cuts: 1)      |
| conv_feature_splitter2_2           | conv9                                                                                | 5 (L3 memory cuts: 1)      |
| conv_feature_splitter2_2           | ew_add2                                                                              | 5 (L3 memory cuts: 1)      |
| conv_feature_splitter2_2           | concat2                                                                              | 5 (L3 memory cuts: 1)      |
| conv9                              | conv10                                                                               | 9[S] (L3 memory cuts: 1)   |
| conv10                             | ew_add2                                                                              | 2 (L3 memory cuts: 1)      |
| ew_add2                            | concat2                                                                              | 2 (L3 memory cuts: 1)      |
| concat2                            | conv11                                                                               | 5[S] (L3 memory cuts: 1)   |
| conv11                             | conv12_ws                                                                            | 2[RPC] (L3 memory cuts: 2) |
| conv11                             | output_from_cluster_unknown_359_i0                                                   | 2[RPC] (L3 memory cuts: 2) |
| conv12_ws                          | conv12_sd0                                                                           | 2 (L3 memory cuts: 1)      |
| conv12_ws                          | conv12_sd1                                                                           | 1 (L3 memory cuts: 1)      |
| conv12_sd0                         | conv12_sdc                                                                           | 1 (L3 memory cuts: 1)      |
| conv12_sd1                         | conv12_sdc                                                                           | 1 (L3 memory cuts: 1)      |
| conv12_sdc                         | conv_feature_splitter3_1                                                             | 2[RPC] (L3 memory cuts: 2) |
| conv12_sdc                         | conv_feature_splitter3_2                                                             | 2[RPC] (L3 memory cuts: 2) |
| conv_feature_splitter3_1           | concat4                                                                              | 39[S] (L3 memory cuts: 1)  |
| conv_feature_splitter3_2           | conv14                                                                               | 39[S] (L3 memory cuts: 1)  |
| conv_feature_splitter3_2           | conv15                                                                               | 39[S] (L3 memory cuts: 1)  |
| conv_feature_splitter3_2           | concat4                                                                              | 39[S] (L3 memory cuts: 1)  |
| conv14                             | conv16                                                                               | 5 (L3 memory cuts: 1)      |
| conv14                             | ew_add3                                                                              | 5 (L3 memory cuts: 1)      |
| conv16                             | conv17                                                                               | 5[S] (L3 memory cuts: 1)   |
| conv17                             | ew_add3                                                                              | 1 (L3 memory cuts: 1)      |
| ew_add3                            | conv18                                                                               | 4 (L3 memory cuts: 1)      |
| ew_add3                            | ew_add4                                                                              | 4 (L3 memory cuts: 1)      |
| conv18                             | conv19                                                                               | 5[S] (L3 memory cuts: 1)   |
| conv19                             | ew_add4                                                                              | 1 (L3 memory cuts: 1)      |
| ew_add4                            | concat3                                                                              | 3 (L3 memory cuts: 1)      |
| conv15                             | concat3                                                                              | 9 (L3 memory cuts: 1)      |
| concat3                            | conv20                                                                               | 2[S] (L3 memory cuts: 1)   |
| conv20                             | concat4                                                                              | 1[S] (L3 memory cuts: 1)   |
| concat4                            | conv21                                                                               | 1[S] (L3 memory cuts: 1)   |
| conv21                             | conv22                                                                               | 2 (L3 memory cuts: 1)      |
| conv21                             | output_from_cluster_unknown_360_i0                                                   | 2 (L3 memory cuts: 1)      |
| conv22                             | conv_feature_splitter4_1                                                             | 2 (L3 memory cuts: 1)      |
| conv22                             | conv_feature_splitter4_2                                                             | 2 (L3 memory cuts: 1)      |
| conv_feature_splitter4_1           | concat6                                                                              | 28[S] (L3 memory cuts: 1)  |
| conv_feature_splitter4_2           | conv24                                                                               | 28[S] (L3 memory cuts: 1)  |
| conv_feature_splitter4_2           | conv25                                                                               | 28[S] (L3 memory cuts: 1)  |
| conv_feature_splitter4_2           | concat6                                                                              | 28[S] (L3 memory cuts: 1)  |
| conv24                             | conv26                                                                               | 6 (L3 memory cuts: 1)      |
| conv24                             | ew_add5                                                                              | 6 (L3 memory cuts: 1)      |
| conv26                             | conv27                                                                               | 6[S] (L3 memory cuts: 1)   |
| conv27                             | ew_add5                                                                              | 1 (L3 memory cuts: 1)      |
| ew_add5                            | conv28                                                                               | 4 (L3 memory cuts: 1)      |
| ew_add5                            | ew_add6                                                                              | 4 (L3 memory cuts: 1)      |
| conv28                             | conv29                                                                               | 6[S] (L3 memory cuts: 1)   |
| conv29                             | ew_add6                                                                              | 1 (L3 memory cuts: 1)      |
| ew_add6                            | concat5                                                                              | 3 (L3 memory cuts: 1)      |
| conv25                             | concat5                                                                              | 10 (L3 memory cuts: 1)     |
| concat5                            | conv30                                                                               | 2[S] (L3 memory cuts: 1)   |
| conv30                             | concat6                                                                              | 1[S] (L3 memory cuts: 1)   |
| concat6                            | conv31                                                                               | 2[S] (L3 memory cuts: 1)   |
| conv31                             | conv32                                                                               | 2[S] (L3 memory cuts: 1)   |
| conv32                             | maxpool1                                                                             | 10 (L3 memory cuts: 1)     |
| conv32                             | concat7                                                                              | 10 (L3 memory cuts: 1)     |
| maxpool1                           | maxpool2                                                                             | 9 (L3 memory cuts: 1)      |
| maxpool1                           | concat7                                                                              | 9 (L3 memory cuts: 1)      |
| maxpool2                           | maxpool3                                                                             | 7 (L3 memory cuts: 1)      |
| maxpool2                           | concat7                                                                              | 7 (L3 memory cuts: 1)      |
| maxpool3                           | concat7                                                                              | 4 (L3 memory cuts: 1)      |
| concat7                            | conv33                                                                               | 2[S] (L3 memory cuts: 1)   |
| conv33                             | conv_feature_splitter5_1                                                             | 1[S] (L3 memory cuts: 1)   |
| conv33                             | conv_feature_splitter5_2                                                             | 1[S] (L3 memory cuts: 1)   |
| conv_feature_splitter5_1           | output_from_cluster_unknown_361_i0                                                   | 1 (L3 memory cuts: 1)      |
| output_from_cluster_unknown_361_i0 | gate_rescue_repair_gate_rescue_repair_context_0_to_gate_rescue_repair_context_1_3094 | 1 (L3 memory cuts: 1)      |
| conv_feature_splitter5_2           | conv_feature_splitter6_1                                                             | 1[RPC] (L3 memory cuts: 1) |
| conv_feature_splitter5_2           | conv_feature_splitter6_2                                                             | 1[RPC] (L3 memory cuts: 1) |
| conv_feature_splitter5_2           | conv_feature_splitter6_3                                                             | 2[RPC] (L3 memory cuts: 2) |
| conv_feature_splitter5_2           | output_from_cluster_unknown_362_i0                                                   | 1[RPC] (L3 memory cuts: 1) |
| conv_feature_splitter6_1           | output_from_cluster_unknown_363_i0                                                   | 1 (L3 memory cuts: 1)      |
| output_from_cluster_unknown_363_i0 | gate_rescue_repair_gate_rescue_repair_context_0_to_gate_rescue_repair_context_1_3098 | 1 (L3 memory cuts: 1)      |
| conv_feature_splitter6_2           | output_from_cluster_unknown_364_i0                                                   | 1 (L3 memory cuts: 1)      |
| output_from_cluster_unknown_364_i0 | gate_rescue_repair_gate_rescue_repair_context_0_to_gate_rescue_repair_context_1_3100 | 1 (L3 memory cuts: 1)      |
| conv_feature_splitter6_3           | output_from_cluster_unknown_365_i0                                                   | 1 (L3 memory cuts: 1)      |
| output_from_cluster_unknown_365_i0 | gate_rescue_repair_gate_rescue_repair_context_0_to_gate_rescue_repair_context_1_3102 | 1 (L3 memory cuts: 1)      |
| output_from_cluster_unknown_362_i0 | gate_rescue_repair_gate_rescue_repair_context_0_to_gate_rescue_repair_context_1_3096 | 1 (L3 memory cuts: 1)      |
| output_from_cluster_unknown_360_i0 | gate_rescue_repair_gate_rescue_repair_context_0_to_gate_rescue_repair_context_1_3092 | 2 (L3 memory cuts: 1)      |
| output_from_cluster_unknown_359_i0 | gate_rescue_repair_gate_rescue_repair_context_0_to_gate_rescue_repair_context_1_3090 | 2 (L3 memory cuts: 1)      |
+------------------------------------+--------------------------------------------------------------------------------------+----------------------------+
[2026-09-25 10:50:07.833] [default] [info] Resolve-prepost Buffers gate_rescue_repair_context_1 buffers:
+--------------------------------------------------------------------------------------+--------------------------------------------------------------------------------------+-------------------------------+
| Src                                                                                  | Dst                                                                                  | Buffers                       |
+--------------------------------------------------------------------------------------+--------------------------------------------------------------------------------------+-------------------------------+
| gate_rescue_repair_gate_rescue_repair_context_0_to_gate_rescue_repair_context_1_3091 | input_to_cluster_unknown_366_i0                                                      | 13 (L3 memory cuts: 5)        |
| input_to_cluster_unknown_366_i0                                                      | concat11                                                                             | 13 (L3 memory cuts: 5)        |
| gate_rescue_repair_gate_rescue_repair_context_0_to_gate_rescue_repair_context_1_3093 | input_to_cluster_unknown_367_i0                                                      | 4 (L3 memory cuts: 1)         |
| input_to_cluster_unknown_367_i0                                                      | concat9                                                                              | 4 (L3 memory cuts: 1)         |
| gate_rescue_repair_gate_rescue_repair_context_0_to_gate_rescue_repair_context_1_3095 | input_to_cluster_unknown_368_i0                                                      | 3 (L3 memory cuts: 1)         |
| input_to_cluster_unknown_368_i0                                                      | concat8                                                                              | 3 (L3 memory cuts: 1)         |
| gate_rescue_repair_gate_rescue_repair_context_0_to_gate_rescue_repair_context_1_3097 | input_to_cluster_unknown_369_i0                                                      | 3 (L3 memory cuts: 1)         |
| input_to_cluster_unknown_369_i0                                                      | conv36                                                                               | 3 (L3 memory cuts: 1)         |
| gate_rescue_repair_gate_rescue_repair_context_0_to_gate_rescue_repair_context_1_3099 | input_to_cluster_unknown_370_i0                                                      | 2 (L3 memory cuts: 1)         |
| input_to_cluster_unknown_370_i0                                                      | matmul1                                                                              | 2 (L3 memory cuts: 1)         |
| gate_rescue_repair_gate_rescue_repair_context_0_to_gate_rescue_repair_context_1_3101 | input_to_cluster_unknown_371_i0                                                      | 40 (L3 memory cuts: 2)        |
| input_to_cluster_unknown_371_i0                                                      | matmul1                                                                              | 40 (L3 memory cuts: 2)        |
| matmul1                                                                              | reduce_max_softmax1                                                                  | 2[RPC] (L3 memory cuts: 2)    |
| matmul1                                                                              | ew_sub_softmax1                                                                      | 2[RPC] (L3 memory cuts: 2)    |
| reduce_max_softmax1                                                                  | ew_sub_softmax1                                                                      | 1 (L3 memory cuts: 1)         |
| ew_sub_softmax1                                                                      | reduce_sum_softmax1                                                                  | 1 (L3 memory cuts: 1)         |
| ew_sub_softmax1                                                                      | ew_mult_softmax1                                                                     | 1 (L3 memory cuts: 1)         |
| reduce_sum_softmax1                                                                  | ew_mult_softmax1                                                                     | 2 (L3 memory cuts: 1)         |
| ew_mult_softmax1                                                                     | matmul2                                                                              | 3 (L3 memory cuts: 2)         |
| gate_rescue_repair_gate_rescue_repair_context_0_to_gate_rescue_repair_context_1_3103 | input_to_cluster_unknown_372_i0                                                      | 2 (L3 memory cuts: 1)         |
| input_to_cluster_unknown_372_i0                                                      | activation1                                                                          | 2 (L3 memory cuts: 1)         |
| input_to_cluster_unknown_372_i0                                                      | dw1_defuse_width_feature_reshape                                                     | 2 (L3 memory cuts: 1)         |
| activation1                                                                          | matmul2_reshape                                                                      | 1 (L3 memory cuts: 1)         |
| matmul2_reshape                                                                      | matmul2                                                                              | 40 (L3 memory cuts: 4)        |
| matmul2                                                                              | dw1_defuse_1x1                                                                       | 3 (L3 memory cuts: 1)         |
| dw1_defuse_width_feature_reshape                                                     | dw1_defuse_reshape_hxf_to_w_transposed                                               | 5 (L3 memory cuts: 1)         |
| dw1_defuse_reshape_hxf_to_w_transposed                                               | dw1_defuse_1x1                                                                       | 21 (L3 memory cuts: 18)       |
| dw1_defuse_1x1                                                                       | conv36                                                                               | 4 (L3 memory cuts: 1)         |
| conv36                                                                               | conv37                                                                               | 3[S] (L3 memory cuts: 1)      |
| conv36                                                                               | conv38                                                                               | 3[S] (L3 memory cuts: 1)      |
| conv37                                                                               | conv38                                                                               | 2[S] (L3 memory cuts: 1)      |
| conv38                                                                               | concat8                                                                              | 2 (L3 memory cuts: 1)         |
| concat8                                                                              | conv39                                                                               | 2[S] (L3 memory cuts: 1)      |
| conv39                                                                               | resize1                                                                              | 2 (L3 memory cuts: 1)         |
| conv39                                                                               | concat15                                                                             | 14 (L3 memory cuts: 3)        |
| resize1                                                                              | concat9                                                                              | 3 (L3 memory cuts: 1)         |
| concat9                                                                              | conv_feature_splitter7_1                                                             | 2[S] (L3 memory cuts: 1)      |
| concat9                                                                              | conv_feature_splitter7_2                                                             | 2[S] (L3 memory cuts: 1)      |
| conv_feature_splitter7_1                                                             | concat10                                                                             | 9[RPC] (L3 memory cuts: 9)    |
| conv_feature_splitter7_2                                                             | conv41                                                                               | 6[RPC] (L3 memory cuts: 6)    |
| conv_feature_splitter7_2                                                             | ew_add10                                                                             | 8[RPC] (L3 memory cuts: 8)    |
| conv_feature_splitter7_2                                                             | concat10                                                                             | 9[RPC] (L3 memory cuts: 9)    |
| conv41                                                                               | conv42                                                                               | 11[S] (L3 memory cuts: 1)     |
| conv42                                                                               | ew_add10                                                                             | 2[RPC] (L3 memory cuts: 2)    |
| ew_add10                                                                             | concat10                                                                             | 2 (L3 memory cuts: 1)         |
| concat10                                                                             | conv43                                                                               | 3[S] (L3 memory cuts: 1)      |
| conv43                                                                               | resize2                                                                              | 7[RPC] (L3 memory cuts: 7)    |
| conv43                                                                               | concat13                                                                             | 7[RPC] (L3 memory cuts: 7)    |
| resize2                                                                              | concat11                                                                             | 2[RPC] (L3 memory cuts: 2)    |
| concat11                                                                             | conv_feature_splitter8_1                                                             | 2[RPC] (L3 memory cuts: 2)    |
| concat11                                                                             | conv_feature_splitter8_2                                                             | 2[RPC] (L3 memory cuts: 2)    |
| conv_feature_splitter8_1                                                             | concat12                                                                             | 6 (L3 memory cuts: 1)         |
| conv_feature_splitter8_2                                                             | conv45                                                                               | 6[RPC] (L3 memory cuts: 6)    |
| conv_feature_splitter8_2                                                             | ew_add11                                                                             | 6[RPC] (L3 memory cuts: 6)    |
| conv_feature_splitter8_2                                                             | concat12                                                                             | 6[RPC] (L3 memory cuts: 6)    |
| conv45                                                                               | conv46                                                                               | 7[S] (L3 memory cuts: 1)      |
| conv46                                                                               | ew_add11                                                                             | 2 (L3 memory cuts: 1)         |
| ew_add11                                                                             | concat12                                                                             | 2 (L3 memory cuts: 1)         |
| concat12                                                                             | conv47                                                                               | 2[S] (L3 memory cuts: 1)      |
| conv47                                                                               | conv48                                                                               | 3 (L3 memory cuts: 1)         |
| conv47                                                                               | sh_from_conv47_to_conv49_d0-1_dw2_sd0-1_3114                                         | 3 (L3 memory cuts: 1)         |
| conv48                                                                               | concat13                                                                             | 2 (L3 memory cuts: 1)         |
| sh_from_conv47_to_conv49_d0-1_dw2_sd0-1_3114                                         | conv49_d0                                                                            | 2 (L3 memory cuts: 1)         |
| sh_from_conv47_to_conv49_d0-1_dw2_sd0-1_3114                                         | conv49_d1                                                                            | 2 (L3 memory cuts: 1)         |
| sh_from_conv47_to_conv49_d0-1_dw2_sd0-1_3114                                         | dw2_sd0                                                                              | 2 (L3 memory cuts: 1)         |
| sh_from_conv47_to_conv49_d0-1_dw2_sd0-1_3114                                         | dw2_sd1                                                                              | 2 (L3 memory cuts: 1)         |
| conv49_d0                                                                            | conv49_dc                                                                            | 4[S][RPC] (L3 memory cuts: 4) |
| conv49_d1                                                                            | conv49_dc                                                                            | 4[S][RPC] (L3 memory cuts: 4) |
| conv49_dc                                                                            | conv50_d0                                                                            | 9[S] (L3 memory cuts: 1)      |
| conv49_dc                                                                            | conv50_d1                                                                            | 9[S] (L3 memory cuts: 1)      |
| conv50_d0                                                                            | conv50_dc                                                                            | 4[S][RPC] (L3 memory cuts: 4) |
| conv50_d1                                                                            | conv50_dc                                                                            | 4[S][RPC] (L3 memory cuts: 4) |
| conv50_dc                                                                            | conv51                                                                               | 5[S] (L3 memory cuts: 1)      |
| conv51                                                                               | output_from_cluster_unknown_379_i0                                                   | 2 (L3 memory cuts: 1)         |
| output_from_cluster_unknown_379_i0                                                   | output_from_conv51_to_yolov8_nms_postprocess                                         | 2 (L3 memory cuts: 1)         |
| dw2_sd0                                                                              | dw2_sdc                                                                              | 2 (L3 memory cuts: 1)         |
| dw2_sd1                                                                              | dw2_sdc                                                                              | 2 (L3 memory cuts: 1)         |
| dw2_sdc                                                                              | conv52                                                                               | 2 (L3 memory cuts: 1)         |
| conv52                                                                               | dw3_sd0                                                                              | 2 (L3 memory cuts: 1)         |
| conv52                                                                               | dw3_sd1                                                                              | 2 (L3 memory cuts: 1)         |
| dw3_sd0                                                                              | dw3_sdc                                                                              | 2 (L3 memory cuts: 1)         |
| dw3_sd1                                                                              | dw3_sdc                                                                              | 2 (L3 memory cuts: 1)         |
| dw3_sdc                                                                              | conv53                                                                               | 2 (L3 memory cuts: 1)         |
| conv53                                                                               | conv54                                                                               | 3[S][RPC] (L3 memory cuts: 3) |
| conv54                                                                               | output_from_cluster_unknown_380_i0                                                   | 1 (L3 memory cuts: 1)         |
| output_from_cluster_unknown_380_i0                                                   | output_from_conv54_to_yolov8_nms_postprocess                                         | 1 (L3 memory cuts: 1)         |
| concat13                                                                             | conv_feature_splitter9_1                                                             | 2[S] (L3 memory cuts: 1)      |
| concat13                                                                             | conv_feature_splitter9_2                                                             | 2[S] (L3 memory cuts: 1)      |
| conv_feature_splitter9_1                                                             | concat14                                                                             | 7[RPC] (L3 memory cuts: 7)    |
| conv_feature_splitter9_2                                                             | conv56                                                                               | 3[RPC] (L3 memory cuts: 3)    |
| conv_feature_splitter9_2                                                             | ew_add12                                                                             | 6[RPC] (L3 memory cuts: 6)    |
| conv_feature_splitter9_2                                                             | concat14                                                                             | 7[RPC] (L3 memory cuts: 7)    |
| conv56                                                                               | conv57                                                                               | 11[S] (L3 memory cuts: 1)     |
| conv57                                                                               | ew_add12                                                                             | 2[RPC] (L3 memory cuts: 2)    |
| ew_add12                                                                             | concat14                                                                             | 2 (L3 memory cuts: 1)         |
| concat14                                                                             | conv58                                                                               | 3[S] (L3 memory cuts: 1)      |
| conv58                                                                               | conv59                                                                               | 3[RPC] (L3 memory cuts: 3)    |
| conv58                                                                               | conv60                                                                               | 3[RPC] (L3 memory cuts: 3)    |
| conv58                                                                               | dw4                                                                                  | 3[RPC] (L3 memory cuts: 3)    |
| conv59                                                                               | concat15                                                                             | 2 (L3 memory cuts: 1)         |
| conv60                                                                               | conv61                                                                               | 10[S] (L3 memory cuts: 1)     |
| conv61                                                                               | conv62                                                                               | 4[S][RPC] (L3 memory cuts: 4) |
| conv62                                                                               | output_from_cluster_unknown_377_i0                                                   | 1 (L3 memory cuts: 1)         |
| output_from_cluster_unknown_377_i0                                                   | output_from_conv62_to_yolov8_nms_postprocess                                         | 1 (L3 memory cuts: 1)         |
| dw4                                                                                  | conv63                                                                               | 2 (L3 memory cuts: 1)         |
| conv63                                                                               | dw5                                                                                  | 4 (L3 memory cuts: 1)         |
| dw5                                                                                  | conv64                                                                               | 3 (L3 memory cuts: 1)         |
| conv64                                                                               | conv65                                                                               | 1[S] (L3 memory cuts: 1)      |
| conv65                                                                               | output_from_cluster_unknown_378_i0                                                   | 1 (L3 memory cuts: 1)         |
| output_from_cluster_unknown_378_i0                                                   | output_from_conv65_to_yolov8_nms_postprocess                                         | 1 (L3 memory cuts: 1)         |
| concat15                                                                             | conv_feature_splitter10_1                                                            | 2[S] (L3 memory cuts: 1)      |
| concat15                                                                             | conv_feature_splitter10_2                                                            | 2[S] (L3 memory cuts: 1)      |
| conv_feature_splitter10_1                                                            | output_from_cluster_unknown_373_i0                                                   | 1 (L3 memory cuts: 1)         |
| output_from_cluster_unknown_373_i0                                                   | gate_rescue_repair_gate_rescue_repair_context_1_to_gate_rescue_repair_context_2_3105 | 1 (L3 memory cuts: 1)         |
| conv_feature_splitter10_2                                                            | conv67                                                                               | 1 (L3 memory cuts: 1)         |
| conv_feature_splitter10_2                                                            | conv68                                                                               | 1 (L3 memory cuts: 1)         |
| conv_feature_splitter10_2                                                            | output_from_cluster_unknown_374_i0                                                   | 1 (L3 memory cuts: 1)         |
| conv67                                                                               | conv69                                                                               | 4 (L3 memory cuts: 1)         |
| conv67                                                                               | ew_add13                                                                             | 4 (L3 memory cuts: 1)         |
| conv69                                                                               | conv70                                                                               | 5[S] (L3 memory cuts: 1)      |
| conv70                                                                               | ew_add13                                                                             | 1 (L3 memory cuts: 1)         |
| ew_add13                                                                             | output_from_cluster_unknown_375_i0                                                   | 1 (L3 memory cuts: 1)         |
| output_from_cluster_unknown_375_i0                                                   | gate_rescue_repair_gate_rescue_repair_context_1_to_gate_rescue_repair_context_2_3111 | 1 (L3 memory cuts: 1)         |
| conv68                                                                               | output_from_cluster_unknown_376_i0                                                   | 1 (L3 memory cuts: 1)         |
| output_from_cluster_unknown_376_i0                                                   | gate_rescue_repair_gate_rescue_repair_context_1_to_gate_rescue_repair_context_2_3109 | 1 (L3 memory cuts: 1)         |
| output_from_cluster_unknown_374_i0                                                   | gate_rescue_repair_gate_rescue_repair_context_1_to_gate_rescue_repair_context_2_3107 | 1 (L3 memory cuts: 1)         |
+--------------------------------------------------------------------------------------+--------------------------------------------------------------------------------------+-------------------------------+
[2026-09-25 10:50:07.901] [default] [info] Resolve-prepost Buffers gate_rescue_repair_context_2 buffers:
+--------------------------------------------------------------------------------------+----------------------------------------------+----------------------------+
| Src                                                                                  | Dst                                          | Buffers                    |
+--------------------------------------------------------------------------------------+----------------------------------------------+----------------------------+
| gate_rescue_repair_gate_rescue_repair_context_1_to_gate_rescue_repair_context_2_3106 | input_to_cluster_unknown_381_i0              | 3 (L3 memory cuts: 1)      |
| input_to_cluster_unknown_381_i0                                                      | concat17                                     | 3 (L3 memory cuts: 1)      |
| gate_rescue_repair_gate_rescue_repair_context_1_to_gate_rescue_repair_context_2_3108 | input_to_cluster_unknown_382_i0              | 3 (L3 memory cuts: 1)      |
| input_to_cluster_unknown_382_i0                                                      | concat17                                     | 3 (L3 memory cuts: 1)      |
| gate_rescue_repair_gate_rescue_repair_context_1_to_gate_rescue_repair_context_2_3110 | input_to_cluster_unknown_383_i0              | 3 (L3 memory cuts: 1)      |
| input_to_cluster_unknown_383_i0                                                      | concat16                                     | 3 (L3 memory cuts: 1)      |
| gate_rescue_repair_gate_rescue_repair_context_1_to_gate_rescue_repair_context_2_3112 | input_to_cluster_unknown_384_i0              | 4 (L3 memory cuts: 1)      |
| input_to_cluster_unknown_384_i0                                                      | conv71                                       | 4 (L3 memory cuts: 1)      |
| conv71                                                                               | conv72                                       | 5[S] (L3 memory cuts: 1)   |
| conv72                                                                               | ew_add14                                     | 2 (L3 memory cuts: 1)      |
| gate_rescue_repair_gate_rescue_repair_context_1_to_gate_rescue_repair_context_2_3113 | input_to_cluster_unknown_385_i0              | 2 (L3 memory cuts: 1)      |
| input_to_cluster_unknown_385_i0                                                      | ew_add14                                     | 2 (L3 memory cuts: 1)      |
| ew_add14                                                                             | concat16                                     | 2 (L3 memory cuts: 1)      |
| concat16                                                                             | conv73                                       | 2[S] (L3 memory cuts: 1)   |
| conv73                                                                               | concat17                                     | 2[RPC] (L3 memory cuts: 2) |
| concat17                                                                             | conv74                                       | 2[S] (L3 memory cuts: 1)   |
| conv74                                                                               | conv75_ws                                    | 1[RPC] (L3 memory cuts: 1) |
| conv74                                                                               | dw6_fs                                       | 1[RPC] (L3 memory cuts: 1) |
| conv75_ws                                                                            | conv75_sd0                                   | 1[RPC] (L3 memory cuts: 1) |
| conv75_ws                                                                            | conv75_sd1                                   | 2[RPC] (L3 memory cuts: 2) |
| conv75_sd0                                                                           | conv75_sdc                                   | 2 (L3 memory cuts: 1)      |
| conv75_sd1                                                                           | conv75_sdc                                   | 1[RPC] (L3 memory cuts: 1) |
| conv75_sdc                                                                           | conv76                                       | 2[RPC] (L3 memory cuts: 2) |
| conv76                                                                               | conv77                                       | 1[S] (L3 memory cuts: 1)   |
| conv77                                                                               | output_from_cluster_unknown_386_i0           | 1 (L3 memory cuts: 1)      |
| output_from_cluster_unknown_386_i0                                                   | output_from_conv77_to_yolov8_nms_postprocess | 1 (L3 memory cuts: 1)      |
| dw6_fs                                                                               | dw6_d0                                       | 1 (L3 memory cuts: 1)      |
| dw6_fs                                                                               | dw6_d1                                       | 1 (L3 memory cuts: 1)      |
| dw6_d0                                                                               | dw6_dc                                       | 2[RPC] (L3 memory cuts: 2) |
| dw6_d1                                                                               | dw6_dc                                       | 2[RPC] (L3 memory cuts: 2) |
| dw6_dc                                                                               | conv78                                       | 2[S] (L3 memory cuts: 1)   |
| conv78                                                                               | dw7                                          | 4 (L3 memory cuts: 1)      |
| dw7                                                                                  | conv79                                       | 3 (L3 memory cuts: 1)      |
| conv79                                                                               | conv80                                       | 1[S] (L3 memory cuts: 1)   |
| conv80                                                                               | output_from_cluster_unknown_387_i0           | 1 (L3 memory cuts: 1)      |
| output_from_cluster_unknown_387_i0                                                   | output_from_conv80_to_yolov8_nms_postprocess | 1 (L3 memory cuts: 1)      |
+--------------------------------------------------------------------------------------+----------------------------------------------+----------------------------+
[2026-09-25 10:50:07.959] [default] [info] Context:0/0 Iteration 0: Mapping prepost...          
          cluster_0  cluster_1  cluster_2  cluster_3  cluster_4  cluster_5  cluster_6  cluster_7  prepost 
 worker0  *          *          *          *          *          *          *          *          V       
 worker1                                                                                                  
 worker2                                                                                                  
 worker3                                                                                                  

  00:00
[2026-09-25 10:50:08.097] [default] [info] Context:0/2 Iteration 0: Trying parallel splits...   
          cluster_0  cluster_1  cluster_2  cluster_3  cluster_4  cluster_5  cluster_6  cluster_7  prepost 
 worker0                                                                                                  
 worker1                                                                                                  
 worker2                                                                                                  
 worker3                                                                                                  

  00:00
[2026-09-25 10:50:08.558] [default] [info] Context:0/2 Iteration 0: Trying parallel splits...   
          cluster_0  cluster_1  cluster_2  cluster_3  cluster_4  cluster_5  cluster_6  cluster_7  prepost 
 worker0                                                                                                  
 worker1  *          *          *          *          *          *          *          *          V       
 worker2                                                                                                  
 worker3                                                                                                  

  00:01
[2026-09-25 10:50:08.573] [default] [info] Context:0/2 Iteration 0: Trying parallel splits...   
          cluster_0  cluster_1  cluster_2  cluster_3  cluster_4  cluster_5  cluster_6  cluster_7  prepost 
 worker0                                                                                                  
 worker1  *          *          *          *          *          *          *          *          V       
 worker2  *          *          *          *          *          *          *          *          V       
 worker3                                                                                                  

  00:01
[2026-09-25 10:50:08.587] [default] [info] Context:0/2 Iteration 4: Trying parallel mapping...  
          cluster_0  cluster_1  cluster_2  cluster_3  cluster_4  cluster_5  cluster_6  cluster_7  prepost 
 worker0  *          *          *          *          *          *          *          *          V       
 worker1  *          *          *          *          *          *          *          *          V       
 worker2  *          *          *          *          *          *          *          *          V       
 worker3                                                                                                  

  00:01
[2026-09-25 10:50:08.606] [default] [info] Context:0/2 Iteration 4: Trying parallel mapping...  
          cluster_0  cluster_1  cluster_2  cluster_3  cluster_4  cluster_5  cluster_6  cluster_7  prepost 
 worker0  *          *          *          *          *          *          *          *          V       
 worker1  *          *          *          *          *          *          *          *          V       
 worker2  *          *          *          *          *          *          *          *          V       
 worker3  *          *          *          *          *          *          *          *          V       

  00:01
[2026-09-25 10:50:08.803] [default] [info] Context:0/2 Iteration 4: Trying parallel mapping...  
          cluster_0  cluster_1  cluster_2  cluster_3  cluster_4  cluster_5  cluster_6  cluster_7  prepost 
 worker0  *          *          *          *          *          *          *          *          V       
 worker1  *          *          *          *          *          *          *          *          V       
 worker2  *          *          *          *          *          *          *          *          V       
 worker3  *          *          *          *          *          *          *          *          V       

  00:01
[2026-09-25 10:50:08.818] [default] [info] Context:0/2 Iteration 4: Trying parallel mapping...  
          cluster_0  cluster_1  cluster_2  cluster_3  cluster_4  cluster_5  cluster_6  cluster_7  prepost 
 worker0  *          *          *          *          *          *          *          *          V       
 worker1  *          *          *          *          *          *          *          *          V       
 worker2  *          *          V          *          *          *          *          *          V       
 worker3  *          *          *          *          *          *          *          *          V       

  00:01
[2026-09-25 10:50:08.834] [default] [info] Context:0/2 Iteration 4: Trying parallel mapping...  
          cluster_0  cluster_1  cluster_2  cluster_3  cluster_4  cluster_5  cluster_6  cluster_7  prepost 
 worker0  *          *          *          *          *          *          *          *          V       
 worker1  *          *          *          *          *          *          *          *          V       
 worker2  *          V          V          *          *          *          V          *          V       
 worker3  *          *          *          *          *          *          *          *          V       

  00:01
[2026-09-25 10:50:08.850] [default] [info] Context:0/2 Iteration 4: Trying parallel mapping...  
          cluster_0  cluster_1  cluster_2  cluster_3  cluster_4  cluster_5  cluster_6  cluster_7  prepost 
 worker0  *          *          *          *          *          *          *          *          V       
 worker1  *          *          *          *          *          *          *          *          V       
 worker2  V          V          V          V          *          *          V          *          V       
 worker3  *          *          *          *          *          *          *          *          V       

  00:01
[2026-09-25 10:50:08.865] [default] [info] Context:0/2 Iteration 4: Trying parallel mapping...  
          cluster_0  cluster_1  cluster_2  cluster_3  cluster_4  cluster_5  cluster_6  cluster_7  prepost 
 worker0  *          *          *          *          *          *          *          *          V       
 worker1  *          V          *          V          *          *          *          *          V       
 worker2  V          V          V          V          *          *          V          *          V       
 worker3  *          *          *          *          *          *          *          *          V       

  00:01
[2026-09-25 10:50:08.880] [default] [info] Context:0/2 Iteration 4: Trying parallel mapping...  
          cluster_0  cluster_1  cluster_2  cluster_3  cluster_4  cluster_5  cluster_6  cluster_7  prepost 
 worker0  *          *          *          *          *          *          *          *          V       
 worker1  *          V          *          V          *          *          *          *          V       
 worker2  V          V          V          V          *          *          V          *          V       
 worker3  *          *          *          *          *          *          *          *          V       

  00:01
[2026-09-25 10:50:08.893] [default] [info] Context:0/2 Iteration 4: Trying parallel mapping...  
          cluster_0  cluster_1  cluster_2  cluster_3  cluster_4  cluster_5  cluster_6  cluster_7  prepost 
 worker0  *          *          *          *          *          *          *          *          V       
 worker1  *          V          *          V          *          V          *          *          V       
 worker2  V          V          V          V          *          *          V          *          V       
 worker3  *          *          *          *          *          *          *          *          V       

  00:01
[2026-09-25 10:50:08.905] [default] [info] Context:0/2 Iteration 4: Trying parallel mapping...  
          cluster_0  cluster_1  cluster_2  cluster_3  cluster_4  cluster_5  cluster_6  cluster_7  prepost 
 worker0  *          *          *          *          *          *          *          *          V       
 worker1  *          V          *          V          V          V          V          *          V       
 worker2  V          V          V          V          *          *          V          *          V       
 worker3  *          *          *          *          *          *          *          *          V       

  00:01
[2026-09-25 10:50:08.918] [default] [info] Context:0/2 Iteration 4: Trying parallel mapping...  
          cluster_0  cluster_1  cluster_2  cluster_3  cluster_4  cluster_5  cluster_6  cluster_7  prepost 
 worker0  *          *          *          *          *          *          *          *          V       
 worker1  *          V          *          V          V          V          V          *          V       
 worker2  V          V          V          V          *          *          V          *          V       
 worker3  *          *          *          *          *          *          *          *          V       

  00:01
[2026-09-25 10:50:08.942] [default] [info] Context:0/2 Iteration 4: Trying parallel mapping...  
          cluster_0  cluster_1  cluster_2  cluster_3  cluster_4  cluster_5  cluster_6  cluster_7  prepost 
 worker0  *          *          *          *          *          *          *          *          V       
 worker1  *          V          *          V          V          V          V          *          V       
 worker2  V          V          V          V          *          *          V          *          V       
 worker3  *          *          *          *          *          *          *          *          V       

  00:01
[2026-09-25 10:50:08.955] [default] [info] Context:0/2 Iteration 4: Trying parallel mapping...  
          cluster_0  cluster_1  cluster_2  cluster_3  cluster_4  cluster_5  cluster_6  cluster_7  prepost 
 worker0  *          *          *          *          *          *          *          *          V       
 worker1  *          V          *          V          V          V          V          *          V       
 worker2  V          V          V          V          *          *          V          *          V       
 worker3  *          *          V          V          V          *          V          *          V       

  00:01
[2026-09-25 10:50:08.968] [default] [info] Context:0/2 Iteration 4: Trying parallel mapping...  
          cluster_0  cluster_1  cluster_2  cluster_3  cluster_4  cluster_5  cluster_6  cluster_7  prepost 
 worker0  *          *          *          *          *          *          *          *          V       
 worker1  *          V          *          V          V          V          V          *          V       
 worker2  V          V          V          V          *          *          V          *          V       
 worker3  *          V          V          V          V          V          V          V          V       

  00:01
[2026-09-25 10:50:08.981] [default] [info] Context:0/2 Iteration 4: Trying parallel mapping...  
          cluster_0  cluster_1  cluster_2  cluster_3  cluster_4  cluster_5  cluster_6  cluster_7  prepost 
 worker0  *          *          *          *          *          *          *          *          V       
 worker1  V          V          *          V          V          V          V          *          V       
 worker2  V          V          V          V          *          *          V          *          V       
 worker3  *          V          V          V          V          V          V          V          V       

  00:01
[2026-09-25 10:50:08.994] [default] [info] Context:0/2 Iteration 4: Trying parallel mapping...  
          cluster_0  cluster_1  cluster_2  cluster_3  cluster_4  cluster_5  cluster_6  cluster_7  prepost 
 worker0  *          *          *          *          *          *          *          *          V       
 worker1  V          V          V          V          V          V          V          *          V       
 worker2  V          V          V          V          *          *          V          *          V       
 worker3  *          V          V          V          V          V          V          V          V       

  00:01
[2026-09-25 10:50:09.006] [default] [info] Context:0/2 Iteration 4: Trying parallel mapping...  
          cluster_0  cluster_1  cluster_2  cluster_3  cluster_4  cluster_5  cluster_6  cluster_7  prepost 
 worker0  *          *          *          *          *          *          *          *          V       
 worker1  V          V          V          V          V          V          V          *          V       
 worker2  V          V          V          V          *          *          V          *          V       
 worker3  *          V          V          V          V          V          V          V          V       

  00:01
[2026-09-25 10:50:09.019] [default] [info] Context:0/2 Iteration 4: Trying parallel mapping...  
          cluster_0  cluster_1  cluster_2  cluster_3  cluster_4  cluster_5  cluster_6  cluster_7  prepost 
 worker0  *          *          *          *          *          *          *          *          V       
 worker1  V          V          V          V          V          V          V          *          V       
 worker2  V          V          V          V          *          *          V          *          V       
 worker3  *          V          V          V          V          V          V          V          V       

  00:01
[2026-09-25 10:50:09.032] [default] [info] Context:0/2 Iteration 4: Trying parallel mapping...  
          cluster_0  cluster_1  cluster_2  cluster_3  cluster_4  cluster_5  cluster_6  cluster_7  prepost 
 worker0  *          *          *          *          *          *          *          *          V       
 worker1  V          V          V          V          V          V          V          *          V       
 worker2  V          V          V          V          *          *          V          *          V       
 worker3  *          V          V          V          V          V          V          V          V       

  00:01
[2026-09-25 10:50:09.044] [default] [info] Context:0/2 Iteration 4: Trying parallel mapping...  
          cluster_0  cluster_1  cluster_2  cluster_3  cluster_4  cluster_5  cluster_6  cluster_7  prepost 
 worker0  *          *          *          *          *          *          *          *          V       
 worker1  V          V          V          V          V          V          V          *          V       
 worker2  V          V          V          V          *          *          V          *          V       
 worker3  V          V          V          V          V          V          V          V          V       

  00:01
[2026-09-25 10:50:09.057] [default] [info] Context:0/2 Iteration 4: Trying parallel mapping...  
          cluster_0  cluster_1  cluster_2  cluster_3  cluster_4  cluster_5  cluster_6  cluster_7  prepost 
 worker0  *          *          *          *          *          *          *          *          V       
 worker1  V          V          V          V          V          V          V          *          V       
 worker2  V          V          V          V          *          *          V          *          V       
 worker3  V          V          V          V          V          V          V          V          V       

  00:01
[2026-09-25 10:50:09.069] [default] [info] Context:0/2 Iteration 4: Trying parallel mapping...  
          cluster_0  cluster_1  cluster_2  cluster_3  cluster_4  cluster_5  cluster_6  cluster_7  prepost 
 worker0  *          *          *          *          *          *          *          *          V       
 worker1  V          V          V          V          V          V          V          *          V       
 worker2  V          V          V          V          *          *          V          *          V       
 worker3  V          V          V          V          V          V          V          V          V       

  00:01
[2026-09-25 10:50:09.082] [default] [info] Context:0/2 Iteration 4: Trying parallel mapping...  
          cluster_0  cluster_1  cluster_2  cluster_3  cluster_4  cluster_5  cluster_6  cluster_7  prepost 
 worker0  *          *          *          *          *          *          *          *          V       
 worker1  V          V          V          V          V          V          V          *          V       
 worker2  V          V          V          V          *          *          V          *          V       
 worker3  V          V          V          V          V          V          V          V          V       

  00:01
[2026-09-25 10:50:09.094] [default] [info] Context:0/2 Iteration 4: Trying parallel mapping...  
          cluster_0  cluster_1  cluster_2  cluster_3  cluster_4  cluster_5  cluster_6  cluster_7  prepost 
 worker0  *          *          *          *          *          *          *          *          V       
 worker1  V          V          V          V          V          V          V          *          V       
 worker2  V          V          V          V          *          *          V          *          V       
 worker3  V          V          V          V          V          V          V          V          V       

  00:01
[2026-09-25 10:50:09.106] [default] [info] Context:0/2 Iteration 4: Trying parallel mapping...  
          cluster_0  cluster_1  cluster_2  cluster_3  cluster_4  cluster_5  cluster_6  cluster_7  prepost 
 worker0  *          *          *          *          *          *          *          *          V       
 worker1  V          V          V          V          V          V          V          *          V       
 worker2  V          V          V          V          *          *          V          *          V       
 worker3  V          V          V          V          V          V          V          V          V       

  00:01
[2026-09-25 10:50:09.119] [default] [info] Context:0/2 Iteration 4: Trying parallel mapping...  
          cluster_0  cluster_1  cluster_2  cluster_3  cluster_4  cluster_5  cluster_6  cluster_7  prepost 
 worker0  *          *          *          *          *          *          *          *          V       
 worker1  V          V          V          V          V          V          V          *          V       
 worker2  V          V          V          V          *          *          V          *          V       
 worker3  V          V          V          V          V          V          V          V          V       

  00:01
[2026-09-25 10:50:09.131] [default] [info] Context:0/2 Iteration 4: Trying parallel mapping...  
          cluster_0  cluster_1  cluster_2  cluster_3  cluster_4  cluster_5  cluster_6  cluster_7  prepost 
 worker0  *          *          *          *          *          *          *          *          V       
 worker1  V          V          V          V          V          V          V          *          V       
 worker2  V          V          V          V          *          *          V          *          V       
 worker3  V          V          V          V          V          V          V          V          V       

  00:01
[2026-09-25 10:50:09.286] [default] [info] Context:0/2 Iteration 4: Trying parallel mapping...  
          cluster_0  cluster_1  cluster_2  cluster_3  cluster_4  cluster_5  cluster_6  cluster_7  prepost 
 worker0  *          *          *          *          *          *          *          *          V       
 worker1  V          V          V          V          V          V          V          *          V       
 worker2  V          V          V          V          *          *          V          *          V       
 worker3  V          V          V          V          V          V          V          V          V       

  00:01
[2026-09-25 10:50:09.305] [default] [info] Context:0/2 Iteration 4: Trying parallel mapping...  
          cluster_0  cluster_1  cluster_2  cluster_3  cluster_4  cluster_5  cluster_6  cluster_7  prepost 
 worker0  *          *          *          *          V          *          *          *          V       
 worker1  V          V          V          V          V          V          V          *          V       
 worker2  V          V          V          V          *          *          V          *          V       
 worker3  V          V          V          V          V          V          V          V          V       

  00:01
[2026-09-25 10:50:09.317] [default] [info] Context:0/2 Iteration 4: Trying parallel mapping...  
          cluster_0  cluster_1  cluster_2  cluster_3  cluster_4  cluster_5  cluster_6  cluster_7  prepost 
 worker0  *          V          V          *          V          V          *          *          V       
 worker1  V          V          V          V          V          V          V          *          V       
 worker2  V          V          V          V          *          *          V          *          V       
 worker3  V          V          V          V          V          V          V          V          V       

  00:01
[2026-09-25 10:50:09.330] [default] [info] Context:0/2 Iteration 4: Trying parallel mapping...  
          cluster_0  cluster_1  cluster_2  cluster_3  cluster_4  cluster_5  cluster_6  cluster_7  prepost 
 worker0  V          V          V          V          V          V          V          V          V       
 worker1  V          V          V          V          V          V          V          *          V       
 worker2  V          V          V          V          *          *          V          *          V       
 worker3  V          V          V          V          V          V          V          V          V       

  00:01
[2026-09-25 10:50:09.343] [default] [info] Context:0/2 Iteration 4: Trying parallel mapping...  
          cluster_0  cluster_1  cluster_2  cluster_3  cluster_4  cluster_5  cluster_6  cluster_7  prepost 
 worker0  V          V          V          V          V          V          V          V          V       
 worker1  V          V          V          V          V          V          V          *          V       
 worker2  V          V          V          V          *          *          V          *          V       
 worker3  V          V          V          V          V          V          V          V          V       

  00:01
[2026-09-25 10:50:09.356] [default] [info] Context:0/2 Iteration 4: Trying parallel mapping...  
          cluster_0  cluster_1  cluster_2  cluster_3  cluster_4  cluster_5  cluster_6  cluster_7  prepost 
 worker0  V          V          V          V          V          V          V          V          V       
 worker1  V          V          V          V          V          V          V          *          V       
 worker2  V          V          V          V          *          *          V          *          V       
 worker3  V          V          V          V          V          V          V          V          V       

  00:01
[2026-09-25 10:50:09.369] [default] [info] Context:0/2 Iteration 4: Trying parallel mapping...  
          cluster_0  cluster_1  cluster_2  cluster_3  cluster_4  cluster_5  cluster_6  cluster_7  prepost 
 worker0  V          V          V          V          V          V          V          V          V       
 worker1  V          V          V          V          V          V          V          *          V       
 worker2  V          V          V          V          *          *          V          *          V       
 worker3  V          V          V          V          V          V          V          V          V       

  00:01
[2026-09-25 10:50:09.382] [default] [info] Context:0/2 Iteration 4: Trying parallel mapping...  
          cluster_0  cluster_1  cluster_2  cluster_3  cluster_4  cluster_5  cluster_6  cluster_7  prepost 
 worker0  V          V          V          V          V          V          V          V          V       
 worker1  V          V          V          V          V          V          V          *          V       
 worker2  V          V          V          V          *          *          V          *          V       
 worker3  V          V          V          V          V          V          V          V          V       

  00:01
[2026-09-25 10:50:09.395] [default] [info] Context:0/2 Iteration 4: Trying parallel mapping...  
          cluster_0  cluster_1  cluster_2  cluster_3  cluster_4  cluster_5  cluster_6  cluster_7  prepost 
 worker0  V          V          V          V          V          V          V          V          V       
 worker1  V          V          V          V          V          V          V          *          V       
 worker2  V          V          V          V          *          *          V          *          V       
 worker3  V          V          V          V          V          V          V          V          V       

  00:02
[2026-09-25 10:50:09.401] [default] [info] Post-Split Resources for gate_rescue_repair_context_0, iteration 1 (CP)
+--------------------------------------------------------------------------------------+-------------+-----------------------+-----------------------+----------------------+----------------+-----+-----+------+
| Node                                                                                 | Subclusters | L3 Weight Memory Cuts | L3 Output Memory Cuts | L3 Input Memory Cuts | L4 Memory Cuts | IBs | OBs | APUs |
+--------------------------------------------------------------------------------------+-------------+-----------------------+-----------------------+----------------------+----------------+-----+-----+------+
| input_layer1                                                                         | 0           | 0                     | 0                     | 0                    | 0.500          | 0   | 0   | 0    |
| input_to_cluster_0_358_i1                                                            | 0           | 0                     | 2                     | 0                    | 0.000          | 1   | 0   | 0    |
| normalization1_sd0                                                                   | 1           | 1                     | 1                     | 1                    | 0.000          | 0   | 0   | 1    |
| normalization1_sd1                                                                   | 1           | 1                     | 1                     | 1                    | 0.000          | 0   | 0   | 1    |
| normalization1_sdc                                                                   | 1           | 0                     | 2                     | 2                    | 0.000          | 0   | 0   | 1    |
| output_from_cluster_0_359_i1                                                         | 0           | 0                     | 0                     | 0                    | 0.000          | 0   | 1   | 0    |
| input_to_cluster_2_360_i1                                                            | 0           | 0                     | 2                     | 0                    | 0.000          | 1   | 0   | 0    |
| conv1_ws                                                                             | 1           | 0                     | 4                     | 2                    | 0.000          | 0   | 0   | 1    |
| conv1_sd0                                                                            | 1           | 1                     | 1                     | 1                    | 0.000          | 0   | 0   | 1    |
| output_from_cluster_2_365_i1                                                         | 0           | 0                     | 0                     | 0                    | 0.000          | 0   | 1   | 0    |
| input_to_cluster_0_366_i1                                                            | 0           | 0                     | 1                     | 0                    | 0.000          | 1   | 0   | 0    |
| conv1_sd3                                                                            | 1           | 1                     | 1                     | 1                    | 0.000          | 0   | 0   | 1    |
| output_from_cluster_2_367_i1                                                         | 0           | 0                     | 0                     | 0                    | 0.000          | 0   | 1   | 0    |
| input_to_cluster_0_368_i1                                                            | 0           | 0                     | 1                     | 0                    | 0.000          | 1   | 0   | 0    |
| output_from_cluster_2_361_i1                                                         | 0           | 0                     | 0                     | 0                    | 0.000          | 0   | 1   | 0    |
| input_to_cluster_0_362_i1                                                            | 0           | 0                     | 1                     | 0                    | 0.000          | 1   | 0   | 0    |
| conv1_sd1                                                                            | 1           | 1                     | 2                     | 1                    | 0.000          | 0   | 0   | 1    |
| output_from_cluster_2_363_i1                                                         | 0           | 0                     | 0                     | 0                    | 0.000          | 0   | 1   | 0    |
| input_to_cluster_0_364_i1                                                            | 0           | 0                     | 1                     | 0                    | 0.000          | 1   | 0   | 0    |
| conv1_sd2                                                                            | 1           | 1                     | 2                     | 1                    | 0.000          | 0   | 0   | 1    |
| conv1_sdc                                                                            | 1           | 0                     | 2                     | 6                    | 0.000          | 0   | 0   | 1    |
| conv2_ws                                                                             | 1           | 0                     | 8                     | 2                    | 0.000          | 0   | 0   | 1    |
| conv2_sd0                                                                            | 4           | 4                     | 1                     | 3                    | 0.000          | 0   | 0   | 1    |
| output_from_cluster_0_369_i1                                                         | 0           | 0                     | 0                     | 0                    | 0.000          | 0   | 1   | 0    |
| input_to_cluster_2_370_i1                                                            | 0           | 0                     | 1                     | 0                    | 0.000          | 1   | 0   | 0    |
| conv2_sd1                                                                            | 4           | 4                     | 1                     | 3                    | 0.000          | 0   | 0   | 1    |
| output_from_cluster_0_371_i1                                                         | 0           | 0                     | 0                     | 0                    | 0.000          | 0   | 1   | 0    |
| input_to_cluster_2_372_i1                                                            | 0           | 0                     | 1                     | 0                    | 0.000          | 1   | 0   | 0    |
| conv2_sd2                                                                            | 4           | 4                     | 1                     | 2                    | 0.000          | 0   | 0   | 1    |
| output_from_cluster_0_373_i1                                                         | 0           | 0                     | 0                     | 0                    | 0.000          | 0   | 1   | 0    |
| input_to_cluster_2_374_i1                                                            | 0           | 0                     | 1                     | 0                    | 0.000          | 1   | 0   | 0    |
| conv2_sdc                                                                            | 1           | 0                     | 1                     | 3                    | 0.000          | 0   | 0   | 1    |
| output_from_cluster_2_375_i1                                                         | 0           | 0                     | 0                     | 0                    | 0.000          | 0   | 1   | 0    |
| input_to_cluster_5_376_i1                                                            | 0           | 0                     | 1                     | 0                    | 0.000          | 1   | 0   | 0    |
| conv_feature_splitter1_2                                                             | 1           | 1                     | 12                    | 1                    | 0.000          | 0   | 0   | 1    |
| conv4                                                                                | 2           | 1                     | 1                     | 4                    | 0.000          | 0   | 0   | 1    |
| output_from_cluster_5_382_i1                                                         | 0           | 0                     | 0                     | 0                    | 0.000          | 0   | 1   | 0    |
| input_to_cluster_4_383_i1                                                            | 0           | 0                     | 1                     | 0                    | 0.000          | 1   | 0   | 0    |
| conv5                                                                                | 2           | 2                     | 1                     | 1                    | 0.000          | 0   | 0   | 1    |
| output_from_cluster_4_384_i1                                                         | 0           | 0                     | 0                     | 0                    | 0.000          | 0   | 1   | 0    |
| input_to_cluster_5_385_i1                                                            | 0           | 0                     | 1                     | 0                    | 0.000          | 1   | 0   | 0    |
| ew_add1                                                                              | 1           | 1                     | 1                     | 8                    | 0.000          | 0   | 0   | 1    |
| output_from_cluster_5_386_i1                                                         | 0           | 0                     | 0                     | 0                    | 0.000          | 0   | 1   | 0    |
| input_to_cluster_2_387_i1                                                            | 0           | 0                     | 1                     | 0                    | 0.000          | 1   | 0   | 0    |
| output_from_cluster_5_380_i1                                                         | 0           | 0                     | 0                     | 0                    | 0.000          | 0   | 1   | 0    |
| input_to_cluster_2_381_i1                                                            | 0           | 0                     | 7                     | 0                    | 0.000          | 1   | 0   | 0    |
| input_to_cluster_4_377_i1                                                            | 0           | 0                     | 1                     | 0                    | 0.000          | 1   | 0   | 0    |
| conv_feature_splitter1_1                                                             | 1           | 1                     | 1                     | 1                    | 0.000          | 0   | 0   | 1    |
| output_from_cluster_4_378_i1                                                         | 0           | 0                     | 0                     | 0                    | 0.000          | 0   | 1   | 0    |
| input_to_cluster_2_379_i1                                                            | 0           | 0                     | 7                     | 0                    | 0.000          | 1   | 0   | 0    |
| concat1                                                                              | 1           | 0                     | 1                     | 15                   | 0.000          | 0   | 0   | 1    |
| output_from_cluster_2_388_i1                                                         | 0           | 0                     | 0                     | 0                    | 0.000          | 0   | 1   | 0    |
| input_to_cluster_4_389_i1                                                            | 0           | 0                     | 1                     | 0                    | 0.000          | 1   | 0   | 0    |
| conv6                                                                                | 4           | 4                     | 2                     | 1                    | 0.000          | 0   | 0   | 1    |
| conv7_ws                                                                             | 1           | 0                     | 4                     | 2                    | 0.000          | 0   | 0   | 1    |
| conv7_sd2                                                                            | 8           | 8                     | 1                     | 2                    | 0.000          | 0   | 0   | 1    |
| output_from_cluster_4_390_i1                                                         | 0           | 0                     | 0                     | 0                    | 0.000          | 0   | 1   | 0    |
| input_to_cluster_0_391_i1                                                            | 0           | 0                     | 2                     | 0                    | 0.000          | 1   | 0   | 0    |
| conv7_sd1                                                                            | 8           | 8                     | 1                     | 2                    | 0.000          | 0   | 0   | 1    |
| output_from_cluster_0_396_i1                                                         | 0           | 0                     | 0                     | 0                    | 0.000          | 0   | 1   | 0    |
| input_to_cluster_4_397_i1                                                            | 0           | 0                     | 1                     | 0                    | 0.000          | 1   | 0   | 0    |
| output_from_cluster_4_392_i1                                                         | 0           | 0                     | 0                     | 0                    | 0.000          | 0   | 1   | 0    |
| input_to_cluster_2_393_i1                                                            | 0           | 0                     | 2                     | 0                    | 0.000          | 1   | 0   | 0    |
| conv7_sd0                                                                            | 8           | 8                     | 1                     | 2                    | 0.000          | 0   | 0   | 1    |
| output_from_cluster_2_394_i1                                                         | 0           | 0                     | 0                     | 0                    | 0.000          | 0   | 1   | 0    |
| input_to_cluster_4_395_i1                                                            | 0           | 0                     | 1                     | 0                    | 0.000          | 1   | 0   | 0    |
| conv7_sdc                                                                            | 1           | 0                     | 2                     | 3                    | 0.000          | 0   | 0   | 1    |
| conv_feature_splitter2_1                                                             | 1           | 1                     | 1                     | 1                    | 0.000          | 0   | 0   | 1    |
| conv_feature_splitter2_2                                                             | 1           | 1                     | 3                     | 1                    | 0.000          | 0   | 0   | 1    |
| conv9                                                                                | 2           | 2                     | 1                     | 1                    | 0.000          | 0   | 0   | 1    |
| conv10                                                                               | 2           | 1                     | 1                     | 1                    | 0.000          | 0   | 0   | 1    |
| ew_add2                                                                              | 1           | 1                     | 1                     | 2                    | 0.000          | 0   | 0   | 1    |
| concat2                                                                              | 1           | 0                     | 1                     | 3                    | 0.000          | 0   | 0   | 1    |
| output_from_cluster_4_398_i1                                                         | 0           | 0                     | 0                     | 0                    | 0.000          | 0   | 1   | 0    |
| input_to_cluster_7_399_i1                                                            | 0           | 0                     | 1                     | 0                    | 0.000          | 1   | 0   | 0    |
| conv11                                                                               | 4           | 2                     | 2                     | 1                    | 0.000          | 0   | 0   | 1    |
| output_from_cluster_7_400_i1                                                         | 0           | 0                     | 0                     | 0                    | 0.000          | 0   | 1   | 0    |
| input_to_cluster_1_401_i1                                                            | 0           | 0                     | 1                     | 0                    | 0.000          | 1   | 0   | 0    |
| conv12_ws                                                                            | 1           | 0                     | 2                     | 1                    | 0.000          | 0   | 0   | 1    |
| conv12_sd1                                                                           | 8           | 8                     | 1                     | 1                    | 0.000          | 0   | 0   | 1    |
| output_from_cluster_1_402_i1                                                         | 0           | 0                     | 0                     | 0                    | 0.000          | 0   | 1   | 0    |
| input_to_cluster_3_403_i1                                                            | 0           | 0                     | 1                     | 0                    | 0.000          | 1   | 0   | 0    |
| conv12_sd0                                                                           | 8           | 8                     | 1                     | 1                    | 0.000          | 0   | 0   | 1    |
| output_from_cluster_3_404_i1                                                         | 0           | 0                     | 0                     | 0                    | 0.000          | 0   | 1   | 0    |
| input_to_cluster_1_405_i1                                                            | 0           | 0                     | 1                     | 0                    | 0.000          | 1   | 0   | 0    |
| conv12_sdc                                                                           | 1           | 0                     | 4                     | 2                    | 0.000          | 0   | 0   | 1    |
| conv_feature_splitter3_1                                                             | 1           | 1                     | 1                     | 2                    | 0.000          | 0   | 0   | 1    |
| output_from_cluster_1_406_i1                                                         | 0           | 0                     | 0                     | 0                    | 0.000          | 0   | 1   | 0    |
| input_to_cluster_6_407_i1                                                            | 0           | 0                     | 1                     | 0                    | 0.000          | 1   | 0   | 0    |
| conv_feature_splitter3_2                                                             | 1           | 1                     | 3                     | 2                    | 0.000          | 0   | 0   | 1    |
| conv14                                                                               | 1           | 1                     | 2                     | 1                    | 0.000          | 0   | 0   | 1    |
| conv16                                                                               | 1           | 1                     | 1                     | 1                    | 0.000          | 0   | 0   | 1    |
| output_from_cluster_1_412_i1                                                         | 0           | 0                     | 0                     | 0                    | 0.000          | 0   | 1   | 0    |
| input_to_cluster_4_413_i1                                                            | 0           | 0                     | 1                     | 0                    | 0.000          | 1   | 0   | 0    |
| conv17                                                                               | 1           | 1                     | 1                     | 1                    | 0.000          | 0   | 0   | 1    |
| output_from_cluster_1_410_i1                                                         | 0           | 0                     | 0                     | 0                    | 0.000          | 0   | 1   | 0    |
| input_to_cluster_4_411_i1                                                            | 0           | 0                     | 1                     | 0                    | 0.000          | 1   | 0   | 0    |
| ew_add3                                                                              | 1           | 1                     | 1                     | 2                    | 0.000          | 0   | 0   | 1    |
| output_from_cluster_4_414_i1                                                         | 0           | 0                     | 0                     | 0                    | 0.000          | 0   | 1   | 0    |
| input_to_cluster_7_415_i1                                                            | 0           | 0                     | 1                     | 0                    | 0.000          | 1   | 0   | 0    |
| input_to_cluster_1_416_i1                                                            | 0           | 0                     | 1                     | 0                    | 0.000          | 1   | 0   | 0    |
| conv18                                                                               | 1           | 1                     | 1                     | 1                    | 0.000          | 0   | 0   | 1    |
| output_from_cluster_1_417_i1                                                         | 0           | 0                     | 0                     | 0                    | 0.000          | 0   | 1   | 0    |
| input_to_cluster_5_418_i1                                                            | 0           | 0                     | 1                     | 0                    | 0.000          | 1   | 0   | 0    |
| conv19                                                                               | 1           | 1                     | 1                     | 1                    | 0.000          | 0   | 0   | 1    |
| output_from_cluster_5_419_i1                                                         | 0           | 0                     | 0                     | 0                    | 0.000          | 0   | 1   | 0    |
| input_to_cluster_7_420_i1                                                            | 0           | 0                     | 1                     | 0                    | 0.000          | 1   | 0   | 0    |
| ew_add4                                                                              | 1           | 1                     | 1                     | 2                    | 0.000          | 0   | 0   | 1    |
| conv15                                                                               | 1           | 1                     | 1                     | 1                    | 0.000          | 0   | 0   | 1    |
| output_from_cluster_1_421_i1                                                         | 0           | 0                     | 0                     | 0                    | 0.000          | 0   | 1   | 0    |
| input_to_cluster_7_422_i1                                                            | 0           | 0                     | 1                     | 0                    | 0.000          | 1   | 0   | 0    |
| concat3                                                                              | 1           | 0                     | 1                     | 2                    | 0.000          | 0   | 0   | 1    |
| conv20                                                                               | 1           | 1                     | 1                     | 1                    | 0.000          | 0   | 0   | 1    |
| output_from_cluster_7_423_i1                                                         | 0           | 0                     | 0                     | 0                    | 0.000          | 0   | 1   | 0    |
| input_to_cluster_6_424_i1                                                            | 0           | 0                     | 1                     | 0                    | 0.000          | 1   | 0   | 0    |
| output_from_cluster_1_408_i1                                                         | 0           | 0                     | 0                     | 0                    | 0.000          | 0   | 1   | 0    |
| input_to_cluster_6_409_i1                                                            | 0           | 0                     | 1                     | 0                    | 0.000          | 1   | 0   | 0    |
| concat4                                                                              | 1           | 0                     | 1                     | 3                    | 0.000          | 0   | 0   | 1    |
| conv21                                                                               | 2           | 2                     | 2                     | 1                    | 0.000          | 0   | 0   | 1    |
| conv22                                                                               | 8           | 16                    | 2                     | 1                    | 0.000          | 0   | 0   | 1    |
| conv_feature_splitter4_1                                                             | 1           | 1                     | 1                     | 1                    | 0.000          | 0   | 0   | 1    |
| output_from_cluster_6_426_i1                                                         | 0           | 0                     | 0                     | 0                    | 0.000          | 0   | 1   | 0    |
| input_to_cluster_3_427_i1                                                            | 0           | 0                     | 1                     | 0                    | 0.000          | 1   | 0   | 0    |
| conv_feature_splitter4_2                                                             | 1           | 1                     | 3                     | 1                    | 0.000          | 0   | 0   | 1    |
| conv24                                                                               | 1           | 1                     | 2                     | 1                    | 0.000          | 0   | 0   | 1    |
| conv26                                                                               | 1           | 2                     | 1                     | 1                    | 0.000          | 0   | 0   | 1    |
| output_from_cluster_6_430_i1                                                         | 0           | 0                     | 0                     | 0                    | 0.000          | 0   | 1   | 0    |
| input_to_cluster_7_431_i1                                                            | 0           | 0                     | 1                     | 0                    | 0.000          | 1   | 0   | 0    |
| conv27                                                                               | 1           | 2                     | 1                     | 1                    | 0.000          | 0   | 0   | 1    |
| output_from_cluster_7_432_i1                                                         | 0           | 0                     | 0                     | 0                    | 0.000          | 0   | 1   | 0    |
| input_to_cluster_6_433_i1                                                            | 0           | 0                     | 1                     | 0                    | 0.000          | 1   | 0   | 0    |
| ew_add5                                                                              | 1           | 1                     | 2                     | 2                    | 0.000          | 0   | 0   | 1    |
| output_from_cluster_6_434_i1                                                         | 0           | 0                     | 0                     | 0                    | 0.000          | 0   | 1   | 0    |
| input_to_cluster_3_435_i1                                                            | 0           | 0                     | 1                     | 0                    | 0.000          | 1   | 0   | 0    |
| conv28                                                                               | 1           | 2                     | 1                     | 1                    | 0.000          | 0   | 0   | 1    |
| output_from_cluster_3_436_i1                                                         | 0           | 0                     | 0                     | 0                    | 0.000          | 0   | 1   | 0    |
| input_to_cluster_7_437_i1                                                            | 0           | 0                     | 1                     | 0                    | 0.000          | 1   | 0   | 0    |
| conv29                                                                               | 1           | 2                     | 1                     | 1                    | 0.000          | 0   | 0   | 1    |
| output_from_cluster_7_438_i1                                                         | 0           | 0                     | 0                     | 0                    | 0.000          | 0   | 1   | 0    |
| input_to_cluster_6_439_i1                                                            | 0           | 0                     | 1                     | 0                    | 0.000          | 1   | 0   | 0    |
| ew_add6                                                                              | 1           | 1                     | 1                     | 2                    | 0.000          | 0   | 0   | 1    |
| output_from_cluster_6_440_i1                                                         | 0           | 0                     | 0                     | 0                    | 0.000          | 0   | 1   | 0    |
| input_to_cluster_1_441_i1                                                            | 0           | 0                     | 1                     | 0                    | 0.000          | 1   | 0   | 0    |
| conv25                                                                               | 1           | 1                     | 1                     | 1                    | 0.000          | 0   | 0   | 1    |
| output_from_cluster_6_442_i1                                                         | 0           | 0                     | 0                     | 0                    | 0.000          | 0   | 1   | 0    |
| input_to_cluster_1_443_i1                                                            | 0           | 0                     | 1                     | 0                    | 0.000          | 1   | 0   | 0    |
| concat5                                                                              | 1           | 0                     | 1                     | 2                    | 0.000          | 0   | 0   | 1    |
| conv30                                                                               | 1           | 1                     | 1                     | 1                    | 0.000          | 0   | 0   | 1    |
| output_from_cluster_1_444_i1                                                         | 0           | 0                     | 0                     | 0                    | 0.000          | 0   | 1   | 0    |
| input_to_cluster_3_445_i1                                                            | 0           | 0                     | 1                     | 0                    | 0.000          | 1   | 0   | 0    |
| output_from_cluster_6_428_i1                                                         | 0           | 0                     | 0                     | 0                    | 0.000          | 0   | 1   | 0    |
| input_to_cluster_3_429_i1                                                            | 0           | 0                     | 1                     | 0                    | 0.000          | 1   | 0   | 0    |
| concat6                                                                              | 1           | 0                     | 1                     | 3                    | 0.000          | 0   | 0   | 1    |
| output_from_cluster_3_446_i1                                                         | 0           | 0                     | 0                     | 0                    | 0.000          | 0   | 1   | 0    |
| input_to_cluster_4_447_i1                                                            | 0           | 0                     | 1                     | 0                    | 0.000          | 1   | 0   | 0    |
| conv31                                                                               | 2           | 4                     | 1                     | 1                    | 0.000          | 0   | 0   | 1    |
| output_from_cluster_4_448_i1                                                         | 0           | 0                     | 0                     | 0                    | 0.000          | 0   | 1   | 0    |
| input_to_cluster_5_449_i1                                                            | 0           | 0                     | 1                     | 0                    | 0.000          | 1   | 0   | 0    |
| conv32                                                                               | 1           | 1                     | 1                     | 1                    | 0.000          | 0   | 0   | 1    |
| output_from_cluster_5_450_i1                                                         | 0           | 0                     | 0                     | 0                    | 0.000          | 0   | 1   | 0    |
| input_to_cluster_6_451_i1                                                            | 0           | 0                     | 1                     | 0                    | 0.000          | 1   | 0   | 0    |
| input_to_cluster_3_452_i1                                                            | 0           | 0                     | 1                     | 0                    | 0.000          | 1   | 0   | 0    |
| maxpool1                                                                             | 1           | 0                     | 2                     | 1                    | 0.000          | 0   | 0   | 1    |
| maxpool2                                                                             | 1           | 0                     | 1                     | 1                    | 0.000          | 0   | 0   | 1    |
| output_from_cluster_3_455_i1                                                         | 0           | 0                     | 0                     | 0                    | 0.000          | 0   | 1   | 0    |
| input_to_cluster_6_456_i1                                                            | 0           | 0                     | 2                     | 0                    | 0.000          | 1   | 0   | 0    |
| maxpool3                                                                             | 1           | 0                     | 1                     | 1                    | 0.000          | 0   | 0   | 1    |
| output_from_cluster_3_453_i1                                                         | 0           | 0                     | 0                     | 0                    | 0.000          | 0   | 1   | 0    |
| input_to_cluster_6_454_i1                                                            | 0           | 0                     | 1                     | 0                    | 0.000          | 1   | 0   | 0    |
| concat7                                                                              | 1           | 0                     | 1                     | 4                    | 0.000          | 0   | 0   | 1    |
| output_from_cluster_6_457_i1                                                         | 0           | 0                     | 0                     | 0                    | 0.000          | 0   | 1   | 0    |
| input_to_cluster_3_458_i1                                                            | 0           | 0                     | 1                     | 0                    | 0.000          | 1   | 0   | 0    |
| conv33                                                                               | 4           | 4                     | 2                     | 1                    | 0.000          | 0   | 0   | 1    |
| conv_feature_splitter5_2                                                             | 1           | 1                     | 3                     | 1                    | 0.000          | 0   | 0   | 1    |
| conv_feature_splitter6_3                                                             | 1           | 1                     | 1                     | 2                    | 0.000          | 0   | 0   | 1    |
| output_from_cluster_3_466_i1                                                         | 0           | 0                     | 0                     | 0                    | 0.000          | 0   | 1   | 0    |
| gate_rescue_repair_gate_rescue_repair_context_0_to_gate_rescue_repair_context_1_3102 | 0           | 0                     | 0                     | 0                    | 0.500          | 0   | 0   | 0    |
| output_from_cluster_3_462_i1                                                         | 0           | 0                     | 0                     | 0                    | 0.000          | 0   | 1   | 0    |
| input_to_cluster_5_463_i1                                                            | 0           | 0                     | 2                     | 0                    | 0.000          | 1   | 0   | 0    |
| conv_feature_splitter6_1                                                             | 1           | 1                     | 1                     | 1                    | 0.000          | 0   | 0   | 1    |
| output_from_cluster_5_464_i1                                                         | 0           | 0                     | 0                     | 0                    | 0.000          | 0   | 1   | 0    |
| gate_rescue_repair_gate_rescue_repair_context_0_to_gate_rescue_repair_context_1_3098 | 0           | 0                     | 0                     | 0                    | 0.500          | 0   | 0   | 0    |
| conv_feature_splitter6_2                                                             | 1           | 1                     | 1                     | 1                    | 0.000          | 0   | 0   | 1    |
| output_from_cluster_5_465_i1                                                         | 0           | 0                     | 0                     | 0                    | 0.000          | 0   | 1   | 0    |
| gate_rescue_repair_gate_rescue_repair_context_0_to_gate_rescue_repair_context_1_3100 | 0           | 0                     | 0                     | 0                    | 0.500          | 0   | 0   | 0    |
| gate_rescue_repair_gate_rescue_repair_context_0_to_gate_rescue_repair_context_1_3096 | 0           | 0                     | 0                     | 0                    | 0.500          | 0   | 0   | 0    |
| output_from_cluster_3_459_i1                                                         | 0           | 0                     | 0                     | 0                    | 0.000          | 0   | 1   | 0    |
| input_to_cluster_5_460_i1                                                            | 0           | 0                     | 1                     | 0                    | 0.000          | 1   | 0   | 0    |
| conv_feature_splitter5_1                                                             | 1           | 1                     | 1                     | 1                    | 0.000          | 0   | 0   | 1    |
| output_from_cluster_5_461_i1                                                         | 0           | 0                     | 0                     | 0                    | 0.000          | 0   | 1   | 0    |
| gate_rescue_repair_gate_rescue_repair_context_0_to_gate_rescue_repair_context_1_3094 | 0           | 0                     | 0                     | 0                    | 0.500          | 0   | 0   | 0    |
| output_from_cluster_6_425_i1                                                         | 0           | 0                     | 0                     | 0                    | 0.000          | 0   | 1   | 0    |
| gate_rescue_repair_gate_rescue_repair_context_0_to_gate_rescue_repair_context_1_3092 | 0           | 0                     | 0                     | 0                    | 0.500          | 0   | 0   | 0    |
| gate_rescue_repair_gate_rescue_repair_context_0_to_gate_rescue_repair_context_1_3090 | 0           | 0                     | 0                     | 0                    | 0.500          | 0   | 0   | 0    |
+--------------------------------------------------------------------------------------+-------------+-----------------------+-----------------------+----------------------+----------------+-----+-----+------+
TOTAL:  LCUs: 77 (60.1562%), Subclusters: 143 (27.9297%), Weight memory cuts: 134 (13.0859%), L3 Output memory cuts: 199 (19.4336%), L3 Input memory cuts: 142 (13.8672%), L3 total cuts: 333 (32.5195%), L4 memory cuts: 0 (0%), IBs: 54 (84.375%), OBs: 55 (85.9375%), APUs: 77 (48.125%)
[2026-09-25 10:50:09.429] [default] [info] Post-Split Buffers for gate_rescue_repair_context_0, iteration 1 (CP) buffers:
+------------------------------+--------------------------------------------------------------------------------------+----------------------------+
| Src                          | Dst                                                                                  | Buffers                    |
+------------------------------+--------------------------------------------------------------------------------------+----------------------------+
| input_layer1                 | input_to_cluster_0_358_i1                                                            | 2 (L3 memory cuts: 1)      |
| input_to_cluster_0_358_i1    | normalization1_sd0                                                                   | 3 (L3 memory cuts: 1)      |
| input_to_cluster_0_358_i1    | normalization1_sd1                                                                   | 3 (L3 memory cuts: 1)      |
| normalization1_sd0           | normalization1_sdc                                                                   | 2 (L3 memory cuts: 1)      |
| normalization1_sd1           | normalization1_sdc                                                                   | 2 (L3 memory cuts: 1)      |
| normalization1_sdc           | output_from_cluster_0_359_i1                                                         | 2[RPC] (L3 memory cuts: 2) |
| output_from_cluster_0_359_i1 | input_to_cluster_2_360_i1                                                            | 2[RPC] (L3 memory cuts: 2) |
| input_to_cluster_2_360_i1    | conv1_ws                                                                             | 2[RPC] (L3 memory cuts: 2) |
| conv1_ws                     | conv1_sd0                                                                            | 2 (L3 memory cuts: 1)      |
| conv1_ws                     | output_from_cluster_2_361_i1                                                         | 1 (L3 memory cuts: 1)      |
| conv1_ws                     | output_from_cluster_2_363_i1                                                         | 1 (L3 memory cuts: 1)      |
| conv1_ws                     | conv1_sd3                                                                            | 2 (L3 memory cuts: 1)      |
| conv1_sd0                    | output_from_cluster_2_365_i1                                                         | 1[RPC] (L3 memory cuts: 1) |
| output_from_cluster_2_365_i1 | input_to_cluster_0_366_i1                                                            | 2[RPC] (L3 memory cuts: 2) |
| input_to_cluster_0_366_i1    | conv1_sdc                                                                            | 1[RPC] (L3 memory cuts: 1) |
| conv1_sd3                    | output_from_cluster_2_367_i1                                                         | 1[RPC] (L3 memory cuts: 1) |
| output_from_cluster_2_367_i1 | input_to_cluster_0_368_i1                                                            | 2[RPC] (L3 memory cuts: 2) |
| input_to_cluster_0_368_i1    | conv1_sdc                                                                            | 1[RPC] (L3 memory cuts: 1) |
| output_from_cluster_2_361_i1 | input_to_cluster_0_362_i1                                                            | 2 (L3 memory cuts: 1)      |
| input_to_cluster_0_362_i1    | conv1_sd1                                                                            | 2 (L3 memory cuts: 1)      |
| conv1_sd1                    | conv1_sdc                                                                            | 2[RPC] (L3 memory cuts: 2) |
| output_from_cluster_2_363_i1 | input_to_cluster_0_364_i1                                                            | 2 (L3 memory cuts: 1)      |
| input_to_cluster_0_364_i1    | conv1_sd2                                                                            | 2 (L3 memory cuts: 1)      |
| conv1_sd2                    | conv1_sdc                                                                            | 2[RPC] (L3 memory cuts: 2) |
| conv1_sdc                    | conv2_ws                                                                             | 2[RPC] (L3 memory cuts: 2) |
| conv2_ws                     | conv2_sd0                                                                            | 3[RPC] (L3 memory cuts: 3) |
| conv2_ws                     | conv2_sd1                                                                            | 3[RPC] (L3 memory cuts: 3) |
| conv2_ws                     | conv2_sd2                                                                            | 2[RPC] (L3 memory cuts: 2) |
| conv2_sd0                    | output_from_cluster_0_369_i1                                                         | 1[RPC] (L3 memory cuts: 1) |
| output_from_cluster_0_369_i1 | input_to_cluster_2_370_i1                                                            | 2[RPC] (L3 memory cuts: 2) |
| input_to_cluster_2_370_i1    | conv2_sdc                                                                            | 1[RPC] (L3 memory cuts: 1) |
| conv2_sd1                    | output_from_cluster_0_371_i1                                                         | 1[RPC] (L3 memory cuts: 1) |
| output_from_cluster_0_371_i1 | input_to_cluster_2_372_i1                                                            | 2[RPC] (L3 memory cuts: 2) |
| input_to_cluster_2_372_i1    | conv2_sdc                                                                            | 1[RPC] (L3 memory cuts: 1) |
| conv2_sd2                    | output_from_cluster_0_373_i1                                                         | 1 (L3 memory cuts: 1)      |
| output_from_cluster_0_373_i1 | input_to_cluster_2_374_i1                                                            | 2 (L3 memory cuts: 1)      |
| input_to_cluster_2_374_i1    | conv2_sdc                                                                            | 1 (L3 memory cuts: 1)      |
| conv2_sdc                    | output_from_cluster_2_375_i1                                                         | 1 (L3 memory cuts: 1)      |
| output_from_cluster_2_375_i1 | input_to_cluster_4_377_i1                                                            | 2 (L3 memory cuts: 1)      |
| output_from_cluster_2_375_i1 | input_to_cluster_5_376_i1                                                            | 2 (L3 memory cuts: 1)      |
| input_to_cluster_5_376_i1    | conv_feature_splitter1_2                                                             | 2 (L3 memory cuts: 1)      |
| conv_feature_splitter1_2     | conv4                                                                                | 4[RPC] (L3 memory cuts: 4) |
| conv_feature_splitter1_2     | ew_add1                                                                              | 7[RPC] (L3 memory cuts: 7) |
| conv_feature_splitter1_2     | output_from_cluster_5_380_i1                                                         | 1[RPC] (L3 memory cuts: 1) |
| conv4                        | output_from_cluster_5_382_i1                                                         | 4[S] (L3 memory cuts: 1)   |
| output_from_cluster_5_382_i1 | input_to_cluster_4_383_i1                                                            | 2[S] (L3 memory cuts: 1)   |
| input_to_cluster_4_383_i1    | conv5                                                                                | 9[S] (L3 memory cuts: 1)   |
| conv5                        | output_from_cluster_4_384_i1                                                         | 2 (L3 memory cuts: 1)      |
| output_from_cluster_4_384_i1 | input_to_cluster_5_385_i1                                                            | 2 (L3 memory cuts: 1)      |
| input_to_cluster_5_385_i1    | ew_add1                                                                              | 1 (L3 memory cuts: 1)      |
| ew_add1                      | output_from_cluster_5_386_i1                                                         | 1 (L3 memory cuts: 1)      |
| output_from_cluster_5_386_i1 | input_to_cluster_2_387_i1                                                            | 2 (L3 memory cuts: 1)      |
| input_to_cluster_2_387_i1    | concat1                                                                              | 3 (L3 memory cuts: 1)      |
| output_from_cluster_5_380_i1 | input_to_cluster_2_381_i1                                                            | 2[RPC] (L3 memory cuts: 2) |
| input_to_cluster_2_381_i1    | concat1                                                                              | 7[RPC] (L3 memory cuts: 7) |
| input_to_cluster_4_377_i1    | conv_feature_splitter1_1                                                             | 2 (L3 memory cuts: 1)      |
| conv_feature_splitter1_1     | output_from_cluster_4_378_i1                                                         | 1[RPC] (L3 memory cuts: 1) |
| output_from_cluster_4_378_i1 | input_to_cluster_2_379_i1                                                            | 2[RPC] (L3 memory cuts: 2) |
| input_to_cluster_2_379_i1    | concat1                                                                              | 7[RPC] (L3 memory cuts: 7) |
| concat1                      | output_from_cluster_2_388_i1                                                         | 3[S] (L3 memory cuts: 1)   |
| output_from_cluster_2_388_i1 | input_to_cluster_4_389_i1                                                            | 2[S] (L3 memory cuts: 1)   |
| input_to_cluster_4_389_i1    | conv6                                                                                | 3[S] (L3 memory cuts: 1)   |
| conv6                        | conv7_ws                                                                             | 2[RPC] (L3 memory cuts: 2) |
| conv7_ws                     | output_from_cluster_4_392_i1                                                         | 1[RPC] (L3 memory cuts: 1) |
| conv7_ws                     | output_from_cluster_4_390_i1                                                         | 1[RPC] (L3 memory cuts: 1) |
| conv7_ws                     | conv7_sd2                                                                            | 2[RPC] (L3 memory cuts: 2) |
| conv7_sd2                    | conv7_sdc                                                                            | 1 (L3 memory cuts: 1)      |
| output_from_cluster_4_390_i1 | input_to_cluster_0_391_i1                                                            | 2[RPC] (L3 memory cuts: 2) |
| input_to_cluster_0_391_i1    | conv7_sd1                                                                            | 2[RPC] (L3 memory cuts: 2) |
| conv7_sd1                    | output_from_cluster_0_396_i1                                                         | 1 (L3 memory cuts: 1)      |
| output_from_cluster_0_396_i1 | input_to_cluster_4_397_i1                                                            | 2 (L3 memory cuts: 1)      |
| input_to_cluster_4_397_i1    | conv7_sdc                                                                            | 1 (L3 memory cuts: 1)      |
| output_from_cluster_4_392_i1 | input_to_cluster_2_393_i1                                                            | 2[RPC] (L3 memory cuts: 2) |
| input_to_cluster_2_393_i1    | conv7_sd0                                                                            | 2[RPC] (L3 memory cuts: 2) |
| conv7_sd0                    | output_from_cluster_2_394_i1                                                         | 1[RPC] (L3 memory cuts: 1) |
| output_from_cluster_2_394_i1 | input_to_cluster_4_395_i1                                                            | 2[RPC] (L3 memory cuts: 2) |
| input_to_cluster_4_395_i1    | conv7_sdc                                                                            | 1[RPC] (L3 memory cuts: 1) |
| conv7_sdc                    | conv_feature_splitter2_1                                                             | 1 (L3 memory cuts: 1)      |
| conv7_sdc                    | conv_feature_splitter2_2                                                             | 1 (L3 memory cuts: 1)      |
| conv_feature_splitter2_1     | concat2                                                                              | 5 (L3 memory cuts: 1)      |
| conv_feature_splitter2_2     | conv9                                                                                | 5 (L3 memory cuts: 1)      |
| conv_feature_splitter2_2     | ew_add2                                                                              | 5 (L3 memory cuts: 1)      |
| conv_feature_splitter2_2     | concat2                                                                              | 5 (L3 memory cuts: 1)      |
| conv9                        | conv10                                                                               | 9[S] (L3 memory cuts: 1)   |
| conv10                       | ew_add2                                                                              | 2 (L3 memory cuts: 1)      |
| ew_add2                      | concat2                                                                              | 2 (L3 memory cuts: 1)      |
| concat2                      | output_from_cluster_4_398_i1                                                         | 2[S] (L3 memory cuts: 1)   |
| output_from_cluster_4_398_i1 | input_to_cluster_7_399_i1                                                            | 2[S] (L3 memory cuts: 1)   |
| input_to_cluster_7_399_i1    | conv11                                                                               | 4[S] (L3 memory cuts: 1)   |
| conv11                       | output_from_cluster_7_400_i1                                                         | 2[RPC] (L3 memory cuts: 2) |
| output_from_cluster_7_400_i1 | gate_rescue_repair_gate_rescue_repair_context_0_to_gate_rescue_repair_context_1_3090 | 2 (L3 memory cuts: 1)      |
| output_from_cluster_7_400_i1 | input_to_cluster_1_401_i1                                                            | 2 (L3 memory cuts: 1)      |
| input_to_cluster_1_401_i1    | conv12_ws                                                                            | 1[RPC] (L3 memory cuts: 1) |
| conv12_ws                    | output_from_cluster_1_402_i1                                                         | 1 (L3 memory cuts: 1)      |
| conv12_ws                    | conv12_sd1                                                                           | 1 (L3 memory cuts: 1)      |
| conv12_sd1                   | conv12_sdc                                                                           | 1 (L3 memory cuts: 1)      |
| output_from_cluster_1_402_i1 | input_to_cluster_3_403_i1                                                            | 2 (L3 memory cuts: 1)      |
| input_to_cluster_3_403_i1    | conv12_sd0                                                                           | 2 (L3 memory cuts: 1)      |
| conv12_sd0                   | output_from_cluster_3_404_i1                                                         | 1 (L3 memory cuts: 1)      |
| output_from_cluster_3_404_i1 | input_to_cluster_1_405_i1                                                            | 2 (L3 memory cuts: 1)      |
| input_to_cluster_1_405_i1    | conv12_sdc                                                                           | 1 (L3 memory cuts: 1)      |
| conv12_sdc                   | conv_feature_splitter3_1                                                             | 2[RPC] (L3 memory cuts: 2) |
| conv12_sdc                   | conv_feature_splitter3_2                                                             | 2[RPC] (L3 memory cuts: 2) |
| conv_feature_splitter3_1     | output_from_cluster_1_406_i1                                                         | 1[S] (L3 memory cuts: 1)   |
| output_from_cluster_1_406_i1 | input_to_cluster_6_407_i1                                                            | 2[S] (L3 memory cuts: 1)   |
| input_to_cluster_6_407_i1    | concat4                                                                              | 39[S] (L3 memory cuts: 1)  |
| conv_feature_splitter3_2     | conv14                                                                               | 1[S] (L3 memory cuts: 1)   |
| conv_feature_splitter3_2     | conv15                                                                               | 1[S] (L3 memory cuts: 1)   |
| conv_feature_splitter3_2     | output_from_cluster_1_408_i1                                                         | 1[S] (L3 memory cuts: 1)   |
| conv14                       | conv16                                                                               | 3 (L3 memory cuts: 1)      |
| conv14                       | output_from_cluster_1_410_i1                                                         | 3 (L3 memory cuts: 1)      |
| conv16                       | output_from_cluster_1_412_i1                                                         | 1[S] (L3 memory cuts: 1)   |
| output_from_cluster_1_412_i1 | input_to_cluster_4_413_i1                                                            | 2[S] (L3 memory cuts: 1)   |
| input_to_cluster_4_413_i1    | conv17                                                                               | 5[S] (L3 memory cuts: 1)   |
| conv17                       | ew_add3                                                                              | 1 (L3 memory cuts: 1)      |
| output_from_cluster_1_410_i1 | input_to_cluster_4_411_i1                                                            | 2 (L3 memory cuts: 1)      |
| input_to_cluster_4_411_i1    | ew_add3                                                                              | 4 (L3 memory cuts: 1)      |
| ew_add3                      | output_from_cluster_4_414_i1                                                         | 1 (L3 memory cuts: 1)      |
| output_from_cluster_4_414_i1 | input_to_cluster_1_416_i1                                                            | 2 (L3 memory cuts: 1)      |
| output_from_cluster_4_414_i1 | input_to_cluster_7_415_i1                                                            | 2 (L3 memory cuts: 1)      |
| input_to_cluster_7_415_i1    | ew_add4                                                                              | 4 (L3 memory cuts: 1)      |
| input_to_cluster_1_416_i1    | conv18                                                                               | 2 (L3 memory cuts: 1)      |
| conv18                       | output_from_cluster_1_417_i1                                                         | 1[S] (L3 memory cuts: 1)   |
| output_from_cluster_1_417_i1 | input_to_cluster_5_418_i1                                                            | 2[S] (L3 memory cuts: 1)   |
| input_to_cluster_5_418_i1    | conv19                                                                               | 5[S] (L3 memory cuts: 1)   |
| conv19                       | output_from_cluster_5_419_i1                                                         | 1 (L3 memory cuts: 1)      |
| output_from_cluster_5_419_i1 | input_to_cluster_7_420_i1                                                            | 2 (L3 memory cuts: 1)      |
| input_to_cluster_7_420_i1    | ew_add4                                                                              | 1 (L3 memory cuts: 1)      |
| ew_add4                      | concat3                                                                              | 3 (L3 memory cuts: 1)      |
| conv15                       | output_from_cluster_1_421_i1                                                         | 1 (L3 memory cuts: 1)      |
| output_from_cluster_1_421_i1 | input_to_cluster_7_422_i1                                                            | 2 (L3 memory cuts: 1)      |
| input_to_cluster_7_422_i1    | concat3                                                                              | 8 (L3 memory cuts: 1)      |
| concat3                      | conv20                                                                               | 2[S] (L3 memory cuts: 1)   |
| conv20                       | output_from_cluster_7_423_i1                                                         | 1[S] (L3 memory cuts: 1)   |
| output_from_cluster_7_423_i1 | input_to_cluster_6_424_i1                                                            | 2[S] (L3 memory cuts: 1)   |
| input_to_cluster_6_424_i1    | concat4                                                                              | 1[S] (L3 memory cuts: 1)   |
| output_from_cluster_1_408_i1 | input_to_cluster_6_409_i1                                                            | 2[S] (L3 memory cuts: 1)   |
| input_to_cluster_6_409_i1    | concat4                                                                              | 39[S] (L3 memory cuts: 1)  |
| concat4                      | conv21                                                                               | 1[S] (L3 memory cuts: 1)   |
| conv21                       | conv22                                                                               | 2 (L3 memory cuts: 1)      |
| conv21                       | output_from_cluster_6_425_i1                                                         | 2 (L3 memory cuts: 1)      |
| conv22                       | conv_feature_splitter4_1                                                             | 2 (L3 memory cuts: 1)      |
| conv22                       | conv_feature_splitter4_2                                                             | 2 (L3 memory cuts: 1)      |
| conv_feature_splitter4_1     | output_from_cluster_6_426_i1                                                         | 1[S] (L3 memory cuts: 1)   |
| output_from_cluster_6_426_i1 | input_to_cluster_3_427_i1                                                            | 2[S] (L3 memory cuts: 1)   |
| input_to_cluster_3_427_i1    | concat6                                                                              | 28[S] (L3 memory cuts: 1)  |
| conv_feature_splitter4_2     | conv24                                                                               | 1[S] (L3 memory cuts: 1)   |
| conv_feature_splitter4_2     | conv25                                                                               | 1[S] (L3 memory cuts: 1)   |
| conv_feature_splitter4_2     | output_from_cluster_6_428_i1                                                         | 1[S] (L3 memory cuts: 1)   |
| conv24                       | conv26                                                                               | 6 (L3 memory cuts: 1)      |
| conv24                       | ew_add5                                                                              | 6 (L3 memory cuts: 1)      |
| conv26                       | output_from_cluster_6_430_i1                                                         | 1[S] (L3 memory cuts: 1)   |
| output_from_cluster_6_430_i1 | input_to_cluster_7_431_i1                                                            | 2[S] (L3 memory cuts: 1)   |
| input_to_cluster_7_431_i1    | conv27                                                                               | 5[S] (L3 memory cuts: 1)   |
| conv27                       | output_from_cluster_7_432_i1                                                         | 1 (L3 memory cuts: 1)      |
| output_from_cluster_7_432_i1 | input_to_cluster_6_433_i1                                                            | 2 (L3 memory cuts: 1)      |
| input_to_cluster_6_433_i1    | ew_add5                                                                              | 1 (L3 memory cuts: 1)      |
| ew_add5                      | output_from_cluster_6_434_i1                                                         | 4 (L3 memory cuts: 1)      |
| ew_add5                      | ew_add6                                                                              | 4 (L3 memory cuts: 1)      |
| output_from_cluster_6_434_i1 | input_to_cluster_3_435_i1                                                            | 2 (L3 memory cuts: 1)      |
| input_to_cluster_3_435_i1    | conv28                                                                               | 2 (L3 memory cuts: 1)      |
| conv28                       | output_from_cluster_3_436_i1                                                         | 1[S] (L3 memory cuts: 1)   |
| output_from_cluster_3_436_i1 | input_to_cluster_7_437_i1                                                            | 2[S] (L3 memory cuts: 1)   |
| input_to_cluster_7_437_i1    | conv29                                                                               | 5[S] (L3 memory cuts: 1)   |
| conv29                       | output_from_cluster_7_438_i1                                                         | 1 (L3 memory cuts: 1)      |
| output_from_cluster_7_438_i1 | input_to_cluster_6_439_i1                                                            | 2 (L3 memory cuts: 1)      |
| input_to_cluster_6_439_i1    | ew_add6                                                                              | 1 (L3 memory cuts: 1)      |
| ew_add6                      | output_from_cluster_6_440_i1                                                         | 1 (L3 memory cuts: 1)      |
| output_from_cluster_6_440_i1 | input_to_cluster_1_441_i1                                                            | 2 (L3 memory cuts: 1)      |
| input_to_cluster_1_441_i1    | concat5                                                                              | 2 (L3 memory cuts: 1)      |
| conv25                       | output_from_cluster_6_442_i1                                                         | 1 (L3 memory cuts: 1)      |
| output_from_cluster_6_442_i1 | input_to_cluster_1_443_i1                                                            | 2 (L3 memory cuts: 1)      |
| input_to_cluster_1_443_i1    | concat5                                                                              | 9 (L3 memory cuts: 1)      |
| concat5                      | conv30                                                                               | 2[S] (L3 memory cuts: 1)   |
| conv30                       | output_from_cluster_1_444_i1                                                         | 1[S] (L3 memory cuts: 1)   |
| output_from_cluster_1_444_i1 | input_to_cluster_3_445_i1                                                            | 2[S] (L3 memory cuts: 1)   |
| input_to_cluster_3_445_i1    | concat6                                                                              | 1[S] (L3 memory cuts: 1)   |
| output_from_cluster_6_428_i1 | input_to_cluster_3_429_i1                                                            | 2[S] (L3 memory cuts: 1)   |
| input_to_cluster_3_429_i1    | concat6                                                                              | 28[S] (L3 memory cuts: 1)  |
| concat6                      | output_from_cluster_3_446_i1                                                         | 1[S] (L3 memory cuts: 1)   |
| output_from_cluster_3_446_i1 | input_to_cluster_4_447_i1                                                            | 2[S] (L3 memory cuts: 1)   |
| input_to_cluster_4_447_i1    | conv31                                                                               | 2[S] (L3 memory cuts: 1)   |
| conv31                       | output_from_cluster_4_448_i1                                                         | 1[S] (L3 memory cuts: 1)   |
| output_from_cluster_4_448_i1 | input_to_cluster_5_449_i1                                                            | 2[S] (L3 memory cuts: 1)   |
| input_to_cluster_5_449_i1    | conv32                                                                               | 1[S] (L3 memory cuts: 1)   |
| conv32                       | output_from_cluster_5_450_i1                                                         | 1 (L3 memory cuts: 1)      |
| output_from_cluster_5_450_i1 | input_to_cluster_3_452_i1                                                            | 2 (L3 memory cuts: 1)      |
| output_from_cluster_5_450_i1 | input_to_cluster_6_451_i1                                                            | 2 (L3 memory cuts: 1)      |
| input_to_cluster_6_451_i1    | concat7                                                                              | 10 (L3 memory cuts: 1)     |
| input_to_cluster_3_452_i1    | maxpool1                                                                             | 6 (L3 memory cuts: 1)      |
| maxpool1                     | maxpool2                                                                             | 7 (L3 memory cuts: 1)      |
| maxpool1                     | output_from_cluster_3_453_i1                                                         | 7 (L3 memory cuts: 1)      |
| maxpool2                     | output_from_cluster_3_455_i1                                                         | 2 (L3 memory cuts: 1)      |
| output_from_cluster_3_455_i1 | input_to_cluster_6_456_i1                                                            | 2 (L3 memory cuts: 1)      |
| input_to_cluster_6_456_i1    | maxpool3                                                                             | 6 (L3 memory cuts: 1)      |
| input_to_cluster_6_456_i1    | concat7                                                                              | 6 (L3 memory cuts: 1)      |
| maxpool3                     | concat7                                                                              | 4 (L3 memory cuts: 1)      |
| output_from_cluster_3_453_i1 | input_to_cluster_6_454_i1                                                            | 2 (L3 memory cuts: 1)      |
| input_to_cluster_6_454_i1    | concat7                                                                              | 8 (L3 memory cuts: 1)      |
| concat7                      | output_from_cluster_6_457_i1                                                         | 2[S] (L3 memory cuts: 1)   |
| output_from_cluster_6_457_i1 | input_to_cluster_3_458_i1                                                            | 2[S] (L3 memory cuts: 1)   |
| input_to_cluster_3_458_i1    | conv33                                                                               | 1[S] (L3 memory cuts: 1)   |
| conv33                       | output_from_cluster_3_459_i1                                                         | 1[S] (L3 memory cuts: 1)   |
| conv33                       | conv_feature_splitter5_2                                                             | 1[S] (L3 memory cuts: 1)   |
| conv_feature_splitter5_2     | conv_feature_splitter6_3                                                             | 2[RPC] (L3 memory cuts: 2) |
| conv_feature_splitter5_2     | output_from_cluster_3_462_i1                                                         | 1[RPC] (L3 memory cuts: 1) |
| conv_feature_splitter6_3     | output_from_cluster_3_466_i1                                                         | 1 (L3 memory cuts: 1)      |
| output_from_cluster_3_466_i1 | gate_rescue_repair_gate_rescue_repair_context_0_to_gate_rescue_repair_context_1_3102 | 1 (L3 memory cuts: 1)      |
| output_from_cluster_3_462_i1 | gate_rescue_repair_gate_rescue_repair_context_0_to_gate_rescue_repair_context_1_3096 | 2 (L3 memory cuts: 1)      |
| output_from_cluster_3_462_i1 | input_to_cluster_5_463_i1                                                            | 2 (L3 memory cuts: 1)      |
| input_to_cluster_5_463_i1    | conv_feature_splitter6_1                                                             | 1[RPC] (L3 memory cuts: 1) |
| input_to_cluster_5_463_i1    | conv_feature_splitter6_2                                                             | 1[RPC] (L3 memory cuts: 1) |
| conv_feature_splitter6_1     | output_from_cluster_5_464_i1                                                         | 1 (L3 memory cuts: 1)      |
| output_from_cluster_5_464_i1 | gate_rescue_repair_gate_rescue_repair_context_0_to_gate_rescue_repair_context_1_3098 | 1 (L3 memory cuts: 1)      |
| conv_feature_splitter6_2     | output_from_cluster_5_465_i1                                                         | 1 (L3 memory cuts: 1)      |
| output_from_cluster_5_465_i1 | gate_rescue_repair_gate_rescue_repair_context_0_to_gate_rescue_repair_context_1_3100 | 1 (L3 memory cuts: 1)      |
| output_from_cluster_3_459_i1 | input_to_cluster_5_460_i1                                                            | 2[S] (L3 memory cuts: 1)   |
| input_to_cluster_5_460_i1    | conv_feature_splitter5_1                                                             | 1[S] (L3 memory cuts: 1)   |
| conv_feature_splitter5_1     | output_from_cluster_5_461_i1                                                         | 1 (L3 memory cuts: 1)      |
| output_from_cluster_5_461_i1 | gate_rescue_repair_gate_rescue_repair_context_0_to_gate_rescue_repair_context_1_3094 | 1 (L3 memory cuts: 1)      |
| output_from_cluster_6_425_i1 | gate_rescue_repair_gate_rescue_repair_context_0_to_gate_rescue_repair_context_1_3092 | 1 (L3 memory cuts: 1)      |
+------------------------------+--------------------------------------------------------------------------------------+----------------------------+
[2026-09-25 10:50:09.953] [default] [info] Post-Final-Split Resources for gate_rescue_repair_context_0, iteration 4
+--------------------------------------------------------------------------------------+-------------+-----------------------+-----------------------+----------------------+----------------+-----+-----+------+
| Node                                                                                 | Subclusters | L3 Weight Memory Cuts | L3 Output Memory Cuts | L3 Input Memory Cuts | L4 Memory Cuts | IBs | OBs | APUs |
+--------------------------------------------------------------------------------------+-------------+-----------------------+-----------------------+----------------------+----------------+-----+-----+------+
| input_layer1                                                                         | 0           | 0                     | 0                     | 0                    | 0.500          | 0   | 0   | 0    |
| input_to_cluster_0_358_i1                                                            | 0           | 0                     | 2                     | 0                    | 0.000          | 1   | 0   | 0    |
| normalization1_sd0                                                                   | 1           | 1                     | 1                     | 1                    | 0.000          | 0   | 0   | 1    |
| normalization1_sd1                                                                   | 1           | 1                     | 1                     | 1                    | 0.000          | 0   | 0   | 1    |
| normalization1_sdc                                                                   | 1           | 0                     | 2                     | 2                    | 0.000          | 0   | 0   | 1    |
| output_from_cluster_0_359_i1                                                         | 0           | 0                     | 0                     | 0                    | 0.000          | 0   | 1   | 0    |
| input_to_cluster_2_360_i1                                                            | 0           | 0                     | 2                     | 0                    | 0.000          | 1   | 0   | 0    |
| conv1_ws                                                                             | 1           | 0                     | 4                     | 2                    | 0.000          | 0   | 0   | 1    |
| conv1_sd0                                                                            | 1           | 1                     | 1                     | 1                    | 0.000          | 0   | 0   | 1    |
| output_from_cluster_2_365_i1                                                         | 0           | 0                     | 0                     | 0                    | 0.000          | 0   | 1   | 0    |
| input_to_cluster_0_366_i1                                                            | 0           | 0                     | 1                     | 0                    | 0.000          | 1   | 0   | 0    |
| conv1_sd3                                                                            | 1           | 1                     | 1                     | 1                    | 0.000          | 0   | 0   | 1    |
| output_from_cluster_2_367_i1                                                         | 0           | 0                     | 0                     | 0                    | 0.000          | 0   | 1   | 0    |
| input_to_cluster_0_368_i1                                                            | 0           | 0                     | 1                     | 0                    | 0.000          | 1   | 0   | 0    |
| output_from_cluster_2_361_i1                                                         | 0           | 0                     | 0                     | 0                    | 0.000          | 0   | 1   | 0    |
| input_to_cluster_0_362_i1                                                            | 0           | 0                     | 1                     | 0                    | 0.000          | 1   | 0   | 0    |
| conv1_sd1                                                                            | 1           | 1                     | 2                     | 1                    | 0.000          | 0   | 0   | 1    |
| output_from_cluster_2_363_i1                                                         | 0           | 0                     | 0                     | 0                    | 0.000          | 0   | 1   | 0    |
| input_to_cluster_0_364_i1                                                            | 0           | 0                     | 1                     | 0                    | 0.000          | 1   | 0   | 0    |
| conv1_sd2                                                                            | 1           | 1                     | 2                     | 1                    | 0.000          | 0   | 0   | 1    |
| conv1_sdc                                                                            | 1           | 0                     | 2                     | 6                    | 0.000          | 0   | 0   | 1    |
| conv2_ws                                                                             | 1           | 0                     | 8                     | 2                    | 0.000          | 0   | 0   | 1    |
| conv2_sd0                                                                            | 4           | 4                     | 1                     | 3                    | 0.000          | 0   | 0   | 1    |
| output_from_cluster_0_369_i1                                                         | 0           | 0                     | 0                     | 0                    | 0.000          | 0   | 1   | 0    |
| input_to_cluster_2_370_i1                                                            | 0           | 0                     | 1                     | 0                    | 0.000          | 1   | 0   | 0    |
| conv2_sd1                                                                            | 4           | 4                     | 1                     | 3                    | 0.000          | 0   | 0   | 1    |
| output_from_cluster_0_371_i1                                                         | 0           | 0                     | 0                     | 0                    | 0.000          | 0   | 1   | 0    |
| input_to_cluster_2_372_i1                                                            | 0           | 0                     | 1                     | 0                    | 0.000          | 1   | 0   | 0    |
| conv2_sd2                                                                            | 4           | 4                     | 1                     | 2                    | 0.000          | 0   | 0   | 1    |
| output_from_cluster_0_373_i1                                                         | 0           | 0                     | 0                     | 0                    | 0.000          | 0   | 1   | 0    |
| input_to_cluster_2_374_i1                                                            | 0           | 0                     | 1                     | 0                    | 0.000          | 1   | 0   | 0    |
| conv2_sdc                                                                            | 1           | 0                     | 1                     | 3                    | 0.000          | 0   | 0   | 1    |
| output_from_cluster_2_375_i1                                                         | 0           | 0                     | 0                     | 0                    | 0.000          | 0   | 1   | 0    |
| input_to_cluster_5_376_i1                                                            | 0           | 0                     | 1                     | 0                    | 0.000          | 1   | 0   | 0    |
| conv_feature_splitter1_2                                                             | 1           | 1                     | 12                    | 1                    | 0.000          | 0   | 0   | 1    |
| conv4                                                                                | 2           | 1                     | 1                     | 4                    | 0.000          | 0   | 0   | 1    |
| output_from_cluster_5_382_i1                                                         | 0           | 0                     | 0                     | 0                    | 0.000          | 0   | 1   | 0    |
| input_to_cluster_4_383_i1                                                            | 0           | 0                     | 1                     | 0                    | 0.000          | 1   | 0   | 0    |
| conv5                                                                                | 2           | 2                     | 1                     | 1                    | 0.000          | 0   | 0   | 1    |
| output_from_cluster_4_384_i1                                                         | 0           | 0                     | 0                     | 0                    | 0.000          | 0   | 1   | 0    |
| input_to_cluster_5_385_i1                                                            | 0           | 0                     | 1                     | 0                    | 0.000          | 1   | 0   | 0    |
| ew_add1                                                                              | 1           | 1                     | 1                     | 8                    | 0.000          | 0   | 0   | 1    |
| output_from_cluster_5_386_i1                                                         | 0           | 0                     | 0                     | 0                    | 0.000          | 0   | 1   | 0    |
| input_to_cluster_2_387_i1                                                            | 0           | 0                     | 1                     | 0                    | 0.000          | 1   | 0   | 0    |
| output_from_cluster_5_380_i1                                                         | 0           | 0                     | 0                     | 0                    | 0.000          | 0   | 1   | 0    |
| input_to_cluster_2_381_i1                                                            | 0           | 0                     | 7                     | 0                    | 0.000          | 1   | 0   | 0    |
| input_to_cluster_4_377_i1                                                            | 0           | 0                     | 1                     | 0                    | 0.000          | 1   | 0   | 0    |
| conv_feature_splitter1_1                                                             | 1           | 1                     | 1                     | 1                    | 0.000          | 0   | 0   | 1    |
| output_from_cluster_4_378_i1                                                         | 0           | 0                     | 0                     | 0                    | 0.000          | 0   | 1   | 0    |
| input_to_cluster_2_379_i1                                                            | 0           | 0                     | 7                     | 0                    | 0.000          | 1   | 0   | 0    |
| concat1                                                                              | 1           | 0                     | 1                     | 15                   | 0.000          | 0   | 0   | 1    |
| output_from_cluster_2_388_i1                                                         | 0           | 0                     | 0                     | 0                    | 0.000          | 0   | 1   | 0    |
| input_to_cluster_4_389_i1                                                            | 0           | 0                     | 1                     | 0                    | 0.000          | 1   | 0   | 0    |
| conv6                                                                                | 4           | 4                     | 2                     | 1                    | 0.000          | 0   | 0   | 1    |
| conv7_ws                                                                             | 1           | 0                     | 4                     | 2                    | 0.000          | 0   | 0   | 1    |
| conv7_sd2                                                                            | 8           | 8                     | 1                     | 2                    | 0.000          | 0   | 0   | 1    |
| output_from_cluster_4_390_i1                                                         | 0           | 0                     | 0                     | 0                    | 0.000          | 0   | 1   | 0    |
| input_to_cluster_0_391_i1                                                            | 0           | 0                     | 2                     | 0                    | 0.000          | 1   | 0   | 0    |
| conv7_sd1                                                                            | 8           | 8                     | 1                     | 2                    | 0.000          | 0   | 0   | 1    |
| output_from_cluster_0_396_i1                                                         | 0           | 0                     | 0                     | 0                    | 0.000          | 0   | 1   | 0    |
| input_to_cluster_4_397_i1                                                            | 0           | 0                     | 1                     | 0                    | 0.000          | 1   | 0   | 0    |
| output_from_cluster_4_392_i1                                                         | 0           | 0                     | 0                     | 0                    | 0.000          | 0   | 1   | 0    |
| input_to_cluster_2_393_i1                                                            | 0           | 0                     | 2                     | 0                    | 0.000          | 1   | 0   | 0    |
| conv7_sd0                                                                            | 8           | 8                     | 1                     | 2                    | 0.000          | 0   | 0   | 1    |
| output_from_cluster_2_394_i1                                                         | 0           | 0                     | 0                     | 0                    | 0.000          | 0   | 1   | 0    |
| input_to_cluster_4_395_i1                                                            | 0           | 0                     | 1                     | 0                    | 0.000          | 1   | 0   | 0    |
| conv7_sdc                                                                            | 1           | 0                     | 2                     | 3                    | 0.000          | 0   | 0   | 1    |
| conv_feature_splitter2_1                                                             | 1           | 1                     | 1                     | 1                    | 0.000          | 0   | 0   | 1    |
| conv_feature_splitter2_2                                                             | 1           | 1                     | 3                     | 1                    | 0.000          | 0   | 0   | 1    |
| conv9                                                                                | 2           | 2                     | 1                     | 1                    | 0.000          | 0   | 0   | 1    |
| conv10                                                                               | 2           | 1                     | 1                     | 1                    | 0.000          | 0   | 0   | 1    |
| ew_add2                                                                              | 1           | 1                     | 1                     | 2                    | 0.000          | 0   | 0   | 1    |
| concat2                                                                              | 1           | 0                     | 1                     | 3                    | 0.000          | 0   | 0   | 1    |
| output_from_cluster_4_398_i1                                                         | 0           | 0                     | 0                     | 0                    | 0.000          | 0   | 1   | 0    |
| input_to_cluster_7_399_i1                                                            | 0           | 0                     | 1                     | 0                    | 0.000          | 1   | 0   | 0    |
| conv11                                                                               | 4           | 2                     | 2                     | 1                    | 0.000          | 0   | 0   | 1    |
| output_from_cluster_7_400_i1                                                         | 0           | 0                     | 0                     | 0                    | 0.000          | 0   | 1   | 0    |
| input_to_cluster_1_401_i1                                                            | 0           | 0                     | 1                     | 0                    | 0.000          | 1   | 0   | 0    |
| conv12_ws                                                                            | 1           | 0                     | 2                     | 1                    | 0.000          | 0   | 0   | 1    |
| conv12_sd1                                                                           | 8           | 8                     | 1                     | 1                    | 0.000          | 0   | 0   | 1    |
| output_from_cluster_1_402_i1                                                         | 0           | 0                     | 0                     | 0                    | 0.000          | 0   | 1   | 0    |
| input_to_cluster_3_403_i1                                                            | 0           | 0                     | 1                     | 0                    | 0.000          | 1   | 0   | 0    |
| conv12_sd0                                                                           | 8           | 8                     | 1                     | 1                    | 0.000          | 0   | 0   | 1    |
| output_from_cluster_3_404_i1                                                         | 0           | 0                     | 0                     | 0                    | 0.000          | 0   | 1   | 0    |
| input_to_cluster_1_405_i1                                                            | 0           | 0                     | 1                     | 0                    | 0.000          | 1   | 0   | 0    |
| conv12_sdc                                                                           | 1           | 0                     | 4                     | 2                    | 0.000          | 0   | 0   | 1    |
| conv_feature_splitter3_1                                                             | 1           | 1                     | 1                     | 2                    | 0.000          | 0   | 0   | 1    |
| output_from_cluster_1_406_i1                                                         | 0           | 0                     | 0                     | 0                    | 0.000          | 0   | 1   | 0    |
| input_to_cluster_6_407_i1                                                            | 0           | 0                     | 1                     | 0                    | 0.000          | 1   | 0   | 0    |
| conv_feature_splitter3_2                                                             | 1           | 1                     | 3                     | 2                    | 0.000          | 0   | 0   | 1    |
| conv14                                                                               | 1           | 1                     | 2                     | 1                    | 0.000          | 0   | 0   | 1    |
| conv16                                                                               | 1           | 1                     | 1                     | 1                    | 0.000          | 0   | 0   | 1    |
| output_from_cluster_1_412_i1                                                         | 0           | 0                     | 0                     | 0                    | 0.000          | 0   | 1   | 0    |
| input_to_cluster_4_413_i1                                                            | 0           | 0                     | 1                     | 0                    | 0.000          | 1   | 0   | 0    |
| conv17                                                                               | 1           | 1                     | 1                     | 1                    | 0.000          | 0   | 0   | 1    |
| output_from_cluster_1_410_i1                                                         | 0           | 0                     | 0                     | 0                    | 0.000          | 0   | 1   | 0    |
| input_to_cluster_4_411_i1                                                            | 0           | 0                     | 1                     | 0                    | 0.000          | 1   | 0   | 0    |
| ew_add3                                                                              | 1           | 1                     | 1                     | 2                    | 0.000          | 0   | 0   | 1    |
| output_from_cluster_4_414_i1                                                         | 0           | 0                     | 0                     | 0                    | 0.000          | 0   | 1   | 0    |
| input_to_cluster_7_415_i1                                                            | 0           | 0                     | 1                     | 0                    | 0.000          | 1   | 0   | 0    |
| input_to_cluster_1_416_i1                                                            | 0           | 0                     | 1                     | 0                    | 0.000          | 1   | 0   | 0    |
| conv18                                                                               | 1           | 1                     | 1                     | 1                    | 0.000          | 0   | 0   | 1    |
| output_from_cluster_1_417_i1                                                         | 0           | 0                     | 0                     | 0                    | 0.000          | 0   | 1   | 0    |
| input_to_cluster_5_418_i1                                                            | 0           | 0                     | 1                     | 0                    | 0.000          | 1   | 0   | 0    |
| conv19                                                                               | 1           | 1                     | 1                     | 1                    | 0.000          | 0   | 0   | 1    |
| output_from_cluster_5_419_i1                                                         | 0           | 0                     | 0                     | 0                    | 0.000          | 0   | 1   | 0    |
| input_to_cluster_7_420_i1                                                            | 0           | 0                     | 1                     | 0                    | 0.000          | 1   | 0   | 0    |
| ew_add4                                                                              | 1           | 1                     | 1                     | 2                    | 0.000          | 0   | 0   | 1    |
| conv15                                                                               | 1           | 1                     | 1                     | 1                    | 0.000          | 0   | 0   | 1    |
| output_from_cluster_1_421_i1                                                         | 0           | 0                     | 0                     | 0                    | 0.000          | 0   | 1   | 0    |
| input_to_cluster_7_422_i1                                                            | 0           | 0                     | 1                     | 0                    | 0.000          | 1   | 0   | 0    |
| concat3                                                                              | 1           | 0                     | 1                     | 2                    | 0.000          | 0   | 0   | 1    |
| conv20                                                                               | 1           | 1                     | 1                     | 1                    | 0.000          | 0   | 0   | 1    |
| output_from_cluster_7_423_i1                                                         | 0           | 0                     | 0                     | 0                    | 0.000          | 0   | 1   | 0    |
| input_to_cluster_6_424_i1                                                            | 0           | 0                     | 1                     | 0                    | 0.000          | 1   | 0   | 0    |
| output_from_cluster_1_408_i1                                                         | 0           | 0                     | 0                     | 0                    | 0.000          | 0   | 1   | 0    |
| input_to_cluster_6_409_i1                                                            | 0           | 0                     | 1                     | 0                    | 0.000          | 1   | 0   | 0    |
| concat4                                                                              | 1           | 0                     | 1                     | 3                    | 0.000          | 0   | 0   | 1    |
| conv21                                                                               | 2           | 2                     | 2                     | 1                    | 0.000          | 0   | 0   | 1    |
| conv22                                                                               | 8           | 16                    | 2                     | 1                    | 0.000          | 0   | 0   | 1    |
| conv_feature_splitter4_1                                                             | 1           | 1                     | 1                     | 1                    | 0.000          | 0   | 0   | 1    |
| output_from_cluster_6_426_i1                                                         | 0           | 0                     | 0                     | 0                    | 0.000          | 0   | 1   | 0    |
| input_to_cluster_3_427_i1                                                            | 0           | 0                     | 1                     | 0                    | 0.000          | 1   | 0   | 0    |
| conv_feature_splitter4_2                                                             | 1           | 1                     | 3                     | 1                    | 0.000          | 0   | 0   | 1    |
| conv24                                                                               | 1           | 1                     | 2                     | 1                    | 0.000          | 0   | 0   | 1    |
| conv26                                                                               | 1           | 2                     | 1                     | 1                    | 0.000          | 0   | 0   | 1    |
| output_from_cluster_6_430_i1                                                         | 0           | 0                     | 0                     | 0                    | 0.000          | 0   | 1   | 0    |
| input_to_cluster_7_431_i1                                                            | 0           | 0                     | 1                     | 0                    | 0.000          | 1   | 0   | 0    |
| conv27                                                                               | 1           | 2                     | 1                     | 1                    | 0.000          | 0   | 0   | 1    |
| output_from_cluster_7_432_i1                                                         | 0           | 0                     | 0                     | 0                    | 0.000          | 0   | 1   | 0    |
| input_to_cluster_6_433_i1                                                            | 0           | 0                     | 1                     | 0                    | 0.000          | 1   | 0   | 0    |
| ew_add5                                                                              | 1           | 1                     | 2                     | 2                    | 0.000          | 0   | 0   | 1    |
| output_from_cluster_6_434_i1                                                         | 0           | 0                     | 0                     | 0                    | 0.000          | 0   | 1   | 0    |
| input_to_cluster_3_435_i1                                                            | 0           | 0                     | 1                     | 0                    | 0.000          | 1   | 0   | 0    |
| conv28                                                                               | 1           | 2                     | 1                     | 1                    | 0.000          | 0   | 0   | 1    |
| output_from_cluster_3_436_i1                                                         | 0           | 0                     | 0                     | 0                    | 0.000          | 0   | 1   | 0    |
| input_to_cluster_7_437_i1                                                            | 0           | 0                     | 1                     | 0                    | 0.000          | 1   | 0   | 0    |
| conv29                                                                               | 1           | 2                     | 1                     | 1                    | 0.000          | 0   | 0   | 1    |
| output_from_cluster_7_438_i1                                                         | 0           | 0                     | 0                     | 0                    | 0.000          | 0   | 1   | 0    |
| input_to_cluster_6_439_i1                                                            | 0           | 0                     | 1                     | 0                    | 0.000          | 1   | 0   | 0    |
| ew_add6                                                                              | 1           | 1                     | 1                     | 2                    | 0.000          | 0   | 0   | 1    |
| output_from_cluster_6_440_i1                                                         | 0           | 0                     | 0                     | 0                    | 0.000          | 0   | 1   | 0    |
| input_to_cluster_1_441_i1                                                            | 0           | 0                     | 1                     | 0                    | 0.000          | 1   | 0   | 0    |
| conv25                                                                               | 1           | 1                     | 1                     | 1                    | 0.000          | 0   | 0   | 1    |
| output_from_cluster_6_442_i1                                                         | 0           | 0                     | 0                     | 0                    | 0.000          | 0   | 1   | 0    |
| input_to_cluster_1_443_i1                                                            | 0           | 0                     | 1                     | 0                    | 0.000          | 1   | 0   | 0    |
| concat5                                                                              | 1           | 0                     | 1                     | 2                    | 0.000          | 0   | 0   | 1    |
| conv30                                                                               | 1           | 1                     | 1                     | 1                    | 0.000          | 0   | 0   | 1    |
| output_from_cluster_1_444_i1                                                         | 0           | 0                     | 0                     | 0                    | 0.000          | 0   | 1   | 0    |
| input_to_cluster_3_445_i1                                                            | 0           | 0                     | 1                     | 0                    | 0.000          | 1   | 0   | 0    |
| output_from_cluster_6_428_i1                                                         | 0           | 0                     | 0                     | 0                    | 0.000          | 0   | 1   | 0    |
| input_to_cluster_3_429_i1                                                            | 0           | 0                     | 1                     | 0                    | 0.000          | 1   | 0   | 0    |
| concat6                                                                              | 1           | 0                     | 1                     | 3                    | 0.000          | 0   | 0   | 1    |
| output_from_cluster_3_446_i1                                                         | 0           | 0                     | 0                     | 0                    | 0.000          | 0   | 1   | 0    |
| input_to_cluster_4_447_i1                                                            | 0           | 0                     | 1                     | 0                    | 0.000          | 1   | 0   | 0    |
| conv31                                                                               | 2           | 4                     | 1                     | 1                    | 0.000          | 0   | 0   | 1    |
| output_from_cluster_4_448_i1                                                         | 0           | 0                     | 0                     | 0                    | 0.000          | 0   | 1   | 0    |
| input_to_cluster_5_449_i1                                                            | 0           | 0                     | 1                     | 0                    | 0.000          | 1   | 0   | 0    |
| conv32                                                                               | 1           | 1                     | 1                     | 1                    | 0.000          | 0   | 0   | 1    |
| output_from_cluster_5_450_i1                                                         | 0           | 0                     | 0                     | 0                    | 0.000          | 0   | 1   | 0    |
| input_to_cluster_6_451_i1                                                            | 0           | 0                     | 1                     | 0                    | 0.000          | 1   | 0   | 0    |
| input_to_cluster_3_452_i1                                                            | 0           | 0                     | 1                     | 0                    | 0.000          | 1   | 0   | 0    |
| maxpool1                                                                             | 1           | 0                     | 2                     | 1                    | 0.000          | 0   | 0   | 1    |
| maxpool2                                                                             | 1           | 0                     | 1                     | 1                    | 0.000          | 0   | 0   | 1    |
| output_from_cluster_3_455_i1                                                         | 0           | 0                     | 0                     | 0                    | 0.000          | 0   | 1   | 0    |
| input_to_cluster_6_456_i1                                                            | 0           | 0                     | 2                     | 0                    | 0.000          | 1   | 0   | 0    |
| maxpool3                                                                             | 1           | 0                     | 1                     | 1                    | 0.000          | 0   | 0   | 1    |
| output_from_cluster_3_453_i1                                                         | 0           | 0                     | 0                     | 0                    | 0.000          | 0   | 1   | 0    |
| input_to_cluster_6_454_i1                                                            | 0           | 0                     | 1                     | 0                    | 0.000          | 1   | 0   | 0    |
| concat7                                                                              | 1           | 0                     | 1                     | 4                    | 0.000          | 0   | 0   | 1    |
| output_from_cluster_6_457_i1                                                         | 0           | 0                     | 0                     | 0                    | 0.000          | 0   | 1   | 0    |
| input_to_cluster_3_458_i1                                                            | 0           | 0                     | 1                     | 0                    | 0.000          | 1   | 0   | 0    |
| conv33                                                                               | 4           | 4                     | 2                     | 1                    | 0.000          | 0   | 0   | 1    |
| conv_feature_splitter5_2                                                             | 1           | 1                     | 3                     | 1                    | 0.000          | 0   | 0   | 1    |
| conv_feature_splitter6_3                                                             | 1           | 1                     | 1                     | 2                    | 0.000          | 0   | 0   | 1    |
| output_from_cluster_3_466_i1                                                         | 0           | 0                     | 0                     | 0                    | 0.000          | 0   | 1   | 0    |
| gate_rescue_repair_gate_rescue_repair_context_0_to_gate_rescue_repair_context_1_3102 | 0           | 0                     | 0                     | 0                    | 0.500          | 0   | 0   | 0    |
| output_from_cluster_3_462_i1                                                         | 0           | 0                     | 0                     | 0                    | 0.000          | 0   | 1   | 0    |
| input_to_cluster_5_463_i1                                                            | 0           | 0                     | 2                     | 0                    | 0.000          | 1   | 0   | 0    |
| conv_feature_splitter6_1                                                             | 1           | 1                     | 1                     | 1                    | 0.000          | 0   | 0   | 1    |
| output_from_cluster_5_464_i1                                                         | 0           | 0                     | 0                     | 0                    | 0.000          | 0   | 1   | 0    |
| gate_rescue_repair_gate_rescue_repair_context_0_to_gate_rescue_repair_context_1_3098 | 0           | 0                     | 0                     | 0                    | 0.500          | 0   | 0   | 0    |
| conv_feature_splitter6_2                                                             | 1           | 1                     | 1                     | 1                    | 0.000          | 0   | 0   | 1    |
| output_from_cluster_5_465_i1                                                         | 0           | 0                     | 0                     | 0                    | 0.000          | 0   | 1   | 0    |
| gate_rescue_repair_gate_rescue_repair_context_0_to_gate_rescue_repair_context_1_3100 | 0           | 0                     | 0                     | 0                    | 0.500          | 0   | 0   | 0    |
| gate_rescue_repair_gate_rescue_repair_context_0_to_gate_rescue_repair_context_1_3096 | 0           | 0                     | 0                     | 0                    | 0.500          | 0   | 0   | 0    |
| output_from_cluster_3_459_i1                                                         | 0           | 0                     | 0                     | 0                    | 0.000          | 0   | 1   | 0    |
| input_to_cluster_5_460_i1                                                            | 0           | 0                     | 1                     | 0                    | 0.000          | 1   | 0   | 0    |
| conv_feature_splitter5_1                                                             | 1           | 1                     | 1                     | 1                    | 0.000          | 0   | 0   | 1    |
| output_from_cluster_5_461_i1                                                         | 0           | 0                     | 0                     | 0                    | 0.000          | 0   | 1   | 0    |
| gate_rescue_repair_gate_rescue_repair_context_0_to_gate_rescue_repair_context_1_3094 | 0           | 0                     | 0                     | 0                    | 0.500          | 0   | 0   | 0    |
| output_from_cluster_6_425_i1                                                         | 0           | 0                     | 0                     | 0                    | 0.000          | 0   | 1   | 0    |
| gate_rescue_repair_gate_rescue_repair_context_0_to_gate_rescue_repair_context_1_3092 | 0           | 0                     | 0                     | 0                    | 0.500          | 0   | 0   | 0    |
| gate_rescue_repair_gate_rescue_repair_context_0_to_gate_rescue_repair_context_1_3090 | 0           | 0                     | 0                     | 0                    | 0.500          | 0   | 0   | 0    |
+--------------------------------------------------------------------------------------+-------------+-----------------------+-----------------------+----------------------+----------------+-----+-----+------+
TOTAL:  LCUs: 77 (60.1562%), Subclusters: 143 (27.9297%), Weight memory cuts: 134 (13.0859%), L3 Output memory cuts: 199 (19.4336%), L3 Input memory cuts: 142 (13.8672%), L3 total cuts: 333 (32.5195%), L4 memory cuts: 0 (0%), IBs: 54 (84.375%), OBs: 55 (85.9375%), APUs: 77 (48.125%)
[2026-09-25 10:50:10.259] [default] [info] Context:1/2 Iteration 0: Trying parallel splits...   
          cluster_0  cluster_1  cluster_2  cluster_3  cluster_4  cluster_5  cluster_6  cluster_7  prepost 
 worker0                                                                                                  
 worker1                                                                                                  
 worker2                                                                                                  
 worker3                                                                                                  

  00:02
[2026-09-25 10:50:10.728] [default] [info] Context:1/2 Iteration 0: Trying parallel splits...   
          cluster_0  cluster_1  cluster_2  cluster_3  cluster_4  cluster_5  cluster_6  cluster_7  prepost 
 worker0                                                                                                  
 worker1                                                                                                  
 worker2                                                                                                  
 worker3  *          *          *          *          *          *          *          *          V       

  00:03
[2026-09-25 10:50:10.741] [default] [info] Context:1/2 Iteration 0: Trying parallel splits...   
          cluster_0  cluster_1  cluster_2  cluster_3  cluster_4  cluster_5  cluster_6  cluster_7  prepost 
 worker0                                                                                                  
 worker1  *          *          *          *          *          *          *          *          V       
 worker2                                                                                                  
 worker3  *          *          *          *          *          *          *          *          V       

  00:03
[2026-09-25 10:50:10.756] [default] [info] Context:1/2 Iteration 0: Trying parallel splits...   
          cluster_0  cluster_1  cluster_2  cluster_3  cluster_4  cluster_5  cluster_6  cluster_7  prepost 
 worker0                                                                                                  
 worker1  *          *          *          *          *          *          *          *          V       
 worker2  *          *          *          *          *          *          *          *          V       
 worker3  *          *          *          *          *          *          *          *          V       

  00:03
[2026-09-25 10:50:10.829] [default] [info] Context:1/2 Iteration 4: Trying parallel mapping...  
          cluster_0  cluster_1  cluster_2  cluster_3  cluster_4  cluster_5  cluster_6  cluster_7  prepost 
 worker0  *          *          *          *          *          *          *          *          V       
 worker1  *          *          *          *          *          *          *          *          V       
 worker2  *          *          *          *          *          *          *          *          V       
 worker3  *          *          *          *          *          *          *          *          V       

  00:03
[2026-09-25 10:50:10.899] [default] [info] Context:1/2 Iteration 4: Trying parallel mapping...  
          cluster_0  cluster_1  cluster_2  cluster_3  cluster_4  cluster_5  cluster_6  cluster_7  prepost 
 worker0  *          *          *          *          *          *          *          *          V       
 worker1  *          *          *          *          *          *          *          *          V       
 worker2  *          *          *          *          *          *          *          *          V       
 worker3  *          *          *          *          *          *          *          *          V       

  00:03
[2026-09-25 10:50:10.917] [default] [info] Context:1/2 Iteration 4: Trying parallel mapping...  
          cluster_0  cluster_1  cluster_2  cluster_3  cluster_4  cluster_5  cluster_6  cluster_7  prepost 
 worker0  *          *          *          *          *          *          *          *          V       
 worker1  *          *          *          *          *          *          *          V          V       
 worker2  *          *          *          *          *          *          *          *          V       
 worker3  *          *          *          *          *          *          *          *          V       

  00:03
[2026-09-25 10:50:10.933] [default] [info] Context:1/2 Iteration 4: Trying parallel mapping...  
          cluster_0  cluster_1  cluster_2  cluster_3  cluster_4  cluster_5  cluster_6  cluster_7  prepost 
 worker0  *          *          *          *          *          *          *          *          V       
 worker1  *          V          *          V          *          V          *          V          V       
 worker2  *          *          *          *          *          *          *          *          V       
 worker3  *          *          *          *          *          *          *          *          V       

  00:03
[2026-09-25 10:50:10.946] [default] [info] Context:1/2 Iteration 4: Trying parallel mapping...  
          cluster_0  cluster_1  cluster_2  cluster_3  cluster_4  cluster_5  cluster_6  cluster_7  prepost 
 worker0  *          *          *          *          *          *          *          *          V       
 worker1  *          V          *          V          V          V          *          V          V       
 worker2  *          *          *          *          *          *          *          *          V       
 worker3  *          *          *          *          *          *          *          *          V       

  00:03
[2026-09-25 10:50:10.960] [default] [info] Context:1/2 Iteration 4: Trying parallel mapping...  
          cluster_0  cluster_1  cluster_2  cluster_3  cluster_4  cluster_5  cluster_6  cluster_7  prepost 
 worker0  *          *          *          *          *          *          *          *          V       
 worker1  *          V          *          V          V          V          *          V          V       
 worker2  *          *          *          *          *          *          *          *          V       
 worker3  *          *          *          *          *          *          *          *          V       

  00:03
[2026-09-25 10:50:10.974] [default] [info] Context:1/2 Iteration 4: Trying parallel mapping...  
          cluster_0  cluster_1  cluster_2  cluster_3  cluster_4  cluster_5  cluster_6  cluster_7  prepost 
 worker0  *          *          *          *          *          *          *          *          V       
 worker1  *          V          *          V          V          V          *          V          V       
 worker2  *          *          *          *          *          *          *          *          V       
 worker3  *          *          *          *          *          *          *          *          V       

  00:03
[2026-09-25 10:50:10.990] [default] [info] Context:1/2 Iteration 4: Trying parallel mapping...  
          cluster_0  cluster_1  cluster_2  cluster_3  cluster_4  cluster_5  cluster_6  cluster_7  prepost 
 worker0  *          *          *          *          *          *          *          *          V       
 worker1  *          V          *          V          V          V          *          V          V       
 worker2  *          *          *          *          *          *          *          *          V       
 worker3  *          *          *          *          *          *          *          *          V       

  00:03
[2026-09-25 10:50:11.005] [default] [info] Context:1/2 Iteration 4: Trying parallel mapping...  
          cluster_0  cluster_1  cluster_2  cluster_3  cluster_4  cluster_5  cluster_6  cluster_7  prepost 
 worker0  *          *          *          *          *          *          *          *          V       
 worker1  *          V          *          V          V          V          *          V          V       
 worker2  *          *          *          *          *          *          *          V          V       
 worker3  *          *          *          *          *          *          *          *          V       

  00:03
[2026-09-25 10:50:11.018] [default] [info] Context:1/2 Iteration 4: Trying parallel mapping...  
          cluster_0  cluster_1  cluster_2  cluster_3  cluster_4  cluster_5  cluster_6  cluster_7  prepost 
 worker0  *          *          *          *          *          *          *          *          V       
 worker1  *          V          *          V          V          V          *          V          V       
 worker2  V          V          V          *          *          V          *          V          V       
 worker3  *          *          *          *          *          *          *          *          V       

  00:03
[2026-09-25 10:50:11.034] [default] [info] Context:1/2 Iteration 4: Trying parallel mapping...  
          cluster_0  cluster_1  cluster_2  cluster_3  cluster_4  cluster_5  cluster_6  cluster_7  prepost 
 worker0  *          *          *          *          *          *          *          *          V       
 worker1  *          V          *          V          V          V          *          V          V       
 worker2  V          V          V          V          V          V          *          V          V       
 worker3  *          *          *          *          *          *          *          *          V       

  00:03
[2026-09-25 10:50:11.046] [default] [info] Context:1/2 Iteration 4: Trying parallel mapping...  
          cluster_0  cluster_1  cluster_2  cluster_3  cluster_4  cluster_5  cluster_6  cluster_7  prepost 
 worker0  *          *          *          *          *          *          *          *          V       
 worker1  *          V          *          V          V          V          *          V          V       
 worker2  V          V          V          V          V          V          *          V          V       
 worker3  *          *          *          *          *          *          *          *          V       

  00:03
[2026-09-25 10:50:11.059] [default] [info] Context:1/2 Iteration 4: Trying parallel mapping...  
          cluster_0  cluster_1  cluster_2  cluster_3  cluster_4  cluster_5  cluster_6  cluster_7  prepost 
 worker0  *          *          *          *          *          *          *          *          V       
 worker1  V          V          V          V          V          V          *          V          V       
 worker2  V          V          V          V          V          V          *          V          V       
 worker3  *          *          *          *          *          *          *          *          V       

  00:03
[2026-09-25 10:50:11.072] [default] [info] Context:1/2 Iteration 4: Trying parallel mapping...  
          cluster_0  cluster_1  cluster_2  cluster_3  cluster_4  cluster_5  cluster_6  cluster_7  prepost 
 worker0  *          *          *          *          *          *          *          *          V       
 worker1  V          V          V          V          V          V          *          V          V       
 worker2  V          V          V          V          V          V          *          V          V       
 worker3  *          *          *          *          *          *          *          *          V       

  00:03
[2026-09-25 10:50:11.084] [default] [info] Context:1/2 Iteration 4: Trying parallel mapping...  
          cluster_0  cluster_1  cluster_2  cluster_3  cluster_4  cluster_5  cluster_6  cluster_7  prepost 
 worker0  *          *          *          *          *          *          *          *          V       
 worker1  V          V          V          V          V          V          *          V          V       
 worker2  V          V          V          V          V          V          *          V          V       
 worker3  *          *          *          *          *          *          *          *          V       

  00:03
[2026-09-25 10:50:11.097] [default] [info] Context:1/2 Iteration 4: Trying parallel mapping...  
          cluster_0  cluster_1  cluster_2  cluster_3  cluster_4  cluster_5  cluster_6  cluster_7  prepost 
 worker0  *          *          *          *          *          *          *          *          V       
 worker1  V          V          V          V          V          V          *          V          V       
 worker2  V          V          V          V          V          V          *          V          V       
 worker3  *          *          *          *          *          *          *          *          V       

  00:03
[2026-09-25 10:50:11.110] [default] [info] Context:1/2 Iteration 4: Trying parallel mapping...  
          cluster_0  cluster_1  cluster_2  cluster_3  cluster_4  cluster_5  cluster_6  cluster_7  prepost 
 worker0  *          *          *          *          *          *          *          *          V       
 worker1  V          V          V          V          V          V          *          V          V       
 worker2  V          V          V          V          V          V          *          V          V       
 worker3  *          *          *          *          *          *          *          *          V       

  00:03
[2026-09-25 10:50:11.176] [default] [info] Context:1/2 Iteration 4: Trying parallel mapping...  
          cluster_0  cluster_1  cluster_2  cluster_3  cluster_4  cluster_5  cluster_6  cluster_7  prepost 
 worker0  *          *          *          *          *          *          *          *          V       
 worker1  V          V          V          V          V          V          *          V          V       
 worker2  V          V          V          V          V          V          V          V          V       
 worker3  *          *          *          *          *          *          *          *          V       

  00:03
[2026-09-25 10:50:11.216] [default] [info] Context:1/2 Iteration 4: Trying parallel mapping...  
          cluster_0  cluster_1  cluster_2  cluster_3  cluster_4  cluster_5  cluster_6  cluster_7  prepost 
 worker0  *          *          *          *          *          *          *          *          V       
 worker1  V          V          V          V          V          V          *          V          V       
 worker2  V          V          V          V          V          V          V          V          V       
 worker3  *          *          *          *          *          *          *          *          V       

  00:03
[2026-09-25 10:50:11.238] [default] [info] Context:1/2 Iteration 4: Trying parallel mapping...  
          cluster_0  cluster_1  cluster_2  cluster_3  cluster_4  cluster_5  cluster_6  cluster_7  prepost 
 worker0  *          *          *          *          *          *          *          *          V       
 worker1  V          V          V          V          V          V          *          V          V       
 worker2  V          V          V          V          V          V          V          V          V       
 worker3  *          *          *          *          V          *          *          *          V       

  00:03
[2026-09-25 10:50:11.254] [default] [info] Context:1/2 Iteration 4: Trying parallel mapping...  
          cluster_0  cluster_1  cluster_2  cluster_3  cluster_4  cluster_5  cluster_6  cluster_7  prepost 
 worker0  *          *          *          *          *          *          *          *          V       
 worker1  V          V          V          V          V          V          *          V          V       
 worker2  V          V          V          V          V          V          V          V          V       
 worker3  *          *          V          *          V          *          *          V          V       

  00:03
[2026-09-25 10:50:11.267] [default] [info] Context:1/2 Iteration 4: Trying parallel mapping...  
          cluster_0  cluster_1  cluster_2  cluster_3  cluster_4  cluster_5  cluster_6  cluster_7  prepost 
 worker0  *          *          *          *          *          *          *          *          V       
 worker1  V          V          V          V          V          V          *          V          V       
 worker2  V          V          V          V          V          V          V          V          V       
 worker3  V          V          V          *          V          *          *          V          V       

  00:03
[2026-09-25 10:50:11.280] [default] [info] Context:1/2 Iteration 4: Trying parallel mapping...  
          cluster_0  cluster_1  cluster_2  cluster_3  cluster_4  cluster_5  cluster_6  cluster_7  prepost 
 worker0  *          *          *          *          *          *          *          *          V       
 worker1  V          V          V          V          V          V          *          V          V       
 worker2  V          V          V          V          V          V          V          V          V       
 worker3  V          V          V          *          V          V          *          V          V       

  00:03
[2026-09-25 10:50:11.293] [default] [info] Context:1/2 Iteration 4: Trying parallel mapping...  
          cluster_0  cluster_1  cluster_2  cluster_3  cluster_4  cluster_5  cluster_6  cluster_7  prepost 
 worker0  *          *          *          *          *          *          *          *          V       
 worker1  V          V          V          V          V          V          *          V          V       
 worker2  V          V          V          V          V          V          V          V          V       
 worker3  V          V          V          *          V          V          V          V          V       

  00:03
[2026-09-25 10:50:11.305] [default] [info] Context:1/2 Iteration 4: Trying parallel mapping...  
          cluster_0  cluster_1  cluster_2  cluster_3  cluster_4  cluster_5  cluster_6  cluster_7  prepost 
 worker0  *          *          *          *          *          *          *          *          V       
 worker1  V          V          V          V          V          V          *          V          V       
 worker2  V          V          V          V          V          V          V          V          V       
 worker3  V          V          V          *          V          V          V          V          V       

  00:03
[2026-09-25 10:50:11.318] [default] [info] Context:1/2 Iteration 4: Trying parallel mapping...  
          cluster_0  cluster_1  cluster_2  cluster_3  cluster_4  cluster_5  cluster_6  cluster_7  prepost 
 worker0  *          *          *          *          *          *          *          *          V       
 worker1  V          V          V          V          V          V          *          V          V       
 worker2  V          V          V          V          V          V          V          V          V       
 worker3  V          V          V          *          V          V          V          V          V       

  00:03
[2026-09-25 10:50:11.330] [default] [info] Context:1/2 Iteration 4: Trying parallel mapping...  
          cluster_0  cluster_1  cluster_2  cluster_3  cluster_4  cluster_5  cluster_6  cluster_7  prepost 
 worker0  *          *          *          *          *          *          *          *          V       
 worker1  V          V          V          V          V          V          *          V          V       
 worker2  V          V          V          V          V          V          V          V          V       
 worker3  V          V          V          V          V          V          V          V          V       

  00:03
[2026-09-25 10:50:11.627] [default] [info] Context:1/2 Iteration 4: Trying parallel mapping...  
          cluster_0  cluster_1  cluster_2  cluster_3  cluster_4  cluster_5  cluster_6  cluster_7  prepost 
 worker0  *          *          *          *          *          *          *          *          V       
 worker1  V          V          V          V          V          V          *          V          V       
 worker2  V          V          V          V          V          V          V          V          V       
 worker3  V          V          V          V          V          V          V          V          V       

  00:04
[2026-09-25 10:50:11.645] [default] [info] Context:1/2 Iteration 4: Trying parallel mapping...  
          cluster_0  cluster_1  cluster_2  cluster_3  cluster_4  cluster_5  cluster_6  cluster_7  prepost 
 worker0  *          *          *          V          *          *          *          *          V       
 worker1  V          V          V          V          V          V          *          V          V       
 worker2  V          V          V          V          V          V          V          V          V       
 worker3  V          V          V          V          V          V          V          V          V       

  00:04
[2026-09-25 10:50:11.657] [default] [info] Context:1/2 Iteration 4: Trying parallel mapping...  
          cluster_0  cluster_1  cluster_2  cluster_3  cluster_4  cluster_5  cluster_6  cluster_7  prepost 
 worker0  *          V          *          V          *          V          *          V          V       
 worker1  V          V          V          V          V          V          *          V          V       
 worker2  V          V          V          V          V          V          V          V          V       
 worker3  V          V          V          V          V          V          V          V          V       

  00:04
[2026-09-25 10:50:11.670] [default] [info] Context:1/2 Iteration 4: Trying parallel mapping...  
          cluster_0  cluster_1  cluster_2  cluster_3  cluster_4  cluster_5  cluster_6  cluster_7  prepost 
 worker0  *          V          *          V          *          V          V          V          V       
 worker1  V          V          V          V          V          V          *          V          V       
 worker2  V          V          V          V          V          V          V          V          V       
 worker3  V          V          V          V          V          V          V          V          V       

  00:04
[2026-09-25 10:50:11.682] [default] [info] Context:1/2 Iteration 4: Trying parallel mapping...  
          cluster_0  cluster_1  cluster_2  cluster_3  cluster_4  cluster_5  cluster_6  cluster_7  prepost 
 worker0  *          V          V          V          *          V          V          V          V       
 worker1  V          V          V          V          V          V          *          V          V       
 worker2  V          V          V          V          V          V          V          V          V       
 worker3  V          V          V          V          V          V          V          V          V       

  00:04
[2026-09-25 10:50:11.694] [default] [info] Context:1/2 Iteration 4: Trying parallel mapping...  
          cluster_0  cluster_1  cluster_2  cluster_3  cluster_4  cluster_5  cluster_6  cluster_7  prepost 
 worker0  *          V          V          V          *          V          V          V          V       
 worker1  V          V          V          V          V          V          *          V          V       
 worker2  V          V          V          V          V          V          V          V          V       
 worker3  V          V          V          V          V          V          V          V          V       

  00:04
[2026-09-25 10:50:11.707] [default] [info] Context:1/2 Iteration 4: Trying parallel mapping...  
          cluster_0  cluster_1  cluster_2  cluster_3  cluster_4  cluster_5  cluster_6  cluster_7  prepost 
 worker0  *          V          V          V          *          V          V          V          V       
 worker1  V          V          V          V          V          V          *          V          V       
 worker2  V          V          V          V          V          V          V          V          V       
 worker3  V          V          V          V          V          V          V          V          V       

  00:04
[2026-09-25 10:50:11.871] [default] [info] Context:1/2 Iteration 4: Trying parallel mapping...  
          cluster_0  cluster_1  cluster_2  cluster_3  cluster_4  cluster_5  cluster_6  cluster_7  prepost 
 worker0  *          V          V          V          V          V          V          V          V       
 worker1  V          V          V          V          V          V          *          V          V       
 worker2  V          V          V          V          V          V          V          V          V       
 worker3  V          V          V          V          V          V          V          V          V       

  00:04
[2026-09-25 10:50:13.653] [default] [info] Context:1/2 Iteration 4: Trying parallel mapping...  
          cluster_0  cluster_1  cluster_2  cluster_3  cluster_4  cluster_5  cluster_6  cluster_7  prepost 
 worker0  V          V          V          V          V          V          V          V          V       
 worker1  V          V          V          V          V          V          *          V          V       
 worker2  V          V          V          V          V          V          V          V          V       
 worker3  V          V          V          V          V          V          V          V          V       

  00:06
[2026-09-25 10:50:13.846] [default] [info] Context:1/2 Iteration 4: Trying parallel mapping...  
          cluster_0  cluster_1  cluster_2  cluster_3  cluster_4  cluster_5  cluster_6  cluster_7  prepost 
 worker0  V          V          V          V          V          V          V          V          V       
 worker1  V          V          V          V          V          V          V          V          V       
 worker2  V          V          V          V          V          V          V          V          V       
 worker3  V          V          V          V          V          V          V          V          V       

  00:06
[2026-09-25 10:50:13.918] [default] [info] Post-Split Resources for gate_rescue_repair_context_1, iteration 1 (CP)
+--------------------------------------------------------------------------------------+-------------+-----------------------+-----------------------+----------------------+----------------+-----+-----+------+
| Node                                                                                 | Subclusters | L3 Weight Memory Cuts | L3 Output Memory Cuts | L3 Input Memory Cuts | L4 Memory Cuts | IBs | OBs | APUs |
+--------------------------------------------------------------------------------------+-------------+-----------------------+-----------------------+----------------------+----------------+-----+-----+------+
| gate_rescue_repair_gate_rescue_repair_context_0_to_gate_rescue_repair_context_1_3091 | 0           | 0                     | 0                     | 0                    | 0.500          | 0   | 0   | 0    |
| input_to_cluster_4_467_i1                                                            | 0           | 0                     | 5                     | 0                    | 0.000          | 1   | 0   | 0    |
| gate_rescue_repair_gate_rescue_repair_context_0_to_gate_rescue_repair_context_1_3093 | 0           | 0                     | 0                     | 0                    | 0.500          | 0   | 0   | 0    |
| input_to_cluster_5_468_i1                                                            | 0           | 0                     | 1                     | 0                    | 0.000          | 1   | 0   | 0    |
| gate_rescue_repair_gate_rescue_repair_context_0_to_gate_rescue_repair_context_1_3095 | 0           | 0                     | 0                     | 0                    | 0.500          | 0   | 0   | 0    |
| input_to_cluster_5_469_i1                                                            | 0           | 0                     | 1                     | 0                    | 0.000          | 1   | 0   | 0    |
| gate_rescue_repair_gate_rescue_repair_context_0_to_gate_rescue_repair_context_1_3097 | 0           | 0                     | 0                     | 0                    | 0.500          | 0   | 0   | 0    |
| input_to_cluster_1_470_i1                                                            | 0           | 0                     | 1                     | 0                    | 0.000          | 1   | 0   | 0    |
| gate_rescue_repair_gate_rescue_repair_context_0_to_gate_rescue_repair_context_1_3099 | 0           | 0                     | 0                     | 0                    | 0.500          | 0   | 0   | 0    |
| input_to_cluster_6_471_i1                                                            | 0           | 0                     | 1                     | 0                    | 0.000          | 1   | 0   | 0    |
| gate_rescue_repair_gate_rescue_repair_context_0_to_gate_rescue_repair_context_1_3101 | 0           | 0                     | 0                     | 0                    | 0.500          | 0   | 0   | 0    |
| input_to_cluster_6_472_i1                                                            | 0           | 0                     | 2                     | 0                    | 0.000          | 1   | 0   | 0    |
| matmul1                                                                              | 1           | 0                     | 4                     | 1                    | 0.000          | 0   | 0   | 1    |
| reduce_max_softmax1                                                                  | 1           | 0                     | 1                     | 2                    | 0.000          | 0   | 0   | 1    |
| ew_sub_softmax1                                                                      | 1           | 1                     | 2                     | 3                    | 0.000          | 0   | 0   | 1    |
| reduce_sum_softmax1                                                                  | 1           | 0                     | 1                     | 1                    | 0.000          | 0   | 0   | 1    |
| ew_mult_softmax1                                                                     | 1           | 0                     | 2                     | 2                    | 0.000          | 0   | 0   | 1    |
| gate_rescue_repair_gate_rescue_repair_context_0_to_gate_rescue_repair_context_1_3103 | 0           | 0                     | 0                     | 0                    | 0.500          | 0   | 0   | 0    |
| input_to_cluster_3_473_i1                                                            | 0           | 0                     | 1                     | 0                    | 0.000          | 1   | 0   | 0    |
| activation1                                                                          | 1           | 1                     | 1                     | 1                    | 0.000          | 0   | 0   | 1    |
| matmul2_reshape                                                                      | 1           | 0                     | 1                     | 1                    | 0.000          | 0   | 0   | 1    |
| output_from_cluster_3_475_i1                                                         | 0           | 0                     | 0                     | 0                    | 0.000          | 0   | 1   | 0    |
| input_to_cluster_6_476_i1                                                            | 0           | 0                     | 4                     | 0                    | 0.000          | 1   | 0   | 0    |
| matmul2                                                                              | 2           | 0                     | 1                     | 2                    | 0.000          | 0   | 0   | 1    |
| output_from_cluster_6_477_i1                                                         | 0           | 0                     | 0                     | 0                    | 0.000          | 0   | 1   | 0    |
| input_to_cluster_1_478_i1                                                            | 0           | 0                     | 1                     | 0                    | 0.000          | 1   | 0   | 0    |
| input_to_cluster_6_474_i1                                                            | 0           | 0                     | 1                     | 0                    | 0.000          | 1   | 0   | 0    |
| dw1_defuse_width_feature_reshape                                                     | 1           | 0                     | 1                     | 1                    | 0.000          | 0   | 0   | 1    |
| dw1_defuse_reshape_hxf_to_w_transposed                                               | 1           | 0                     | 2                     | 1                    | 0.000          | 0   | 0   | 1    |
| output_from_cluster_6_479_i1                                                         | 0           | 0                     | 0                     | 0                    | 0.000          | 0   | 1   | 0    |
| input_to_cluster_1_480_i1                                                            | 0           | 0                     | 18                    | 0                    | 0.000          | 1   | 0   | 0    |
| dw1_defuse_1x1                                                                       | 1           | 1                     | 1                     | 19                   | 0.000          | 0   | 0   | 1    |
| conv36                                                                               | 1           | 1                     | 1                     | 2                    | 0.000          | 0   | 0   | 1    |
| output_from_cluster_1_481_i1                                                         | 0           | 0                     | 0                     | 0                    | 0.000          | 0   | 1   | 0    |
| input_to_cluster_6_482_i1                                                            | 0           | 0                     | 1                     | 0                    | 0.000          | 1   | 0   | 0    |
| input_to_cluster_4_483_i1                                                            | 0           | 0                     | 1                     | 0                    | 0.000          | 1   | 0   | 0    |
| conv37                                                                               | 1           | 1                     | 1                     | 1                    | 0.000          | 0   | 0   | 1    |
| output_from_cluster_4_484_i1                                                         | 0           | 0                     | 0                     | 0                    | 0.000          | 0   | 1   | 0    |
| input_to_cluster_6_485_i1                                                            | 0           | 0                     | 1                     | 0                    | 0.000          | 1   | 0   | 0    |
| conv38                                                                               | 1           | 1                     | 1                     | 2                    | 0.000          | 0   | 0   | 1    |
| output_from_cluster_6_486_i1                                                         | 0           | 0                     | 0                     | 0                    | 0.000          | 0   | 1   | 0    |
| input_to_cluster_5_487_i1                                                            | 0           | 0                     | 1                     | 0                    | 0.000          | 1   | 0   | 0    |
| concat8                                                                              | 1           | 0                     | 1                     | 2                    | 0.000          | 0   | 0   | 1    |
| output_from_cluster_5_488_i1                                                         | 0           | 0                     | 0                     | 0                    | 0.000          | 0   | 1   | 0    |
| input_to_cluster_2_489_i1                                                            | 0           | 0                     | 1                     | 0                    | 0.000          | 1   | 0   | 0    |
| conv39                                                                               | 2           | 2                     | 2                     | 1                    | 0.000          | 0   | 0   | 1    |
| resize1                                                                              | 1           | 0                     | 1                     | 1                    | 0.000          | 0   | 0   | 1    |
| output_from_cluster_2_492_i1                                                         | 0           | 0                     | 0                     | 0                    | 0.000          | 0   | 1   | 0    |
| input_to_cluster_5_493_i1                                                            | 0           | 0                     | 1                     | 0                    | 0.000          | 1   | 0   | 0    |
| concat9                                                                              | 1           | 0                     | 2                     | 2                    | 0.000          | 0   | 0   | 1    |
| conv_feature_splitter7_1                                                             | 2           | 2                     | 10                    | 1                    | 0.000          | 0   | 0   | 1    |
| conv_feature_splitter7_2                                                             | 2           | 2                     | 11                    | 1                    | 0.000          | 0   | 0   | 1    |
| output_from_cluster_5_494_i1                                                         | 0           | 0                     | 0                     | 0                    | 0.000          | 0   | 1   | 0    |
| input_to_cluster_1_495_i1                                                            | 0           | 0                     | 8                     | 0                    | 0.000          | 1   | 0   | 0    |
| input_to_cluster_2_496_i1                                                            | 0           | 0                     | 5                     | 0                    | 0.000          | 1   | 0   | 0    |
| conv41                                                                               | 2           | 1                     | 1                     | 5                    | 0.000          | 0   | 0   | 1    |
| output_from_cluster_2_497_i1                                                         | 0           | 0                     | 0                     | 0                    | 0.000          | 0   | 1   | 0    |
| input_to_cluster_4_498_i1                                                            | 0           | 0                     | 1                     | 0                    | 0.000          | 1   | 0   | 0    |
| conv42                                                                               | 2           | 1                     | 2                     | 1                    | 0.000          | 0   | 0   | 1    |
| output_from_cluster_4_499_i1                                                         | 0           | 0                     | 0                     | 0                    | 0.000          | 0   | 1   | 0    |
| input_to_cluster_1_500_i1                                                            | 0           | 0                     | 1                     | 0                    | 0.000          | 1   | 0   | 0    |
| ew_add10                                                                             | 1           | 1                     | 1                     | 9                    | 0.000          | 0   | 0   | 1    |
| output_from_cluster_1_501_i1                                                         | 0           | 0                     | 0                     | 0                    | 0.000          | 0   | 1   | 0    |
| input_to_cluster_5_502_i1                                                            | 0           | 0                     | 1                     | 0                    | 0.000          | 1   | 0   | 0    |
| concat10                                                                             | 1           | 0                     | 1                     | 21                   | 0.000          | 0   | 0   | 1    |
| output_from_cluster_5_503_i1                                                         | 0           | 0                     | 0                     | 0                    | 0.000          | 0   | 1   | 0    |
| input_to_cluster_0_504_i1                                                            | 0           | 0                     | 1                     | 0                    | 0.000          | 1   | 0   | 0    |
| conv43                                                                               | 2           | 2                     | 16                    | 1                    | 0.000          | 0   | 0   | 1    |
| output_from_cluster_0_505_i1                                                         | 0           | 0                     | 0                     | 0                    | 0.000          | 0   | 1   | 0    |
| input_to_cluster_1_506_i1                                                            | 0           | 0                     | 2                     | 0                    | 0.000          | 1   | 0   | 0    |
| resize2                                                                              | 1           | 0                     | 2                     | 2                    | 0.000          | 0   | 0   | 1    |
| output_from_cluster_1_507_i1                                                         | 0           | 0                     | 0                     | 0                    | 0.000          | 0   | 1   | 0    |
| input_to_cluster_4_508_i1                                                            | 0           | 0                     | 2                     | 0                    | 0.000          | 1   | 0   | 0    |
| concat11                                                                             | 1           | 0                     | 2                     | 7                    | 0.000          | 0   | 0   | 1    |
| output_from_cluster_4_509_i1                                                         | 0           | 0                     | 0                     | 0                    | 0.000          | 0   | 2   | 0    |
| input_to_cluster_2_510_i1                                                            | 0           | 0                     | 4                     | 0                    | 0.000          | 2   | 0   | 0    |
| conv_feature_splitter8_1                                                             | 4           | 4                     | 1                     | 2                    | 0.000          | 0   | 0   | 1    |
| conv_feature_splitter8_2                                                             | 4           | 2                     | 18                    | 2                    | 0.000          | 0   | 0   | 1    |
| output_from_cluster_2_511_i1                                                         | 0           | 0                     | 0                     | 0                    | 0.000          | 0   | 1   | 0    |
| input_to_cluster_4_512_i1                                                            | 0           | 0                     | 1                     | 0                    | 0.000          | 1   | 0   | 0    |
| conv45                                                                               | 2           | 2                     | 1                     | 1                    | 0.000          | 0   | 0   | 1    |
| conv46                                                                               | 2           | 1                     | 1                     | 1                    | 0.000          | 0   | 0   | 1    |
| output_from_cluster_4_513_i1                                                         | 0           | 0                     | 0                     | 0                    | 0.000          | 0   | 1   | 0    |
| input_to_cluster_2_514_i1                                                            | 0           | 0                     | 1                     | 0                    | 0.000          | 1   | 0   | 0    |
| ew_add11                                                                             | 1           | 1                     | 1                     | 7                    | 0.000          | 0   | 0   | 1    |
| concat12                                                                             | 1           | 0                     | 1                     | 8                    | 0.000          | 0   | 0   | 1    |
| conv47                                                                               | 3           | 3                     | 1                     | 1                    | 0.000          | 0   | 0   | 1    |
| output_from_cluster_2_515_i1                                                         | 0           | 0                     | 0                     | 0                    | 0.000          | 0   | 1   | 0    |
| input_to_cluster_3_516_i1                                                            | 0           | 0                     | 1                     | 0                    | 0.000          | 1   | 0   | 0    |
| sh_from_conv47_to_conv49_d0-1_dw2_sd0-1_3114                                         | 1           | 0                     | 2                     | 1                    | 0.000          | 0   | 0   | 1    |
| conv49_d0                                                                            | 8           | 4                     | 4                     | 1                    | 0.000          | 0   | 0   | 1    |
| output_from_cluster_3_546_i1                                                         | 0           | 0                     | 0                     | 0                    | 0.000          | 0   | 1   | 0    |
| input_to_cluster_2_547_i1                                                            | 0           | 0                     | 5                     | 0                    | 0.000          | 1   | 0   | 0    |
| output_from_cluster_3_562_i1                                                         | 0           | 0                     | 0                     | 0                    | 0.000          | 0   | 1   | 0    |
| input_to_cluster_2_563_i1                                                            | 0           | 0                     | 2                     | 0                    | 0.000          | 1   | 0   | 0    |
| conv49_d1                                                                            | 8           | 4                     | 4                     | 1                    | 0.000          | 0   | 0   | 1    |
| conv49_dc                                                                            | 1           | 0                     | 2                     | 9                    | 0.000          | 0   | 0   | 1    |
| conv50_d0                                                                            | 8           | 4                     | 4                     | 1                    | 0.000          | 0   | 0   | 1    |
| conv50_d1                                                                            | 8           | 4                     | 4                     | 1                    | 0.000          | 0   | 0   | 1    |
| conv50_dc                                                                            | 1           | 0                     | 1                     | 8                    | 0.000          | 0   | 0   | 1    |
| conv51                                                                               | 2           | 1                     | 1                     | 1                    | 0.000          | 0   | 0   | 1    |
| output_from_cluster_2_548_i1                                                         | 0           | 0                     | 0                     | 0                    | 0.000          | 0   | 1   | 0    |
| output_from_conv51_to_yolov8_nms_postprocess                                         | 0           | 0                     | 0                     | 0                    | 0.500          | 0   | 0   | 0    |
| dw2_sd1                                                                              | 2           | 1                     | 1                     | 1                    | 0.000          | 0   | 0   | 1    |
| output_from_cluster_2_551_i1                                                         | 0           | 0                     | 0                     | 0                    | 0.000          | 0   | 1   | 0    |
| input_to_cluster_7_552_i1                                                            | 0           | 0                     | 1                     | 0                    | 0.000          | 1   | 0   | 0    |
| input_to_cluster_4_564_i1                                                            | 0           | 0                     | 1                     | 0                    | 0.000          | 1   | 0   | 0    |
| dw2_sd0                                                                              | 2           | 1                     | 1                     | 1                    | 0.000          | 0   | 0   | 1    |
| output_from_cluster_4_549_i1                                                         | 0           | 0                     | 0                     | 0                    | 0.000          | 0   | 1   | 0    |
| input_to_cluster_7_550_i1                                                            | 0           | 0                     | 1                     | 0                    | 0.000          | 1   | 0   | 0    |
| dw2_sdc                                                                              | 1           | 0                     | 1                     | 2                    | 0.000          | 0   | 0   | 1    |
| output_from_cluster_7_553_i1                                                         | 0           | 0                     | 0                     | 0                    | 0.000          | 0   | 1   | 0    |
| input_to_cluster_0_554_i1                                                            | 0           | 0                     | 1                     | 0                    | 0.000          | 1   | 0   | 0    |
| conv52                                                                               | 2           | 1                     | 2                     | 1                    | 0.000          | 0   | 0   | 1    |
| dw3_sd0                                                                              | 2           | 1                     | 1                     | 1                    | 0.000          | 0   | 0   | 1    |
| output_from_cluster_0_557_i1                                                         | 0           | 0                     | 0                     | 0                    | 0.000          | 0   | 1   | 0    |
| input_to_cluster_5_558_i1                                                            | 0           | 0                     | 1                     | 0                    | 0.000          | 1   | 0   | 0    |
| output_from_cluster_0_555_i1                                                         | 0           | 0                     | 0                     | 0                    | 0.000          | 0   | 1   | 0    |
| input_to_cluster_6_556_i1                                                            | 0           | 0                     | 1                     | 0                    | 0.000          | 1   | 0   | 0    |
| dw3_sd1                                                                              | 2           | 1                     | 1                     | 1                    | 0.000          | 0   | 0   | 1    |
| output_from_cluster_6_559_i1                                                         | 0           | 0                     | 0                     | 0                    | 0.000          | 0   | 1   | 0    |
| input_to_cluster_5_560_i1                                                            | 0           | 0                     | 1                     | 0                    | 0.000          | 1   | 0   | 0    |
| dw3_sdc                                                                              | 1           | 0                     | 1                     | 2                    | 0.000          | 0   | 0   | 1    |
| conv53                                                                               | 2           | 1                     | 3                     | 1                    | 0.000          | 0   | 0   | 1    |
| conv54                                                                               | 1           | 1                     | 1                     | 3                    | 0.000          | 0   | 0   | 1    |
| output_from_cluster_5_561_i1                                                         | 0           | 0                     | 0                     | 0                    | 0.000          | 0   | 1   | 0    |
| output_from_conv54_to_yolov8_nms_postprocess                                         | 0           | 0                     | 0                     | 0                    | 0.500          | 0   | 0   | 0    |
| input_to_cluster_4_517_i1                                                            | 0           | 0                     | 1                     | 0                    | 0.000          | 1   | 0   | 0    |
| conv48                                                                               | 4           | 4                     | 1                     | 1                    | 0.000          | 0   | 0   | 1    |
| output_from_cluster_4_518_i1                                                         | 0           | 0                     | 0                     | 0                    | 0.000          | 0   | 1   | 0    |
| input_to_cluster_0_519_i1                                                            | 0           | 0                     | 1                     | 0                    | 0.000          | 1   | 0   | 0    |
| concat13                                                                             | 1           | 0                     | 1                     | 9                    | 0.000          | 0   | 0   | 1    |
| output_from_cluster_0_520_i1                                                         | 0           | 0                     | 0                     | 0                    | 0.000          | 0   | 1   | 0    |
| input_to_cluster_1_521_i1                                                            | 0           | 0                     | 2                     | 0                    | 0.000          | 1   | 0   | 0    |
| conv_feature_splitter9_1                                                             | 1           | 1                     | 7                     | 1                    | 0.000          | 0   | 0   | 1    |
| conv_feature_splitter9_2                                                             | 1           | 1                     | 14                    | 1                    | 0.000          | 0   | 0   | 1    |
| output_from_cluster_1_522_i1                                                         | 0           | 0                     | 0                     | 0                    | 0.000          | 0   | 1   | 0    |
| input_to_cluster_2_523_i1                                                            | 0           | 0                     | 2                     | 0                    | 0.000          | 1   | 0   | 0    |
| conv56                                                                               | 2           | 1                     | 1                     | 2                    | 0.000          | 0   | 0   | 1    |
| output_from_cluster_2_524_i1                                                         | 0           | 0                     | 0                     | 0                    | 0.000          | 0   | 1   | 0    |
| input_to_cluster_4_525_i1                                                            | 0           | 0                     | 1                     | 0                    | 0.000          | 1   | 0   | 0    |
| conv57                                                                               | 2           | 1                     | 2                     | 1                    | 0.000          | 0   | 0   | 1    |
| output_from_cluster_4_526_i1                                                         | 0           | 0                     | 0                     | 0                    | 0.000          | 0   | 1   | 0    |
| input_to_cluster_1_527_i1                                                            | 0           | 0                     | 1                     | 0                    | 0.000          | 1   | 0   | 0    |
| ew_add12                                                                             | 1           | 1                     | 1                     | 7                    | 0.000          | 0   | 0   | 1    |
| concat14                                                                             | 1           | 0                     | 1                     | 15                   | 0.000          | 0   | 0   | 1    |
| output_from_cluster_1_528_i1                                                         | 0           | 0                     | 0                     | 0                    | 0.000          | 0   | 1   | 0    |
| input_to_cluster_0_529_i1                                                            | 0           | 0                     | 1                     | 0                    | 0.000          | 1   | 0   | 0    |
| conv58                                                                               | 2           | 2                     | 6                     | 1                    | 0.000          | 0   | 0   | 1    |
| conv60                                                                               | 8           | 4                     | 1                     | 3                    | 0.000          | 0   | 0   | 1    |
| output_from_cluster_0_538_i1                                                         | 0           | 0                     | 0                     | 0                    | 0.000          | 0   | 1   | 0    |
| input_to_cluster_7_539_i1                                                            | 0           | 0                     | 1                     | 0                    | 0.000          | 1   | 0   | 0    |
| conv61                                                                               | 4           | 2                     | 4                     | 1                    | 0.000          | 0   | 0   | 1    |
| conv62                                                                               | 1           | 1                     | 1                     | 4                    | 0.000          | 0   | 0   | 1    |
| output_from_cluster_7_540_i1                                                         | 0           | 0                     | 0                     | 0                    | 0.000          | 0   | 1   | 0    |
| output_from_conv62_to_yolov8_nms_postprocess                                         | 0           | 0                     | 0                     | 0                    | 0.500          | 0   | 0   | 0    |
| output_from_cluster_0_530_i1                                                         | 0           | 0                     | 0                     | 0                    | 0.000          | 0   | 1   | 0    |
| input_to_cluster_3_531_i1                                                            | 0           | 0                     | 4                     | 0                    | 0.000          | 1   | 0   | 0    |
| conv59                                                                               | 6           | 6                     | 1                     | 2                    | 0.000          | 0   | 0   | 1    |
| dw4                                                                                  | 2           | 1                     | 1                     | 2                    | 0.000          | 0   | 0   | 1    |
| conv63                                                                               | 1           | 1                     | 1                     | 1                    | 0.000          | 0   | 0   | 1    |
| dw5                                                                                  | 1           | 1                     | 1                     | 1                    | 0.000          | 0   | 0   | 1    |
| output_from_cluster_3_541_i1                                                         | 0           | 0                     | 0                     | 0                    | 0.000          | 0   | 1   | 0    |
| input_to_cluster_5_542_i1                                                            | 0           | 0                     | 1                     | 0                    | 0.000          | 1   | 0   | 0    |
| conv64                                                                               | 1           | 1                     | 1                     | 1                    | 0.000          | 0   | 0   | 1    |
| output_from_cluster_5_543_i1                                                         | 0           | 0                     | 0                     | 0                    | 0.000          | 0   | 1   | 0    |
| input_to_cluster_0_544_i1                                                            | 0           | 0                     | 1                     | 0                    | 0.000          | 1   | 0   | 0    |
| conv65                                                                               | 1           | 1                     | 1                     | 1                    | 0.000          | 0   | 0   | 1    |
| output_from_cluster_0_545_i1                                                         | 0           | 0                     | 0                     | 0                    | 0.000          | 0   | 1   | 0    |
| output_from_conv65_to_yolov8_nms_postprocess                                         | 0           | 0                     | 0                     | 0                    | 0.500          | 0   | 0   | 0    |
| output_from_cluster_2_490_i1                                                         | 0           | 0                     | 0                     | 0                    | 0.000          | 0   | 1   | 0    |
| input_to_cluster_3_491_i1                                                            | 0           | 0                     | 3                     | 0                    | 0.000          | 1   | 0   | 0    |
| concat15                                                                             | 1           | 0                     | 2                     | 4                    | 0.000          | 0   | 0   | 1    |
| conv_feature_splitter10_2                                                            | 2           | 2                     | 3                     | 1                    | 0.000          | 0   | 0   | 1    |
| conv67                                                                               | 1           | 1                     | 2                     | 1                    | 0.000          | 0   | 0   | 1    |
| conv69                                                                               | 2           | 2                     | 1                     | 1                    | 0.000          | 0   | 0   | 1    |
| conv70                                                                               | 2           | 2                     | 1                     | 1                    | 0.000          | 0   | 0   | 1    |
| ew_add13                                                                             | 1           | 1                     | 1                     | 2                    | 0.000          | 0   | 0   | 1    |
| output_from_cluster_3_536_i1                                                         | 0           | 0                     | 0                     | 0                    | 0.000          | 0   | 1   | 0    |
| gate_rescue_repair_gate_rescue_repair_context_1_to_gate_rescue_repair_context_2_3111 | 0           | 0                     | 0                     | 0                    | 0.500          | 0   | 0   | 0    |
| conv68                                                                               | 1           | 1                     | 1                     | 1                    | 0.000          | 0   | 0   | 1    |
| output_from_cluster_3_537_i1                                                         | 0           | 0                     | 0                     | 0                    | 0.000          | 0   | 1   | 0    |
| gate_rescue_repair_gate_rescue_repair_context_1_to_gate_rescue_repair_context_2_3109 | 0           | 0                     | 0                     | 0                    | 0.500          | 0   | 0   | 0    |
| output_from_cluster_3_535_i1                                                         | 0           | 0                     | 0                     | 0                    | 0.000          | 0   | 1   | 0    |
| gate_rescue_repair_gate_rescue_repair_context_1_to_gate_rescue_repair_context_2_3107 | 0           | 0                     | 0                     | 0                    | 0.500          | 0   | 0   | 0    |
| output_from_cluster_3_532_i1                                                         | 0           | 0                     | 0                     | 0                    | 0.000          | 0   | 1   | 0    |
| input_to_cluster_0_533_i1                                                            | 0           | 0                     | 1                     | 0                    | 0.000          | 1   | 0   | 0    |
| conv_feature_splitter10_1                                                            | 2           | 2                     | 1                     | 1                    | 0.000          | 0   | 0   | 1    |
| output_from_cluster_0_534_i1                                                         | 0           | 0                     | 0                     | 0                    | 0.000          | 0   | 1   | 0    |
| gate_rescue_repair_gate_rescue_repair_context_1_to_gate_rescue_repair_context_2_3105 | 0           | 0                     | 0                     | 0                    | 0.500          | 0   | 0   | 0    |
+--------------------------------------------------------------------------------------+-------------+-----------------------+-----------------------+----------------------+----------------+-----+-----+------+
TOTAL:  LCUs: 77 (60.1562%), Subclusters: 155 (30.2734%), Weight memory cuts: 94 (9.17969%), L3 Output memory cuts: 292 (28.5156%), L3 Input memory cuts: 217 (21.1914%), L3 total cuts: 386 (37.6953%), L4 memory cuts: 0 (0%), IBs: 52 (81.25%), OBs: 48 (75%), APUs: 77 (48.125%)
[2026-09-25 10:50:13.945] [default] [info] Post-Split Buffers for gate_rescue_repair_context_1, iteration 1 (CP) buffers:
+--------------------------------------------------------------------------------------+--------------------------------------------------------------------------------------+-------------------------------+
| Src                                                                                  | Dst                                                                                  | Buffers                       |
+--------------------------------------------------------------------------------------+--------------------------------------------------------------------------------------+-------------------------------+
| gate_rescue_repair_gate_rescue_repair_context_0_to_gate_rescue_repair_context_1_3091 | input_to_cluster_4_467_i1                                                            | 2 (L3 memory cuts: 1)         |
| input_to_cluster_4_467_i1                                                            | concat11                                                                             | 13 (L3 memory cuts: 5)        |
| gate_rescue_repair_gate_rescue_repair_context_0_to_gate_rescue_repair_context_1_3093 | input_to_cluster_5_468_i1                                                            | 1 (L3 memory cuts: 1)         |
| input_to_cluster_5_468_i1                                                            | concat9                                                                              | 4 (L3 memory cuts: 1)         |
| gate_rescue_repair_gate_rescue_repair_context_0_to_gate_rescue_repair_context_1_3095 | input_to_cluster_5_469_i1                                                            | 1 (L3 memory cuts: 1)         |
| input_to_cluster_5_469_i1                                                            | concat8                                                                              | 3 (L3 memory cuts: 1)         |
| gate_rescue_repair_gate_rescue_repair_context_0_to_gate_rescue_repair_context_1_3097 | input_to_cluster_1_470_i1                                                            | 1 (L3 memory cuts: 1)         |
| input_to_cluster_1_470_i1                                                            | conv36                                                                               | 3 (L3 memory cuts: 1)         |
| gate_rescue_repair_gate_rescue_repair_context_0_to_gate_rescue_repair_context_1_3099 | input_to_cluster_6_471_i1                                                            | 1 (L3 memory cuts: 1)         |
| input_to_cluster_6_471_i1                                                            | matmul1                                                                              | 2 (L3 memory cuts: 1)         |
| gate_rescue_repair_gate_rescue_repair_context_0_to_gate_rescue_repair_context_1_3101 | input_to_cluster_6_472_i1                                                            | 1 (L3 memory cuts: 1)         |
| input_to_cluster_6_472_i1                                                            | matmul1                                                                              | 40 (L3 memory cuts: 2)        |
| matmul1                                                                              | reduce_max_softmax1                                                                  | 2[RPC] (L3 memory cuts: 2)    |
| matmul1                                                                              | ew_sub_softmax1                                                                      | 2[RPC] (L3 memory cuts: 2)    |
| reduce_max_softmax1                                                                  | ew_sub_softmax1                                                                      | 1 (L3 memory cuts: 1)         |
| ew_sub_softmax1                                                                      | reduce_sum_softmax1                                                                  | 1 (L3 memory cuts: 1)         |
| ew_sub_softmax1                                                                      | ew_mult_softmax1                                                                     | 1 (L3 memory cuts: 1)         |
| reduce_sum_softmax1                                                                  | ew_mult_softmax1                                                                     | 2 (L3 memory cuts: 1)         |
| ew_mult_softmax1                                                                     | matmul2                                                                              | 3 (L3 memory cuts: 2)         |
| gate_rescue_repair_gate_rescue_repair_context_0_to_gate_rescue_repair_context_1_3103 | input_to_cluster_3_473_i1                                                            | 1 (L3 memory cuts: 1)         |
| gate_rescue_repair_gate_rescue_repair_context_0_to_gate_rescue_repair_context_1_3103 | input_to_cluster_6_474_i1                                                            | 1 (L3 memory cuts: 1)         |
| input_to_cluster_3_473_i1                                                            | activation1                                                                          | 2 (L3 memory cuts: 1)         |
| activation1                                                                          | matmul2_reshape                                                                      | 1 (L3 memory cuts: 1)         |
| matmul2_reshape                                                                      | output_from_cluster_3_475_i1                                                         | 1 (L3 memory cuts: 1)         |
| output_from_cluster_3_475_i1                                                         | input_to_cluster_6_476_i1                                                            | 2 (L3 memory cuts: 1)         |
| input_to_cluster_6_476_i1                                                            | matmul2                                                                              | 40 (L3 memory cuts: 4)        |
| matmul2                                                                              | output_from_cluster_6_477_i1                                                         | 1 (L3 memory cuts: 1)         |
| output_from_cluster_6_477_i1                                                         | input_to_cluster_1_478_i1                                                            | 2 (L3 memory cuts: 1)         |
| input_to_cluster_1_478_i1                                                            | dw1_defuse_1x1                                                                       | 2 (L3 memory cuts: 1)         |
| input_to_cluster_6_474_i1                                                            | dw1_defuse_width_feature_reshape                                                     | 1 (L3 memory cuts: 1)         |
| dw1_defuse_width_feature_reshape                                                     | dw1_defuse_reshape_hxf_to_w_transposed                                               | 5 (L3 memory cuts: 1)         |
| dw1_defuse_reshape_hxf_to_w_transposed                                               | output_from_cluster_6_479_i1                                                         | 2 (L3 memory cuts: 2)         |
| output_from_cluster_6_479_i1                                                         | input_to_cluster_1_480_i1                                                            | 2 (L3 memory cuts: 2)         |
| input_to_cluster_1_480_i1                                                            | dw1_defuse_1x1                                                                       | 21 (L3 memory cuts: 18)       |
| dw1_defuse_1x1                                                                       | conv36                                                                               | 4 (L3 memory cuts: 1)         |
| conv36                                                                               | output_from_cluster_1_481_i1                                                         | 1[S] (L3 memory cuts: 1)      |
| output_from_cluster_1_481_i1                                                         | input_to_cluster_4_483_i1                                                            | 2[S] (L3 memory cuts: 1)      |
| output_from_cluster_1_481_i1                                                         | input_to_cluster_6_482_i1                                                            | 2[S] (L3 memory cuts: 1)      |
| input_to_cluster_6_482_i1                                                            | conv38                                                                               | 2[S] (L3 memory cuts: 1)      |
| input_to_cluster_4_483_i1                                                            | conv37                                                                               | 1[S] (L3 memory cuts: 1)      |
| conv37                                                                               | output_from_cluster_4_484_i1                                                         | 1[S] (L3 memory cuts: 1)      |
| output_from_cluster_4_484_i1                                                         | input_to_cluster_6_485_i1                                                            | 2[S] (L3 memory cuts: 1)      |
| input_to_cluster_6_485_i1                                                            | conv38                                                                               | 1[S] (L3 memory cuts: 1)      |
| conv38                                                                               | output_from_cluster_6_486_i1                                                         | 1 (L3 memory cuts: 1)         |
| output_from_cluster_6_486_i1                                                         | input_to_cluster_5_487_i1                                                            | 2 (L3 memory cuts: 1)         |
| input_to_cluster_5_487_i1                                                            | concat8                                                                              | 2 (L3 memory cuts: 1)         |
| concat8                                                                              | output_from_cluster_5_488_i1                                                         | 2[S] (L3 memory cuts: 1)      |
| output_from_cluster_5_488_i1                                                         | input_to_cluster_2_489_i1                                                            | 2[S] (L3 memory cuts: 1)      |
| input_to_cluster_2_489_i1                                                            | conv39                                                                               | 1[S] (L3 memory cuts: 1)      |
| conv39                                                                               | resize1                                                                              | 2 (L3 memory cuts: 1)         |
| conv39                                                                               | output_from_cluster_2_490_i1                                                         | 1 (L3 memory cuts: 1)         |
| resize1                                                                              | output_from_cluster_2_492_i1                                                         | 2 (L3 memory cuts: 1)         |
| output_from_cluster_2_492_i1                                                         | input_to_cluster_5_493_i1                                                            | 2 (L3 memory cuts: 1)         |
| input_to_cluster_5_493_i1                                                            | concat9                                                                              | 2 (L3 memory cuts: 1)         |
| concat9                                                                              | conv_feature_splitter7_1                                                             | 3[S] (L3 memory cuts: 1)      |
| concat9                                                                              | conv_feature_splitter7_2                                                             | 3[S] (L3 memory cuts: 1)      |
| conv_feature_splitter7_1                                                             | concat10                                                                             | 10[RPC] (L3 memory cuts: 10)  |
| conv_feature_splitter7_2                                                             | output_from_cluster_5_494_i1                                                         | 1[RPC] (L3 memory cuts: 1)    |
| conv_feature_splitter7_2                                                             | concat10                                                                             | 10[RPC] (L3 memory cuts: 10)  |
| output_from_cluster_5_494_i1                                                         | input_to_cluster_2_496_i1                                                            | 2[RPC] (L3 memory cuts: 2)    |
| output_from_cluster_5_494_i1                                                         | input_to_cluster_1_495_i1                                                            | 2[RPC] (L3 memory cuts: 2)    |
| input_to_cluster_1_495_i1                                                            | ew_add10                                                                             | 8[RPC] (L3 memory cuts: 8)    |
| input_to_cluster_2_496_i1                                                            | conv41                                                                               | 5[RPC] (L3 memory cuts: 5)    |
| conv41                                                                               | output_from_cluster_2_497_i1                                                         | 4[S] (L3 memory cuts: 1)      |
| output_from_cluster_2_497_i1                                                         | input_to_cluster_4_498_i1                                                            | 2[S] (L3 memory cuts: 1)      |
| input_to_cluster_4_498_i1                                                            | conv42                                                                               | 8[S] (L3 memory cuts: 1)      |
| conv42                                                                               | output_from_cluster_4_499_i1                                                         | 2[RPC] (L3 memory cuts: 2)    |
| output_from_cluster_4_499_i1                                                         | input_to_cluster_1_500_i1                                                            | 2[RPC] (L3 memory cuts: 2)    |
| input_to_cluster_1_500_i1                                                            | ew_add10                                                                             | 1[RPC] (L3 memory cuts: 1)    |
| ew_add10                                                                             | output_from_cluster_1_501_i1                                                         | 1 (L3 memory cuts: 1)         |
| output_from_cluster_1_501_i1                                                         | input_to_cluster_5_502_i1                                                            | 2 (L3 memory cuts: 1)         |
| input_to_cluster_5_502_i1                                                            | concat10                                                                             | 2 (L3 memory cuts: 1)         |
| concat10                                                                             | output_from_cluster_5_503_i1                                                         | 2[S] (L3 memory cuts: 1)      |
| output_from_cluster_5_503_i1                                                         | input_to_cluster_0_504_i1                                                            | 2[S] (L3 memory cuts: 1)      |
| input_to_cluster_0_504_i1                                                            | conv43                                                                               | 2[S] (L3 memory cuts: 1)      |
| conv43                                                                               | output_from_cluster_0_505_i1                                                         | 8[RPC] (L3 memory cuts: 8)    |
| conv43                                                                               | concat13                                                                             | 8[RPC] (L3 memory cuts: 8)    |
| output_from_cluster_0_505_i1                                                         | input_to_cluster_1_506_i1                                                            | 2[RPC] (L3 memory cuts: 2)    |
| input_to_cluster_1_506_i1                                                            | resize2                                                                              | 2[RPC] (L3 memory cuts: 2)    |
| resize2                                                                              | output_from_cluster_1_507_i1                                                         | 2[RPC] (L3 memory cuts: 2)    |
| output_from_cluster_1_507_i1                                                         | input_to_cluster_4_508_i1                                                            | 2[RPC] (L3 memory cuts: 2)    |
| input_to_cluster_4_508_i1                                                            | concat11                                                                             | 2[RPC] (L3 memory cuts: 2)    |
| concat11                                                                             | output_from_cluster_4_509_i1                                                         | 2[RPC] (L3 memory cuts: 2)    |
| output_from_cluster_4_509_i1                                                         | input_to_cluster_2_510_i1                                                            | 2[RPC][D] (L3 memory cuts: 2) |
| input_to_cluster_2_510_i1                                                            | conv_feature_splitter8_1                                                             | 2[RPC][D] (L3 memory cuts: 2) |
| input_to_cluster_2_510_i1                                                            | conv_feature_splitter8_2                                                             | 2[RPC][D] (L3 memory cuts: 2) |
| conv_feature_splitter8_1                                                             | concat12                                                                             | 6 (L3 memory cuts: 1)         |
| conv_feature_splitter8_2                                                             | output_from_cluster_2_511_i1                                                         | 6[RPC] (L3 memory cuts: 6)    |
| conv_feature_splitter8_2                                                             | ew_add11                                                                             | 6[RPC] (L3 memory cuts: 6)    |
| conv_feature_splitter8_2                                                             | concat12                                                                             | 6[RPC] (L3 memory cuts: 6)    |
| output_from_cluster_2_511_i1                                                         | input_to_cluster_4_512_i1                                                            | 2[RPC] (L3 memory cuts: 2)    |
| input_to_cluster_4_512_i1                                                            | conv45                                                                               | 1[RPC] (L3 memory cuts: 1)    |
| conv45                                                                               | conv46                                                                               | 7[S] (L3 memory cuts: 1)      |
| conv46                                                                               | output_from_cluster_4_513_i1                                                         | 2 (L3 memory cuts: 1)         |
| output_from_cluster_4_513_i1                                                         | input_to_cluster_2_514_i1                                                            | 2 (L3 memory cuts: 1)         |
| input_to_cluster_2_514_i1                                                            | ew_add11                                                                             | 1 (L3 memory cuts: 1)         |
| ew_add11                                                                             | concat12                                                                             | 2 (L3 memory cuts: 1)         |
| concat12                                                                             | conv47                                                                               | 2[S] (L3 memory cuts: 1)      |
| conv47                                                                               | output_from_cluster_2_515_i1                                                         | 2 (L3 memory cuts: 1)         |
| output_from_cluster_2_515_i1                                                         | input_to_cluster_4_517_i1                                                            | 2 (L3 memory cuts: 1)         |
| output_from_cluster_2_515_i1                                                         | input_to_cluster_3_516_i1                                                            | 2 (L3 memory cuts: 1)         |
| input_to_cluster_3_516_i1                                                            | sh_from_conv47_to_conv49_d0-1_dw2_sd0-1_3114                                         | 1 (L3 memory cuts: 1)         |
| sh_from_conv47_to_conv49_d0-1_dw2_sd0-1_3114                                         | conv49_d0                                                                            | 2 (L3 memory cuts: 1)         |
| sh_from_conv47_to_conv49_d0-1_dw2_sd0-1_3114                                         | output_from_cluster_3_562_i1                                                         | 2 (L3 memory cuts: 1)         |
| conv49_d0                                                                            | output_from_cluster_3_546_i1                                                         | 4[S][RPC] (L3 memory cuts: 4) |
| output_from_cluster_3_546_i1                                                         | input_to_cluster_2_547_i1                                                            | 2[S][RPC] (L3 memory cuts: 2) |
| input_to_cluster_2_547_i1                                                            | conv49_dc                                                                            | 5[S][RPC] (L3 memory cuts: 5) |
| output_from_cluster_3_562_i1                                                         | input_to_cluster_4_564_i1                                                            | 2 (L3 memory cuts: 1)         |
| output_from_cluster_3_562_i1                                                         | input_to_cluster_2_563_i1                                                            | 2 (L3 memory cuts: 1)         |
| input_to_cluster_2_563_i1                                                            | conv49_d1                                                                            | 2 (L3 memory cuts: 1)         |
| input_to_cluster_2_563_i1                                                            | dw2_sd1                                                                              | 2 (L3 memory cuts: 1)         |
| conv49_d1                                                                            | conv49_dc                                                                            | 4[S][RPC] (L3 memory cuts: 4) |
| conv49_dc                                                                            | conv50_d0                                                                            | 9[S] (L3 memory cuts: 1)      |
| conv49_dc                                                                            | conv50_d1                                                                            | 9[S] (L3 memory cuts: 1)      |
| conv50_d0                                                                            | conv50_dc                                                                            | 4[S][RPC] (L3 memory cuts: 4) |
| conv50_d1                                                                            | conv50_dc                                                                            | 4[S][RPC] (L3 memory cuts: 4) |
| conv50_dc                                                                            | conv51                                                                               | 5[S] (L3 memory cuts: 1)      |
| conv51                                                                               | output_from_cluster_2_548_i1                                                         | 2 (L3 memory cuts: 1)         |
| output_from_cluster_2_548_i1                                                         | output_from_conv51_to_yolov8_nms_postprocess                                         | 1 (L3 memory cuts: 1)         |
| dw2_sd1                                                                              | output_from_cluster_2_551_i1                                                         | 2 (L3 memory cuts: 1)         |
| output_from_cluster_2_551_i1                                                         | input_to_cluster_7_552_i1                                                            | 2 (L3 memory cuts: 1)         |
| input_to_cluster_7_552_i1                                                            | dw2_sdc                                                                              | 1 (L3 memory cuts: 1)         |
| input_to_cluster_4_564_i1                                                            | dw2_sd0                                                                              | 2 (L3 memory cuts: 1)         |
| dw2_sd0                                                                              | output_from_cluster_4_549_i1                                                         | 2 (L3 memory cuts: 1)         |
| output_from_cluster_4_549_i1                                                         | input_to_cluster_7_550_i1                                                            | 2 (L3 memory cuts: 1)         |
| input_to_cluster_7_550_i1                                                            | dw2_sdc                                                                              | 1 (L3 memory cuts: 1)         |
| dw2_sdc                                                                              | output_from_cluster_7_553_i1                                                         | 1 (L3 memory cuts: 1)         |
| output_from_cluster_7_553_i1                                                         | input_to_cluster_0_554_i1                                                            | 2 (L3 memory cuts: 1)         |
| input_to_cluster_0_554_i1                                                            | conv52                                                                               | 2 (L3 memory cuts: 1)         |
| conv52                                                                               | dw3_sd0                                                                              | 2 (L3 memory cuts: 1)         |
| conv52                                                                               | output_from_cluster_0_555_i1                                                         | 2 (L3 memory cuts: 1)         |
| dw3_sd0                                                                              | output_from_cluster_0_557_i1                                                         | 2 (L3 memory cuts: 1)         |
| output_from_cluster_0_557_i1                                                         | input_to_cluster_5_558_i1                                                            | 2 (L3 memory cuts: 1)         |
| input_to_cluster_5_558_i1                                                            | dw3_sdc                                                                              | 2 (L3 memory cuts: 1)         |
| output_from_cluster_0_555_i1                                                         | input_to_cluster_6_556_i1                                                            | 2 (L3 memory cuts: 1)         |
| input_to_cluster_6_556_i1                                                            | dw3_sd1                                                                              | 2 (L3 memory cuts: 1)         |
| dw3_sd1                                                                              | output_from_cluster_6_559_i1                                                         | 2 (L3 memory cuts: 1)         |
| output_from_cluster_6_559_i1                                                         | input_to_cluster_5_560_i1                                                            | 2 (L3 memory cuts: 1)         |
| input_to_cluster_5_560_i1                                                            | dw3_sdc                                                                              | 1 (L3 memory cuts: 1)         |
| dw3_sdc                                                                              | conv53                                                                               | 2 (L3 memory cuts: 1)         |
| conv53                                                                               | conv54                                                                               | 3[S][RPC] (L3 memory cuts: 3) |
| conv54                                                                               | output_from_cluster_5_561_i1                                                         | 1 (L3 memory cuts: 1)         |
| output_from_cluster_5_561_i1                                                         | output_from_conv54_to_yolov8_nms_postprocess                                         | 1 (L3 memory cuts: 1)         |
| input_to_cluster_4_517_i1                                                            | conv48                                                                               | 2 (L3 memory cuts: 1)         |
| conv48                                                                               | output_from_cluster_4_518_i1                                                         | 1 (L3 memory cuts: 1)         |
| output_from_cluster_4_518_i1                                                         | input_to_cluster_0_519_i1                                                            | 2 (L3 memory cuts: 1)         |
| input_to_cluster_0_519_i1                                                            | concat13                                                                             | 2 (L3 memory cuts: 1)         |
| concat13                                                                             | output_from_cluster_0_520_i1                                                         | 2[S] (L3 memory cuts: 1)      |
| output_from_cluster_0_520_i1                                                         | input_to_cluster_1_521_i1                                                            | 2[S] (L3 memory cuts: 1)      |
| input_to_cluster_1_521_i1                                                            | conv_feature_splitter9_1                                                             | 2[S] (L3 memory cuts: 1)      |
| input_to_cluster_1_521_i1                                                            | conv_feature_splitter9_2                                                             | 2[S] (L3 memory cuts: 1)      |
| conv_feature_splitter9_1                                                             | concat14                                                                             | 7[RPC] (L3 memory cuts: 7)    |
| conv_feature_splitter9_2                                                             | output_from_cluster_1_522_i1                                                         | 1[RPC] (L3 memory cuts: 1)    |
| conv_feature_splitter9_2                                                             | ew_add12                                                                             | 6[RPC] (L3 memory cuts: 6)    |
| conv_feature_splitter9_2                                                             | concat14                                                                             | 7[RPC] (L3 memory cuts: 7)    |
| output_from_cluster_1_522_i1                                                         | input_to_cluster_2_523_i1                                                            | 2[RPC] (L3 memory cuts: 2)    |
| input_to_cluster_2_523_i1                                                            | conv56                                                                               | 2[RPC] (L3 memory cuts: 2)    |
| conv56                                                                               | output_from_cluster_2_524_i1                                                         | 4[S] (L3 memory cuts: 1)      |
| output_from_cluster_2_524_i1                                                         | input_to_cluster_4_525_i1                                                            | 2[S] (L3 memory cuts: 1)      |
| input_to_cluster_4_525_i1                                                            | conv57                                                                               | 8[S] (L3 memory cuts: 1)      |
| conv57                                                                               | output_from_cluster_4_526_i1                                                         | 2[RPC] (L3 memory cuts: 2)    |
| output_from_cluster_4_526_i1                                                         | input_to_cluster_1_527_i1                                                            | 2[RPC] (L3 memory cuts: 2)    |
| input_to_cluster_1_527_i1                                                            | ew_add12                                                                             | 1[RPC] (L3 memory cuts: 1)    |
| ew_add12                                                                             | concat14                                                                             | 2 (L3 memory cuts: 1)         |
| concat14                                                                             | output_from_cluster_1_528_i1                                                         | 2[S] (L3 memory cuts: 1)      |
| output_from_cluster_1_528_i1                                                         | input_to_cluster_0_529_i1                                                            | 2[S] (L3 memory cuts: 1)      |
| input_to_cluster_0_529_i1                                                            | conv58                                                                               | 2[S] (L3 memory cuts: 1)      |
| conv58                                                                               | conv60                                                                               | 3[RPC] (L3 memory cuts: 3)    |
| conv58                                                                               | output_from_cluster_0_530_i1                                                         | 3[RPC] (L3 memory cuts: 3)    |
| conv60                                                                               | output_from_cluster_0_538_i1                                                         | 4[S] (L3 memory cuts: 1)      |
| output_from_cluster_0_538_i1                                                         | input_to_cluster_7_539_i1                                                            | 2[S] (L3 memory cuts: 1)      |
| input_to_cluster_7_539_i1                                                            | conv61                                                                               | 8[S] (L3 memory cuts: 1)      |
| conv61                                                                               | conv62                                                                               | 4[S][RPC] (L3 memory cuts: 4) |
| conv62                                                                               | output_from_cluster_7_540_i1                                                         | 1 (L3 memory cuts: 1)         |
| output_from_cluster_7_540_i1                                                         | output_from_conv62_to_yolov8_nms_postprocess                                         | 1 (L3 memory cuts: 1)         |
| output_from_cluster_0_530_i1                                                         | input_to_cluster_3_531_i1                                                            | 2[RPC] (L3 memory cuts: 2)    |
| input_to_cluster_3_531_i1                                                            | conv59                                                                               | 2[RPC] (L3 memory cuts: 2)    |
| input_to_cluster_3_531_i1                                                            | dw4                                                                                  | 2[RPC] (L3 memory cuts: 2)    |
| conv59                                                                               | concat15                                                                             | 2 (L3 memory cuts: 1)         |
| dw4                                                                                  | conv63                                                                               | 2 (L3 memory cuts: 1)         |
| conv63                                                                               | dw5                                                                                  | 4 (L3 memory cuts: 1)         |
| dw5                                                                                  | output_from_cluster_3_541_i1                                                         | 2 (L3 memory cuts: 1)         |
| output_from_cluster_3_541_i1                                                         | input_to_cluster_5_542_i1                                                            | 2 (L3 memory cuts: 1)         |
| input_to_cluster_5_542_i1                                                            | conv64                                                                               | 2 (L3 memory cuts: 1)         |
| conv64                                                                               | output_from_cluster_5_543_i1                                                         | 1[S] (L3 memory cuts: 1)      |
| output_from_cluster_5_543_i1                                                         | input_to_cluster_0_544_i1                                                            | 2[S] (L3 memory cuts: 1)      |
| input_to_cluster_0_544_i1                                                            | conv65                                                                               | 1[S] (L3 memory cuts: 1)      |
| conv65                                                                               | output_from_cluster_0_545_i1                                                         | 1 (L3 memory cuts: 1)         |
| output_from_cluster_0_545_i1                                                         | output_from_conv65_to_yolov8_nms_postprocess                                         | 1 (L3 memory cuts: 1)         |
| output_from_cluster_2_490_i1                                                         | input_to_cluster_3_491_i1                                                            | 2 (L3 memory cuts: 1)         |
| input_to_cluster_3_491_i1                                                            | concat15                                                                             | 14 (L3 memory cuts: 3)        |
| concat15                                                                             | output_from_cluster_3_532_i1                                                         | 2[S] (L3 memory cuts: 1)      |
| concat15                                                                             | conv_feature_splitter10_2                                                            | 2[S] (L3 memory cuts: 1)      |
| conv_feature_splitter10_2                                                            | conv67                                                                               | 1 (L3 memory cuts: 1)         |
| conv_feature_splitter10_2                                                            | conv68                                                                               | 1 (L3 memory cuts: 1)         |
| conv_feature_splitter10_2                                                            | output_from_cluster_3_535_i1                                                         | 1 (L3 memory cuts: 1)         |
| conv67                                                                               | conv69                                                                               | 4 (L3 memory cuts: 1)         |
| conv67                                                                               | ew_add13                                                                             | 4 (L3 memory cuts: 1)         |
| conv69                                                                               | conv70                                                                               | 5[S] (L3 memory cuts: 1)      |
| conv70                                                                               | ew_add13                                                                             | 1 (L3 memory cuts: 1)         |
| ew_add13                                                                             | output_from_cluster_3_536_i1                                                         | 1 (L3 memory cuts: 1)         |
| output_from_cluster_3_536_i1                                                         | gate_rescue_repair_gate_rescue_repair_context_1_to_gate_rescue_repair_context_2_3111 | 1 (L3 memory cuts: 1)         |
| conv68                                                                               | output_from_cluster_3_537_i1                                                         | 1 (L3 memory cuts: 1)         |
| output_from_cluster_3_537_i1                                                         | gate_rescue_repair_gate_rescue_repair_context_1_to_gate_rescue_repair_context_2_3109 | 1 (L3 memory cuts: 1)         |
| output_from_cluster_3_535_i1                                                         | gate_rescue_repair_gate_rescue_repair_context_1_to_gate_rescue_repair_context_2_3107 | 1 (L3 memory cuts: 1)         |
| output_from_cluster_3_532_i1                                                         | input_to_cluster_0_533_i1                                                            | 2[S] (L3 memory cuts: 1)      |
| input_to_cluster_0_533_i1                                                            | conv_feature_splitter10_1                                                            | 1[S] (L3 memory cuts: 1)      |
| conv_feature_splitter10_1                                                            | output_from_cluster_0_534_i1                                                         | 1 (L3 memory cuts: 1)         |
| output_from_cluster_0_534_i1                                                         | gate_rescue_repair_gate_rescue_repair_context_1_to_gate_rescue_repair_context_2_3105 | 1 (L3 memory cuts: 1)         |
+--------------------------------------------------------------------------------------+--------------------------------------------------------------------------------------+-------------------------------+
[2026-09-25 10:50:14.447] [default] [info] Post-Final-Split Resources for gate_rescue_repair_context_1, iteration 4
+--------------------------------------------------------------------------------------+-------------+-----------------------+-----------------------+----------------------+----------------+-----+-----+------+
| Node                                                                                 | Subclusters | L3 Weight Memory Cuts | L3 Output Memory Cuts | L3 Input Memory Cuts | L4 Memory Cuts | IBs | OBs | APUs |
+--------------------------------------------------------------------------------------+-------------+-----------------------+-----------------------+----------------------+----------------+-----+-----+------+
| gate_rescue_repair_gate_rescue_repair_context_0_to_gate_rescue_repair_context_1_3091 | 0           | 0                     | 0                     | 0                    | 0.500          | 0   | 0   | 0    |
| input_to_cluster_4_467_i1                                                            | 0           | 0                     | 5                     | 0                    | 0.000          | 1   | 0   | 0    |
| gate_rescue_repair_gate_rescue_repair_context_0_to_gate_rescue_repair_context_1_3093 | 0           | 0                     | 0                     | 0                    | 0.500          | 0   | 0   | 0    |
| input_to_cluster_5_468_i1                                                            | 0           | 0                     | 1                     | 0                    | 0.000          | 1   | 0   | 0    |
| gate_rescue_repair_gate_rescue_repair_context_0_to_gate_rescue_repair_context_1_3095 | 0           | 0                     | 0                     | 0                    | 0.500          | 0   | 0   | 0    |
| input_to_cluster_5_469_i1                                                            | 0           | 0                     | 1                     | 0                    | 0.000          | 1   | 0   | 0    |
| gate_rescue_repair_gate_rescue_repair_context_0_to_gate_rescue_repair_context_1_3097 | 0           | 0                     | 0                     | 0                    | 0.500          | 0   | 0   | 0    |
| input_to_cluster_1_470_i1                                                            | 0           | 0                     | 1                     | 0                    | 0.000          | 1   | 0   | 0    |
| gate_rescue_repair_gate_rescue_repair_context_0_to_gate_rescue_repair_context_1_3099 | 0           | 0                     | 0                     | 0                    | 0.500          | 0   | 0   | 0    |
| input_to_cluster_6_471_i1                                                            | 0           | 0                     | 1                     | 0                    | 0.000          | 1   | 0   | 0    |
| gate_rescue_repair_gate_rescue_repair_context_0_to_gate_rescue_repair_context_1_3101 | 0           | 0                     | 0                     | 0                    | 0.500          | 0   | 0   | 0    |
| input_to_cluster_6_472_i1                                                            | 0           | 0                     | 2                     | 0                    | 0.000          | 1   | 0   | 0    |
| matmul1                                                                              | 1           | 0                     | 4                     | 1                    | 0.000          | 0   | 0   | 1    |
| reduce_max_softmax1                                                                  | 1           | 0                     | 1                     | 2                    | 0.000          | 0   | 0   | 1    |
| ew_sub_softmax1                                                                      | 1           | 1                     | 2                     | 3                    | 0.000          | 0   | 0   | 1    |
| reduce_sum_softmax1                                                                  | 1           | 0                     | 1                     | 1                    | 0.000          | 0   | 0   | 1    |
| ew_mult_softmax1                                                                     | 1           | 0                     | 2                     | 2                    | 0.000          | 0   | 0   | 1    |
| gate_rescue_repair_gate_rescue_repair_context_0_to_gate_rescue_repair_context_1_3103 | 0           | 0                     | 0                     | 0                    | 0.500          | 0   | 0   | 0    |
| input_to_cluster_3_473_i1                                                            | 0           | 0                     | 1                     | 0                    | 0.000          | 1   | 0   | 0    |
| activation1                                                                          | 1           | 1                     | 1                     | 1                    | 0.000          | 0   | 0   | 1    |
| matmul2_reshape                                                                      | 1           | 0                     | 1                     | 1                    | 0.000          | 0   | 0   | 1    |
| output_from_cluster_3_475_i1                                                         | 0           | 0                     | 0                     | 0                    | 0.000          | 0   | 1   | 0    |
| input_to_cluster_6_476_i1                                                            | 0           | 0                     | 4                     | 0                    | 0.000          | 1   | 0   | 0    |
| matmul2                                                                              | 2           | 0                     | 1                     | 2                    | 0.000          | 0   | 0   | 1    |
| output_from_cluster_6_477_i1                                                         | 0           | 0                     | 0                     | 0                    | 0.000          | 0   | 1   | 0    |
| input_to_cluster_1_478_i1                                                            | 0           | 0                     | 1                     | 0                    | 0.000          | 1   | 0   | 0    |
| input_to_cluster_6_474_i1                                                            | 0           | 0                     | 1                     | 0                    | 0.000          | 1   | 0   | 0    |
| dw1_defuse_width_feature_reshape                                                     | 1           | 0                     | 1                     | 1                    | 0.000          | 0   | 0   | 1    |
| dw1_defuse_reshape_hxf_to_w_transposed                                               | 1           | 0                     | 2                     | 1                    | 0.000          | 0   | 0   | 1    |
| output_from_cluster_6_479_i1                                                         | 0           | 0                     | 0                     | 0                    | 0.000          | 0   | 1   | 0    |
| input_to_cluster_1_480_i1                                                            | 0           | 0                     | 18                    | 0                    | 0.000          | 1   | 0   | 0    |
| dw1_defuse_1x1                                                                       | 1           | 1                     | 1                     | 19                   | 0.000          | 0   | 0   | 1    |
| conv36                                                                               | 1           | 1                     | 1                     | 2                    | 0.000          | 0   | 0   | 1    |
| output_from_cluster_1_481_i1                                                         | 0           | 0                     | 0                     | 0                    | 0.000          | 0   | 1   | 0    |
| input_to_cluster_6_482_i1                                                            | 0           | 0                     | 1                     | 0                    | 0.000          | 1   | 0   | 0    |
| input_to_cluster_4_483_i1                                                            | 0           | 0                     | 1                     | 0                    | 0.000          | 1   | 0   | 0    |
| conv37                                                                               | 1           | 1                     | 1                     | 1                    | 0.000          | 0   | 0   | 1    |
| output_from_cluster_4_484_i1                                                         | 0           | 0                     | 0                     | 0                    | 0.000          | 0   | 1   | 0    |
| input_to_cluster_6_485_i1                                                            | 0           | 0                     | 1                     | 0                    | 0.000          | 1   | 0   | 0    |
| conv38                                                                               | 1           | 1                     | 1                     | 2                    | 0.000          | 0   | 0   | 1    |
| output_from_cluster_6_486_i1                                                         | 0           | 0                     | 0                     | 0                    | 0.000          | 0   | 1   | 0    |
| input_to_cluster_5_487_i1                                                            | 0           | 0                     | 1                     | 0                    | 0.000          | 1   | 0   | 0    |
| concat8                                                                              | 1           | 0                     | 1                     | 2                    | 0.000          | 0   | 0   | 1    |
| output_from_cluster_5_488_i1                                                         | 0           | 0                     | 0                     | 0                    | 0.000          | 0   | 1   | 0    |
| input_to_cluster_2_489_i1                                                            | 0           | 0                     | 1                     | 0                    | 0.000          | 1   | 0   | 0    |
| conv39                                                                               | 2           | 2                     | 2                     | 1                    | 0.000          | 0   | 0   | 1    |
| resize1                                                                              | 1           | 0                     | 1                     | 1                    | 0.000          | 0   | 0   | 1    |
| output_from_cluster_2_492_i1                                                         | 0           | 0                     | 0                     | 0                    | 0.000          | 0   | 1   | 0    |
| input_to_cluster_5_493_i1                                                            | 0           | 0                     | 1                     | 0                    | 0.000          | 1   | 0   | 0    |
| concat9                                                                              | 1           | 0                     | 2                     | 2                    | 0.000          | 0   | 0   | 1    |
| conv_feature_splitter7_1                                                             | 2           | 2                     | 10                    | 1                    | 0.000          | 0   | 0   | 1    |
| conv_feature_splitter7_2                                                             | 2           | 2                     | 11                    | 1                    | 0.000          | 0   | 0   | 1    |
| output_from_cluster_5_494_i1                                                         | 0           | 0                     | 0                     | 0                    | 0.000          | 0   | 1   | 0    |
| input_to_cluster_1_495_i1                                                            | 0           | 0                     | 8                     | 0                    | 0.000          | 1   | 0   | 0    |
| input_to_cluster_2_496_i1                                                            | 0           | 0                     | 5                     | 0                    | 0.000          | 1   | 0   | 0    |
| conv41                                                                               | 2           | 1                     | 1                     | 5                    | 0.000          | 0   | 0   | 1    |
| output_from_cluster_2_497_i1                                                         | 0           | 0                     | 0                     | 0                    | 0.000          | 0   | 1   | 0    |
| input_to_cluster_4_498_i1                                                            | 0           | 0                     | 1                     | 0                    | 0.000          | 1   | 0   | 0    |
| conv42                                                                               | 2           | 1                     | 2                     | 1                    | 0.000          | 0   | 0   | 1    |
| output_from_cluster_4_499_i1                                                         | 0           | 0                     | 0                     | 0                    | 0.000          | 0   | 1   | 0    |
| input_to_cluster_1_500_i1                                                            | 0           | 0                     | 1                     | 0                    | 0.000          | 1   | 0   | 0    |
| ew_add10                                                                             | 1           | 1                     | 1                     | 9                    | 0.000          | 0   | 0   | 1    |
| output_from_cluster_1_501_i1                                                         | 0           | 0                     | 0                     | 0                    | 0.000          | 0   | 1   | 0    |
| input_to_cluster_5_502_i1                                                            | 0           | 0                     | 1                     | 0                    | 0.000          | 1   | 0   | 0    |
| concat10                                                                             | 1           | 0                     | 1                     | 21                   | 0.000          | 0   | 0   | 1    |
| output_from_cluster_5_503_i1                                                         | 0           | 0                     | 0                     | 0                    | 0.000          | 0   | 1   | 0    |
| input_to_cluster_0_504_i1                                                            | 0           | 0                     | 1                     | 0                    | 0.000          | 1   | 0   | 0    |
| conv43                                                                               | 2           | 2                     | 16                    | 1                    | 0.000          | 0   | 0   | 1    |
| output_from_cluster_0_505_i1                                                         | 0           | 0                     | 0                     | 0                    | 0.000          | 0   | 1   | 0    |
| input_to_cluster_1_506_i1                                                            | 0           | 0                     | 2                     | 0                    | 0.000          | 1   | 0   | 0    |
| resize2                                                                              | 1           | 0                     | 2                     | 2                    | 0.000          | 0   | 0   | 1    |
| output_from_cluster_1_507_i1                                                         | 0           | 0                     | 0                     | 0                    | 0.000          | 0   | 1   | 0    |
| input_to_cluster_4_508_i1                                                            | 0           | 0                     | 2                     | 0                    | 0.000          | 1   | 0   | 0    |
| concat11                                                                             | 1           | 0                     | 2                     | 7                    | 0.000          | 0   | 0   | 1    |
| output_from_cluster_4_509_i1                                                         | 0           | 0                     | 0                     | 0                    | 0.000          | 0   | 2   | 0    |
| input_to_cluster_2_510_i1                                                            | 0           | 0                     | 4                     | 0                    | 0.000          | 2   | 0   | 0    |
| conv_feature_splitter8_1                                                             | 4           | 4                     | 1                     | 2                    | 0.000          | 0   | 0   | 1    |
| conv_feature_splitter8_2                                                             | 4           | 2                     | 18                    | 2                    | 0.000          | 0   | 0   | 1    |
| output_from_cluster_2_511_i1                                                         | 0           | 0                     | 0                     | 0                    | 0.000          | 0   | 1   | 0    |
| input_to_cluster_4_512_i1                                                            | 0           | 0                     | 1                     | 0                    | 0.000          | 1   | 0   | 0    |
| conv45                                                                               | 2           | 2                     | 1                     | 1                    | 0.000          | 0   | 0   | 1    |
| conv46                                                                               | 2           | 1                     | 1                     | 1                    | 0.000          | 0   | 0   | 1    |
| output_from_cluster_4_513_i1                                                         | 0           | 0                     | 0                     | 0                    | 0.000          | 0   | 1   | 0    |
| input_to_cluster_2_514_i1                                                            | 0           | 0                     | 1                     | 0                    | 0.000          | 1   | 0   | 0    |
| ew_add11                                                                             | 1           | 1                     | 1                     | 7                    | 0.000          | 0   | 0   | 1    |
| concat12                                                                             | 1           | 0                     | 1                     | 8                    | 0.000          | 0   | 0   | 1    |
| conv47                                                                               | 3           | 3                     | 1                     | 1                    | 0.000          | 0   | 0   | 1    |
| output_from_cluster_2_515_i1                                                         | 0           | 0                     | 0                     | 0                    | 0.000          | 0   | 1   | 0    |
| input_to_cluster_3_516_i1                                                            | 0           | 0                     | 1                     | 0                    | 0.000          | 1   | 0   | 0    |
| sh_from_conv47_to_conv49_d0-1_dw2_sd0-1_3114                                         | 1           | 0                     | 2                     | 1                    | 0.000          | 0   | 0   | 1    |
| conv49_d0                                                                            | 8           | 4                     | 4                     | 1                    | 0.000          | 0   | 0   | 1    |
| output_from_cluster_3_546_i1                                                         | 0           | 0                     | 0                     | 0                    | 0.000          | 0   | 1   | 0    |
| input_to_cluster_2_547_i1                                                            | 0           | 0                     | 5                     | 0                    | 0.000          | 1   | 0   | 0    |
| output_from_cluster_3_562_i1                                                         | 0           | 0                     | 0                     | 0                    | 0.000          | 0   | 1   | 0    |
| input_to_cluster_2_563_i1                                                            | 0           | 0                     | 2                     | 0                    | 0.000          | 1   | 0   | 0    |
| conv49_d1                                                                            | 8           | 4                     | 4                     | 1                    | 0.000          | 0   | 0   | 1    |
| conv49_dc                                                                            | 1           | 0                     | 2                     | 9                    | 0.000          | 0   | 0   | 1    |
| conv50_d0                                                                            | 8           | 4                     | 4                     | 1                    | 0.000          | 0   | 0   | 1    |
| conv50_d1                                                                            | 8           | 4                     | 4                     | 1                    | 0.000          | 0   | 0   | 1    |
| conv50_dc                                                                            | 1           | 0                     | 1                     | 8                    | 0.000          | 0   | 0   | 1    |
| conv51                                                                               | 2           | 1                     | 1                     | 1                    | 0.000          | 0   | 0   | 1    |
| output_from_cluster_2_548_i1                                                         | 0           | 0                     | 0                     | 0                    | 0.000          | 0   | 1   | 0    |
| output_from_conv51_to_yolov8_nms_postprocess                                         | 0           | 0                     | 0                     | 0                    | 0.500          | 0   | 0   | 0    |
| dw2_sd1                                                                              | 2           | 1                     | 1                     | 1                    | 0.000          | 0   | 0   | 1    |
| output_from_cluster_2_551_i1                                                         | 0           | 0                     | 0                     | 0                    | 0.000          | 0   | 1   | 0    |
| input_to_cluster_7_552_i1                                                            | 0           | 0                     | 1                     | 0                    | 0.000          | 1   | 0   | 0    |
| input_to_cluster_4_564_i1                                                            | 0           | 0                     | 1                     | 0                    | 0.000          | 1   | 0   | 0    |
| dw2_sd0                                                                              | 2           | 1                     | 1                     | 1                    | 0.000          | 0   | 0   | 1    |
| output_from_cluster_4_549_i1                                                         | 0           | 0                     | 0                     | 0                    | 0.000          | 0   | 1   | 0    |
| input_to_cluster_7_550_i1                                                            | 0           | 0                     | 1                     | 0                    | 0.000          | 1   | 0   | 0    |
| dw2_sdc                                                                              | 1           | 0                     | 1                     | 2                    | 0.000          | 0   | 0   | 1    |
| output_from_cluster_7_553_i1                                                         | 0           | 0                     | 0                     | 0                    | 0.000          | 0   | 1   | 0    |
| input_to_cluster_0_554_i1                                                            | 0           | 0                     | 1                     | 0                    | 0.000          | 1   | 0   | 0    |
| conv52                                                                               | 2           | 1                     | 2                     | 1                    | 0.000          | 0   | 0   | 1    |
| dw3_sd0                                                                              | 2           | 1                     | 1                     | 1                    | 0.000          | 0   | 0   | 1    |
| output_from_cluster_0_557_i1                                                         | 0           | 0                     | 0                     | 0                    | 0.000          | 0   | 1   | 0    |
| input_to_cluster_5_558_i1                                                            | 0           | 0                     | 1                     | 0                    | 0.000          | 1   | 0   | 0    |
| output_from_cluster_0_555_i1                                                         | 0           | 0                     | 0                     | 0                    | 0.000          | 0   | 1   | 0    |
| input_to_cluster_6_556_i1                                                            | 0           | 0                     | 1                     | 0                    | 0.000          | 1   | 0   | 0    |
| dw3_sd1                                                                              | 2           | 1                     | 1                     | 1                    | 0.000          | 0   | 0   | 1    |
| output_from_cluster_6_559_i1                                                         | 0           | 0                     | 0                     | 0                    | 0.000          | 0   | 1   | 0    |
| input_to_cluster_5_560_i1                                                            | 0           | 0                     | 1                     | 0                    | 0.000          | 1   | 0   | 0    |
| dw3_sdc                                                                              | 1           | 0                     | 1                     | 2                    | 0.000          | 0   | 0   | 1    |
| conv53                                                                               | 2           | 1                     | 3                     | 1                    | 0.000          | 0   | 0   | 1    |
| conv54                                                                               | 1           | 1                     | 1                     | 3                    | 0.000          | 0   | 0   | 1    |
| output_from_cluster_5_561_i1                                                         | 0           | 0                     | 0                     | 0                    | 0.000          | 0   | 1   | 0    |
| output_from_conv54_to_yolov8_nms_postprocess                                         | 0           | 0                     | 0                     | 0                    | 0.500          | 0   | 0   | 0    |
| input_to_cluster_4_517_i1                                                            | 0           | 0                     | 1                     | 0                    | 0.000          | 1   | 0   | 0    |
| conv48                                                                               | 4           | 4                     | 1                     | 1                    | 0.000          | 0   | 0   | 1    |
| output_from_cluster_4_518_i1                                                         | 0           | 0                     | 0                     | 0                    | 0.000          | 0   | 1   | 0    |
| input_to_cluster_0_519_i1                                                            | 0           | 0                     | 1                     | 0                    | 0.000          | 1   | 0   | 0    |
| concat13                                                                             | 1           | 0                     | 1                     | 9                    | 0.000          | 0   | 0   | 1    |
| output_from_cluster_0_520_i1                                                         | 0           | 0                     | 0                     | 0                    | 0.000          | 0   | 1   | 0    |
| input_to_cluster_1_521_i1                                                            | 0           | 0                     | 2                     | 0                    | 0.000          | 1   | 0   | 0    |
| conv_feature_splitter9_1                                                             | 1           | 1                     | 7                     | 1                    | 0.000          | 0   | 0   | 1    |
| conv_feature_splitter9_2                                                             | 1           | 1                     | 14                    | 1                    | 0.000          | 0   | 0   | 1    |
| output_from_cluster_1_522_i1                                                         | 0           | 0                     | 0                     | 0                    | 0.000          | 0   | 1   | 0    |
| input_to_cluster_2_523_i1                                                            | 0           | 0                     | 2                     | 0                    | 0.000          | 1   | 0   | 0    |
| conv56                                                                               | 2           | 1                     | 1                     | 2                    | 0.000          | 0   | 0   | 1    |
| output_from_cluster_2_524_i1                                                         | 0           | 0                     | 0                     | 0                    | 0.000          | 0   | 1   | 0    |
| input_to_cluster_4_525_i1                                                            | 0           | 0                     | 1                     | 0                    | 0.000          | 1   | 0   | 0    |
| conv57                                                                               | 2           | 1                     | 2                     | 1                    | 0.000          | 0   | 0   | 1    |
| output_from_cluster_4_526_i1                                                         | 0           | 0                     | 0                     | 0                    | 0.000          | 0   | 1   | 0    |
| input_to_cluster_1_527_i1                                                            | 0           | 0                     | 1                     | 0                    | 0.000          | 1   | 0   | 0    |
| ew_add12                                                                             | 1           | 1                     | 1                     | 7                    | 0.000          | 0   | 0   | 1    |
| concat14                                                                             | 1           | 0                     | 1                     | 15                   | 0.000          | 0   | 0   | 1    |
| output_from_cluster_1_528_i1                                                         | 0           | 0                     | 0                     | 0                    | 0.000          | 0   | 1   | 0    |
| input_to_cluster_0_529_i1                                                            | 0           | 0                     | 1                     | 0                    | 0.000          | 1   | 0   | 0    |
| conv58                                                                               | 2           | 2                     | 6                     | 1                    | 0.000          | 0   | 0   | 1    |
| conv60                                                                               | 8           | 4                     | 1                     | 3                    | 0.000          | 0   | 0   | 1    |
| output_from_cluster_0_538_i1                                                         | 0           | 0                     | 0                     | 0                    | 0.000          | 0   | 1   | 0    |
| input_to_cluster_7_539_i1                                                            | 0           | 0                     | 1                     | 0                    | 0.000          | 1   | 0   | 0    |
| conv61                                                                               | 4           | 2                     | 4                     | 1                    | 0.000          | 0   | 0   | 1    |
| conv62                                                                               | 1           | 1                     | 1                     | 4                    | 0.000          | 0   | 0   | 1    |
| output_from_cluster_7_540_i1                                                         | 0           | 0                     | 0                     | 0                    | 0.000          | 0   | 1   | 0    |
| output_from_conv62_to_yolov8_nms_postprocess                                         | 0           | 0                     | 0                     | 0                    | 0.500          | 0   | 0   | 0    |
| output_from_cluster_0_530_i1                                                         | 0           | 0                     | 0                     | 0                    | 0.000          | 0   | 1   | 0    |
| input_to_cluster_3_531_i1                                                            | 0           | 0                     | 4                     | 0                    | 0.000          | 1   | 0   | 0    |
| conv59                                                                               | 6           | 6                     | 1                     | 2                    | 0.000          | 0   | 0   | 1    |
| dw4                                                                                  | 2           | 1                     | 1                     | 2                    | 0.000          | 0   | 0   | 1    |
| conv63                                                                               | 1           | 1                     | 1                     | 1                    | 0.000          | 0   | 0   | 1    |
| dw5                                                                                  | 1           | 1                     | 1                     | 1                    | 0.000          | 0   | 0   | 1    |
| output_from_cluster_3_541_i1                                                         | 0           | 0                     | 0                     | 0                    | 0.000          | 0   | 1   | 0    |
| input_to_cluster_5_542_i1                                                            | 0           | 0                     | 1                     | 0                    | 0.000          | 1   | 0   | 0    |
| conv64                                                                               | 1           | 1                     | 1                     | 1                    | 0.000          | 0   | 0   | 1    |
| output_from_cluster_5_543_i1                                                         | 0           | 0                     | 0                     | 0                    | 0.000          | 0   | 1   | 0    |
| input_to_cluster_0_544_i1                                                            | 0           | 0                     | 1                     | 0                    | 0.000          | 1   | 0   | 0    |
| conv65                                                                               | 1           | 1                     | 1                     | 1                    | 0.000          | 0   | 0   | 1    |
| output_from_cluster_0_545_i1                                                         | 0           | 0                     | 0                     | 0                    | 0.000          | 0   | 1   | 0    |
| output_from_conv65_to_yolov8_nms_postprocess                                         | 0           | 0                     | 0                     | 0                    | 0.500          | 0   | 0   | 0    |
| output_from_cluster_2_490_i1                                                         | 0           | 0                     | 0                     | 0                    | 0.000          | 0   | 1   | 0    |
| input_to_cluster_3_491_i1                                                            | 0           | 0                     | 3                     | 0                    | 0.000          | 1   | 0   | 0    |
| concat15                                                                             | 1           | 0                     | 2                     | 4                    | 0.000          | 0   | 0   | 1    |
| conv_feature_splitter10_2                                                            | 2           | 2                     | 3                     | 1                    | 0.000          | 0   | 0   | 1    |
| conv67                                                                               | 1           | 1                     | 2                     | 1                    | 0.000          | 0   | 0   | 1    |
| conv69                                                                               | 2           | 2                     | 1                     | 1                    | 0.000          | 0   | 0   | 1    |
| conv70                                                                               | 2           | 2                     | 1                     | 1                    | 0.000          | 0   | 0   | 1    |
| ew_add13                                                                             | 1           | 1                     | 1                     | 2                    | 0.000          | 0   | 0   | 1    |
| output_from_cluster_3_536_i1                                                         | 0           | 0                     | 0                     | 0                    | 0.000          | 0   | 1   | 0    |
| gate_rescue_repair_gate_rescue_repair_context_1_to_gate_rescue_repair_context_2_3111 | 0           | 0                     | 0                     | 0                    | 0.500          | 0   | 0   | 0    |
| conv68                                                                               | 1           | 1                     | 1                     | 1                    | 0.000          | 0   | 0   | 1    |
| output_from_cluster_3_537_i1                                                         | 0           | 0                     | 0                     | 0                    | 0.000          | 0   | 1   | 0    |
| gate_rescue_repair_gate_rescue_repair_context_1_to_gate_rescue_repair_context_2_3109 | 0           | 0                     | 0                     | 0                    | 0.500          | 0   | 0   | 0    |
| output_from_cluster_3_535_i1                                                         | 0           | 0                     | 0                     | 0                    | 0.000          | 0   | 1   | 0    |
| gate_rescue_repair_gate_rescue_repair_context_1_to_gate_rescue_repair_context_2_3107 | 0           | 0                     | 0                     | 0                    | 0.500          | 0   | 0   | 0    |
| output_from_cluster_3_532_i1                                                         | 0           | 0                     | 0                     | 0                    | 0.000          | 0   | 1   | 0    |
| input_to_cluster_0_533_i1                                                            | 0           | 0                     | 1                     | 0                    | 0.000          | 1   | 0   | 0    |
| conv_feature_splitter10_1                                                            | 2           | 2                     | 1                     | 1                    | 0.000          | 0   | 0   | 1    |
| output_from_cluster_0_534_i1                                                         | 0           | 0                     | 0                     | 0                    | 0.000          | 0   | 1   | 0    |
| gate_rescue_repair_gate_rescue_repair_context_1_to_gate_rescue_repair_context_2_3105 | 0           | 0                     | 0                     | 0                    | 0.500          | 0   | 0   | 0    |
+--------------------------------------------------------------------------------------+-------------+-----------------------+-----------------------+----------------------+----------------+-----+-----+------+
TOTAL:  LCUs: 77 (60.1562%), Subclusters: 155 (30.2734%), Weight memory cuts: 94 (9.17969%), L3 Output memory cuts: 292 (28.5156%), L3 Input memory cuts: 217 (21.1914%), L3 total cuts: 386 (37.6953%), L4 memory cuts: 0 (0%), IBs: 52 (81.25%), OBs: 48 (75%), APUs: 77 (48.125%)
[2026-09-25 10:50:14.544] [default] [info] Context:2/2 Iteration 0: Trying parallel splits...   
          cluster_0  cluster_1  cluster_2  cluster_3  cluster_4  cluster_5  cluster_6  cluster_7  prepost 
 worker0                                                                                                  
 worker1                                                                                                  
 worker2                                                                                                  
 worker3                                                                                                  

  00:07
[2026-09-25 10:50:14.647] [default] [info] Context:2/2 Iteration 4: Trying parallel mapping...  
          cluster_0  cluster_1  cluster_2  cluster_3  cluster_4  cluster_5  cluster_6  cluster_7  prepost 
 worker0  *          *          *          *          *          *          *          *          V       
 worker1                                                                                                  
 worker2                                                                                                  
 worker3                                                                                                  

  00:07
[2026-09-25 10:50:14.661] [default] [info] Context:2/2 Iteration 4: Trying parallel mapping...  
          cluster_0  cluster_1  cluster_2  cluster_3  cluster_4  cluster_5  cluster_6  cluster_7  prepost 
 worker0  *          *          *          *          *          *          *          *          V       
 worker1  *          *          *          *          *          *          *          *          V       
 worker2                                                                                                  
 worker3                                                                                                  

  00:07
[2026-09-25 10:50:14.676] [default] [info] Context:2/2 Iteration 4: Trying parallel mapping...  
          cluster_0  cluster_1  cluster_2  cluster_3  cluster_4  cluster_5  cluster_6  cluster_7  prepost 
 worker0  *          *          *          *          *          *          *          *          V       
 worker1  *          *          *          *          *          *          *          *          V       
 worker2                                                                                                  
 worker3  *          *          *          *          *          *          *          *          V       

  00:07
[2026-09-25 10:50:14.692] [default] [info] Context:2/2 Iteration 4: Trying parallel mapping...  
          cluster_0  cluster_1  cluster_2  cluster_3  cluster_4  cluster_5  cluster_6  cluster_7  prepost 
 worker0  *          *          *          *          *          *          *          *          V       
 worker1  V          V          V          *          *          *          *          *          V       
 worker2                                                                                                  
 worker3  *          *          *          *          *          *          *          *          V       

  00:07
[2026-09-25 10:50:14.705] [default] [info] Context:2/2 Iteration 4: Trying parallel mapping...  
          cluster_0  cluster_1  cluster_2  cluster_3  cluster_4  cluster_5  cluster_6  cluster_7  prepost 
 worker0  *          *          *          *          *          *          *          *          V       
 worker1  V          V          V          V          *          V          V          *          V       
 worker2                                                                                                  
 worker3  *          *          *          *          *          *          *          *          V       

  00:07
[2026-09-25 10:50:14.717] [default] [info] Context:2/2 Iteration 4: Trying parallel mapping...  
          cluster_0  cluster_1  cluster_2  cluster_3  cluster_4  cluster_5  cluster_6  cluster_7  prepost 
 worker0  *          *          *          *          *          *          *          *          V       
 worker1  V          V          V          V          *          V          V          *          V       
 worker2  *          *          V          *          V          *          *          *          V       
 worker3  *          *          *          *          *          *          *          *          V       

  00:07
[2026-09-25 10:50:14.729] [default] [info] Context:2/2 Iteration 4: Trying parallel mapping...  
          cluster_0  cluster_1  cluster_2  cluster_3  cluster_4  cluster_5  cluster_6  cluster_7  prepost 
 worker0  *          *          *          *          *          *          *          *          V       
 worker1  V          V          V          V          V          V          V          *          V       
 worker2  *          *          V          *          V          *          *          *          V       
 worker3  *          *          *          *          *          *          *          *          V       

  00:07
[2026-09-25 10:50:14.741] [default] [info] Context:2/2 Iteration 4: Trying parallel mapping...  
          cluster_0  cluster_1  cluster_2  cluster_3  cluster_4  cluster_5  cluster_6  cluster_7  prepost 
 worker0  *          *          *          *          *          *          *          *          V       
 worker1  V          V          V          V          V          V          V          *          V       
 worker2  *          *          V          *          V          *          *          *          V       
 worker3  *          *          *          *          *          *          *          *          V       

  00:07
[2026-09-25 10:50:14.754] [default] [info] Context:2/2 Iteration 4: Trying parallel mapping...  
          cluster_0  cluster_1  cluster_2  cluster_3  cluster_4  cluster_5  cluster_6  cluster_7  prepost 
 worker0  *          *          *          *          *          *          *          *          V       
 worker1  V          V          V          V          V          V          V          *          V       
 worker2  *          *          V          *          V          *          *          *          V       
 worker3  *          *          *          *          *          *          *          *          V       

  00:07
[2026-09-25 10:50:14.766] [default] [info] Context:2/2 Iteration 4: Trying parallel mapping...  
          cluster_0  cluster_1  cluster_2  cluster_3  cluster_4  cluster_5  cluster_6  cluster_7  prepost 
 worker0  *          *          *          *          *          *          *          *          V       
 worker1  V          V          V          V          V          V          V          *          V       
 worker2  *          *          V          *          V          *          *          *          V       
 worker3  *          *          *          *          *          *          *          *          V       

  00:07
[2026-09-25 10:50:14.780] [default] [info] Context:2/2 Iteration 4: Trying parallel mapping...  
          cluster_0  cluster_1  cluster_2  cluster_3  cluster_4  cluster_5  cluster_6  cluster_7  prepost 
 worker0  *          *          *          *          *          *          *          *          V       
 worker1  V          V          V          V          V          V          V          *          V       
 worker2  *          *          V          *          V          *          *          *          V       
 worker3  V          *          *          *          V          *          V          *          V       

  00:07
[2026-09-25 10:50:14.787] [default] [info] Post-Split Resources for gate_rescue_repair_context_2, iteration 1 (CP)
+--------------------------------------------------------------------------------------+-------------+-----------------------+-----------------------+----------------------+----------------+-----+-----+------+
| Node                                                                                 | Subclusters | L3 Weight Memory Cuts | L3 Output Memory Cuts | L3 Input Memory Cuts | L4 Memory Cuts | IBs | OBs | APUs |
+--------------------------------------------------------------------------------------+-------------+-----------------------+-----------------------+----------------------+----------------+-----+-----+------+
| gate_rescue_repair_gate_rescue_repair_context_1_to_gate_rescue_repair_context_2_3106 | 0           | 0                     | 0                     | 0                    | 0.500          | 0   | 0   | 0    |
| input_to_cluster_0_565_i1                                                            | 0           | 0                     | 1                     | 0                    | 0.000          | 1   | 0   | 0    |
| gate_rescue_repair_gate_rescue_repair_context_1_to_gate_rescue_repair_context_2_3108 | 0           | 0                     | 0                     | 0                    | 0.500          | 0   | 0   | 0    |
| input_to_cluster_0_566_i1                                                            | 0           | 0                     | 1                     | 0                    | 0.000          | 1   | 0   | 0    |
| gate_rescue_repair_gate_rescue_repair_context_1_to_gate_rescue_repair_context_2_3110 | 0           | 0                     | 0                     | 0                    | 0.500          | 0   | 0   | 0    |
| input_to_cluster_1_567_i1                                                            | 0           | 0                     | 1                     | 0                    | 0.000          | 1   | 0   | 0    |
| gate_rescue_repair_gate_rescue_repair_context_1_to_gate_rescue_repair_context_2_3112 | 0           | 0                     | 0                     | 0                    | 0.500          | 0   | 0   | 0    |
| input_to_cluster_1_568_i1                                                            | 0           | 0                     | 1                     | 0                    | 0.000          | 1   | 0   | 0    |
| conv71                                                                               | 3           | 3                     | 1                     | 1                    | 0.000          | 0   | 0   | 1    |
| conv72                                                                               | 3           | 3                     | 1                     | 1                    | 0.000          | 0   | 0   | 1    |
| gate_rescue_repair_gate_rescue_repair_context_1_to_gate_rescue_repair_context_2_3113 | 0           | 0                     | 0                     | 0                    | 0.500          | 0   | 0   | 0    |
| input_to_cluster_1_569_i1                                                            | 0           | 0                     | 1                     | 0                    | 0.000          | 1   | 0   | 0    |
| ew_add14                                                                             | 1           | 1                     | 1                     | 2                    | 0.000          | 0   | 0   | 1    |
| concat16                                                                             | 1           | 0                     | 1                     | 2                    | 0.000          | 0   | 0   | 1    |
| conv73                                                                               | 1           | 1                     | 1                     | 1                    | 0.000          | 0   | 0   | 1    |
| output_from_cluster_1_570_i1                                                         | 0           | 0                     | 0                     | 0                    | 0.000          | 0   | 1   | 0    |
| input_to_cluster_0_571_i1                                                            | 0           | 0                     | 2                     | 0                    | 0.000          | 1   | 0   | 0    |
| concat17                                                                             | 1           | 0                     | 1                     | 4                    | 0.000          | 0   | 0   | 1    |
| conv74                                                                               | 7           | 7                     | 2                     | 1                    | 0.000          | 0   | 0   | 1    |
| conv75_ws                                                                            | 1           | 0                     | 3                     | 1                    | 0.000          | 0   | 0   | 1    |
| conv75_sd0                                                                           | 8           | 8                     | 1                     | 1                    | 0.000          | 0   | 0   | 1    |
| conv75_sd1                                                                           | 8           | 8                     | 1                     | 2                    | 0.000          | 0   | 0   | 1    |
| conv75_sdc                                                                           | 1           | 0                     | 2                     | 2                    | 0.000          | 0   | 0   | 1    |
| conv76                                                                               | 3           | 3                     | 1                     | 2                    | 0.000          | 0   | 0   | 1    |
| conv77                                                                               | 1           | 1                     | 1                     | 1                    | 0.000          | 0   | 0   | 1    |
| output_from_cluster_0_572_i1                                                         | 0           | 0                     | 0                     | 0                    | 0.000          | 0   | 1   | 0    |
| output_from_conv77_to_yolov8_nms_postprocess                                         | 0           | 0                     | 0                     | 0                    | 0.500          | 0   | 0   | 0    |
| dw6_fs                                                                               | 1           | 0                     | 2                     | 1                    | 0.000          | 0   | 0   | 1    |
| dw6_d0                                                                               | 2           | 1                     | 2                     | 1                    | 0.000          | 0   | 0   | 1    |
| dw6_d1                                                                               | 2           | 1                     | 2                     | 1                    | 0.000          | 0   | 0   | 1    |
| dw6_dc                                                                               | 1           | 0                     | 1                     | 4                    | 0.000          | 0   | 0   | 1    |
| conv78                                                                               | 1           | 1                     | 1                     | 1                    | 0.000          | 0   | 0   | 1    |
| dw7                                                                                  | 1           | 1                     | 1                     | 1                    | 0.000          | 0   | 0   | 1    |
| output_from_cluster_0_573_i1                                                         | 0           | 0                     | 0                     | 0                    | 0.000          | 0   | 1   | 0    |
| input_to_cluster_1_574_i1                                                            | 0           | 0                     | 1                     | 0                    | 0.000          | 1   | 0   | 0    |
| conv79                                                                               | 1           | 1                     | 1                     | 1                    | 0.000          | 0   | 0   | 1    |
| output_from_cluster_1_575_i1                                                         | 0           | 0                     | 0                     | 0                    | 0.000          | 0   | 1   | 0    |
| input_to_cluster_0_576_i1                                                            | 0           | 0                     | 1                     | 0                    | 0.000          | 1   | 0   | 0    |
| conv80                                                                               | 1           | 1                     | 1                     | 1                    | 0.000          | 0   | 0   | 1    |
| output_from_cluster_0_577_i1                                                         | 0           | 0                     | 0                     | 0                    | 0.000          | 0   | 1   | 0    |
| output_from_conv80_to_yolov8_nms_postprocess                                         | 0           | 0                     | 0                     | 0                    | 0.500          | 0   | 0   | 0    |
+--------------------------------------------------------------------------------------+-------------+-----------------------+-----------------------+----------------------+----------------+-----+-----+------+
TOTAL:  LCUs: 21 (16.4062%), Subclusters: 49 (9.57031%), Weight memory cuts: 41 (4.00391%), L3 Output memory cuts: 37 (3.61328%), L3 Input memory cuts: 32 (3.125%), L3 total cuts: 78 (7.61719%), L4 memory cuts: 0 (0%), IBs: 8 (12.5%), OBs: 5 (7.8125%), APUs: 21 (13.125%)
[2026-09-25 10:50:14.793] [default] [info] Context:2/2 Iteration 4: Trying parallel mapping...  
          cluster_0  cluster_1  cluster_2  cluster_3  cluster_4  cluster_5  cluster_6  cluster_7  prepost 
 worker0  *          *          *          *          *          *          *          *          V       
 worker1  V          V          V          V          V          V          V          *          V       
 worker2  *          *          V          *          V          *          *          *          V       
 worker3  V          *          *          *          V          *          V          *          V       

  00:07
[2026-09-25 10:50:14.793] [default] [info] Post-Split Buffers for gate_rescue_repair_context_2, iteration 1 (CP) buffers:
+--------------------------------------------------------------------------------------+----------------------------------------------+----------------------------+
| Src                                                                                  | Dst                                          | Buffers                    |
+--------------------------------------------------------------------------------------+----------------------------------------------+----------------------------+
| gate_rescue_repair_gate_rescue_repair_context_1_to_gate_rescue_repair_context_2_3106 | input_to_cluster_0_565_i1                    | 1 (L3 memory cuts: 1)      |
| input_to_cluster_0_565_i1                                                            | concat17                                     | 3 (L3 memory cuts: 1)      |
| gate_rescue_repair_gate_rescue_repair_context_1_to_gate_rescue_repair_context_2_3108 | input_to_cluster_0_566_i1                    | 1 (L3 memory cuts: 1)      |
| input_to_cluster_0_566_i1                                                            | concat17                                     | 3 (L3 memory cuts: 1)      |
| gate_rescue_repair_gate_rescue_repair_context_1_to_gate_rescue_repair_context_2_3110 | input_to_cluster_1_567_i1                    | 1 (L3 memory cuts: 1)      |
| input_to_cluster_1_567_i1                                                            | concat16                                     | 3 (L3 memory cuts: 1)      |
| gate_rescue_repair_gate_rescue_repair_context_1_to_gate_rescue_repair_context_2_3112 | input_to_cluster_1_568_i1                    | 1 (L3 memory cuts: 1)      |
| input_to_cluster_1_568_i1                                                            | conv71                                       | 4 (L3 memory cuts: 1)      |
| conv71                                                                               | conv72                                       | 5[S] (L3 memory cuts: 1)   |
| conv72                                                                               | ew_add14                                     | 2 (L3 memory cuts: 1)      |
| gate_rescue_repair_gate_rescue_repair_context_1_to_gate_rescue_repair_context_2_3113 | input_to_cluster_1_569_i1                    | 1 (L3 memory cuts: 1)      |
| input_to_cluster_1_569_i1                                                            | ew_add14                                     | 2 (L3 memory cuts: 1)      |
| ew_add14                                                                             | concat16                                     | 2 (L3 memory cuts: 1)      |
| concat16                                                                             | conv73                                       | 2[S] (L3 memory cuts: 1)   |
| conv73                                                                               | output_from_cluster_1_570_i1                 | 1[RPC] (L3 memory cuts: 1) |
| output_from_cluster_1_570_i1                                                         | input_to_cluster_0_571_i1                    | 2[RPC] (L3 memory cuts: 2) |
| input_to_cluster_0_571_i1                                                            | concat17                                     | 2[RPC] (L3 memory cuts: 2) |
| concat17                                                                             | conv74                                       | 2[S] (L3 memory cuts: 1)   |
| conv74                                                                               | conv75_ws                                    | 1[RPC] (L3 memory cuts: 1) |
| conv74                                                                               | dw6_fs                                       | 1[RPC] (L3 memory cuts: 1) |
| conv75_ws                                                                            | conv75_sd0                                   | 1[RPC] (L3 memory cuts: 1) |
| conv75_ws                                                                            | conv75_sd1                                   | 2[RPC] (L3 memory cuts: 2) |
| conv75_sd0                                                                           | conv75_sdc                                   | 2 (L3 memory cuts: 1)      |
| conv75_sd1                                                                           | conv75_sdc                                   | 1[RPC] (L3 memory cuts: 1) |
| conv75_sdc                                                                           | conv76                                       | 2[RPC] (L3 memory cuts: 2) |
| conv76                                                                               | conv77                                       | 1[S] (L3 memory cuts: 1)   |
| conv77                                                                               | output_from_cluster_0_572_i1                 | 1 (L3 memory cuts: 1)      |
| output_from_cluster_0_572_i1                                                         | output_from_conv77_to_yolov8_nms_postprocess | 1 (L3 memory cuts: 1)      |
| dw6_fs                                                                               | dw6_d0                                       | 1 (L3 memory cuts: 1)      |
| dw6_fs                                                                               | dw6_d1                                       | 1 (L3 memory cuts: 1)      |
| dw6_d0                                                                               | dw6_dc                                       | 2[RPC] (L3 memory cuts: 2) |
| dw6_d1                                                                               | dw6_dc                                       | 2[RPC] (L3 memory cuts: 2) |
| dw6_dc                                                                               | conv78                                       | 2[S] (L3 memory cuts: 1)   |
| conv78                                                                               | dw7                                          | 4 (L3 memory cuts: 1)      |
| dw7                                                                                  | output_from_cluster_0_573_i1                 | 2 (L3 memory cuts: 1)      |
| output_from_cluster_0_573_i1                                                         | input_to_cluster_1_574_i1                    | 2 (L3 memory cuts: 1)      |
| input_to_cluster_1_574_i1                                                            | conv79                                       | 2 (L3 memory cuts: 1)      |
| conv79                                                                               | output_from_cluster_1_575_i1                 | 1[S] (L3 memory cuts: 1)   |
| output_from_cluster_1_575_i1                                                         | input_to_cluster_0_576_i1                    | 2[S] (L3 memory cuts: 1)   |
| input_to_cluster_0_576_i1                                                            | conv80                                       | 1[S] (L3 memory cuts: 1)   |
| conv80                                                                               | output_from_cluster_0_577_i1                 | 1 (L3 memory cuts: 1)      |
| output_from_cluster_0_577_i1                                                         | output_from_conv80_to_yolov8_nms_postprocess | 1 (L3 memory cuts: 1)      |
+--------------------------------------------------------------------------------------+----------------------------------------------+----------------------------+
[2026-09-25 10:50:14.805] [default] [info] Context:2/2 Iteration 4: Trying parallel mapping...  
          cluster_0  cluster_1  cluster_2  cluster_3  cluster_4  cluster_5  cluster_6  cluster_7  prepost 
 worker0  *          *          *          *          *          *          *          *          V       
 worker1  V          V          V          V          V          V          V          *          V       
 worker2  *          *          V          *          V          *          *          *          V       
 worker3  V          *          *          *          V          *          V          *          V       

  00:07
[2026-09-25 10:50:14.817] [default] [info] Context:2/2 Iteration 4: Trying parallel mapping...  
          cluster_0  cluster_1  cluster_2  cluster_3  cluster_4  cluster_5  cluster_6  cluster_7  prepost 
 worker0  *          *          *          *          *          *          *          *          V       
 worker1  V          V          V          V          V          V          V          *          V       
 worker2  *          *          V          *          V          *          *          *          V       
 worker3  V          *          *          *          V          *          V          *          V       

  00:07
[2026-09-25 10:50:14.830] [default] [info] Context:2/2 Iteration 4: Trying parallel mapping...  
          cluster_0  cluster_1  cluster_2  cluster_3  cluster_4  cluster_5  cluster_6  cluster_7  prepost 
 worker0  *          *          *          *          *          *          *          *          V       
 worker1  V          V          V          V          V          V          V          *          V       
 worker2  *          *          V          *          V          *          *          *          V       
 worker3  V          *          *          *          V          *          V          *          V       

  00:07
[2026-09-25 10:50:14.842] [default] [info] Context:2/2 Iteration 4: Trying parallel mapping...  
          cluster_0  cluster_1  cluster_2  cluster_3  cluster_4  cluster_5  cluster_6  cluster_7  prepost 
 worker0  *          *          *          *          *          *          *          *          V       
 worker1  V          V          V          V          V          V          V          *          V       
 worker2  *          *          V          *          V          *          *          *          V       
 worker3  V          *          *          *          V          *          V          *          V       

  00:07
[2026-09-25 10:50:14.854] [default] [info] Context:2/2 Iteration 4: Trying parallel mapping...  
          cluster_0  cluster_1  cluster_2  cluster_3  cluster_4  cluster_5  cluster_6  cluster_7  prepost 
 worker0  *          *          *          *          *          *          *          *          V       
 worker1  V          V          V          V          V          V          V          *          V       
 worker2  *          *          V          *          V          *          *          *          V       
 worker3  V          *          *          *          V          *          V          *          V       

  00:07
[2026-09-25 10:50:14.866] [default] [info] Context:2/2 Iteration 4: Trying parallel mapping...  
          cluster_0  cluster_1  cluster_2  cluster_3  cluster_4  cluster_5  cluster_6  cluster_7  prepost 
 worker0  *          *          *          *          *          *          *          *          V       
 worker1  V          V          V          V          V          V          V          *          V       
 worker2  *          *          V          *          V          *          *          *          V       
 worker3  V          *          *          *          V          *          V          *          V       

  00:07
[2026-09-25 10:50:14.879] [default] [info] Context:2/2 Iteration 4: Trying parallel mapping...  
          cluster_0  cluster_1  cluster_2  cluster_3  cluster_4  cluster_5  cluster_6  cluster_7  prepost 
 worker0  *          *          *          *          *          *          *          *          V       
 worker1  V          V          V          V          V          V          V          *          V       
 worker2  *          *          V          *          V          *          *          *          V       
 worker3  V          *          *          *          V          *          V          *          V       

  00:07
[2026-09-25 10:50:14.892] [default] [info] Context:2/2 Iteration 4: Trying parallel mapping...  
          cluster_0  cluster_1  cluster_2  cluster_3  cluster_4  cluster_5  cluster_6  cluster_7  prepost 
 worker0  *          *          *          *          *          *          *          *          V       
 worker1  V          V          V          V          V          V          V          *          V       
 worker2  *          *          V          *          V          *          *          *          V       
 worker3  V          *          *          *          V          *          V          *          V       

  00:07
[2026-09-25 10:50:14.892] [default] [info] Post-Final-Split Resources for gate_rescue_repair_context_2, iteration 4
+--------------------------------------------------------------------------------------+-------------+-----------------------+-----------------------+----------------------+----------------+-----+-----+------+
| Node                                                                                 | Subclusters | L3 Weight Memory Cuts | L3 Output Memory Cuts | L3 Input Memory Cuts | L4 Memory Cuts | IBs | OBs | APUs |
+--------------------------------------------------------------------------------------+-------------+-----------------------+-----------------------+----------------------+----------------+-----+-----+------+
| gate_rescue_repair_gate_rescue_repair_context_1_to_gate_rescue_repair_context_2_3106 | 0           | 0                     | 0                     | 0                    | 0.500          | 0   | 0   | 0    |
| input_to_cluster_0_565_i1                                                            | 0           | 0                     | 1                     | 0                    | 0.000          | 1   | 0   | 0    |
| gate_rescue_repair_gate_rescue_repair_context_1_to_gate_rescue_repair_context_2_3108 | 0           | 0                     | 0                     | 0                    | 0.500          | 0   | 0   | 0    |
| input_to_cluster_0_566_i1                                                            | 0           | 0                     | 1                     | 0                    | 0.000          | 1   | 0   | 0    |
| gate_rescue_repair_gate_rescue_repair_context_1_to_gate_rescue_repair_context_2_3110 | 0           | 0                     | 0                     | 0                    | 0.500          | 0   | 0   | 0    |
| input_to_cluster_1_567_i1                                                            | 0           | 0                     | 1                     | 0                    | 0.000          | 1   | 0   | 0    |
| gate_rescue_repair_gate_rescue_repair_context_1_to_gate_rescue_repair_context_2_3112 | 0           | 0                     | 0                     | 0                    | 0.500          | 0   | 0   | 0    |
| input_to_cluster_1_568_i1                                                            | 0           | 0                     | 1                     | 0                    | 0.000          | 1   | 0   | 0    |
| conv71                                                                               | 3           | 3                     | 1                     | 1                    | 0.000          | 0   | 0   | 1    |
| conv72                                                                               | 3           | 3                     | 1                     | 1                    | 0.000          | 0   | 0   | 1    |
| gate_rescue_repair_gate_rescue_repair_context_1_to_gate_rescue_repair_context_2_3113 | 0           | 0                     | 0                     | 0                    | 0.500          | 0   | 0   | 0    |
| input_to_cluster_1_569_i1                                                            | 0           | 0                     | 1                     | 0                    | 0.000          | 1   | 0   | 0    |
| ew_add14                                                                             | 1           | 1                     | 1                     | 2                    | 0.000          | 0   | 0   | 1    |
| concat16                                                                             | 1           | 0                     | 1                     | 2                    | 0.000          | 0   | 0   | 1    |
| conv73                                                                               | 1           | 1                     | 1                     | 1                    | 0.000          | 0   | 0   | 1    |
| output_from_cluster_1_570_i1                                                         | 0           | 0                     | 0                     | 0                    | 0.000          | 0   | 1   | 0    |
| input_to_cluster_0_571_i1                                                            | 0           | 0                     | 2                     | 0                    | 0.000          | 1   | 0   | 0    |
| concat17                                                                             | 1           | 0                     | 1                     | 4                    | 0.000          | 0   | 0   | 1    |
| conv74                                                                               | 7           | 7                     | 2                     | 1                    | 0.000          | 0   | 0   | 1    |
| conv75_ws                                                                            | 1           | 0                     | 3                     | 1                    | 0.000          | 0   | 0   | 1    |
| conv75_sd0                                                                           | 8           | 8                     | 1                     | 1                    | 0.000          | 0   | 0   | 1    |
| conv75_sd1                                                                           | 8           | 8                     | 1                     | 2                    | 0.000          | 0   | 0   | 1    |
| conv75_sdc                                                                           | 1           | 0                     | 2                     | 2                    | 0.000          | 0   | 0   | 1    |
| conv76                                                                               | 3           | 3                     | 1                     | 2                    | 0.000          | 0   | 0   | 1    |
| conv77                                                                               | 1           | 1                     | 1                     | 1                    | 0.000          | 0   | 0   | 1    |
| output_from_cluster_0_572_i1                                                         | 0           | 0                     | 0                     | 0                    | 0.000          | 0   | 1   | 0    |
| output_from_conv77_to_yolov8_nms_postprocess                                         | 0           | 0                     | 0                     | 0                    | 0.500          | 0   | 0   | 0    |
| dw6_fs                                                                               | 1           | 0                     | 2                     | 1                    | 0.000          | 0   | 0   | 1    |
| dw6_d0                                                                               | 2           | 1                     | 2                     | 1                    | 0.000          | 0   | 0   | 1    |
| dw6_d1                                                                               | 2           | 1                     | 2                     | 1                    | 0.000          | 0   | 0   | 1    |
| dw6_dc                                                                               | 1           | 0                     | 1                     | 4                    | 0.000          | 0   | 0   | 1    |
| conv78                                                                               | 1           | 1                     | 1                     | 1                    | 0.000          | 0   | 0   | 1    |
| dw7                                                                                  | 1           | 1                     | 1                     | 1                    | 0.000          | 0   | 0   | 1    |
| output_from_cluster_0_573_i1                                                         | 0           | 0                     | 0                     | 0                    | 0.000          | 0   | 1   | 0    |
| input_to_cluster_1_574_i1                                                            | 0           | 0                     | 1                     | 0                    | 0.000          | 1   | 0   | 0    |
| conv79                                                                               | 1           | 1                     | 1                     | 1                    | 0.000          | 0   | 0   | 1    |
| output_from_cluster_1_575_i1                                                         | 0           | 0                     | 0                     | 0                    | 0.000          | 0   | 1   | 0    |
| input_to_cluster_0_576_i1                                                            | 0           | 0                     | 1                     | 0                    | 0.000          | 1   | 0   | 0    |
| conv80                                                                               | 1           | 1                     | 1                     | 1                    | 0.000          | 0   | 0   | 1    |
| output_from_cluster_0_577_i1                                                         | 0           | 0                     | 0                     | 0                    | 0.000          | 0   | 1   | 0    |
| output_from_conv80_to_yolov8_nms_postprocess                                         | 0           | 0                     | 0                     | 0                    | 0.500          | 0   | 0   | 0    |
+--------------------------------------------------------------------------------------+-------------+-----------------------+-----------------------+----------------------+----------------+-----+-----+------+
TOTAL:  LCUs: 21 (16.4062%), Subclusters: 49 (9.57031%), Weight memory cuts: 41 (4.00391%), L3 Output memory cuts: 37 (3.61328%), L3 Input memory cuts: 32 (3.125%), L3 total cuts: 78 (7.61719%), L4 memory cuts: 0 (0%), IBs: 8 (12.5%), OBs: 5 (7.8125%), APUs: 21 (13.125%)
[2026-09-25 10:50:14.904] [default] [info] Context:2/2 Iteration 4: Trying parallel mapping...  
          cluster_0  cluster_1  cluster_2  cluster_3  cluster_4  cluster_5  cluster_6  cluster_7  prepost 
 worker0  *          *          *          *          *          *          *          *          V       
 worker1  V          V          V          V          V          V          V          *          V       
 worker2  *          *          V          *          V          *          *          *          V       
 worker3  V          *          *          *          V          *          V          *          V       

  00:07
[2026-09-25 10:50:14.916] [default] [info] Context:2/2 Iteration 4: Trying parallel mapping...  
          cluster_0  cluster_1  cluster_2  cluster_3  cluster_4  cluster_5  cluster_6  cluster_7  prepost 
 worker0  *          *          *          *          *          *          *          *          V       
 worker1  V          V          V          V          V          V          V          *          V       
 worker2  *          *          V          *          V          *          *          *          V       
 worker3  V          *          *          *          V          *          V          *          V       

  00:07
[2026-09-25 10:50:14.948] [default] [info] gate_rescue_repair_context_0 (gate_rescue_repair_context_0):
Iterations: 4
Reverts on cluster mapping: 0
Reverts on inter-cluster connectivity: 0
Reverts on pre-mapping validation: 0
Reverts on split failed: 0
[2026-09-25 10:50:14.948] [default] [info] gate_rescue_repair_context_1 (gate_rescue_repair_context_1):
Iterations: 4
Reverts on cluster mapping: 0
Reverts on inter-cluster connectivity: 0
Reverts on pre-mapping validation: 0
Reverts on split failed: 0
[2026-09-25 10:50:14.948] [default] [info] gate_rescue_repair_context_2 (gate_rescue_repair_context_2):
Iterations: 4
Reverts on cluster mapping: 0
Reverts on inter-cluster connectivity: 0
Reverts on pre-mapping validation: 0
Reverts on split failed: 0
[2026-09-25 10:50:14.965] [default] [info] Resolver passed at control_util 0.6 with 151.619 FPS. Setting new partition.
[2026-09-25 10:50:17.664] [default] [info] context gate_rescue_repair_context_0 Post-Allocation FPS from simulation: 847.781
[2026-09-25 10:50:17.879] [default] [info] context gate_rescue_repair_context_1 Post-Allocation FPS from simulation: 1095.8
[2026-09-25 10:50:17.915] [default] [info] context gate_rescue_repair_context_2 Post-Allocation FPS from simulation: 2817.93
[2026-09-25 10:50:17.925] [default] [info] gate_rescue_repair_context_0 utilization: 
[2026-09-25 10:50:17.925] [default] [info] +-----------+---------------------+---------------------+--------------------+
[2026-09-25 10:50:17.925] [default] [info] | Cluster   | Control Utilization | Compute Utilization | Memory Utilization |
[2026-09-25 10:50:17.925] [default] [info] +-----------+---------------------+---------------------+--------------------+
[2026-09-25 10:50:17.925] [default] [info] | cluster_0 | 68.8%               | 42.2%               | 42.2%              |
[2026-09-25 10:50:17.925] [default] [info] | cluster_1 | 37.5%               | 20.3%               | 32%                |
[2026-09-25 10:50:17.925] [default] [info] | cluster_2 | 50%                 | 14.1%               | 26.6%              |
[2026-09-25 10:50:17.925] [default] [info] | cluster_3 | 93.8%               | 45.3%               | 44.5%              |
[2026-09-25 10:50:17.925] [default] [info] | cluster_4 | 37.5%               | 14.1%               | 16.4%              |
[2026-09-25 10:50:17.925] [default] [info] | cluster_5 | 68.8%               | 28.1%               | 29.7%              |
[2026-09-25 10:50:17.925] [default] [info] | cluster_6 | 75%                 | 31.3%               | 41.4%              |
[2026-09-25 10:50:17.925] [default] [info] | cluster_7 | 50%                 | 28.1%               | 27.3%              |
[2026-09-25 10:50:17.925] [default] [info] +-----------+---------------------+---------------------+--------------------+
[2026-09-25 10:50:17.925] [default] [info] | Total     | 60.2%               | 27.9%               | 32.5%              |
[2026-09-25 10:50:17.925] [default] [info] +-----------+---------------------+---------------------+--------------------+
[2026-09-25 10:50:17.925] [default] [info] gate_rescue_repair_context_1 utilization: 
[2026-09-25 10:50:17.925] [default] [info] +-----------+---------------------+---------------------+--------------------+
[2026-09-25 10:50:17.925] [default] [info] | Cluster   | Control Utilization | Compute Utilization | Memory Utilization |
[2026-09-25 10:50:17.925] [default] [info] +-----------+---------------------+---------------------+--------------------+
[2026-09-25 10:50:17.925] [default] [info] | cluster_0 | 50%                 | 31.3%               | 37.5%              |
[2026-09-25 10:50:17.925] [default] [info] | cluster_1 | 56.3%               | 18.8%               | 35.9%              |
[2026-09-25 10:50:17.925] [default] [info] | cluster_2 | 93.8%               | 48.4%               | 43%                |
[2026-09-25 10:50:17.925] [default] [info] | cluster_3 | 18.8%               | 9.4%                | 9.4%               |
[2026-09-25 10:50:17.925] [default] [info] | cluster_4 | 100%                | 78.1%               | 71.9%              |
[2026-09-25 10:50:17.925] [default] [info] | cluster_5 | 50%                 | 25%                 | 27.3%              |
[2026-09-25 10:50:17.925] [default] [info] | cluster_6 | 50%                 | 12.5%               | 53.1%              |
[2026-09-25 10:50:17.925] [default] [info] | cluster_7 | 62.5%               | 18.8%               | 23.4%              |
[2026-09-25 10:50:17.925] [default] [info] +-----------+---------------------+---------------------+--------------------+
[2026-09-25 10:50:17.925] [default] [info] | Total     | 60.2%               | 30.3%               | 37.7%              |
[2026-09-25 10:50:17.925] [default] [info] +-----------+---------------------+---------------------+--------------------+
[2026-09-25 10:50:17.925] [default] [info] gate_rescue_repair_context_2 utilization: 
[2026-09-25 10:50:17.925] [default] [info] +-----------+---------------------+---------------------+--------------------+
[2026-09-25 10:50:17.925] [default] [info] | Cluster   | Control Utilization | Compute Utilization | Memory Utilization |
[2026-09-25 10:50:17.925] [default] [info] +-----------+---------------------+---------------------+--------------------+
[2026-09-25 10:50:17.925] [default] [info] | cluster_2 | 93.8%               | 60.9%               | 46.1%              |
[2026-09-25 10:50:17.925] [default] [info] | cluster_4 | 37.5%               | 15.6%               | 14.8%              |
[2026-09-25 10:50:17.925] [default] [info] +-----------+---------------------+---------------------+--------------------+
[2026-09-25 10:50:17.925] [default] [info] | Total     | 16.4%               | 9.6%                | 7.6%               |
[2026-09-25 10:50:17.925] [default] [info] +-----------+---------------------+---------------------+--------------------+
[2026-09-25 10:50:17.964] [default] [info] Successful Mapping (allocation time: 15m 34s)
[2026-09-25 10:50:18.007] [default] [info] Compiling kernels of gate_rescue_repair_context_0...
[2026-09-25 10:50:18.276] [default] [info] Microcode violation: DUAL_BUFFER_FLIP_OUT in the next 1 cycles after APU_WRITE_TO_MEM
 in layer conv6, line: 36
[2026-09-25 10:50:18.500] [default] [info] Microcode violation: DUAL_BUFFER_FLIP_OUT in the next 1 cycles after APU_WRITE_TO_MEM
 in layer conv11, line: 86
[2026-09-25 10:50:18.591] [default] [info] Microcode violation: DUAL_BUFFER_FLIP_OUT in the next 1 cycles after APU_WRITE_TO_MEM
 in layer conv14, line: 33
[2026-09-25 10:50:18.924] [default] [info] Microcode violation: DUAL_BUFFER_FLIP_OUT in the next 1 cycles after APU_WRITE_TO_MEM
 in layer conv15, line: 33
[2026-09-25 10:50:18.948] [default] [info] Microcode violation: DUAL_BUFFER_FLIP_OUT in the next 1 cycles after APU_WRITE_TO_MEM
 in layer conv21, line: 37
[2026-09-25 10:50:19.036] [default] [info] Microcode violation: DUAL_BUFFER_FLIP_OUT in the next 1 cycles after APU_WRITE_TO_MEM
 in layer conv24, line: 33
[2026-09-25 10:50:19.887] [default] [info] Microcode violation: DUAL_BUFFER_FLIP_OUT in the next 1 cycles after APU_WRITE_TO_MEM
 in layer conv25, line: 33
[2026-09-25 10:50:19.936] [default] [info] Microcode violation: DUAL_BUFFER_FLIP_OUT in the next 1 cycles after APU_WRITE_TO_MEM
 in layer conv32, line: 46
[2026-09-25 10:50:20.060] [default] [info] Microcode violation: DUAL_BUFFER_FLIP_OUT in the next 1 cycles after APU_WRITE_TO_MEM
 in layer conv_feature_splitter5_2, line: 51
[2026-09-25 10:50:20.127] [default] [info] Microcode violation: DUAL_BUFFER_FLIP_OUT in the next 1 cycles after APU_WRITE_TO_MEM
 in layer conv_feature_splitter5_1, line: 46
[2026-09-25 10:50:20.136] [default] [info] Kernels with microcoder violation: conv6, conv11, conv14, conv15, conv21, conv24, conv25, conv32, conv_feature_splitter5_1, conv_feature_splitter5_2, 
[2026-09-25 10:50:20.339] [default] [info] Compiling kernels of gate_rescue_repair_context_1...
[2026-09-25 10:50:20.460] [default] [info] Microcode violation: DUAL_BUFFER_FLIP_OUT in the next 1 cycles after APU_WRITE_TO_MEM
 in layer dw1_defuse_width_feature_reshape, line: 10
[2026-09-25 10:50:20.461] [default] [info] Microcode violation: DUAL_BUFFER_FLIP_OUT in the next 1 cycles after APU_WRITE_TO_MEM
 in layer dw1_defuse_width_feature_reshape, line: 39
[2026-09-25 10:50:20.592] [default] [info] Microcode violation: DUAL_BUFFER_FLIP_OUT in the next 1 cycles after APU_WRITE_TO_MEM
 in layer conv38, line: 55
[2026-09-25 10:50:20.626] [default] [info] Microcode violation: DUAL_BUFFER_FLIP_OUT in the next 1 cycles after APU_WRITE_TO_MEM
 in layer conv39, line: 53
[2026-09-25 10:50:20.635] [default] [info] Microcode violation: DUAL_BUFFER_FLIP_OUT in the next 1 cycles after APU_WRITE_TO_MEM
 in layer resize1, line: 15
[2026-09-25 10:50:20.653] [default] [info] Microcode violation: DUAL_BUFFER_FLIP_OUT in the next 1 cycles after APU_WRITE_TO_MEM
 in layer conv_feature_splitter7_1, line: 37
[2026-09-25 10:50:20.672] [default] [info] Microcode violation: DUAL_BUFFER_FLIP_OUT in the next 1 cycles after APU_WRITE_TO_MEM
 in layer conv_feature_splitter7_2, line: 42
[2026-09-25 10:50:20.941] [default] [info] Microcode violation: DUAL_BUFFER_FLIP_OUT in the next 1 cycles after APU_WRITE_TO_MEM
 in layer conv43, line: 37
[2026-09-25 10:50:20.947] [default] [info] Microcode violation: DUAL_BUFFER_FLIP_OUT in the next 1 cycles after APU_WRITE_TO_MEM
 in layer resize2, line: 16
[2026-09-25 10:50:21.088] [default] [info] Microcode violation: DUAL_BUFFER_FLIP_OUT in the next 1 cycles after APU_WRITE_TO_MEM
 in layer conv47, line: 37
[2026-09-25 10:50:21.295] [default] [info] Microcode violation: DUAL_BUFFER_FLIP_OUT in the next 1 cycles after APU_WRITE_TO_MEM
 in layer conv51, line: 68
[2026-09-25 10:50:21.528] [default] [info] Microcode violation: DUAL_BUFFER_FLIP_OUT in the next 1 cycles after APU_WRITE_TO_MEM
 in layer conv54, line: 30
[2026-09-25 10:50:21.577] [default] [info] Microcode violation: DUAL_BUFFER_FLIP_OUT in the next 1 cycles after APU_WRITE_TO_MEM
 in layer conv_feature_splitter9_1, line: 33
[2026-09-25 10:50:21.595] [default] [info] Microcode violation: DUAL_BUFFER_FLIP_OUT in the next 1 cycles after APU_WRITE_TO_MEM
 in layer conv_feature_splitter9_2, line: 50
[2026-09-25 10:50:21.856] [default] [info] Microcode violation: DUAL_BUFFER_FLIP_OUT in the next 1 cycles after APU_WRITE_TO_MEM
 in layer conv58, line: 37
[2026-09-25 10:50:22.123] [default] [info] Microcode violation: DUAL_BUFFER_FLIP_OUT in the next 1 cycles after APU_WRITE_TO_MEM
 in layer conv62, line: 33
[2026-09-25 10:50:22.401] [default] [info] Microcode violation: DUAL_BUFFER_FLIP_OUT in the next 1 cycles after APU_WRITE_TO_MEM
 in layer conv65, line: 30
[2026-09-25 10:50:22.431] [default] [info] Microcode violation: DUAL_BUFFER_FLIP_OUT in the next 1 cycles after APU_WRITE_TO_MEM
 in layer conv_feature_splitter10_2, line: 37
[2026-09-25 10:50:22.708] [default] [info] Microcode violation: DUAL_BUFFER_FLIP_OUT in the next 1 cycles after APU_WRITE_TO_MEM
 in layer conv_feature_splitter10_1, line: 37
[2026-09-25 10:50:22.715] [default] [info] Kernels with microcoder violation: dw1_defuse_width_feature_reshape, conv38, conv39, resize1, conv_feature_splitter7_1, conv_feature_splitter7_2, conv43, resize2, conv47, conv51, conv_feature_splitter9_1, conv_feature_splitter9_2, conv54, conv58, conv62, conv_feature_splitter10_1, conv_feature_splitter10_2, conv65, 
[2026-09-25 10:50:22.899] [default] [info] Compiling kernels of gate_rescue_repair_context_2...
[2026-09-25 10:50:23.084] [default] [info] Microcode violation: DUAL_BUFFER_FLIP_OUT in the next 1 cycles after APU_WRITE_TO_MEM
 in layer conv73, line: 46
[2026-09-25 10:50:23.108] [default] [info] Microcode violation: DUAL_BUFFER_FLIP_OUT in the next 1 cycles after APU_WRITE_TO_MEM
 in layer conv74, line: 37
[2026-09-25 10:50:23.383] [default] [info] Microcode violation: DUAL_BUFFER_FLIP_OUT in the next 1 cycles after APU_WRITE_TO_MEM
 in layer conv77, line: 33
[2026-09-25 10:50:23.502] [default] [info] Microcode violation: DUAL_BUFFER_FLIP_OUT in the next 1 cycles after APU_WRITE_TO_MEM
 in layer conv78, line: 33
[2026-09-25 10:50:23.648] [default] [info] Microcode violation: DUAL_BUFFER_FLIP_OUT in the next 1 cycles after APU_WRITE_TO_MEM
 in layer conv80, line: 30
[2026-09-25 10:50:23.651] [default] [info] Kernels with microcoder violation: conv73, conv74, conv77, conv78, conv80, 
[2026-09-25 10:50:23.692] [default] [info] Bandwidth of model inputs: 9.375 Mbps, outputs: 4.29382 Mbps (for a single frame)
[2026-09-25 10:50:23.692] [default] [info] Bandwidth of DDR buffers: 0.0 Mbps (for a single frame)
[2026-09-25 10:50:23.692] [default] [info] Bandwidth of inter context tensors: 21.3013 Mbps (for a single frame)
[2026-09-25 10:50:23.805] [default] [info] Building HEF...
[2026-09-25 10:50:27.410] [default] [info] Successful Compilation (compilation time: 9s)
[2026-09-25 10:50:27.586] [default] [info] Builder successful
