[2026-09-25 05:50:07.282] [default] [info] Ran from command: "/home/fh1m/Envs/dockers/auv-ros2/Ros_workspaces/mongla_ws/tools/hailo_compile.py gate_rescue_repair --nms-score-th 0.05 --out /home/fh1m/hailo_work"
[2026-09-25 05:50:07.284] [default] [info] Loading network parameters
[2026-09-25 05:50:07.613] [default] [info] Starting Hailo allocation and compilation flow
[2026-09-25 05:50:07.615] [default] [info] Adding an output layer after conv51
[2026-09-25 05:50:07.616] [default] [info] Adding an output layer after conv54
[2026-09-25 05:50:07.616] [default] [info] Adding an output layer after conv62
[2026-09-25 05:50:07.616] [default] [info] Adding an output layer after conv65
[2026-09-25 05:50:07.616] [default] [info] Adding an output layer after conv77
[2026-09-25 05:50:07.616] [default] [info] Adding an output layer after conv80
[2026-09-25 05:50:07.657] [default] [info] Model name: gate_rescue_repair
[2026-09-25 05:50:07.720] [default] [info] Building optimization options for network layers...
[2026-09-25 05:50:15.380] [default] [info] Successfully built optimization options - 7s 659ms
[2026-09-25 05:50:15.390] [default] [info] Trying to compile the network in a single context
[2026-09-25 05:50:15.391] [default] [info] Trying to solve in single context
[2026-09-25 05:50:18.841] [default] [info] Single context flow failed: Recoverable single context error
[2026-09-25 05:50:18.862] [default] [info] Building optimization options for network layers...
[2026-09-25 05:50:29.565] [default] [info] Successfully built optimization options - 10s 703ms
[2026-09-25 05:50:29.565] [default] [info] Using Multi-context flow
[2026-09-25 05:50:29.565] [default] [info] Resources optimization params: max_control_utilization=60%, max_compute_utilization=60%, max_compute_16bit_utilization=60%, max_memory_utilization (weights)=60%, max_input_aligner_utilization=60%, max_apu_utilization=60%
[2026-09-25 05:50:29.565] [default] [info] Finding the best partition to contexts...
[2026-09-25 05:50:37.073] [default] [info] Iteration failed on: Automri finished with too many resources on context_0
[2026-09-25 05:50:38.132] [default] [info] Iteration failed on: Automri finished with too many resources on context_0
[2026-09-25 05:51:03.588] [default] [info] Partition iteration #2:
Unikorn FPS: 95.402
Fast Unikorn FPS: 154.012
Contexts Info:
gate_rescue_repair_context_0 info - Status: VALID, bottleneck fps: 333.338
gate_rescue_repair_context_1 info - Status: VALID, bottleneck fps: 1,377.34
Partition is Valid

[2026-09-25 05:51:03.588] [default] [info] Found valid partition to 2 contexts

[2026-09-25 05:51:03.588] [default] [info] Iteration #2 - 2 contexts,
[2026-09-25 05:51:03.589] [default] [info] Searching for a better partition...
[2026-09-25 05:51:28.409] [default] [info] Partition iteration #4:
Unikorn FPS: 99.4202
Fast Unikorn FPS: 159.803
Contexts Info:
gate_rescue_repair_context_0 info - Status: VALID, bottleneck fps: 360.853
gate_rescue_repair_context_1 info - Status: VALID, bottleneck fps: 1,362.96
Partition is Valid

[2026-09-25 05:51:28.409] [default] [info] Found valid partition to 2 contexts, Performance improved by 4.2%

[2026-09-25 05:51:28.409] [default] [info] Iteration #4 - 2 contexts,
[2026-09-25 05:51:28.409] [default] [info] Searching for a better partition...
[2026-09-25 05:51:58.572] [default] [info] Partition iteration #10:
Unikorn FPS: 114.107
Fast Unikorn FPS: 173.553
Contexts Info:
gate_rescue_repair_context_0 info - Status: VALID, bottleneck fps: 650.265
gate_rescue_repair_context_1 info - Status: VALID, bottleneck fps: 735.965
Partition is Valid

[2026-09-25 05:51:58.572] [default] [info] Found valid partition to 2 contexts, Performance improved by 14.8%

[2026-09-25 05:51:58.572] [default] [info] Iteration #10 - 2 contexts,
[2026-09-25 05:51:58.572] [default] [info] Searching for a better partition...
[2026-09-25 05:52:20.224] [default] [info] Partition iteration #12:
Unikorn FPS: 117.277
Fast Unikorn FPS: 177.478
Contexts Info:
gate_rescue_repair_context_0 info - Status: VALID, bottleneck fps: 716.109
gate_rescue_repair_context_1 info - Status: VALID, bottleneck fps: 735.965
Partition is Valid

[2026-09-25 05:52:20.224] [default] [info] Found valid partition to 2 contexts, Performance improved by 2.8%

[2026-09-25 05:52:20.224] [default] [info] Iteration #12 - 2 contexts,
[2026-09-25 05:52:20.225] [default] [info] Searching for a better partition...
[2026-09-25 05:52:49.857] [default] [info] Partition iteration #14:
Unikorn FPS: 114.083
Fast Unikorn FPS: 182.511
Contexts Info:
gate_rescue_repair_context_0 info - Status: VALID, bottleneck fps: 784.9
gate_rescue_repair_context_1 info - Status: VALID, bottleneck fps: 735.965
gate_rescue_repair_context_2 info - Status: VALID, bottleneck fps: 94,272.9, solution depleted.
Partition failed on: Pro unikorn is below the best. Current: 114.083158, Best: 117.277252

[2026-09-25 05:53:10.242] [default] [info] Partition iteration #15:
Unikorn FPS: 112.583
Fast Unikorn FPS: 182.516
Contexts Info:
gate_rescue_repair_context_0 info - Status: VALID, bottleneck fps: 784.9
gate_rescue_repair_context_1 info - Status: VALID, bottleneck fps: 735.965
gate_rescue_repair_context_2 info - Status: VALID, bottleneck fps: 81,616, solution depleted.
Partition failed on: Pro unikorn is below the best. Current: 112.583307, Best: 117.277252

[2026-09-25 05:53:35.892] [default] [info] Partition iteration #17:
Unikorn FPS: 107.37
Fast Unikorn FPS: 182.761
Contexts Info:
gate_rescue_repair_context_0 info - Status: VALID, bottleneck fps: 784.9
gate_rescue_repair_context_1 info - Status: VALID, bottleneck fps: 735.965
gate_rescue_repair_context_2 info - Status: VALID, bottleneck fps: 52,083.3, solution depleted.
Partition failed on: Pro unikorn is below the best. Current: 107.370120, Best: 117.277252

[2026-09-25 05:53:56.230] [default] [info] Partition iteration #18:
Unikorn FPS: 113.538
Fast Unikorn FPS: 193.225
Contexts Info:
gate_rescue_repair_context_0 info - Status: VALID, bottleneck fps: 784.9
gate_rescue_repair_context_1 info - Status: VALID, bottleneck fps: 831.644
gate_rescue_repair_context_2 info - Status: VALID, bottleneck fps: 25,375.9, solution depleted.
Partition failed on: Pro unikorn is below the best. Current: 113.537531, Best: 117.277252

[2026-09-25 05:54:20.871] [default] [info] Partition iteration #20:
Unikorn FPS: 121.322
Fast Unikorn FPS: 194.482
Contexts Info:
gate_rescue_repair_context_0 info - Status: VALID, bottleneck fps: 810.933
gate_rescue_repair_context_1 info - Status: VALID, bottleneck fps: 831.644
gate_rescue_repair_context_2 info - Status: VALID, bottleneck fps: 11,178.8, solution depleted.
Partition is Valid

[2026-09-25 05:54:20.871] [default] [info] Found valid partition to 3 contexts, Performance improved by 3.4%

[2026-09-25 05:54:20.871] [default] [info] Iteration #20 - 3 contexts,
[2026-09-25 05:54:20.872] [default] [info] Searching for a better partition...
[2026-09-25 05:54:44.080] [default] [info] Partition iteration #22:
Unikorn FPS: 122.101
Fast Unikorn FPS: 203.816
Contexts Info:
gate_rescue_repair_context_0 info - Status: VALID, bottleneck fps: 939.333
gate_rescue_repair_context_1 info - Status: VALID, bottleneck fps: 831.644
gate_rescue_repair_context_2 info - Status: VALID, bottleneck fps: 11,178.8, solution depleted.
Partition is Valid

[2026-09-25 05:54:44.080] [default] [info] Found valid partition to 3 contexts, Performance improved by 0.6%

[2026-09-25 05:54:44.080] [default] [info] Iteration #22 - 3 contexts,
[2026-09-25 05:54:44.080] [default] [info] Searching for a better partition...
[2026-09-25 05:55:05.324] [default] [info] Partition iteration #27:
Unikorn FPS: 128.76
Fast Unikorn FPS: 224.574
Contexts Info:
gate_rescue_repair_context_0 info - Status: VALID, bottleneck fps: 939.333
gate_rescue_repair_context_1 info - Status: VALID, bottleneck fps: 1,223.86
gate_rescue_repair_context_2 info - Status: VALID, bottleneck fps: 2,966.17, solution depleted.
Partition is Valid

[2026-09-25 05:55:05.324] [default] [info] Found valid partition to 3 contexts, Performance improved by 5.5%

[2026-09-25 05:55:05.324] [default] [info] Iteration #27 - 3 contexts,
[2026-09-25 05:55:05.326] [default] [info] Searching for a better partition...
[2026-09-25 05:55:36.668] [default] [info] Partition iteration #29:
Unikorn FPS: 129.304
Fast Unikorn FPS: 227.949
Contexts Info:
gate_rescue_repair_context_0 info - Status: VALID, bottleneck fps: 975.372
gate_rescue_repair_context_1 info - Status: VALID, bottleneck fps: 1,223.86
gate_rescue_repair_context_2 info - Status: VALID, bottleneck fps: 2,966.17, solution depleted.
Partition is Valid

[2026-09-25 05:55:36.668] [default] [info] Found valid partition to 3 contexts, Performance improved by 0.4%

[2026-09-25 05:55:36.668] [default] [info] Iteration #29 - 3 contexts,
[2026-09-25 05:55:36.668] [default] [info] Searching for a better partition...
[2026-09-25 05:56:00.568] [default] [info] Partition iteration #31:
Unikorn FPS: 120.483
Fast Unikorn FPS: 229.837
Contexts Info:
gate_rescue_repair_context_0 info - Status: VALID, bottleneck fps: 1,016.26
gate_rescue_repair_context_1 info - Status: VALID, bottleneck fps: 1,223.86
gate_rescue_repair_context_2 info - Status: VALID, bottleneck fps: 2,966.17, solution depleted.
Partition failed on: Pro unikorn is below the best. Current: 120.482637, Best: 129.304089

[2026-09-25 05:56:25.133] [default] [info] Partition iteration #33:
Unikorn FPS: 154.568
Fast Unikorn FPS: 235.472
Contexts Info:
gate_rescue_repair_context_0 info - Status: VALID, bottleneck fps: 1,070.84
gate_rescue_repair_context_1 info - Status: VALID, bottleneck fps: 1,223.86
gate_rescue_repair_context_2 info - Status: VALID, bottleneck fps: 2,966.17, solution depleted.
Partition is Valid

[2026-09-25 05:56:25.133] [default] [info] Found valid partition to 3 contexts, Performance improved by 19.5%

[2026-09-25 05:56:25.133] [default] [info] Iteration #33 - 3 contexts,
[2026-09-25 05:56:25.134] [default] [info] Searching for a better partition...
[2026-09-25 05:56:54.962] [default] [info] Partition iteration #45:
Unikorn FPS: 141.242
Fast Unikorn FPS: 255.392
Contexts Info:
gate_rescue_repair_context_0 info - Status: VALID, bottleneck fps: 1,267.37
gate_rescue_repair_context_1 info - Status: VALID, bottleneck fps: 1,223.86
gate_rescue_repair_context_2 info - Status: VALID, bottleneck fps: 2,966.17, solution depleted.
Partition failed on: Pro unikorn is below the best. Current: 141.241646, Best: 154.568053

[2026-09-25 05:57:13.341] [default] [info] Partition iteration #46:
Unikorn FPS: 142.908
Fast Unikorn FPS: 265.89
Contexts Info:
gate_rescue_repair_context_0 info - Status: VALID, bottleneck fps: 1,267.37
gate_rescue_repair_context_1 info - Status: VALID, bottleneck fps: 1,362.96
gate_rescue_repair_context_2 info - Status: VALID, bottleneck fps: 2,966.17, solution depleted.
Partition failed on: Pro unikorn is below the best. Current: 142.907765, Best: 154.568053

[2026-09-25 05:57:36.761] [default] [info] Partition iteration #50:
Unikorn FPS: 145.334
Fast Unikorn FPS: 266.992
Contexts Info:
gate_rescue_repair_context_0 info - Status: VALID, bottleneck fps: 1,287.91
gate_rescue_repair_context_1 info - Status: VALID, bottleneck fps: 1,288.5
gate_rescue_repair_context_2 info - Status: VALID, bottleneck fps: 2,966.17, solution depleted.
Partition failed on: Pro unikorn is below the best. Current: 145.334396, Best: 154.568053

[2026-09-25 05:58:05.599] [default] [info] Partition iteration #54:
Unikorn FPS: 146.097
Fast Unikorn FPS: 267.544
Contexts Info:
gate_rescue_repair_context_0 info - Status: VALID, bottleneck fps: 1,287.91
gate_rescue_repair_context_1 info - Status: VALID, bottleneck fps: 1,288.5
gate_rescue_repair_context_2 info - Status: VALID, bottleneck fps: 2,966.17, solution depleted.
Partition failed on: Pro unikorn is below the best. Current: 146.096878, Best: 154.568053

[2026-09-25 05:58:31.364] [default] [info] Partition iteration #62:
Unikorn FPS: 137.232
Fast Unikorn FPS: 268.223
Contexts Info:
gate_rescue_repair_context_0 info - Status: VALID, bottleneck fps: 1,302.08
gate_rescue_repair_context_1 info - Status: VALID, bottleneck fps: 1,288.5
gate_rescue_repair_context_2 info - Status: VALID, bottleneck fps: 2,966.17, solution depleted.
Partition failed on: Pro unikorn is below the best. Current: 137.231892, Best: 154.568053

[2026-09-25 05:58:50.763] [default] [info] Partition iteration #63:
Unikorn FPS: 139.035
Fast Unikorn FPS: 268.223
Contexts Info:
gate_rescue_repair_context_0 info - Status: VALID, bottleneck fps: 1,302.08
gate_rescue_repair_context_1 info - Status: VALID, bottleneck fps: 1,288.5
gate_rescue_repair_context_2 info - Status: VALID, bottleneck fps: 2,966.17, solution depleted.
Partition failed on: Pro unikorn is below the best. Current: 139.034846, Best: 154.568053

[2026-09-25 05:59:06.740] [default] [info] Partition iteration #65:
Unikorn FPS: 134.715
Fast Unikorn FPS: 274.137
Contexts Info:
gate_rescue_repair_context_0 info - Status: VALID, bottleneck fps: 1,302.08
gate_rescue_repair_context_1 info - Status: VALID, bottleneck fps: 1,377.34
gate_rescue_repair_context_2 info - Status: VALID, bottleneck fps: 2,966.17, solution depleted.
Partition failed on: Pro unikorn is below the best. Current: 134.714836, Best: 154.568053

[2026-09-25 05:59:25.221] [default] [info] Partition iteration #67:
Unikorn FPS: 135.048
Fast Unikorn FPS: 275.354
Contexts Info:
gate_rescue_repair_context_0 info - Status: VALID, bottleneck fps: 1,302.08
gate_rescue_repair_context_1 info - Status: VALID, bottleneck fps: 1,377.34
gate_rescue_repair_context_2 info - Status: VALID, bottleneck fps: 2,966.17, solution depleted.
Partition failed on: Pro unikorn is below the best. Current: 135.048316, Best: 154.568053

[2026-09-25 05:59:46.754] [default] [info] Partition iteration #73:
Unikorn FPS: 129.537
Fast Unikorn FPS: 275.42
Contexts Info:
gate_rescue_repair_context_0 info - Status: VALID, bottleneck fps: 1,302.08
gate_rescue_repair_context_1 info - Status: VALID, bottleneck fps: 1,377.34
gate_rescue_repair_context_2 info - Status: VALID, bottleneck fps: 2,966.17, solution depleted.
Partition failed on: Pro unikorn is below the best. Current: 129.537059, Best: 154.568053

[2026-09-25 06:00:06.370] [default] [info] Partition iteration #75:
Unikorn FPS: 129.628
Fast Unikorn FPS: 285.185
Contexts Info:
gate_rescue_repair_context_0 info - Status: VALID, bottleneck fps: 1,302.08
gate_rescue_repair_context_1 info - Status: VALID, bottleneck fps: 1,496.9
gate_rescue_repair_context_2 info - Status: VALID, bottleneck fps: 2,966.17, solution depleted.
Partition failed on: Pro unikorn is below the best. Current: 129.628465, Best: 154.568053

[2026-09-25 06:00:23.932] [default] [info] Partition iteration #76:
Unikorn FPS: 128.839
Fast Unikorn FPS: 289.432
Contexts Info:
gate_rescue_repair_context_0 info - Status: VALID, bottleneck fps: 1,302.08
gate_rescue_repair_context_1 info - Status: VALID, bottleneck fps: 1,496.9
gate_rescue_repair_context_2 info - Status: VALID, bottleneck fps: 2,966.17, solution depleted.
Partition failed on: Pro unikorn is below the best. Current: 128.838761, Best: 154.568053

[2026-09-25 06:00:59.271] [default] [info] Partition iteration #85:
Unikorn FPS: 127.328
Fast Unikorn FPS: 291.946
Contexts Info:
gate_rescue_repair_context_0 info - Status: VALID, bottleneck fps: 1,302.08
gate_rescue_repair_context_1 info - Status: VALID, bottleneck fps: 1,563.61
gate_rescue_repair_context_2 info - Status: VALID, bottleneck fps: 2,869.71
Partition failed on: Pro unikorn is below the best. Current: 127.327661, Best: 154.568053

[2026-09-25 06:01:29.546] [default] [info] Partition iteration #113:
Unikorn FPS: 150.675
Fast Unikorn FPS: 303.422
Contexts Info:
gate_rescue_repair_context_0 info - Status: VALID, bottleneck fps: 1,302.08, solution depleted.
gate_rescue_repair_context_1 info - Status: VALID, bottleneck fps: 2,571.37
gate_rescue_repair_context_2 info - Status: VALID, bottleneck fps: 1,563.61
Partition failed on: Pro unikorn is below the best. Current: 150.674649, Best: 154.568053

[2026-09-25 06:01:45.220] [default] [info] Partition iteration #114:
Unikorn FPS: 151.147
Fast Unikorn FPS: 303.996
Contexts Info:
gate_rescue_repair_context_0 info - Status: VALID, bottleneck fps: 1,302.08, solution depleted.
gate_rescue_repair_context_1 info - Status: VALID, bottleneck fps: 2,571.37
gate_rescue_repair_context_2 info - Status: VALID, bottleneck fps: 1,543.54
Partition failed on: Pro unikorn is below the best. Current: 151.147465, Best: 154.568053

[2026-09-25 06:02:11.504] [default] [info] Partition iteration #118:
Unikorn FPS: 149.434
Fast Unikorn FPS: 320.922
Contexts Info:
gate_rescue_repair_context_0 info - Status: VALID, bottleneck fps: 1,302.08, solution depleted.
gate_rescue_repair_context_1 info - Status: VALID, bottleneck fps: 3,463.11
gate_rescue_repair_context_2 info - Status: VALID, bottleneck fps: 1,496.9
Partition failed on: Pro unikorn is below the best. Current: 149.433764, Best: 154.568053

[2026-09-25 06:02:26.833] [default] [info] Partition to contexts finished successfully
[2026-09-25 06:02:26.833] [default] [info] Partitioner finished after 178 iterations, Time it took: 11m 57s 265ms
[2026-09-25 06:02:26.833] [default] [info] Partitioner finished after 178 iterations, Time it took: 11m 57s 265ms
gate_rescue_repair_context_0: input_layer1, normalization1, conv1, conv2, conv_feature_splitter1_1, conv_feature_splitter1_2, conv4, conv5, ew_add1, concat1, conv6, conv7, conv_feature_splitter2_1, conv_feature_splitter2_2, conv9, conv10, ew_add2, concat2, conv11, conv12, conv_feature_splitter3_1, conv_feature_splitter3_2, conv14, conv15, conv16, conv17, ew_add3, conv18, conv19, ew_add4, concat3, conv20, concat4, conv21, conv22, conv_feature_splitter4_1, conv_feature_splitter4_2, conv24, conv25, conv26, conv27, ew_add5, conv28, conv29, ew_add6, concat5, conv30, concat6, conv31, conv32, maxpool1, maxpool2, maxpool3, concat7, conv33, conv_feature_splitter5_1, conv_feature_splitter5_2, conv_feature_splitter6_1, conv_feature_splitter6_2, conv_feature_splitter6_3
gate_rescue_repair_context_1: matmul1, activation1, reduce_max_softmax1, matmul2_reshape, ew_sub_softmax1, reduce_sum_softmax1, ew_mult_softmax1, matmul2, dw1, conv36, conv37, conv38, concat8, conv39, resize1, concat9, conv_feature_splitter7_1, conv_feature_splitter7_2, conv41, conv42, ew_add10, concat10, conv43, resize2, concat11, conv_feature_splitter8_1, conv_feature_splitter8_2, conv45, conv46, ew_add11, concat12, conv47, conv48, conv49, dw2, concat13, conv50, conv52, conv_feature_splitter9_1, conv_feature_splitter9_2, conv51, dw3, conv56, output_from_conv51_to_yolov8_nms_postprocess, conv53, conv57, conv54, ew_add12, output_from_conv54_to_yolov8_nms_postprocess, concat14, conv58, conv59, conv60, dw4, concat15, conv61, conv63, conv_feature_splitter10_1, conv_feature_splitter10_2, conv62, dw5, conv67, conv68, output_from_conv62_to_yolov8_nms_postprocess, conv64, conv69, conv65, conv70, output_from_conv65_to_yolov8_nms_postprocess, ew_add13
gate_rescue_repair_context_2: conv71, conv72, ew_add14, concat16, conv73, concat17, conv74, conv75, dw6, conv76, conv78, conv77, dw7, output_from_conv77_to_yolov8_nms_postprocess, conv79, conv80, output_from_conv80_to_yolov8_nms_postprocess
[2026-09-25 06:02:26.834] [default] [info] Applying selected partition to 3 contexts...
[2026-09-25 06:02:26.886] [default] [info] Adjust Edges Start State buffers:
+--------------------------------------------------------------------------------------+--------------------------------------------------------------------------------------+--------------------------+
| Src                                                                                  | Dst                                                                                  | Buffers                  |
+--------------------------------------------------------------------------------------+--------------------------------------------------------------------------------------+--------------------------+
| input_layer1                                                                         | normalization1                                                                       | 2 (L3 memory cuts: 1)    |
| normalization1                                                                       | conv1_ws                                                                             | 2 (L3 memory cuts: 1)    |
| conv1_ws                                                                             | conv1_sd0                                                                            | 5 (L3 memory cuts: 1)    |
| conv1_ws                                                                             | conv1_sd1                                                                            | 5 (L3 memory cuts: 1)    |
| conv1_ws                                                                             | conv1_sd2                                                                            | 5 (L3 memory cuts: 1)    |
| conv1_ws                                                                             | conv1_sd3                                                                            | 5 (L3 memory cuts: 1)    |
| conv1_sd0                                                                            | conv1_sdc                                                                            | 2 (L3 memory cuts: 1)    |
| conv1_sd1                                                                            | conv1_sdc                                                                            | 2 (L3 memory cuts: 1)    |
| conv1_sd2                                                                            | conv1_sdc                                                                            | 2 (L3 memory cuts: 1)    |
| conv1_sd3                                                                            | conv1_sdc                                                                            | 2 (L3 memory cuts: 1)    |
| conv1_sdc                                                                            | conv2_ws                                                                             | 2 (L3 memory cuts: 1)    |
| conv2_ws                                                                             | conv2_sd0                                                                            | 2 (L3 memory cuts: 1)    |
| conv2_ws                                                                             | conv2_sd1                                                                            | 2 (L3 memory cuts: 1)    |
| conv2_ws                                                                             | conv2_sd2                                                                            | 2 (L3 memory cuts: 1)    |
| conv2_ws                                                                             | conv2_sd3                                                                            | 2 (L3 memory cuts: 1)    |
| conv2_sd0                                                                            | conv2_sdc                                                                            | 2 (L3 memory cuts: 1)    |
| conv2_sd1                                                                            | conv2_sdc                                                                            | 2 (L3 memory cuts: 1)    |
| conv2_sd2                                                                            | conv2_sdc                                                                            | 2 (L3 memory cuts: 1)    |
| conv2_sd3                                                                            | conv2_sdc                                                                            | 2 (L3 memory cuts: 1)    |
| conv2_sdc                                                                            | conv_feature_splitter1_1                                                             | 2 (L3 memory cuts: 1)    |
| conv2_sdc                                                                            | conv_feature_splitter1_2                                                             | 2 (L3 memory cuts: 1)    |
| conv_feature_splitter1_1                                                             | concat1                                                                              | 2 (L3 memory cuts: 1)    |
| conv_feature_splitter1_2                                                             | conv4                                                                                | 2 (L3 memory cuts: 1)    |
| conv_feature_splitter1_2                                                             | ew_add1                                                                              | 2 (L3 memory cuts: 1)    |
| conv_feature_splitter1_2                                                             | concat1                                                                              | 2 (L3 memory cuts: 1)    |
| conv4                                                                                | conv5                                                                                | 4[S] (L3 memory cuts: 1) |
| conv5                                                                                | ew_add1                                                                              | 2 (L3 memory cuts: 1)    |
| ew_add1                                                                              | concat1                                                                              | 2 (L3 memory cuts: 1)    |
| concat1                                                                              | conv6                                                                                | 2[S] (L3 memory cuts: 1) |
| conv6                                                                                | conv7_ws                                                                             | 2 (L3 memory cuts: 1)    |
| conv7_ws                                                                             | conv7_sd0                                                                            | 2 (L3 memory cuts: 1)    |
| conv7_ws                                                                             | conv7_sd1                                                                            | 2 (L3 memory cuts: 1)    |
| conv7_ws                                                                             | conv7_sd2                                                                            | 2 (L3 memory cuts: 1)    |
| conv7_ws                                                                             | conv7_sd3                                                                            | 2 (L3 memory cuts: 1)    |
| conv7_sd0                                                                            | conv7_sdc                                                                            | 2 (L3 memory cuts: 1)    |
| conv7_sd1                                                                            | conv7_sdc                                                                            | 2 (L3 memory cuts: 1)    |
| conv7_sd2                                                                            | conv7_sdc                                                                            | 2 (L3 memory cuts: 1)    |
| conv7_sd3                                                                            | conv7_sdc                                                                            | 2 (L3 memory cuts: 1)    |
| conv7_sdc                                                                            | conv_feature_splitter2_1                                                             | 2 (L3 memory cuts: 1)    |
| conv7_sdc                                                                            | conv_feature_splitter2_2                                                             | 2 (L3 memory cuts: 1)    |
| conv_feature_splitter2_1                                                             | concat2                                                                              | 2 (L3 memory cuts: 1)    |
| conv_feature_splitter2_2                                                             | conv9                                                                                | 2 (L3 memory cuts: 1)    |
| conv_feature_splitter2_2                                                             | ew_add2                                                                              | 2 (L3 memory cuts: 1)    |
| conv_feature_splitter2_2                                                             | concat2                                                                              | 2 (L3 memory cuts: 1)    |
| conv9                                                                                | conv10                                                                               | 5[S] (L3 memory cuts: 1) |
| conv10                                                                               | ew_add2                                                                              | 2 (L3 memory cuts: 1)    |
| ew_add2                                                                              | concat2                                                                              | 2 (L3 memory cuts: 1)    |
| concat2                                                                              | conv11                                                                               | 2[S] (L3 memory cuts: 1) |
| conv11                                                                               | conv12_ws                                                                            | 2 (L3 memory cuts: 1)    |
| conv11                                                                               | gate_rescue_repair_gate_rescue_repair_context_0_to_gate_rescue_repair_context_1_2332 | 2 (L3 memory cuts: 1)    |
| conv12_ws                                                                            | conv12_sd0                                                                           | 2 (L3 memory cuts: 1)    |
| conv12_ws                                                                            | conv12_sd1                                                                           | 2 (L3 memory cuts: 1)    |
| conv12_sd0                                                                           | conv12_sdc                                                                           | 2 (L3 memory cuts: 1)    |
| conv12_sd1                                                                           | conv12_sdc                                                                           | 2 (L3 memory cuts: 1)    |
| conv12_sdc                                                                           | conv_feature_splitter3_1                                                             | 2 (L3 memory cuts: 1)    |
| conv12_sdc                                                                           | conv_feature_splitter3_2                                                             | 2 (L3 memory cuts: 1)    |
| conv_feature_splitter3_1                                                             | concat4                                                                              | 2[S] (L3 memory cuts: 1) |
| conv_feature_splitter3_2                                                             | conv14                                                                               | 2[S] (L3 memory cuts: 1) |
| conv_feature_splitter3_2                                                             | conv15                                                                               | 2[S] (L3 memory cuts: 1) |
| conv_feature_splitter3_2                                                             | concat4                                                                              | 2[S] (L3 memory cuts: 1) |
| conv14                                                                               | conv16                                                                               | 2 (L3 memory cuts: 1)    |
| conv14                                                                               | ew_add3                                                                              | 2 (L3 memory cuts: 1)    |
| conv16                                                                               | conv17                                                                               | 4[S] (L3 memory cuts: 1) |
| conv17                                                                               | ew_add3                                                                              | 2 (L3 memory cuts: 1)    |
| ew_add3                                                                              | conv18                                                                               | 2 (L3 memory cuts: 1)    |
| ew_add3                                                                              | ew_add4                                                                              | 2 (L3 memory cuts: 1)    |
| conv18                                                                               | conv19                                                                               | 4[S] (L3 memory cuts: 1) |
| conv19                                                                               | ew_add4                                                                              | 2 (L3 memory cuts: 1)    |
| ew_add4                                                                              | concat3                                                                              | 2 (L3 memory cuts: 1)    |
| conv15                                                                               | concat3                                                                              | 2 (L3 memory cuts: 1)    |
| concat3                                                                              | conv20                                                                               | 2[S] (L3 memory cuts: 1) |
| conv20                                                                               | concat4                                                                              | 2[S] (L3 memory cuts: 1) |
| concat4                                                                              | conv21                                                                               | 2[S] (L3 memory cuts: 1) |
| conv21                                                                               | conv22                                                                               | 2 (L3 memory cuts: 1)    |
| conv21                                                                               | gate_rescue_repair_gate_rescue_repair_context_0_to_gate_rescue_repair_context_1_2334 | 2 (L3 memory cuts: 1)    |
| conv22                                                                               | conv_feature_splitter4_1                                                             | 2 (L3 memory cuts: 1)    |
| conv22                                                                               | conv_feature_splitter4_2                                                             | 2 (L3 memory cuts: 1)    |
| conv_feature_splitter4_1                                                             | concat6                                                                              | 2[S] (L3 memory cuts: 1) |
| conv_feature_splitter4_2                                                             | conv24                                                                               | 2[S] (L3 memory cuts: 1) |
| conv_feature_splitter4_2                                                             | conv25                                                                               | 2[S] (L3 memory cuts: 1) |
| conv_feature_splitter4_2                                                             | concat6                                                                              | 2[S] (L3 memory cuts: 1) |
| conv24                                                                               | conv26                                                                               | 2 (L3 memory cuts: 1)    |
| conv24                                                                               | ew_add5                                                                              | 2 (L3 memory cuts: 1)    |
| conv26                                                                               | conv27                                                                               | 4[S] (L3 memory cuts: 1) |
| conv27                                                                               | ew_add5                                                                              | 2 (L3 memory cuts: 1)    |
| ew_add5                                                                              | conv28                                                                               | 2 (L3 memory cuts: 1)    |
| ew_add5                                                                              | ew_add6                                                                              | 2 (L3 memory cuts: 1)    |
| conv28                                                                               | conv29                                                                               | 4[S] (L3 memory cuts: 1) |
| conv29                                                                               | ew_add6                                                                              | 2 (L3 memory cuts: 1)    |
| ew_add6                                                                              | concat5                                                                              | 2 (L3 memory cuts: 1)    |
| conv25                                                                               | concat5                                                                              | 2 (L3 memory cuts: 1)    |
| concat5                                                                              | conv30                                                                               | 2[S] (L3 memory cuts: 1) |
| conv30                                                                               | concat6                                                                              | 2[S] (L3 memory cuts: 1) |
| concat6                                                                              | conv31                                                                               | 2[S] (L3 memory cuts: 1) |
| conv31                                                                               | conv32                                                                               | 2[S] (L3 memory cuts: 1) |
| conv32                                                                               | maxpool1                                                                             | 6 (L3 memory cuts: 1)    |
| conv32                                                                               | concat7                                                                              | 2 (L3 memory cuts: 1)    |
| maxpool1                                                                             | maxpool2                                                                             | 6 (L3 memory cuts: 1)    |
| maxpool1                                                                             | concat7                                                                              | 2 (L3 memory cuts: 1)    |
| maxpool2                                                                             | maxpool3                                                                             | 6 (L3 memory cuts: 1)    |
| maxpool2                                                                             | concat7                                                                              | 2 (L3 memory cuts: 1)    |
| maxpool3                                                                             | concat7                                                                              | 2 (L3 memory cuts: 1)    |
| concat7                                                                              | conv33                                                                               | 2[S] (L3 memory cuts: 1) |
| conv33                                                                               | conv_feature_splitter5_1                                                             | 2[S] (L3 memory cuts: 1) |
| conv33                                                                               | conv_feature_splitter5_2                                                             | 2[S] (L3 memory cuts: 1) |
| conv_feature_splitter5_1                                                             | gate_rescue_repair_gate_rescue_repair_context_0_to_gate_rescue_repair_context_1_2336 | 2[S] (L3 memory cuts: 1) |
| gate_rescue_repair_gate_rescue_repair_context_0_to_gate_rescue_repair_context_1_2336 | gate_rescue_repair_gate_rescue_repair_context_0_to_gate_rescue_repair_context_1_2337 | 1 (0.00[KB]) (DDR)       |
| gate_rescue_repair_gate_rescue_repair_context_0_to_gate_rescue_repair_context_1_2337 | concat8                                                                              | 2[S] (L3 memory cuts: 1) |
| conv_feature_splitter5_2                                                             | conv_feature_splitter6_1                                                             | 2 (L3 memory cuts: 1)    |
| conv_feature_splitter5_2                                                             | conv_feature_splitter6_2                                                             | 2 (L3 memory cuts: 1)    |
| conv_feature_splitter5_2                                                             | conv_feature_splitter6_3                                                             | 2 (L3 memory cuts: 1)    |
| conv_feature_splitter5_2                                                             | gate_rescue_repair_gate_rescue_repair_context_0_to_gate_rescue_repair_context_1_2338 | 2 (L3 memory cuts: 1)    |
| conv_feature_splitter6_1                                                             | gate_rescue_repair_gate_rescue_repair_context_0_to_gate_rescue_repair_context_1_2340 | 2 (L3 memory cuts: 1)    |
| gate_rescue_repair_gate_rescue_repair_context_0_to_gate_rescue_repair_context_1_2340 | gate_rescue_repair_gate_rescue_repair_context_0_to_gate_rescue_repair_context_1_2341 | 1 (0.00[KB]) (DDR)       |
| gate_rescue_repair_gate_rescue_repair_context_0_to_gate_rescue_repair_context_1_2341 | matmul1                                                                              | 2 (L3 memory cuts: 1)    |
| conv_feature_splitter6_2                                                             | gate_rescue_repair_gate_rescue_repair_context_0_to_gate_rescue_repair_context_1_2342 | 40 (L3 memory cuts: 3)   |
| gate_rescue_repair_gate_rescue_repair_context_0_to_gate_rescue_repair_context_1_2342 | gate_rescue_repair_gate_rescue_repair_context_0_to_gate_rescue_repair_context_1_2343 | 1 (0.00[KB]) (DDR)       |
| gate_rescue_repair_gate_rescue_repair_context_0_to_gate_rescue_repair_context_1_2343 | matmul1                                                                              | 40 (L3 memory cuts: 3)   |
| matmul1                                                                              | reduce_max_softmax1                                                                  | 2 (L3 memory cuts: 2)    |
| matmul1                                                                              | ew_sub_softmax1                                                                      | 2 (L3 memory cuts: 2)    |
| reduce_max_softmax1                                                                  | ew_sub_softmax1                                                                      | 2 (L3 memory cuts: 1)    |
| ew_sub_softmax1                                                                      | reduce_sum_softmax1                                                                  | 2 (L3 memory cuts: 2)    |
| ew_sub_softmax1                                                                      | ew_mult_softmax1                                                                     | 2 (L3 memory cuts: 2)    |
| reduce_sum_softmax1                                                                  | ew_mult_softmax1                                                                     | 2 (L3 memory cuts: 1)    |
| ew_mult_softmax1                                                                     | matmul2                                                                              | 2 (L3 memory cuts: 2)    |
| conv_feature_splitter6_3                                                             | gate_rescue_repair_gate_rescue_repair_context_0_to_gate_rescue_repair_context_1_2344 | 2 (L3 memory cuts: 1)    |
| gate_rescue_repair_gate_rescue_repair_context_0_to_gate_rescue_repair_context_1_2344 | gate_rescue_repair_gate_rescue_repair_context_0_to_gate_rescue_repair_context_1_2345 | 1 (0.00[KB]) (DDR)       |
| gate_rescue_repair_gate_rescue_repair_context_0_to_gate_rescue_repair_context_1_2344 | gate_rescue_repair_gate_rescue_repair_context_0_to_gate_rescue_repair_context_1_2346 | 1 (0.00[KB]) (DDR)       |
| gate_rescue_repair_gate_rescue_repair_context_0_to_gate_rescue_repair_context_1_2345 | activation1                                                                          | 2 (L3 memory cuts: 1)    |
| activation1                                                                          | matmul2_reshape                                                                      | 2 (L3 memory cuts: 1)    |
| matmul2_reshape                                                                      | matmul2                                                                              | 40 (L3 memory cuts: 4)   |
| matmul2                                                                              | dw1_defuse_1x1                                                                       | 2 (L3 memory cuts: 1)    |
| gate_rescue_repair_gate_rescue_repair_context_0_to_gate_rescue_repair_context_1_2346 | dw1_defuse_width_feature_reshape                                                     | 2 (L3 memory cuts: 1)    |
| dw1_defuse_width_feature_reshape                                                     | dw1_defuse_reshape_hxf_to_w_transposed                                               | 2 (L3 memory cuts: 1)    |
| dw1_defuse_reshape_hxf_to_w_transposed                                               | dw1_defuse_1x1                                                                       | 2 (L3 memory cuts: 2)    |
| dw1_defuse_1x1                                                                       | conv36                                                                               | 2 (L3 memory cuts: 1)    |
| gate_rescue_repair_gate_rescue_repair_context_0_to_gate_rescue_repair_context_1_2338 | gate_rescue_repair_gate_rescue_repair_context_0_to_gate_rescue_repair_context_1_2339 | 1 (0.00[KB]) (DDR)       |
| gate_rescue_repair_gate_rescue_repair_context_0_to_gate_rescue_repair_context_1_2339 | conv36                                                                               | 2 (L3 memory cuts: 1)    |
| conv36                                                                               | conv37                                                                               | 2[S] (L3 memory cuts: 1) |
| conv36                                                                               | conv38                                                                               | 2[S] (L3 memory cuts: 1) |
| conv37                                                                               | conv38                                                                               | 2[S] (L3 memory cuts: 1) |
| conv38                                                                               | concat8                                                                              | 2[S] (L3 memory cuts: 1) |
| concat8                                                                              | conv39                                                                               | 2[S] (L3 memory cuts: 1) |
| conv39                                                                               | resize1                                                                              | 2 (L3 memory cuts: 1)    |
| conv39                                                                               | concat15                                                                             | 2 (L3 memory cuts: 1)    |
| resize1                                                                              | concat9                                                                              | 2 (L3 memory cuts: 1)    |
| gate_rescue_repair_gate_rescue_repair_context_0_to_gate_rescue_repair_context_1_2334 | gate_rescue_repair_gate_rescue_repair_context_0_to_gate_rescue_repair_context_1_2335 | 1 (0.00[KB]) (DDR)       |
| gate_rescue_repair_gate_rescue_repair_context_0_to_gate_rescue_repair_context_1_2335 | concat9                                                                              | 2 (L3 memory cuts: 1)    |
| concat9                                                                              | conv_feature_splitter7_1                                                             | 2[S] (L3 memory cuts: 1) |
| concat9                                                                              | conv_feature_splitter7_2                                                             | 2[S] (L3 memory cuts: 1) |
| conv_feature_splitter7_1                                                             | concat10                                                                             | 2 (L3 memory cuts: 1)    |
| conv_feature_splitter7_2                                                             | conv41                                                                               | 2 (L3 memory cuts: 1)    |
| conv_feature_splitter7_2                                                             | ew_add10                                                                             | 2 (L3 memory cuts: 1)    |
| conv_feature_splitter7_2                                                             | concat10                                                                             | 2 (L3 memory cuts: 1)    |
| conv41                                                                               | conv42                                                                               | 5[S] (L3 memory cuts: 1) |
| conv42                                                                               | ew_add10                                                                             | 2 (L3 memory cuts: 1)    |
| ew_add10                                                                             | concat10                                                                             | 2 (L3 memory cuts: 1)    |
| concat10                                                                             | conv43                                                                               | 2[S] (L3 memory cuts: 1) |
| conv43                                                                               | resize2                                                                              | 2 (L3 memory cuts: 1)    |
| conv43                                                                               | concat13                                                                             | 2 (L3 memory cuts: 1)    |
| resize2                                                                              | concat11                                                                             | 2 (L3 memory cuts: 1)    |
| gate_rescue_repair_gate_rescue_repair_context_0_to_gate_rescue_repair_context_1_2332 | gate_rescue_repair_gate_rescue_repair_context_0_to_gate_rescue_repair_context_1_2333 | 1 (0.00[KB]) (DDR)       |
| gate_rescue_repair_gate_rescue_repair_context_0_to_gate_rescue_repair_context_1_2333 | concat11                                                                             | 2 (L3 memory cuts: 1)    |
| concat11                                                                             | conv_feature_splitter8_1                                                             | 2[S] (L3 memory cuts: 1) |
| concat11                                                                             | conv_feature_splitter8_2                                                             | 3[S] (L3 memory cuts: 1) |
| conv_feature_splitter8_1                                                             | concat12                                                                             | 2 (L3 memory cuts: 1)    |
| conv_feature_splitter8_2                                                             | conv45                                                                               | 2 (L3 memory cuts: 1)    |
| conv_feature_splitter8_2                                                             | ew_add11                                                                             | 2 (L3 memory cuts: 1)    |
| conv_feature_splitter8_2                                                             | concat12                                                                             | 2 (L3 memory cuts: 1)    |
| conv45                                                                               | conv46                                                                               | 5[S] (L3 memory cuts: 1) |
| conv46                                                                               | ew_add11                                                                             | 2 (L3 memory cuts: 1)    |
| ew_add11                                                                             | concat12                                                                             | 2 (L3 memory cuts: 1)    |
| concat12                                                                             | conv47                                                                               | 2[S] (L3 memory cuts: 1) |
| conv47                                                                               | conv48                                                                               | 2 (L3 memory cuts: 1)    |
| conv47                                                                               | sh_from_conv47_to_conv49_d0-1_dw2_sd0-1_2356                                         | 2 (L3 memory cuts: 1)    |
| conv48                                                                               | concat13                                                                             | 2 (L3 memory cuts: 1)    |
| concat13                                                                             | conv_feature_splitter9_1                                                             | 2[S] (L3 memory cuts: 1) |
| concat13                                                                             | conv_feature_splitter9_2                                                             | 2[S] (L3 memory cuts: 1) |
| conv_feature_splitter9_1                                                             | concat14                                                                             | 2 (L3 memory cuts: 1)    |
| conv_feature_splitter9_2                                                             | conv56                                                                               | 2 (L3 memory cuts: 1)    |
| conv_feature_splitter9_2                                                             | ew_add12                                                                             | 2 (L3 memory cuts: 1)    |
| conv_feature_splitter9_2                                                             | concat14                                                                             | 2 (L3 memory cuts: 1)    |
| conv56                                                                               | conv57                                                                               | 5[S] (L3 memory cuts: 1) |
| conv57                                                                               | ew_add12                                                                             | 2 (L3 memory cuts: 1)    |
| ew_add12                                                                             | concat14                                                                             | 2 (L3 memory cuts: 1)    |
| concat14                                                                             | conv58                                                                               | 2[S] (L3 memory cuts: 1) |
| conv58                                                                               | conv59                                                                               | 2 (L3 memory cuts: 1)    |
| conv58                                                                               | conv60                                                                               | 2 (L3 memory cuts: 1)    |
| conv58                                                                               | dw4                                                                                  | 2 (L3 memory cuts: 1)    |
| conv59                                                                               | concat15                                                                             | 2 (L3 memory cuts: 1)    |
| concat15                                                                             | conv_feature_splitter10_1                                                            | 2[S] (L3 memory cuts: 1) |
| concat15                                                                             | conv_feature_splitter10_2                                                            | 2[S] (L3 memory cuts: 1) |
| conv_feature_splitter10_1                                                            | gate_rescue_repair_gate_rescue_repair_context_1_to_gate_rescue_repair_context_2_2347 | 2[S] (L3 memory cuts: 1) |
| gate_rescue_repair_gate_rescue_repair_context_1_to_gate_rescue_repair_context_2_2347 | gate_rescue_repair_gate_rescue_repair_context_1_to_gate_rescue_repair_context_2_2348 | 1 (0.00[KB]) (DDR)       |
| gate_rescue_repair_gate_rescue_repair_context_1_to_gate_rescue_repair_context_2_2348 | concat17                                                                             | 2[S] (L3 memory cuts: 1) |
| conv_feature_splitter10_2                                                            | conv67                                                                               | 2[S] (L3 memory cuts: 1) |
| conv_feature_splitter10_2                                                            | conv68                                                                               | 2[S] (L3 memory cuts: 1) |
| conv_feature_splitter10_2                                                            | gate_rescue_repair_gate_rescue_repair_context_1_to_gate_rescue_repair_context_2_2349 | 2[S] (L3 memory cuts: 1) |
| conv67                                                                               | conv69                                                                               | 2 (L3 memory cuts: 1)    |
| conv67                                                                               | ew_add13                                                                             | 2 (L3 memory cuts: 1)    |
| conv69                                                                               | conv70                                                                               | 4[S] (L3 memory cuts: 1) |
| conv70                                                                               | ew_add13                                                                             | 2 (L3 memory cuts: 1)    |
| ew_add13                                                                             | gate_rescue_repair_gate_rescue_repair_context_1_to_gate_rescue_repair_context_2_2353 | 2 (L3 memory cuts: 1)    |
| gate_rescue_repair_gate_rescue_repair_context_1_to_gate_rescue_repair_context_2_2353 | gate_rescue_repair_gate_rescue_repair_context_1_to_gate_rescue_repair_context_2_2354 | 1 (0.00[KB]) (DDR)       |
| gate_rescue_repair_gate_rescue_repair_context_1_to_gate_rescue_repair_context_2_2353 | gate_rescue_repair_gate_rescue_repair_context_1_to_gate_rescue_repair_context_2_2355 | 1 (0.00[KB]) (DDR)       |
| gate_rescue_repair_gate_rescue_repair_context_1_to_gate_rescue_repair_context_2_2354 | conv71                                                                               | 2 (L3 memory cuts: 1)    |
| conv71                                                                               | conv72                                                                               | 4[S] (L3 memory cuts: 1) |
| conv72                                                                               | ew_add14                                                                             | 2 (L3 memory cuts: 1)    |
| gate_rescue_repair_gate_rescue_repair_context_1_to_gate_rescue_repair_context_2_2355 | ew_add14                                                                             | 2 (L3 memory cuts: 1)    |
| ew_add14                                                                             | concat16                                                                             | 2 (L3 memory cuts: 1)    |
| conv68                                                                               | gate_rescue_repair_gate_rescue_repair_context_1_to_gate_rescue_repair_context_2_2351 | 2 (L3 memory cuts: 1)    |
| gate_rescue_repair_gate_rescue_repair_context_1_to_gate_rescue_repair_context_2_2351 | gate_rescue_repair_gate_rescue_repair_context_1_to_gate_rescue_repair_context_2_2352 | 1 (0.00[KB]) (DDR)       |
| gate_rescue_repair_gate_rescue_repair_context_1_to_gate_rescue_repair_context_2_2352 | concat16                                                                             | 2 (L3 memory cuts: 1)    |
| concat16                                                                             | conv73                                                                               | 2[S] (L3 memory cuts: 1) |
| conv73                                                                               | concat17                                                                             | 2[S] (L3 memory cuts: 1) |
| gate_rescue_repair_gate_rescue_repair_context_1_to_gate_rescue_repair_context_2_2349 | gate_rescue_repair_gate_rescue_repair_context_1_to_gate_rescue_repair_context_2_2350 | 1 (0.00[KB]) (DDR)       |
| gate_rescue_repair_gate_rescue_repair_context_1_to_gate_rescue_repair_context_2_2350 | concat17                                                                             | 2[S] (L3 memory cuts: 1) |
| concat17                                                                             | conv74                                                                               | 2[S] (L3 memory cuts: 1) |
| conv74                                                                               | conv75_ws                                                                            | 2 (L3 memory cuts: 1)    |
| conv74                                                                               | dw6_fs                                                                               | 2 (L3 memory cuts: 1)    |
| conv75_ws                                                                            | conv75_sd0                                                                           | 2 (L3 memory cuts: 1)    |
| conv75_ws                                                                            | conv75_sd1                                                                           | 2 (L3 memory cuts: 1)    |
| conv75_sd0                                                                           | conv75_sdc                                                                           | 2 (L3 memory cuts: 1)    |
| conv75_sd1                                                                           | conv75_sdc                                                                           | 2 (L3 memory cuts: 1)    |
| conv75_sdc                                                                           | conv76                                                                               | 4 (L3 memory cuts: 1)    |
| conv76                                                                               | conv77                                                                               | 2[S] (L3 memory cuts: 1) |
| conv77                                                                               | output_from_conv77_to_yolov8_nms_postprocess                                         | 2 (L3 memory cuts: 1)    |
| dw6_fs                                                                               | dw6_d0                                                                               | 2 (L3 memory cuts: 1)    |
| dw6_fs                                                                               | dw6_d1                                                                               | 2 (L3 memory cuts: 1)    |
| dw6_d0                                                                               | dw6_dc                                                                               | 2 (L3 memory cuts: 1)    |
| dw6_d1                                                                               | dw6_dc                                                                               | 2 (L3 memory cuts: 1)    |
| dw6_dc                                                                               | conv78                                                                               | 2[S] (L3 memory cuts: 1) |
| conv78                                                                               | dw7                                                                                  | 4 (L3 memory cuts: 1)    |
| dw7                                                                                  | conv79                                                                               | 2 (L3 memory cuts: 1)    |
| conv79                                                                               | conv80                                                                               | 2[S] (L3 memory cuts: 1) |
| conv80                                                                               | output_from_conv80_to_yolov8_nms_postprocess                                         | 2 (L3 memory cuts: 1)    |
| conv60                                                                               | conv61                                                                               | 5[S] (L3 memory cuts: 1) |
| conv61                                                                               | conv62                                                                               | 2[S] (L3 memory cuts: 1) |
| conv62                                                                               | output_from_conv62_to_yolov8_nms_postprocess                                         | 2 (L3 memory cuts: 1)    |
| dw4                                                                                  | conv63                                                                               | 2 (L3 memory cuts: 1)    |
| conv63                                                                               | dw5                                                                                  | 4 (L3 memory cuts: 1)    |
| dw5                                                                                  | conv64                                                                               | 2 (L3 memory cuts: 1)    |
| conv64                                                                               | conv65                                                                               | 2[S] (L3 memory cuts: 1) |
| conv65                                                                               | output_from_conv65_to_yolov8_nms_postprocess                                         | 2 (L3 memory cuts: 1)    |
| sh_from_conv47_to_conv49_d0-1_dw2_sd0-1_2356                                         | conv49_d0                                                                            | 2 (L3 memory cuts: 1)    |
| sh_from_conv47_to_conv49_d0-1_dw2_sd0-1_2356                                         | conv49_d1                                                                            | 2 (L3 memory cuts: 1)    |
| sh_from_conv47_to_conv49_d0-1_dw2_sd0-1_2356                                         | dw2_sd0                                                                              | 2 (L3 memory cuts: 1)    |
| sh_from_conv47_to_conv49_d0-1_dw2_sd0-1_2356                                         | dw2_sd1                                                                              | 2 (L3 memory cuts: 1)    |
| conv49_d0                                                                            | conv49_dc                                                                            | 2[S] (L3 memory cuts: 1) |
| conv49_d1                                                                            | conv49_dc                                                                            | 2[S] (L3 memory cuts: 1) |
| conv49_dc                                                                            | conv50_d0                                                                            | 5[S] (L3 memory cuts: 1) |
| conv49_dc                                                                            | conv50_d1                                                                            | 5[S] (L3 memory cuts: 1) |
| conv50_d0                                                                            | conv50_dc                                                                            | 2[S] (L3 memory cuts: 1) |
| conv50_d1                                                                            | conv50_dc                                                                            | 2[S] (L3 memory cuts: 1) |
| conv50_dc                                                                            | conv51                                                                               | 3[S] (L3 memory cuts: 1) |
| conv51                                                                               | output_from_conv51_to_yolov8_nms_postprocess                                         | 2 (L3 memory cuts: 1)    |
| dw2_sd0                                                                              | dw2_sdc                                                                              | 2 (L3 memory cuts: 1)    |
| dw2_sd1                                                                              | dw2_sdc                                                                              | 2 (L3 memory cuts: 1)    |
| dw2_sdc                                                                              | conv52                                                                               | 2 (L3 memory cuts: 1)    |
| conv52                                                                               | dw3_sd0                                                                              | 2 (L3 memory cuts: 1)    |
| conv52                                                                               | dw3_sd1                                                                              | 2 (L3 memory cuts: 1)    |
| dw3_sd0                                                                              | dw3_sdc                                                                              | 2 (L3 memory cuts: 1)    |
| dw3_sd1                                                                              | dw3_sdc                                                                              | 2 (L3 memory cuts: 1)    |
| dw3_sdc                                                                              | conv53                                                                               | 2 (L3 memory cuts: 1)    |
| conv53                                                                               | conv54                                                                               | 2[S] (L3 memory cuts: 1) |
| conv54                                                                               | output_from_conv54_to_yolov8_nms_postprocess                                         | 2 (L3 memory cuts: 1)    |
+--------------------------------------------------------------------------------------+--------------------------------------------------------------------------------------+--------------------------+
[2026-09-25 06:02:26.923] [default] [info] Adjust Edges After Merges and Joins buffers:
+--------------------------------------------------------------------------------------+--------------------------------------------------------------------------------------+--------------------------+
| Src                                                                                  | Dst                                                                                  | Buffers                  |
+--------------------------------------------------------------------------------------+--------------------------------------------------------------------------------------+--------------------------+
| input_layer1                                                                         | normalization1                                                                       | 2 (L3 memory cuts: 1)    |
| normalization1                                                                       | conv1_ws                                                                             | 2 (L3 memory cuts: 1)    |
| conv1_ws                                                                             | conv1_sd0                                                                            | 5 (L3 memory cuts: 1)    |
| conv1_ws                                                                             | conv1_sd1                                                                            | 5 (L3 memory cuts: 1)    |
| conv1_ws                                                                             | conv1_sd2                                                                            | 5 (L3 memory cuts: 1)    |
| conv1_ws                                                                             | conv1_sd3                                                                            | 5 (L3 memory cuts: 1)    |
| conv1_sd0                                                                            | conv1_sdc                                                                            | 2 (L3 memory cuts: 1)    |
| conv1_sd1                                                                            | conv1_sdc                                                                            | 2 (L3 memory cuts: 1)    |
| conv1_sd2                                                                            | conv1_sdc                                                                            | 2 (L3 memory cuts: 1)    |
| conv1_sd3                                                                            | conv1_sdc                                                                            | 2 (L3 memory cuts: 1)    |
| conv1_sdc                                                                            | conv2_ws                                                                             | 2 (L3 memory cuts: 1)    |
| conv2_ws                                                                             | conv2_sd0                                                                            | 2 (L3 memory cuts: 1)    |
| conv2_ws                                                                             | conv2_sd1                                                                            | 2 (L3 memory cuts: 1)    |
| conv2_ws                                                                             | conv2_sd2                                                                            | 2 (L3 memory cuts: 1)    |
| conv2_ws                                                                             | conv2_sd3                                                                            | 2 (L3 memory cuts: 1)    |
| conv2_sd0                                                                            | conv2_sdc                                                                            | 2 (L3 memory cuts: 1)    |
| conv2_sd1                                                                            | conv2_sdc                                                                            | 2 (L3 memory cuts: 1)    |
| conv2_sd2                                                                            | conv2_sdc                                                                            | 2 (L3 memory cuts: 1)    |
| conv2_sd3                                                                            | conv2_sdc                                                                            | 2 (L3 memory cuts: 1)    |
| conv2_sdc                                                                            | conv_feature_splitter1_1                                                             | 2 (L3 memory cuts: 1)    |
| conv2_sdc                                                                            | conv_feature_splitter1_2                                                             | 2 (L3 memory cuts: 1)    |
| conv_feature_splitter1_1                                                             | concat1                                                                              | 2 (L3 memory cuts: 1)    |
| conv_feature_splitter1_2                                                             | conv4                                                                                | 2 (L3 memory cuts: 1)    |
| conv_feature_splitter1_2                                                             | ew_add1                                                                              | 2 (L3 memory cuts: 1)    |
| conv_feature_splitter1_2                                                             | concat1                                                                              | 2 (L3 memory cuts: 1)    |
| conv4                                                                                | conv5                                                                                | 4[S] (L3 memory cuts: 1) |
| conv5                                                                                | ew_add1                                                                              | 2 (L3 memory cuts: 1)    |
| ew_add1                                                                              | concat1                                                                              | 2 (L3 memory cuts: 1)    |
| concat1                                                                              | conv6                                                                                | 2[S] (L3 memory cuts: 1) |
| conv6                                                                                | conv7_ws                                                                             | 2 (L3 memory cuts: 1)    |
| conv7_ws                                                                             | conv7_sd0                                                                            | 2 (L3 memory cuts: 1)    |
| conv7_ws                                                                             | conv7_sd1                                                                            | 2 (L3 memory cuts: 1)    |
| conv7_ws                                                                             | conv7_sd2                                                                            | 2 (L3 memory cuts: 1)    |
| conv7_ws                                                                             | conv7_sd3                                                                            | 2 (L3 memory cuts: 1)    |
| conv7_sd0                                                                            | conv7_sdc                                                                            | 2 (L3 memory cuts: 1)    |
| conv7_sd1                                                                            | conv7_sdc                                                                            | 2 (L3 memory cuts: 1)    |
| conv7_sd2                                                                            | conv7_sdc                                                                            | 2 (L3 memory cuts: 1)    |
| conv7_sd3                                                                            | conv7_sdc                                                                            | 2 (L3 memory cuts: 1)    |
| conv7_sdc                                                                            | conv_feature_splitter2_1                                                             | 2 (L3 memory cuts: 1)    |
| conv7_sdc                                                                            | conv_feature_splitter2_2                                                             | 2 (L3 memory cuts: 1)    |
| conv_feature_splitter2_1                                                             | concat2                                                                              | 2 (L3 memory cuts: 1)    |
| conv_feature_splitter2_2                                                             | conv9                                                                                | 2 (L3 memory cuts: 1)    |
| conv_feature_splitter2_2                                                             | ew_add2                                                                              | 2 (L3 memory cuts: 1)    |
| conv_feature_splitter2_2                                                             | concat2                                                                              | 2 (L3 memory cuts: 1)    |
| conv9                                                                                | conv10                                                                               | 5[S] (L3 memory cuts: 1) |
| conv10                                                                               | ew_add2                                                                              | 2 (L3 memory cuts: 1)    |
| ew_add2                                                                              | concat2                                                                              | 2 (L3 memory cuts: 1)    |
| concat2                                                                              | conv11                                                                               | 2[S] (L3 memory cuts: 1) |
| conv11                                                                               | conv12_ws                                                                            | 2 (L3 memory cuts: 1)    |
| conv11                                                                               | gate_rescue_repair_gate_rescue_repair_context_0_to_gate_rescue_repair_context_1_2332 | 2 (L3 memory cuts: 1)    |
| conv12_ws                                                                            | conv12_sd0                                                                           | 2 (L3 memory cuts: 1)    |
| conv12_ws                                                                            | conv12_sd1                                                                           | 2 (L3 memory cuts: 1)    |
| conv12_sd0                                                                           | conv12_sdc                                                                           | 2 (L3 memory cuts: 1)    |
| conv12_sd1                                                                           | conv12_sdc                                                                           | 2 (L3 memory cuts: 1)    |
| conv12_sdc                                                                           | conv_feature_splitter3_1                                                             | 2 (L3 memory cuts: 1)    |
| conv12_sdc                                                                           | conv_feature_splitter3_2                                                             | 2 (L3 memory cuts: 1)    |
| conv_feature_splitter3_1                                                             | concat4                                                                              | 2[S] (L3 memory cuts: 1) |
| conv_feature_splitter3_2                                                             | conv14                                                                               | 2[S] (L3 memory cuts: 1) |
| conv_feature_splitter3_2                                                             | conv15                                                                               | 2[S] (L3 memory cuts: 1) |
| conv_feature_splitter3_2                                                             | concat4                                                                              | 2[S] (L3 memory cuts: 1) |
| conv14                                                                               | conv16                                                                               | 2 (L3 memory cuts: 1)    |
| conv14                                                                               | ew_add3                                                                              | 2 (L3 memory cuts: 1)    |
| conv16                                                                               | conv17                                                                               | 4[S] (L3 memory cuts: 1) |
| conv17                                                                               | ew_add3                                                                              | 2 (L3 memory cuts: 1)    |
| ew_add3                                                                              | conv18                                                                               | 2 (L3 memory cuts: 1)    |
| ew_add3                                                                              | ew_add4                                                                              | 2 (L3 memory cuts: 1)    |
| conv18                                                                               | conv19                                                                               | 4[S] (L3 memory cuts: 1) |
| conv19                                                                               | ew_add4                                                                              | 2 (L3 memory cuts: 1)    |
| ew_add4                                                                              | concat3                                                                              | 2 (L3 memory cuts: 1)    |
| conv15                                                                               | concat3                                                                              | 2 (L3 memory cuts: 1)    |
| concat3                                                                              | conv20                                                                               | 2[S] (L3 memory cuts: 1) |
| conv20                                                                               | concat4                                                                              | 2[S] (L3 memory cuts: 1) |
| concat4                                                                              | conv21                                                                               | 2[S] (L3 memory cuts: 1) |
| conv21                                                                               | conv22                                                                               | 2 (L3 memory cuts: 1)    |
| conv21                                                                               | gate_rescue_repair_gate_rescue_repair_context_0_to_gate_rescue_repair_context_1_2334 | 2 (L3 memory cuts: 1)    |
| conv22                                                                               | conv_feature_splitter4_1                                                             | 2 (L3 memory cuts: 1)    |
| conv22                                                                               | conv_feature_splitter4_2                                                             | 2 (L3 memory cuts: 1)    |
| conv_feature_splitter4_1                                                             | concat6                                                                              | 2[S] (L3 memory cuts: 1) |
| conv_feature_splitter4_2                                                             | conv24                                                                               | 2[S] (L3 memory cuts: 1) |
| conv_feature_splitter4_2                                                             | conv25                                                                               | 2[S] (L3 memory cuts: 1) |
| conv_feature_splitter4_2                                                             | concat6                                                                              | 2[S] (L3 memory cuts: 1) |
| conv24                                                                               | conv26                                                                               | 2 (L3 memory cuts: 1)    |
| conv24                                                                               | ew_add5                                                                              | 2 (L3 memory cuts: 1)    |
| conv26                                                                               | conv27                                                                               | 4[S] (L3 memory cuts: 1) |
| conv27                                                                               | ew_add5                                                                              | 2 (L3 memory cuts: 1)    |
| ew_add5                                                                              | conv28                                                                               | 2 (L3 memory cuts: 1)    |
| ew_add5                                                                              | ew_add6                                                                              | 2 (L3 memory cuts: 1)    |
| conv28                                                                               | conv29                                                                               | 4[S] (L3 memory cuts: 1) |
| conv29                                                                               | ew_add6                                                                              | 2 (L3 memory cuts: 1)    |
| ew_add6                                                                              | concat5                                                                              | 2 (L3 memory cuts: 1)    |
| conv25                                                                               | concat5                                                                              | 2 (L3 memory cuts: 1)    |
| concat5                                                                              | conv30                                                                               | 2[S] (L3 memory cuts: 1) |
| conv30                                                                               | concat6                                                                              | 2[S] (L3 memory cuts: 1) |
| concat6                                                                              | conv31                                                                               | 2[S] (L3 memory cuts: 1) |
| conv31                                                                               | conv32                                                                               | 2[S] (L3 memory cuts: 1) |
| conv32                                                                               | maxpool1                                                                             | 6 (L3 memory cuts: 1)    |
| conv32                                                                               | concat7                                                                              | 2 (L3 memory cuts: 1)    |
| maxpool1                                                                             | maxpool2                                                                             | 6 (L3 memory cuts: 1)    |
| maxpool1                                                                             | concat7                                                                              | 2 (L3 memory cuts: 1)    |
| maxpool2                                                                             | maxpool3                                                                             | 6 (L3 memory cuts: 1)    |
| maxpool2                                                                             | concat7                                                                              | 2 (L3 memory cuts: 1)    |
| maxpool3                                                                             | concat7                                                                              | 2 (L3 memory cuts: 1)    |
| concat7                                                                              | conv33                                                                               | 2[S] (L3 memory cuts: 1) |
| conv33                                                                               | conv_feature_splitter5_1                                                             | 2[S] (L3 memory cuts: 1) |
| conv33                                                                               | conv_feature_splitter5_2                                                             | 2[S] (L3 memory cuts: 1) |
| conv_feature_splitter5_1                                                             | gate_rescue_repair_gate_rescue_repair_context_0_to_gate_rescue_repair_context_1_2336 | 2[S] (L3 memory cuts: 1) |
| gate_rescue_repair_gate_rescue_repair_context_0_to_gate_rescue_repair_context_1_2336 | gate_rescue_repair_gate_rescue_repair_context_0_to_gate_rescue_repair_context_1_2337 | 1 (0.00[KB]) (DDR)       |
| gate_rescue_repair_gate_rescue_repair_context_0_to_gate_rescue_repair_context_1_2337 | concat8                                                                              | 2[S] (L3 memory cuts: 1) |
| conv_feature_splitter5_2                                                             | conv_feature_splitter6_1                                                             | 2 (L3 memory cuts: 1)    |
| conv_feature_splitter5_2                                                             | conv_feature_splitter6_2                                                             | 2 (L3 memory cuts: 1)    |
| conv_feature_splitter5_2                                                             | conv_feature_splitter6_3                                                             | 2 (L3 memory cuts: 1)    |
| conv_feature_splitter5_2                                                             | gate_rescue_repair_gate_rescue_repair_context_0_to_gate_rescue_repair_context_1_2338 | 2 (L3 memory cuts: 1)    |
| conv_feature_splitter6_1                                                             | gate_rescue_repair_gate_rescue_repair_context_0_to_gate_rescue_repair_context_1_2340 | 2 (L3 memory cuts: 1)    |
| gate_rescue_repair_gate_rescue_repair_context_0_to_gate_rescue_repair_context_1_2340 | gate_rescue_repair_gate_rescue_repair_context_0_to_gate_rescue_repair_context_1_2341 | 1 (0.00[KB]) (DDR)       |
| gate_rescue_repair_gate_rescue_repair_context_0_to_gate_rescue_repair_context_1_2341 | matmul1                                                                              | 2 (L3 memory cuts: 1)    |
| conv_feature_splitter6_2                                                             | gate_rescue_repair_gate_rescue_repair_context_0_to_gate_rescue_repair_context_1_2342 | 40 (L3 memory cuts: 3)   |
| gate_rescue_repair_gate_rescue_repair_context_0_to_gate_rescue_repair_context_1_2342 | gate_rescue_repair_gate_rescue_repair_context_0_to_gate_rescue_repair_context_1_2343 | 1 (0.00[KB]) (DDR)       |
| gate_rescue_repair_gate_rescue_repair_context_0_to_gate_rescue_repair_context_1_2343 | matmul1                                                                              | 40 (L3 memory cuts: 3)   |
| matmul1                                                                              | reduce_max_softmax1                                                                  | 2 (L3 memory cuts: 2)    |
| matmul1                                                                              | ew_sub_softmax1                                                                      | 2 (L3 memory cuts: 2)    |
| reduce_max_softmax1                                                                  | ew_sub_softmax1                                                                      | 2 (L3 memory cuts: 1)    |
| ew_sub_softmax1                                                                      | reduce_sum_softmax1                                                                  | 2 (L3 memory cuts: 2)    |
| ew_sub_softmax1                                                                      | ew_mult_softmax1                                                                     | 2 (L3 memory cuts: 2)    |
| reduce_sum_softmax1                                                                  | ew_mult_softmax1                                                                     | 2 (L3 memory cuts: 1)    |
| ew_mult_softmax1                                                                     | matmul2                                                                              | 2 (L3 memory cuts: 2)    |
| conv_feature_splitter6_3                                                             | gate_rescue_repair_gate_rescue_repair_context_0_to_gate_rescue_repair_context_1_2344 | 2 (L3 memory cuts: 1)    |
| gate_rescue_repair_gate_rescue_repair_context_0_to_gate_rescue_repair_context_1_2344 | gate_rescue_repair_gate_rescue_repair_context_0_to_gate_rescue_repair_context_1_2345 | 1 (0.00[KB]) (DDR)       |
| gate_rescue_repair_gate_rescue_repair_context_0_to_gate_rescue_repair_context_1_2345 | activation1                                                                          | 2 (L3 memory cuts: 1)    |
| gate_rescue_repair_gate_rescue_repair_context_0_to_gate_rescue_repair_context_1_2345 | dw1_defuse_width_feature_reshape                                                     | 2 (L3 memory cuts: 1)    |
| activation1                                                                          | matmul2_reshape                                                                      | 2 (L3 memory cuts: 1)    |
| matmul2_reshape                                                                      | matmul2                                                                              | 40 (L3 memory cuts: 4)   |
| matmul2                                                                              | dw1_defuse_1x1                                                                       | 2 (L3 memory cuts: 1)    |
| dw1_defuse_width_feature_reshape                                                     | dw1_defuse_reshape_hxf_to_w_transposed                                               | 2 (L3 memory cuts: 1)    |
| dw1_defuse_reshape_hxf_to_w_transposed                                               | dw1_defuse_1x1                                                                       | 2 (L3 memory cuts: 2)    |
| dw1_defuse_1x1                                                                       | conv36                                                                               | 2 (L3 memory cuts: 1)    |
| gate_rescue_repair_gate_rescue_repair_context_0_to_gate_rescue_repair_context_1_2338 | gate_rescue_repair_gate_rescue_repair_context_0_to_gate_rescue_repair_context_1_2339 | 1 (0.00[KB]) (DDR)       |
| gate_rescue_repair_gate_rescue_repair_context_0_to_gate_rescue_repair_context_1_2339 | conv36                                                                               | 2 (L3 memory cuts: 1)    |
| conv36                                                                               | conv37                                                                               | 2[S] (L3 memory cuts: 1) |
| conv36                                                                               | conv38                                                                               | 2[S] (L3 memory cuts: 1) |
| conv37                                                                               | conv38                                                                               | 2[S] (L3 memory cuts: 1) |
| conv38                                                                               | concat8                                                                              | 2[S] (L3 memory cuts: 1) |
| concat8                                                                              | conv39                                                                               | 2[S] (L3 memory cuts: 1) |
| conv39                                                                               | resize1                                                                              | 2 (L3 memory cuts: 1)    |
| conv39                                                                               | concat15                                                                             | 2 (L3 memory cuts: 1)    |
| resize1                                                                              | concat9                                                                              | 2 (L3 memory cuts: 1)    |
| gate_rescue_repair_gate_rescue_repair_context_0_to_gate_rescue_repair_context_1_2334 | gate_rescue_repair_gate_rescue_repair_context_0_to_gate_rescue_repair_context_1_2335 | 1 (0.00[KB]) (DDR)       |
| gate_rescue_repair_gate_rescue_repair_context_0_to_gate_rescue_repair_context_1_2335 | concat9                                                                              | 2 (L3 memory cuts: 1)    |
| concat9                                                                              | conv_feature_splitter7_1                                                             | 2[S] (L3 memory cuts: 1) |
| concat9                                                                              | conv_feature_splitter7_2                                                             | 2[S] (L3 memory cuts: 1) |
| conv_feature_splitter7_1                                                             | concat10                                                                             | 2 (L3 memory cuts: 1)    |
| conv_feature_splitter7_2                                                             | conv41                                                                               | 2 (L3 memory cuts: 1)    |
| conv_feature_splitter7_2                                                             | ew_add10                                                                             | 2 (L3 memory cuts: 1)    |
| conv_feature_splitter7_2                                                             | concat10                                                                             | 2 (L3 memory cuts: 1)    |
| conv41                                                                               | conv42                                                                               | 5[S] (L3 memory cuts: 1) |
| conv42                                                                               | ew_add10                                                                             | 2 (L3 memory cuts: 1)    |
| ew_add10                                                                             | concat10                                                                             | 2 (L3 memory cuts: 1)    |
| concat10                                                                             | conv43                                                                               | 2[S] (L3 memory cuts: 1) |
| conv43                                                                               | resize2                                                                              | 2 (L3 memory cuts: 1)    |
| conv43                                                                               | concat13                                                                             | 2 (L3 memory cuts: 1)    |
| resize2                                                                              | concat11                                                                             | 2 (L3 memory cuts: 1)    |
| gate_rescue_repair_gate_rescue_repair_context_0_to_gate_rescue_repair_context_1_2332 | gate_rescue_repair_gate_rescue_repair_context_0_to_gate_rescue_repair_context_1_2333 | 1 (0.00[KB]) (DDR)       |
| gate_rescue_repair_gate_rescue_repair_context_0_to_gate_rescue_repair_context_1_2333 | concat11                                                                             | 2 (L3 memory cuts: 1)    |
| concat11                                                                             | conv_feature_splitter8_1                                                             | 2[S] (L3 memory cuts: 1) |
| concat11                                                                             | conv_feature_splitter8_2                                                             | 3[S] (L3 memory cuts: 1) |
| conv_feature_splitter8_1                                                             | concat12                                                                             | 2 (L3 memory cuts: 1)    |
| conv_feature_splitter8_2                                                             | conv45                                                                               | 2 (L3 memory cuts: 1)    |
| conv_feature_splitter8_2                                                             | ew_add11                                                                             | 2 (L3 memory cuts: 1)    |
| conv_feature_splitter8_2                                                             | concat12                                                                             | 2 (L3 memory cuts: 1)    |
| conv45                                                                               | conv46                                                                               | 5[S] (L3 memory cuts: 1) |
| conv46                                                                               | ew_add11                                                                             | 2 (L3 memory cuts: 1)    |
| ew_add11                                                                             | concat12                                                                             | 2 (L3 memory cuts: 1)    |
| concat12                                                                             | conv47                                                                               | 2[S] (L3 memory cuts: 1) |
| conv47                                                                               | conv48                                                                               | 2 (L3 memory cuts: 1)    |
| conv47                                                                               | sh_from_conv47_to_conv49_d0-1_dw2_sd0-1_2356                                         | 2 (L3 memory cuts: 1)    |
| conv48                                                                               | concat13                                                                             | 2 (L3 memory cuts: 1)    |
| concat13                                                                             | conv_feature_splitter9_1                                                             | 2[S] (L3 memory cuts: 1) |
| concat13                                                                             | conv_feature_splitter9_2                                                             | 2[S] (L3 memory cuts: 1) |
| conv_feature_splitter9_1                                                             | concat14                                                                             | 2 (L3 memory cuts: 1)    |
| conv_feature_splitter9_2                                                             | conv56                                                                               | 2 (L3 memory cuts: 1)    |
| conv_feature_splitter9_2                                                             | ew_add12                                                                             | 2 (L3 memory cuts: 1)    |
| conv_feature_splitter9_2                                                             | concat14                                                                             | 2 (L3 memory cuts: 1)    |
| conv56                                                                               | conv57                                                                               | 5[S] (L3 memory cuts: 1) |
| conv57                                                                               | ew_add12                                                                             | 2 (L3 memory cuts: 1)    |
| ew_add12                                                                             | concat14                                                                             | 2 (L3 memory cuts: 1)    |
| concat14                                                                             | conv58                                                                               | 2[S] (L3 memory cuts: 1) |
| conv58                                                                               | conv59                                                                               | 2 (L3 memory cuts: 1)    |
| conv58                                                                               | conv60                                                                               | 2 (L3 memory cuts: 1)    |
| conv58                                                                               | dw4                                                                                  | 2 (L3 memory cuts: 1)    |
| conv59                                                                               | concat15                                                                             | 2 (L3 memory cuts: 1)    |
| concat15                                                                             | conv_feature_splitter10_1                                                            | 2[S] (L3 memory cuts: 1) |
| concat15                                                                             | conv_feature_splitter10_2                                                            | 2[S] (L3 memory cuts: 1) |
| conv_feature_splitter10_1                                                            | gate_rescue_repair_gate_rescue_repair_context_1_to_gate_rescue_repair_context_2_2347 | 2[S] (L3 memory cuts: 1) |
| gate_rescue_repair_gate_rescue_repair_context_1_to_gate_rescue_repair_context_2_2347 | gate_rescue_repair_gate_rescue_repair_context_1_to_gate_rescue_repair_context_2_2348 | 1 (0.00[KB]) (DDR)       |
| gate_rescue_repair_gate_rescue_repair_context_1_to_gate_rescue_repair_context_2_2348 | concat17                                                                             | 2[S] (L3 memory cuts: 1) |
| conv_feature_splitter10_2                                                            | conv67                                                                               | 2[S] (L3 memory cuts: 1) |
| conv_feature_splitter10_2                                                            | conv68                                                                               | 2[S] (L3 memory cuts: 1) |
| conv_feature_splitter10_2                                                            | gate_rescue_repair_gate_rescue_repair_context_1_to_gate_rescue_repair_context_2_2349 | 2[S] (L3 memory cuts: 1) |
| conv67                                                                               | conv69                                                                               | 2 (L3 memory cuts: 1)    |
| conv67                                                                               | ew_add13                                                                             | 2 (L3 memory cuts: 1)    |
| conv69                                                                               | conv70                                                                               | 4[S] (L3 memory cuts: 1) |
| conv70                                                                               | ew_add13                                                                             | 2 (L3 memory cuts: 1)    |
| ew_add13                                                                             | gate_rescue_repair_gate_rescue_repair_context_1_to_gate_rescue_repair_context_2_2353 | 2 (L3 memory cuts: 1)    |
| gate_rescue_repair_gate_rescue_repair_context_1_to_gate_rescue_repair_context_2_2353 | gate_rescue_repair_gate_rescue_repair_context_1_to_gate_rescue_repair_context_2_2354 | 1 (0.00[KB]) (DDR)       |
| gate_rescue_repair_gate_rescue_repair_context_1_to_gate_rescue_repair_context_2_2353 | gate_rescue_repair_gate_rescue_repair_context_1_to_gate_rescue_repair_context_2_2355 | 1 (0.00[KB]) (DDR)       |
| gate_rescue_repair_gate_rescue_repair_context_1_to_gate_rescue_repair_context_2_2354 | conv71                                                                               | 2 (L3 memory cuts: 1)    |
| conv71                                                                               | conv72                                                                               | 4[S] (L3 memory cuts: 1) |
| conv72                                                                               | ew_add14                                                                             | 2 (L3 memory cuts: 1)    |
| gate_rescue_repair_gate_rescue_repair_context_1_to_gate_rescue_repair_context_2_2355 | ew_add14                                                                             | 2 (L3 memory cuts: 1)    |
| ew_add14                                                                             | concat16                                                                             | 2 (L3 memory cuts: 1)    |
| conv68                                                                               | gate_rescue_repair_gate_rescue_repair_context_1_to_gate_rescue_repair_context_2_2351 | 2 (L3 memory cuts: 1)    |
| gate_rescue_repair_gate_rescue_repair_context_1_to_gate_rescue_repair_context_2_2351 | gate_rescue_repair_gate_rescue_repair_context_1_to_gate_rescue_repair_context_2_2352 | 1 (0.00[KB]) (DDR)       |
| gate_rescue_repair_gate_rescue_repair_context_1_to_gate_rescue_repair_context_2_2352 | concat16                                                                             | 2 (L3 memory cuts: 1)    |
| concat16                                                                             | conv73                                                                               | 2[S] (L3 memory cuts: 1) |
| conv73                                                                               | concat17                                                                             | 2[S] (L3 memory cuts: 1) |
| gate_rescue_repair_gate_rescue_repair_context_1_to_gate_rescue_repair_context_2_2349 | gate_rescue_repair_gate_rescue_repair_context_1_to_gate_rescue_repair_context_2_2350 | 1 (0.00[KB]) (DDR)       |
| gate_rescue_repair_gate_rescue_repair_context_1_to_gate_rescue_repair_context_2_2350 | concat17                                                                             | 2[S] (L3 memory cuts: 1) |
| concat17                                                                             | conv74                                                                               | 2[S] (L3 memory cuts: 1) |
| conv74                                                                               | conv75_ws                                                                            | 2 (L3 memory cuts: 1)    |
| conv74                                                                               | dw6_fs                                                                               | 2 (L3 memory cuts: 1)    |
| conv75_ws                                                                            | conv75_sd0                                                                           | 2 (L3 memory cuts: 1)    |
| conv75_ws                                                                            | conv75_sd1                                                                           | 2 (L3 memory cuts: 1)    |
| conv75_sd0                                                                           | conv75_sdc                                                                           | 2 (L3 memory cuts: 1)    |
| conv75_sd1                                                                           | conv75_sdc                                                                           | 2 (L3 memory cuts: 1)    |
| conv75_sdc                                                                           | conv76                                                                               | 4 (L3 memory cuts: 1)    |
| conv76                                                                               | conv77                                                                               | 2[S] (L3 memory cuts: 1) |
| conv77                                                                               | output_from_conv77_to_yolov8_nms_postprocess                                         | 2 (L3 memory cuts: 1)    |
| dw6_fs                                                                               | dw6_d0                                                                               | 2 (L3 memory cuts: 1)    |
| dw6_fs                                                                               | dw6_d1                                                                               | 2 (L3 memory cuts: 1)    |
| dw6_d0                                                                               | dw6_dc                                                                               | 2 (L3 memory cuts: 1)    |
| dw6_d1                                                                               | dw6_dc                                                                               | 2 (L3 memory cuts: 1)    |
| dw6_dc                                                                               | conv78                                                                               | 2[S] (L3 memory cuts: 1) |
| conv78                                                                               | dw7                                                                                  | 4 (L3 memory cuts: 1)    |
| dw7                                                                                  | conv79                                                                               | 2 (L3 memory cuts: 1)    |
| conv79                                                                               | conv80                                                                               | 2[S] (L3 memory cuts: 1) |
| conv80                                                                               | output_from_conv80_to_yolov8_nms_postprocess                                         | 2 (L3 memory cuts: 1)    |
| conv60                                                                               | conv61                                                                               | 5[S] (L3 memory cuts: 1) |
| conv61                                                                               | conv62                                                                               | 2[S] (L3 memory cuts: 1) |
| conv62                                                                               | output_from_conv62_to_yolov8_nms_postprocess                                         | 2 (L3 memory cuts: 1)    |
| dw4                                                                                  | conv63                                                                               | 2 (L3 memory cuts: 1)    |
| conv63                                                                               | dw5                                                                                  | 4 (L3 memory cuts: 1)    |
| dw5                                                                                  | conv64                                                                               | 2 (L3 memory cuts: 1)    |
| conv64                                                                               | conv65                                                                               | 2[S] (L3 memory cuts: 1) |
| conv65                                                                               | output_from_conv65_to_yolov8_nms_postprocess                                         | 2 (L3 memory cuts: 1)    |
| sh_from_conv47_to_conv49_d0-1_dw2_sd0-1_2356                                         | conv49_d0                                                                            | 2 (L3 memory cuts: 1)    |
| sh_from_conv47_to_conv49_d0-1_dw2_sd0-1_2356                                         | conv49_d1                                                                            | 2 (L3 memory cuts: 1)    |
| sh_from_conv47_to_conv49_d0-1_dw2_sd0-1_2356                                         | dw2_sd0                                                                              | 2 (L3 memory cuts: 1)    |
| sh_from_conv47_to_conv49_d0-1_dw2_sd0-1_2356                                         | dw2_sd1                                                                              | 2 (L3 memory cuts: 1)    |
| conv49_d0                                                                            | conv49_dc                                                                            | 2[S] (L3 memory cuts: 1) |
| conv49_d1                                                                            | conv49_dc                                                                            | 2[S] (L3 memory cuts: 1) |
| conv49_dc                                                                            | conv50_d0                                                                            | 5[S] (L3 memory cuts: 1) |
| conv49_dc                                                                            | conv50_d1                                                                            | 5[S] (L3 memory cuts: 1) |
| conv50_d0                                                                            | conv50_dc                                                                            | 2[S] (L3 memory cuts: 1) |
| conv50_d1                                                                            | conv50_dc                                                                            | 2[S] (L3 memory cuts: 1) |
| conv50_dc                                                                            | conv51                                                                               | 3[S] (L3 memory cuts: 1) |
| conv51                                                                               | output_from_conv51_to_yolov8_nms_postprocess                                         | 2 (L3 memory cuts: 1)    |
| dw2_sd0                                                                              | dw2_sdc                                                                              | 2 (L3 memory cuts: 1)    |
| dw2_sd1                                                                              | dw2_sdc                                                                              | 2 (L3 memory cuts: 1)    |
| dw2_sdc                                                                              | conv52                                                                               | 2 (L3 memory cuts: 1)    |
| conv52                                                                               | dw3_sd0                                                                              | 2 (L3 memory cuts: 1)    |
| conv52                                                                               | dw3_sd1                                                                              | 2 (L3 memory cuts: 1)    |
| dw3_sd0                                                                              | dw3_sdc                                                                              | 2 (L3 memory cuts: 1)    |
| dw3_sd1                                                                              | dw3_sdc                                                                              | 2 (L3 memory cuts: 1)    |
| dw3_sdc                                                                              | conv53                                                                               | 2 (L3 memory cuts: 1)    |
| conv53                                                                               | conv54                                                                               | 2[S] (L3 memory cuts: 1) |
| conv54                                                                               | output_from_conv54_to_yolov8_nms_postprocess                                         | 2 (L3 memory cuts: 1)    |
+--------------------------------------------------------------------------------------+--------------------------------------------------------------------------------------+--------------------------+
[2026-09-25 06:02:34.579] [default] [info] Adjust Edges Before Dimaffer buffers:
+--------------------------------------------------------------------------------------+--------------------------------------------------------------------------------------+-------------------------------+
| Src                                                                                  | Dst                                                                                  | Buffers                       |
+--------------------------------------------------------------------------------------+--------------------------------------------------------------------------------------+-------------------------------+
| input_layer1                                                                         | normalization1                                                                       | 3 (L3 memory cuts: 1)         |
| normalization1                                                                       | conv1_ws                                                                             | 2[RPC] (L3 memory cuts: 2)    |
| conv1_ws                                                                             | conv1_sd0                                                                            | 5 (L3 memory cuts: 1)         |
| conv1_ws                                                                             | conv1_sd1                                                                            | 5 (L3 memory cuts: 1)         |
| conv1_ws                                                                             | conv1_sd2                                                                            | 5 (L3 memory cuts: 1)         |
| conv1_ws                                                                             | conv1_sd3                                                                            | 5 (L3 memory cuts: 1)         |
| conv1_sd0                                                                            | conv1_sdc                                                                            | 2[RPC] (L3 memory cuts: 2)    |
| conv1_sd1                                                                            | conv1_sdc                                                                            | 2[RPC] (L3 memory cuts: 2)    |
| conv1_sd2                                                                            | conv1_sdc                                                                            | 2[RPC] (L3 memory cuts: 2)    |
| conv1_sd3                                                                            | conv1_sdc                                                                            | 2[RPC] (L3 memory cuts: 2)    |
| conv1_sdc                                                                            | conv2_ws                                                                             | 2[RPC] (L3 memory cuts: 2)    |
| conv2_ws                                                                             | conv2_sd0                                                                            | 3[RPC] (L3 memory cuts: 3)    |
| conv2_ws                                                                             | conv2_sd1                                                                            | 3[RPC] (L3 memory cuts: 3)    |
| conv2_ws                                                                             | conv2_sd2                                                                            | 3[RPC] (L3 memory cuts: 3)    |
| conv2_ws                                                                             | conv2_sd3                                                                            | 3[RPC] (L3 memory cuts: 3)    |
| conv2_sd0                                                                            | conv2_sdc                                                                            | 1 (L3 memory cuts: 1)         |
| conv2_sd1                                                                            | conv2_sdc                                                                            | 2 (L3 memory cuts: 1)         |
| conv2_sd2                                                                            | conv2_sdc                                                                            | 2 (L3 memory cuts: 1)         |
| conv2_sd3                                                                            | conv2_sdc                                                                            | 2 (L3 memory cuts: 1)         |
| conv2_sdc                                                                            | conv_feature_splitter1_1                                                             | 2[RPC] (L3 memory cuts: 2)    |
| conv2_sdc                                                                            | conv_feature_splitter1_2                                                             | 2[RPC] (L3 memory cuts: 2)    |
| conv_feature_splitter1_1                                                             | concat1                                                                              | 7 (L3 memory cuts: 1)         |
| conv_feature_splitter1_2                                                             | conv4                                                                                | 7 (L3 memory cuts: 1)         |
| conv_feature_splitter1_2                                                             | ew_add1                                                                              | 7 (L3 memory cuts: 1)         |
| conv_feature_splitter1_2                                                             | concat1                                                                              | 7 (L3 memory cuts: 1)         |
| conv4                                                                                | conv5                                                                                | 3[RPC] (L3 memory cuts: 3)    |
| conv5                                                                                | ew_add1                                                                              | 2[RPC] (L3 memory cuts: 2)    |
| ew_add1                                                                              | concat1                                                                              | 3 (L3 memory cuts: 1)         |
| concat1                                                                              | conv6                                                                                | 4[S] (L3 memory cuts: 1)      |
| conv6                                                                                | conv7_ws                                                                             | 2[RPC] (L3 memory cuts: 2)    |
| conv7_ws                                                                             | conv7_sd0                                                                            | 2[RPC] (L3 memory cuts: 2)    |
| conv7_ws                                                                             | conv7_sd1                                                                            | 2[RPC] (L3 memory cuts: 2)    |
| conv7_ws                                                                             | conv7_sd2                                                                            | 2[RPC] (L3 memory cuts: 2)    |
| conv7_ws                                                                             | conv7_sd3                                                                            | 2[RPC] (L3 memory cuts: 2)    |
| conv7_sd0                                                                            | conv7_sdc                                                                            | 1 (L3 memory cuts: 1)         |
| conv7_sd1                                                                            | conv7_sdc                                                                            | 1 (L3 memory cuts: 1)         |
| conv7_sd2                                                                            | conv7_sdc                                                                            | 1 (L3 memory cuts: 1)         |
| conv7_sd3                                                                            | conv7_sdc                                                                            | 1 (L3 memory cuts: 1)         |
| conv7_sdc                                                                            | conv_feature_splitter2_1                                                             | 1 (L3 memory cuts: 1)         |
| conv7_sdc                                                                            | conv_feature_splitter2_2                                                             | 1 (L3 memory cuts: 1)         |
| conv_feature_splitter2_1                                                             | concat2                                                                              | 6 (L3 memory cuts: 1)         |
| conv_feature_splitter2_2                                                             | conv9                                                                                | 6 (L3 memory cuts: 1)         |
| conv_feature_splitter2_2                                                             | ew_add2                                                                              | 6 (L3 memory cuts: 1)         |
| conv_feature_splitter2_2                                                             | concat2                                                                              | 6 (L3 memory cuts: 1)         |
| conv9                                                                                | conv10                                                                               | 9[S] (L3 memory cuts: 1)      |
| conv10                                                                               | ew_add2                                                                              | 2 (L3 memory cuts: 1)         |
| ew_add2                                                                              | concat2                                                                              | 2 (L3 memory cuts: 1)         |
| concat2                                                                              | conv11                                                                               | 3[S] (L3 memory cuts: 1)      |
| conv11                                                                               | conv12_ws                                                                            | 2[RPC] (L3 memory cuts: 2)    |
| conv11                                                                               | gate_rescue_repair_gate_rescue_repair_context_0_to_gate_rescue_repair_context_1_2332 | 2[RPC] (L3 memory cuts: 2)    |
| conv12_ws                                                                            | conv12_sd0                                                                           | 2 (L3 memory cuts: 1)         |
| conv12_ws                                                                            | conv12_sd1                                                                           | 2 (L3 memory cuts: 1)         |
| conv12_sd0                                                                           | conv12_sdc                                                                           | 1[RPC] (L3 memory cuts: 1)    |
| conv12_sd1                                                                           | conv12_sdc                                                                           | 1 (L3 memory cuts: 1)         |
| conv12_sdc                                                                           | conv_feature_splitter3_1                                                             | 2[RPC] (L3 memory cuts: 2)    |
| conv12_sdc                                                                           | conv_feature_splitter3_2                                                             | 2[RPC] (L3 memory cuts: 2)    |
| conv_feature_splitter3_1                                                             | concat4                                                                              | 39[S] (L3 memory cuts: 1)     |
| conv_feature_splitter3_2                                                             | conv14                                                                               | 39[S] (L3 memory cuts: 1)     |
| conv_feature_splitter3_2                                                             | conv15                                                                               | 39[S] (L3 memory cuts: 1)     |
| conv_feature_splitter3_2                                                             | concat4                                                                              | 39[S] (L3 memory cuts: 1)     |
| conv14                                                                               | conv16                                                                               | 5 (L3 memory cuts: 1)         |
| conv14                                                                               | ew_add3                                                                              | 5 (L3 memory cuts: 1)         |
| conv16                                                                               | conv17                                                                               | 5[S] (L3 memory cuts: 1)      |
| conv17                                                                               | ew_add3                                                                              | 1 (L3 memory cuts: 1)         |
| ew_add3                                                                              | conv18                                                                               | 4 (L3 memory cuts: 1)         |
| ew_add3                                                                              | ew_add4                                                                              | 4 (L3 memory cuts: 1)         |
| conv18                                                                               | conv19                                                                               | 5[S] (L3 memory cuts: 1)      |
| conv19                                                                               | ew_add4                                                                              | 1 (L3 memory cuts: 1)         |
| ew_add4                                                                              | concat3                                                                              | 3 (L3 memory cuts: 1)         |
| conv15                                                                               | concat3                                                                              | 9 (L3 memory cuts: 1)         |
| concat3                                                                              | conv20                                                                               | 2[S] (L3 memory cuts: 1)      |
| conv20                                                                               | concat4                                                                              | 1[S] (L3 memory cuts: 1)      |
| concat4                                                                              | conv21                                                                               | 1[S][RPC] (L3 memory cuts: 1) |
| conv21                                                                               | conv22                                                                               | 3 (L3 memory cuts: 1)         |
| conv21                                                                               | gate_rescue_repair_gate_rescue_repair_context_0_to_gate_rescue_repair_context_1_2334 | 3 (L3 memory cuts: 1)         |
| conv22                                                                               | conv_feature_splitter4_1                                                             | 2 (L3 memory cuts: 1)         |
| conv22                                                                               | conv_feature_splitter4_2                                                             | 2 (L3 memory cuts: 1)         |
| conv_feature_splitter4_1                                                             | concat6                                                                              | 30[S] (L3 memory cuts: 1)     |
| conv_feature_splitter4_2                                                             | conv24                                                                               | 30[S] (L3 memory cuts: 1)     |
| conv_feature_splitter4_2                                                             | conv25                                                                               | 30[S] (L3 memory cuts: 1)     |
| conv_feature_splitter4_2                                                             | concat6                                                                              | 30[S] (L3 memory cuts: 1)     |
| conv24                                                                               | conv26                                                                               | 6 (L3 memory cuts: 1)         |
| conv24                                                                               | ew_add5                                                                              | 6 (L3 memory cuts: 1)         |
| conv26                                                                               | conv27                                                                               | 6[S] (L3 memory cuts: 1)      |
| conv27                                                                               | ew_add5                                                                              | 1 (L3 memory cuts: 1)         |
| ew_add5                                                                              | conv28                                                                               | 4 (L3 memory cuts: 1)         |
| ew_add5                                                                              | ew_add6                                                                              | 4 (L3 memory cuts: 1)         |
| conv28                                                                               | conv29                                                                               | 6[S] (L3 memory cuts: 1)      |
| conv29                                                                               | ew_add6                                                                              | 1 (L3 memory cuts: 1)         |
| ew_add6                                                                              | concat5                                                                              | 2 (L3 memory cuts: 1)         |
| conv25                                                                               | concat5                                                                              | 11 (L3 memory cuts: 1)        |
| concat5                                                                              | conv30                                                                               | 2[S] (L3 memory cuts: 1)      |
| conv30                                                                               | concat6                                                                              | 1[S] (L3 memory cuts: 1)      |
| concat6                                                                              | conv31                                                                               | 1[S] (L3 memory cuts: 1)      |
| conv31                                                                               | conv32                                                                               | 1[S][RPC] (L3 memory cuts: 1) |
| conv32                                                                               | maxpool1                                                                             | 7 (L3 memory cuts: 1)         |
| conv32                                                                               | concat7                                                                              | 11 (L3 memory cuts: 2)        |
| maxpool1                                                                             | maxpool2                                                                             | 9 (L3 memory cuts: 1)         |
| maxpool1                                                                             | concat7                                                                              | 9 (L3 memory cuts: 1)         |
| maxpool2                                                                             | maxpool3                                                                             | 7 (L3 memory cuts: 1)         |
| maxpool2                                                                             | concat7                                                                              | 7 (L3 memory cuts: 1)         |
| maxpool3                                                                             | concat7                                                                              | 3 (L3 memory cuts: 1)         |
| concat7                                                                              | conv33                                                                               | 2[S] (L3 memory cuts: 1)      |
| conv33                                                                               | conv_feature_splitter5_1                                                             | 1[S] (L3 memory cuts: 1)      |
| conv33                                                                               | conv_feature_splitter5_2                                                             | 1[S] (L3 memory cuts: 1)      |
| conv_feature_splitter5_1                                                             | gate_rescue_repair_gate_rescue_repair_context_0_to_gate_rescue_repair_context_1_2336 | 1 (L3 memory cuts: 1)         |
| gate_rescue_repair_gate_rescue_repair_context_0_to_gate_rescue_repair_context_1_2336 | gate_rescue_repair_gate_rescue_repair_context_0_to_gate_rescue_repair_context_1_2337 | 1 (0.00[KB]) (DDR)            |
| gate_rescue_repair_gate_rescue_repair_context_0_to_gate_rescue_repair_context_1_2337 | concat8                                                                              | 3 (L3 memory cuts: 1)         |
| conv_feature_splitter5_2                                                             | conv_feature_splitter6_1                                                             | 1[RPC] (L3 memory cuts: 1)    |
| conv_feature_splitter5_2                                                             | conv_feature_splitter6_2                                                             | 1[RPC] (L3 memory cuts: 1)    |
| conv_feature_splitter5_2                                                             | conv_feature_splitter6_3                                                             | 2[RPC] (L3 memory cuts: 2)    |
| conv_feature_splitter5_2                                                             | gate_rescue_repair_gate_rescue_repair_context_0_to_gate_rescue_repair_context_1_2338 | 1[RPC] (L3 memory cuts: 1)    |
| conv_feature_splitter6_1                                                             | gate_rescue_repair_gate_rescue_repair_context_0_to_gate_rescue_repair_context_1_2340 | 1 (L3 memory cuts: 1)         |
| gate_rescue_repair_gate_rescue_repair_context_0_to_gate_rescue_repair_context_1_2340 | gate_rescue_repair_gate_rescue_repair_context_0_to_gate_rescue_repair_context_1_2341 | 1 (0.00[KB]) (DDR)            |
| gate_rescue_repair_gate_rescue_repair_context_0_to_gate_rescue_repair_context_1_2341 | matmul1                                                                              | 2 (L3 memory cuts: 1)         |
| conv_feature_splitter6_2                                                             | gate_rescue_repair_gate_rescue_repair_context_0_to_gate_rescue_repair_context_1_2342 | 1 (L3 memory cuts: 1)         |
| gate_rescue_repair_gate_rescue_repair_context_0_to_gate_rescue_repair_context_1_2342 | gate_rescue_repair_gate_rescue_repair_context_0_to_gate_rescue_repair_context_1_2343 | 1 (0.00[KB]) (DDR)            |
| gate_rescue_repair_gate_rescue_repair_context_0_to_gate_rescue_repair_context_1_2343 | matmul1                                                                              | 40 (L3 memory cuts: 2)        |
| matmul1                                                                              | reduce_max_softmax1                                                                  | 2[RPC] (L3 memory cuts: 2)    |
| matmul1                                                                              | ew_sub_softmax1                                                                      | 2[RPC] (L3 memory cuts: 2)    |
| reduce_max_softmax1                                                                  | ew_sub_softmax1                                                                      | 1 (L3 memory cuts: 1)         |
| ew_sub_softmax1                                                                      | reduce_sum_softmax1                                                                  | 1 (L3 memory cuts: 1)         |
| ew_sub_softmax1                                                                      | ew_mult_softmax1                                                                     | 1 (L3 memory cuts: 1)         |
| reduce_sum_softmax1                                                                  | ew_mult_softmax1                                                                     | 2 (L3 memory cuts: 1)         |
| ew_mult_softmax1                                                                     | matmul2                                                                              | 3 (L3 memory cuts: 2)         |
| conv_feature_splitter6_3                                                             | gate_rescue_repair_gate_rescue_repair_context_0_to_gate_rescue_repair_context_1_2344 | 1 (L3 memory cuts: 1)         |
| gate_rescue_repair_gate_rescue_repair_context_0_to_gate_rescue_repair_context_1_2344 | gate_rescue_repair_gate_rescue_repair_context_0_to_gate_rescue_repair_context_1_2345 | 1 (0.00[KB]) (DDR)            |
| gate_rescue_repair_gate_rescue_repair_context_0_to_gate_rescue_repair_context_1_2345 | activation1                                                                          | 2 (L3 memory cuts: 1)         |
| gate_rescue_repair_gate_rescue_repair_context_0_to_gate_rescue_repair_context_1_2345 | dw1_defuse_width_feature_reshape                                                     | 2 (L3 memory cuts: 1)         |
| activation1                                                                          | matmul2_reshape                                                                      | 1 (L3 memory cuts: 1)         |
| matmul2_reshape                                                                      | matmul2                                                                              | 40 (L3 memory cuts: 4)        |
| matmul2                                                                              | dw1_defuse_1x1                                                                       | 3 (L3 memory cuts: 1)         |
| dw1_defuse_width_feature_reshape                                                     | dw1_defuse_reshape_hxf_to_w_transposed                                               | 5 (L3 memory cuts: 1)         |
| dw1_defuse_reshape_hxf_to_w_transposed                                               | dw1_defuse_1x1                                                                       | 21 (L3 memory cuts: 18)       |
| dw1_defuse_1x1                                                                       | conv36                                                                               | 4 (L3 memory cuts: 1)         |
| gate_rescue_repair_gate_rescue_repair_context_0_to_gate_rescue_repair_context_1_2338 | gate_rescue_repair_gate_rescue_repair_context_0_to_gate_rescue_repair_context_1_2339 | 1 (0.00[KB]) (DDR)            |
| gate_rescue_repair_gate_rescue_repair_context_0_to_gate_rescue_repair_context_1_2339 | conv36                                                                               | 3 (L3 memory cuts: 1)         |
| conv36                                                                               | conv37                                                                               | 3[S] (L3 memory cuts: 1)      |
| conv36                                                                               | conv38                                                                               | 3[S] (L3 memory cuts: 1)      |
| conv37                                                                               | conv38                                                                               | 2[S] (L3 memory cuts: 1)      |
| conv38                                                                               | concat8                                                                              | 2 (L3 memory cuts: 1)         |
| concat8                                                                              | conv39                                                                               | 2[S] (L3 memory cuts: 1)      |
| conv39                                                                               | resize1                                                                              | 2 (L3 memory cuts: 1)         |
| conv39                                                                               | concat15                                                                             | 14 (L3 memory cuts: 3)        |
| resize1                                                                              | concat9                                                                              | 3 (L3 memory cuts: 1)         |
| gate_rescue_repair_gate_rescue_repair_context_0_to_gate_rescue_repair_context_1_2334 | gate_rescue_repair_gate_rescue_repair_context_0_to_gate_rescue_repair_context_1_2335 | 1 (0.00[KB]) (DDR)            |
| gate_rescue_repair_gate_rescue_repair_context_0_to_gate_rescue_repair_context_1_2335 | concat9                                                                              | 4 (L3 memory cuts: 1)         |
| concat9                                                                              | conv_feature_splitter7_1                                                             | 2[S] (L3 memory cuts: 1)      |
| concat9                                                                              | conv_feature_splitter7_2                                                             | 2[S] (L3 memory cuts: 1)      |
| conv_feature_splitter7_1                                                             | concat10                                                                             | 9[RPC] (L3 memory cuts: 9)    |
| conv_feature_splitter7_2                                                             | conv41                                                                               | 6[RPC] (L3 memory cuts: 6)    |
| conv_feature_splitter7_2                                                             | ew_add10                                                                             | 8[RPC] (L3 memory cuts: 8)    |
| conv_feature_splitter7_2                                                             | concat10                                                                             | 9[RPC] (L3 memory cuts: 9)    |
| conv41                                                                               | conv42                                                                               | 11[S] (L3 memory cuts: 1)     |
| conv42                                                                               | ew_add10                                                                             | 2[RPC] (L3 memory cuts: 2)    |
| ew_add10                                                                             | concat10                                                                             | 2 (L3 memory cuts: 1)         |
| concat10                                                                             | conv43                                                                               | 3[S] (L3 memory cuts: 1)      |
| conv43                                                                               | resize2                                                                              | 7[RPC] (L3 memory cuts: 7)    |
| conv43                                                                               | concat13                                                                             | 7[RPC] (L3 memory cuts: 7)    |
| resize2                                                                              | concat11                                                                             | 2[RPC] (L3 memory cuts: 2)    |
| gate_rescue_repair_gate_rescue_repair_context_0_to_gate_rescue_repair_context_1_2332 | gate_rescue_repair_gate_rescue_repair_context_0_to_gate_rescue_repair_context_1_2333 | 1 (0.00[KB]) (DDR)            |
| gate_rescue_repair_gate_rescue_repair_context_0_to_gate_rescue_repair_context_1_2333 | concat11                                                                             | 13 (L3 memory cuts: 5)        |
| concat11                                                                             | conv_feature_splitter8_1                                                             | 2[RPC] (L3 memory cuts: 2)    |
| concat11                                                                             | conv_feature_splitter8_2                                                             | 2[RPC] (L3 memory cuts: 2)    |
| conv_feature_splitter8_1                                                             | concat12                                                                             | 6 (L3 memory cuts: 1)         |
| conv_feature_splitter8_2                                                             | conv45                                                                               | 6[RPC] (L3 memory cuts: 6)    |
| conv_feature_splitter8_2                                                             | ew_add11                                                                             | 6[RPC] (L3 memory cuts: 6)    |
| conv_feature_splitter8_2                                                             | concat12                                                                             | 6[RPC] (L3 memory cuts: 6)    |
| conv45                                                                               | conv46                                                                               | 7[S] (L3 memory cuts: 1)      |
| conv46                                                                               | ew_add11                                                                             | 2 (L3 memory cuts: 1)         |
| ew_add11                                                                             | concat12                                                                             | 2 (L3 memory cuts: 1)         |
| concat12                                                                             | conv47                                                                               | 2[S] (L3 memory cuts: 1)      |
| conv47                                                                               | conv48                                                                               | 3 (L3 memory cuts: 1)         |
| conv47                                                                               | sh_from_conv47_to_conv49_d0-1_dw2_sd0-1_2356                                         | 3 (L3 memory cuts: 1)         |
| conv48                                                                               | concat13                                                                             | 2 (L3 memory cuts: 1)         |
| concat13                                                                             | conv_feature_splitter9_1                                                             | 2[S] (L3 memory cuts: 1)      |
| concat13                                                                             | conv_feature_splitter9_2                                                             | 2[S] (L3 memory cuts: 1)      |
| conv_feature_splitter9_1                                                             | concat14                                                                             | 7[RPC] (L3 memory cuts: 7)    |
| conv_feature_splitter9_2                                                             | conv56                                                                               | 3[RPC] (L3 memory cuts: 3)    |
| conv_feature_splitter9_2                                                             | ew_add12                                                                             | 6[RPC] (L3 memory cuts: 6)    |
| conv_feature_splitter9_2                                                             | concat14                                                                             | 7[RPC] (L3 memory cuts: 7)    |
| conv56                                                                               | conv57                                                                               | 11[S] (L3 memory cuts: 1)     |
| conv57                                                                               | ew_add12                                                                             | 2[RPC] (L3 memory cuts: 2)    |
| ew_add12                                                                             | concat14                                                                             | 2 (L3 memory cuts: 1)         |
| concat14                                                                             | conv58                                                                               | 3[S] (L3 memory cuts: 1)      |
| conv58                                                                               | conv59                                                                               | 3[RPC] (L3 memory cuts: 3)    |
| conv58                                                                               | conv60                                                                               | 3[RPC] (L3 memory cuts: 3)    |
| conv58                                                                               | dw4                                                                                  | 3[RPC] (L3 memory cuts: 3)    |
| conv59                                                                               | concat15                                                                             | 2 (L3 memory cuts: 1)         |
| concat15                                                                             | conv_feature_splitter10_1                                                            | 2[S] (L3 memory cuts: 1)      |
| concat15                                                                             | conv_feature_splitter10_2                                                            | 2[S] (L3 memory cuts: 1)      |
| conv_feature_splitter10_1                                                            | gate_rescue_repair_gate_rescue_repair_context_1_to_gate_rescue_repair_context_2_2347 | 1 (L3 memory cuts: 1)         |
| gate_rescue_repair_gate_rescue_repair_context_1_to_gate_rescue_repair_context_2_2347 | gate_rescue_repair_gate_rescue_repair_context_1_to_gate_rescue_repair_context_2_2348 | 1 (0.00[KB]) (DDR)            |
| gate_rescue_repair_gate_rescue_repair_context_1_to_gate_rescue_repair_context_2_2348 | concat17                                                                             | 3 (L3 memory cuts: 1)         |
| conv_feature_splitter10_2                                                            | conv67                                                                               | 1 (L3 memory cuts: 1)         |
| conv_feature_splitter10_2                                                            | conv68                                                                               | 1 (L3 memory cuts: 1)         |
| conv_feature_splitter10_2                                                            | gate_rescue_repair_gate_rescue_repair_context_1_to_gate_rescue_repair_context_2_2349 | 1 (L3 memory cuts: 1)         |
| conv67                                                                               | conv69                                                                               | 4 (L3 memory cuts: 1)         |
| conv67                                                                               | ew_add13                                                                             | 4 (L3 memory cuts: 1)         |
| conv69                                                                               | conv70                                                                               | 5[S] (L3 memory cuts: 1)      |
| conv70                                                                               | ew_add13                                                                             | 1 (L3 memory cuts: 1)         |
| ew_add13                                                                             | gate_rescue_repair_gate_rescue_repair_context_1_to_gate_rescue_repair_context_2_2353 | 1 (L3 memory cuts: 1)         |
| gate_rescue_repair_gate_rescue_repair_context_1_to_gate_rescue_repair_context_2_2353 | gate_rescue_repair_gate_rescue_repair_context_1_to_gate_rescue_repair_context_2_2354 | 1 (0.00[KB]) (DDR)            |
| gate_rescue_repair_gate_rescue_repair_context_1_to_gate_rescue_repair_context_2_2353 | gate_rescue_repair_gate_rescue_repair_context_1_to_gate_rescue_repair_context_2_2355 | 1 (0.00[KB]) (DDR)            |
| gate_rescue_repair_gate_rescue_repair_context_1_to_gate_rescue_repair_context_2_2354 | conv71                                                                               | 4 (L3 memory cuts: 1)         |
| conv71                                                                               | conv72                                                                               | 5[S] (L3 memory cuts: 1)      |
| conv72                                                                               | ew_add14                                                                             | 2 (L3 memory cuts: 1)         |
| gate_rescue_repair_gate_rescue_repair_context_1_to_gate_rescue_repair_context_2_2355 | ew_add14                                                                             | 2 (L3 memory cuts: 1)         |
| ew_add14                                                                             | concat16                                                                             | 2 (L3 memory cuts: 1)         |
| conv68                                                                               | gate_rescue_repair_gate_rescue_repair_context_1_to_gate_rescue_repair_context_2_2351 | 1 (L3 memory cuts: 1)         |
| gate_rescue_repair_gate_rescue_repair_context_1_to_gate_rescue_repair_context_2_2351 | gate_rescue_repair_gate_rescue_repair_context_1_to_gate_rescue_repair_context_2_2352 | 1 (0.00[KB]) (DDR)            |
| gate_rescue_repair_gate_rescue_repair_context_1_to_gate_rescue_repair_context_2_2352 | concat16                                                                             | 3 (L3 memory cuts: 1)         |
| concat16                                                                             | conv73                                                                               | 2[S] (L3 memory cuts: 1)      |
| conv73                                                                               | concat17                                                                             | 2[RPC] (L3 memory cuts: 2)    |
| gate_rescue_repair_gate_rescue_repair_context_1_to_gate_rescue_repair_context_2_2349 | gate_rescue_repair_gate_rescue_repair_context_1_to_gate_rescue_repair_context_2_2350 | 1 (0.00[KB]) (DDR)            |
| gate_rescue_repair_gate_rescue_repair_context_1_to_gate_rescue_repair_context_2_2350 | concat17                                                                             | 3 (L3 memory cuts: 1)         |
| concat17                                                                             | conv74                                                                               | 2[S] (L3 memory cuts: 1)      |
| conv74                                                                               | conv75_ws                                                                            | 1[RPC] (L3 memory cuts: 1)    |
| conv74                                                                               | dw6_fs                                                                               | 1[RPC] (L3 memory cuts: 1)    |
| conv75_ws                                                                            | conv75_sd0                                                                           | 1[RPC] (L3 memory cuts: 1)    |
| conv75_ws                                                                            | conv75_sd1                                                                           | 2[RPC] (L3 memory cuts: 2)    |
| conv75_sd0                                                                           | conv75_sdc                                                                           | 2 (L3 memory cuts: 1)         |
| conv75_sd1                                                                           | conv75_sdc                                                                           | 1[RPC] (L3 memory cuts: 1)    |
| conv75_sdc                                                                           | conv76                                                                               | 2[RPC] (L3 memory cuts: 2)    |
| conv76                                                                               | conv77                                                                               | 1[S] (L3 memory cuts: 1)      |
| conv77                                                                               | output_from_conv77_to_yolov8_nms_postprocess                                         | 1 (L3 memory cuts: 1)         |
| dw6_fs                                                                               | dw6_d0                                                                               | 1 (L3 memory cuts: 1)         |
| dw6_fs                                                                               | dw6_d1                                                                               | 1 (L3 memory cuts: 1)         |
| dw6_d0                                                                               | dw6_dc                                                                               | 2[RPC] (L3 memory cuts: 2)    |
| dw6_d1                                                                               | dw6_dc                                                                               | 2[RPC] (L3 memory cuts: 2)    |
| dw6_dc                                                                               | conv78                                                                               | 2[S] (L3 memory cuts: 1)      |
| conv78                                                                               | dw7                                                                                  | 4 (L3 memory cuts: 1)         |
| dw7                                                                                  | conv79                                                                               | 3 (L3 memory cuts: 1)         |
| conv79                                                                               | conv80                                                                               | 1[S] (L3 memory cuts: 1)      |
| conv80                                                                               | output_from_conv80_to_yolov8_nms_postprocess                                         | 1 (L3 memory cuts: 1)         |
| conv60                                                                               | conv61                                                                               | 10[S] (L3 memory cuts: 1)     |
| conv61                                                                               | conv62                                                                               | 4[S][RPC] (L3 memory cuts: 4) |
| conv62                                                                               | output_from_conv62_to_yolov8_nms_postprocess                                         | 1 (L3 memory cuts: 1)         |
| dw4                                                                                  | conv63                                                                               | 2 (L3 memory cuts: 1)         |
| conv63                                                                               | dw5                                                                                  | 4 (L3 memory cuts: 1)         |
| dw5                                                                                  | conv64                                                                               | 3 (L3 memory cuts: 1)         |
| conv64                                                                               | conv65                                                                               | 1[S] (L3 memory cuts: 1)      |
| conv65                                                                               | output_from_conv65_to_yolov8_nms_postprocess                                         | 1 (L3 memory cuts: 1)         |
| sh_from_conv47_to_conv49_d0-1_dw2_sd0-1_2356                                         | conv49_d0                                                                            | 2 (L3 memory cuts: 1)         |
| sh_from_conv47_to_conv49_d0-1_dw2_sd0-1_2356                                         | conv49_d1                                                                            | 2 (L3 memory cuts: 1)         |
| sh_from_conv47_to_conv49_d0-1_dw2_sd0-1_2356                                         | dw2_sd0                                                                              | 2 (L3 memory cuts: 1)         |
| sh_from_conv47_to_conv49_d0-1_dw2_sd0-1_2356                                         | dw2_sd1                                                                              | 2 (L3 memory cuts: 1)         |
| conv49_d0                                                                            | conv49_dc                                                                            | 4[S][RPC] (L3 memory cuts: 4) |
| conv49_d1                                                                            | conv49_dc                                                                            | 4[S][RPC] (L3 memory cuts: 4) |
| conv49_dc                                                                            | conv50_d0                                                                            | 9[S] (L3 memory cuts: 1)      |
| conv49_dc                                                                            | conv50_d1                                                                            | 9[S] (L3 memory cuts: 1)      |
| conv50_d0                                                                            | conv50_dc                                                                            | 4[S][RPC] (L3 memory cuts: 4) |
| conv50_d1                                                                            | conv50_dc                                                                            | 4[S][RPC] (L3 memory cuts: 4) |
| conv50_dc                                                                            | conv51                                                                               | 5[S] (L3 memory cuts: 1)      |
| conv51                                                                               | output_from_conv51_to_yolov8_nms_postprocess                                         | 2 (L3 memory cuts: 1)         |
| dw2_sd0                                                                              | dw2_sdc                                                                              | 2 (L3 memory cuts: 1)         |
| dw2_sd1                                                                              | dw2_sdc                                                                              | 2 (L3 memory cuts: 1)         |
| dw2_sdc                                                                              | conv52                                                                               | 2 (L3 memory cuts: 1)         |
| conv52                                                                               | dw3_sd0                                                                              | 2 (L3 memory cuts: 1)         |
| conv52                                                                               | dw3_sd1                                                                              | 2 (L3 memory cuts: 1)         |
| dw3_sd0                                                                              | dw3_sdc                                                                              | 2 (L3 memory cuts: 1)         |
| dw3_sd1                                                                              | dw3_sdc                                                                              | 2 (L3 memory cuts: 1)         |
| dw3_sdc                                                                              | conv53                                                                               | 2 (L3 memory cuts: 1)         |
| conv53                                                                               | conv54                                                                               | 3[S][RPC] (L3 memory cuts: 3) |
| conv54                                                                               | output_from_conv54_to_yolov8_nms_postprocess                                         | 1 (L3 memory cuts: 1)         |
+--------------------------------------------------------------------------------------+--------------------------------------------------------------------------------------+-------------------------------+
[2026-09-25 06:02:34.688] [default] [info] Adjust Edges After Dimaffer buffers:
+--------------------------------------------------------------------------------------+--------------------------------------------------------------------------------------+-------------------------------+
| Src                                                                                  | Dst                                                                                  | Buffers                       |
+--------------------------------------------------------------------------------------+--------------------------------------------------------------------------------------+-------------------------------+
| input_layer1                                                                         | normalization1                                                                       | 3 (L3 memory cuts: 1)         |
| normalization1                                                                       | conv1_ws                                                                             | 2[RPC] (L3 memory cuts: 2)    |
| conv1_ws                                                                             | conv1_sd0                                                                            | 5 (L3 memory cuts: 1)         |
| conv1_ws                                                                             | conv1_sd1                                                                            | 5 (L3 memory cuts: 1)         |
| conv1_ws                                                                             | conv1_sd2                                                                            | 5 (L3 memory cuts: 1)         |
| conv1_ws                                                                             | conv1_sd3                                                                            | 5 (L3 memory cuts: 1)         |
| conv1_sd0                                                                            | conv1_sdc                                                                            | 2[RPC] (L3 memory cuts: 2)    |
| conv1_sd1                                                                            | conv1_sdc                                                                            | 2[RPC] (L3 memory cuts: 2)    |
| conv1_sd2                                                                            | conv1_sdc                                                                            | 2[RPC] (L3 memory cuts: 2)    |
| conv1_sd3                                                                            | conv1_sdc                                                                            | 2[RPC] (L3 memory cuts: 2)    |
| conv1_sdc                                                                            | conv2_ws                                                                             | 2[RPC] (L3 memory cuts: 2)    |
| conv2_ws                                                                             | conv2_sd0                                                                            | 3[RPC] (L3 memory cuts: 3)    |
| conv2_ws                                                                             | conv2_sd1                                                                            | 3[RPC] (L3 memory cuts: 3)    |
| conv2_ws                                                                             | conv2_sd2                                                                            | 3[RPC] (L3 memory cuts: 3)    |
| conv2_ws                                                                             | conv2_sd3                                                                            | 3[RPC] (L3 memory cuts: 3)    |
| conv2_sd0                                                                            | conv2_sdc                                                                            | 1 (L3 memory cuts: 1)         |
| conv2_sd1                                                                            | conv2_sdc                                                                            | 2 (L3 memory cuts: 1)         |
| conv2_sd2                                                                            | conv2_sdc                                                                            | 2 (L3 memory cuts: 1)         |
| conv2_sd3                                                                            | conv2_sdc                                                                            | 2 (L3 memory cuts: 1)         |
| conv2_sdc                                                                            | conv_feature_splitter1_1                                                             | 2[RPC] (L3 memory cuts: 2)    |
| conv2_sdc                                                                            | conv_feature_splitter1_2                                                             | 2[RPC] (L3 memory cuts: 2)    |
| conv_feature_splitter1_1                                                             | concat1                                                                              | 7 (L3 memory cuts: 1)         |
| conv_feature_splitter1_2                                                             | conv4                                                                                | 7 (L3 memory cuts: 1)         |
| conv_feature_splitter1_2                                                             | ew_add1                                                                              | 7 (L3 memory cuts: 1)         |
| conv_feature_splitter1_2                                                             | concat1                                                                              | 7 (L3 memory cuts: 1)         |
| conv4                                                                                | conv5                                                                                | 3[RPC] (L3 memory cuts: 3)    |
| conv5                                                                                | ew_add1                                                                              | 2[RPC] (L3 memory cuts: 2)    |
| ew_add1                                                                              | concat1                                                                              | 3 (L3 memory cuts: 1)         |
| concat1                                                                              | conv6                                                                                | 4[S] (L3 memory cuts: 1)      |
| conv6                                                                                | conv7_ws                                                                             | 2[RPC] (L3 memory cuts: 2)    |
| conv7_ws                                                                             | conv7_sd0                                                                            | 2[RPC] (L3 memory cuts: 2)    |
| conv7_ws                                                                             | conv7_sd1                                                                            | 2[RPC] (L3 memory cuts: 2)    |
| conv7_ws                                                                             | conv7_sd2                                                                            | 2[RPC] (L3 memory cuts: 2)    |
| conv7_ws                                                                             | conv7_sd3                                                                            | 2[RPC] (L3 memory cuts: 2)    |
| conv7_sd0                                                                            | conv7_sdc                                                                            | 1 (L3 memory cuts: 1)         |
| conv7_sd1                                                                            | conv7_sdc                                                                            | 1 (L3 memory cuts: 1)         |
| conv7_sd2                                                                            | conv7_sdc                                                                            | 1 (L3 memory cuts: 1)         |
| conv7_sd3                                                                            | conv7_sdc                                                                            | 1 (L3 memory cuts: 1)         |
| conv7_sdc                                                                            | conv_feature_splitter2_1                                                             | 1 (L3 memory cuts: 1)         |
| conv7_sdc                                                                            | conv_feature_splitter2_2                                                             | 1 (L3 memory cuts: 1)         |
| conv_feature_splitter2_1                                                             | concat2                                                                              | 6 (L3 memory cuts: 1)         |
| conv_feature_splitter2_2                                                             | conv9                                                                                | 6 (L3 memory cuts: 1)         |
| conv_feature_splitter2_2                                                             | ew_add2                                                                              | 6 (L3 memory cuts: 1)         |
| conv_feature_splitter2_2                                                             | concat2                                                                              | 6 (L3 memory cuts: 1)         |
| conv9                                                                                | conv10                                                                               | 9[S] (L3 memory cuts: 1)      |
| conv10                                                                               | ew_add2                                                                              | 2 (L3 memory cuts: 1)         |
| ew_add2                                                                              | concat2                                                                              | 2 (L3 memory cuts: 1)         |
| concat2                                                                              | conv11                                                                               | 3[S] (L3 memory cuts: 1)      |
| conv11                                                                               | conv12_ws                                                                            | 2[RPC] (L3 memory cuts: 2)    |
| conv11                                                                               | gate_rescue_repair_gate_rescue_repair_context_0_to_gate_rescue_repair_context_1_2332 | 2[RPC] (L3 memory cuts: 2)    |
| conv12_ws                                                                            | conv12_sd0                                                                           | 2 (L3 memory cuts: 1)         |
| conv12_ws                                                                            | conv12_sd1                                                                           | 2 (L3 memory cuts: 1)         |
| conv12_sd0                                                                           | conv12_sdc                                                                           | 1[RPC] (L3 memory cuts: 1)    |
| conv12_sd1                                                                           | conv12_sdc                                                                           | 1 (L3 memory cuts: 1)         |
| conv12_sdc                                                                           | conv_feature_splitter3_1                                                             | 2[RPC] (L3 memory cuts: 2)    |
| conv12_sdc                                                                           | conv_feature_splitter3_2                                                             | 2[RPC] (L3 memory cuts: 2)    |
| conv_feature_splitter3_1                                                             | concat4                                                                              | 39[S] (L3 memory cuts: 1)     |
| conv_feature_splitter3_2                                                             | conv14                                                                               | 39[S] (L3 memory cuts: 1)     |
| conv_feature_splitter3_2                                                             | conv15                                                                               | 39[S] (L3 memory cuts: 1)     |
| conv_feature_splitter3_2                                                             | concat4                                                                              | 39[S] (L3 memory cuts: 1)     |
| conv14                                                                               | conv16                                                                               | 5 (L3 memory cuts: 1)         |
| conv14                                                                               | ew_add3                                                                              | 5 (L3 memory cuts: 1)         |
| conv16                                                                               | conv17                                                                               | 5[S] (L3 memory cuts: 1)      |
| conv17                                                                               | ew_add3                                                                              | 1 (L3 memory cuts: 1)         |
| ew_add3                                                                              | conv18                                                                               | 4 (L3 memory cuts: 1)         |
| ew_add3                                                                              | ew_add4                                                                              | 4 (L3 memory cuts: 1)         |
| conv18                                                                               | conv19                                                                               | 5[S] (L3 memory cuts: 1)      |
| conv19                                                                               | ew_add4                                                                              | 1 (L3 memory cuts: 1)         |
| ew_add4                                                                              | concat3                                                                              | 3 (L3 memory cuts: 1)         |
| conv15                                                                               | concat3                                                                              | 9 (L3 memory cuts: 1)         |
| concat3                                                                              | conv20                                                                               | 2[S] (L3 memory cuts: 1)      |
| conv20                                                                               | concat4                                                                              | 1[S] (L3 memory cuts: 1)      |
| concat4                                                                              | conv21                                                                               | 1[S][RPC] (L3 memory cuts: 1) |
| conv21                                                                               | conv22                                                                               | 3 (L3 memory cuts: 1)         |
| conv21                                                                               | gate_rescue_repair_gate_rescue_repair_context_0_to_gate_rescue_repair_context_1_2334 | 3 (L3 memory cuts: 1)         |
| conv22                                                                               | conv_feature_splitter4_1                                                             | 2 (L3 memory cuts: 1)         |
| conv22                                                                               | conv_feature_splitter4_2                                                             | 2 (L3 memory cuts: 1)         |
| conv_feature_splitter4_1                                                             | concat6                                                                              | 30[S] (L3 memory cuts: 1)     |
| conv_feature_splitter4_2                                                             | conv24                                                                               | 30[S] (L3 memory cuts: 1)     |
| conv_feature_splitter4_2                                                             | conv25                                                                               | 30[S] (L3 memory cuts: 1)     |
| conv_feature_splitter4_2                                                             | concat6                                                                              | 30[S] (L3 memory cuts: 1)     |
| conv24                                                                               | conv26                                                                               | 6 (L3 memory cuts: 1)         |
| conv24                                                                               | ew_add5                                                                              | 6 (L3 memory cuts: 1)         |
| conv26                                                                               | conv27                                                                               | 6[S] (L3 memory cuts: 1)      |
| conv27                                                                               | ew_add5                                                                              | 1 (L3 memory cuts: 1)         |
| ew_add5                                                                              | conv28                                                                               | 4 (L3 memory cuts: 1)         |
| ew_add5                                                                              | ew_add6                                                                              | 4 (L3 memory cuts: 1)         |
| conv28                                                                               | conv29                                                                               | 6[S] (L3 memory cuts: 1)      |
| conv29                                                                               | ew_add6                                                                              | 1 (L3 memory cuts: 1)         |
| ew_add6                                                                              | concat5                                                                              | 2 (L3 memory cuts: 1)         |
| conv25                                                                               | concat5                                                                              | 11 (L3 memory cuts: 1)        |
| concat5                                                                              | conv30                                                                               | 2[S] (L3 memory cuts: 1)      |
| conv30                                                                               | concat6                                                                              | 1[S] (L3 memory cuts: 1)      |
| concat6                                                                              | conv31                                                                               | 1[S] (L3 memory cuts: 1)      |
| conv31                                                                               | conv32                                                                               | 1[S][RPC] (L3 memory cuts: 1) |
| conv32                                                                               | maxpool1                                                                             | 7 (L3 memory cuts: 1)         |
| conv32                                                                               | concat7                                                                              | 11 (L3 memory cuts: 2)        |
| maxpool1                                                                             | maxpool2                                                                             | 9 (L3 memory cuts: 1)         |
| maxpool1                                                                             | concat7                                                                              | 9 (L3 memory cuts: 1)         |
| maxpool2                                                                             | maxpool3                                                                             | 7 (L3 memory cuts: 1)         |
| maxpool2                                                                             | concat7                                                                              | 7 (L3 memory cuts: 1)         |
| maxpool3                                                                             | concat7                                                                              | 3 (L3 memory cuts: 1)         |
| concat7                                                                              | conv33                                                                               | 2[S] (L3 memory cuts: 1)      |
| conv33                                                                               | conv_feature_splitter5_1                                                             | 1[S] (L3 memory cuts: 1)      |
| conv33                                                                               | conv_feature_splitter5_2                                                             | 1[S] (L3 memory cuts: 1)      |
| conv_feature_splitter5_1                                                             | gate_rescue_repair_gate_rescue_repair_context_0_to_gate_rescue_repair_context_1_2336 | 1 (L3 memory cuts: 1)         |
| gate_rescue_repair_gate_rescue_repair_context_0_to_gate_rescue_repair_context_1_2336 | gate_rescue_repair_gate_rescue_repair_context_0_to_gate_rescue_repair_context_1_2337 | 1 (0.00[KB]) (DDR)            |
| gate_rescue_repair_gate_rescue_repair_context_0_to_gate_rescue_repair_context_1_2337 | concat8                                                                              | 3 (L3 memory cuts: 1)         |
| conv_feature_splitter5_2                                                             | conv_feature_splitter6_1                                                             | 1[RPC] (L3 memory cuts: 1)    |
| conv_feature_splitter5_2                                                             | conv_feature_splitter6_2                                                             | 1[RPC] (L3 memory cuts: 1)    |
| conv_feature_splitter5_2                                                             | conv_feature_splitter6_3                                                             | 2[RPC] (L3 memory cuts: 2)    |
| conv_feature_splitter5_2                                                             | gate_rescue_repair_gate_rescue_repair_context_0_to_gate_rescue_repair_context_1_2338 | 1[RPC] (L3 memory cuts: 1)    |
| conv_feature_splitter6_1                                                             | gate_rescue_repair_gate_rescue_repair_context_0_to_gate_rescue_repair_context_1_2340 | 1 (L3 memory cuts: 1)         |
| gate_rescue_repair_gate_rescue_repair_context_0_to_gate_rescue_repair_context_1_2340 | gate_rescue_repair_gate_rescue_repair_context_0_to_gate_rescue_repair_context_1_2341 | 1 (0.00[KB]) (DDR)            |
| gate_rescue_repair_gate_rescue_repair_context_0_to_gate_rescue_repair_context_1_2341 | matmul1                                                                              | 2 (L3 memory cuts: 1)         |
| conv_feature_splitter6_2                                                             | gate_rescue_repair_gate_rescue_repair_context_0_to_gate_rescue_repair_context_1_2342 | 1 (L3 memory cuts: 1)         |
| gate_rescue_repair_gate_rescue_repair_context_0_to_gate_rescue_repair_context_1_2342 | gate_rescue_repair_gate_rescue_repair_context_0_to_gate_rescue_repair_context_1_2343 | 1 (0.00[KB]) (DDR)            |
| gate_rescue_repair_gate_rescue_repair_context_0_to_gate_rescue_repair_context_1_2343 | matmul1                                                                              | 40 (L3 memory cuts: 2)        |
| matmul1                                                                              | reduce_max_softmax1                                                                  | 2[RPC] (L3 memory cuts: 2)    |
| matmul1                                                                              | ew_sub_softmax1                                                                      | 2[RPC] (L3 memory cuts: 2)    |
| reduce_max_softmax1                                                                  | ew_sub_softmax1                                                                      | 1 (L3 memory cuts: 1)         |
| ew_sub_softmax1                                                                      | reduce_sum_softmax1                                                                  | 1 (L3 memory cuts: 1)         |
| ew_sub_softmax1                                                                      | ew_mult_softmax1                                                                     | 1 (L3 memory cuts: 1)         |
| reduce_sum_softmax1                                                                  | ew_mult_softmax1                                                                     | 2 (L3 memory cuts: 1)         |
| ew_mult_softmax1                                                                     | matmul2                                                                              | 3 (L3 memory cuts: 2)         |
| conv_feature_splitter6_3                                                             | gate_rescue_repair_gate_rescue_repair_context_0_to_gate_rescue_repair_context_1_2344 | 1 (L3 memory cuts: 1)         |
| gate_rescue_repair_gate_rescue_repair_context_0_to_gate_rescue_repair_context_1_2344 | gate_rescue_repair_gate_rescue_repair_context_0_to_gate_rescue_repair_context_1_2345 | 1 (0.00[KB]) (DDR)            |
| gate_rescue_repair_gate_rescue_repair_context_0_to_gate_rescue_repair_context_1_2345 | activation1                                                                          | 2 (L3 memory cuts: 1)         |
| gate_rescue_repair_gate_rescue_repair_context_0_to_gate_rescue_repair_context_1_2345 | dw1_defuse_width_feature_reshape                                                     | 2 (L3 memory cuts: 1)         |
| activation1                                                                          | matmul2_reshape                                                                      | 1 (L3 memory cuts: 1)         |
| matmul2_reshape                                                                      | matmul2                                                                              | 40 (L3 memory cuts: 4)        |
| matmul2                                                                              | dw1_defuse_1x1                                                                       | 3 (L3 memory cuts: 1)         |
| dw1_defuse_width_feature_reshape                                                     | dw1_defuse_reshape_hxf_to_w_transposed                                               | 5 (L3 memory cuts: 1)         |
| dw1_defuse_reshape_hxf_to_w_transposed                                               | dw1_defuse_1x1                                                                       | 21 (L3 memory cuts: 18)       |
| dw1_defuse_1x1                                                                       | conv36                                                                               | 4 (L3 memory cuts: 1)         |
| gate_rescue_repair_gate_rescue_repair_context_0_to_gate_rescue_repair_context_1_2338 | gate_rescue_repair_gate_rescue_repair_context_0_to_gate_rescue_repair_context_1_2339 | 1 (0.00[KB]) (DDR)            |
| gate_rescue_repair_gate_rescue_repair_context_0_to_gate_rescue_repair_context_1_2339 | conv36                                                                               | 3 (L3 memory cuts: 1)         |
| conv36                                                                               | conv37                                                                               | 3[S] (L3 memory cuts: 1)      |
| conv36                                                                               | conv38                                                                               | 3[S] (L3 memory cuts: 1)      |
| conv37                                                                               | conv38                                                                               | 2[S] (L3 memory cuts: 1)      |
| conv38                                                                               | concat8                                                                              | 2 (L3 memory cuts: 1)         |
| concat8                                                                              | conv39                                                                               | 2[S] (L3 memory cuts: 1)      |
| conv39                                                                               | resize1                                                                              | 2 (L3 memory cuts: 1)         |
| conv39                                                                               | concat15                                                                             | 14 (L3 memory cuts: 3)        |
| resize1                                                                              | concat9                                                                              | 3 (L3 memory cuts: 1)         |
| gate_rescue_repair_gate_rescue_repair_context_0_to_gate_rescue_repair_context_1_2334 | gate_rescue_repair_gate_rescue_repair_context_0_to_gate_rescue_repair_context_1_2335 | 1 (0.00[KB]) (DDR)            |
| gate_rescue_repair_gate_rescue_repair_context_0_to_gate_rescue_repair_context_1_2335 | concat9                                                                              | 4 (L3 memory cuts: 1)         |
| concat9                                                                              | conv_feature_splitter7_1                                                             | 2[S] (L3 memory cuts: 1)      |
| concat9                                                                              | conv_feature_splitter7_2                                                             | 2[S] (L3 memory cuts: 1)      |
| conv_feature_splitter7_1                                                             | concat10                                                                             | 9[RPC] (L3 memory cuts: 9)    |
| conv_feature_splitter7_2                                                             | conv41                                                                               | 6[RPC] (L3 memory cuts: 6)    |
| conv_feature_splitter7_2                                                             | ew_add10                                                                             | 8[RPC] (L3 memory cuts: 8)    |
| conv_feature_splitter7_2                                                             | concat10                                                                             | 9[RPC] (L3 memory cuts: 9)    |
| conv41                                                                               | conv42                                                                               | 11[S] (L3 memory cuts: 1)     |
| conv42                                                                               | ew_add10                                                                             | 2[RPC] (L3 memory cuts: 2)    |
| ew_add10                                                                             | concat10                                                                             | 2 (L3 memory cuts: 1)         |
| concat10                                                                             | conv43                                                                               | 3[S] (L3 memory cuts: 1)      |
| conv43                                                                               | resize2                                                                              | 7[RPC] (L3 memory cuts: 7)    |
| conv43                                                                               | concat13                                                                             | 7[RPC] (L3 memory cuts: 7)    |
| resize2                                                                              | concat11                                                                             | 2[RPC] (L3 memory cuts: 2)    |
| gate_rescue_repair_gate_rescue_repair_context_0_to_gate_rescue_repair_context_1_2332 | gate_rescue_repair_gate_rescue_repair_context_0_to_gate_rescue_repair_context_1_2333 | 1 (0.00[KB]) (DDR)            |
| gate_rescue_repair_gate_rescue_repair_context_0_to_gate_rescue_repair_context_1_2333 | concat11                                                                             | 13 (L3 memory cuts: 5)        |
| concat11                                                                             | conv_feature_splitter8_1                                                             | 2[RPC] (L3 memory cuts: 2)    |
| concat11                                                                             | conv_feature_splitter8_2                                                             | 2[RPC] (L3 memory cuts: 2)    |
| conv_feature_splitter8_1                                                             | concat12                                                                             | 6 (L3 memory cuts: 1)         |
| conv_feature_splitter8_2                                                             | conv45                                                                               | 6[RPC] (L3 memory cuts: 6)    |
| conv_feature_splitter8_2                                                             | ew_add11                                                                             | 6[RPC] (L3 memory cuts: 6)    |
| conv_feature_splitter8_2                                                             | concat12                                                                             | 6[RPC] (L3 memory cuts: 6)    |
| conv45                                                                               | conv46                                                                               | 7[S] (L3 memory cuts: 1)      |
| conv46                                                                               | ew_add11                                                                             | 2 (L3 memory cuts: 1)         |
| ew_add11                                                                             | concat12                                                                             | 2 (L3 memory cuts: 1)         |
| concat12                                                                             | conv47                                                                               | 2[S] (L3 memory cuts: 1)      |
| conv47                                                                               | conv48                                                                               | 3 (L3 memory cuts: 1)         |
| conv47                                                                               | sh_from_conv47_to_conv49_d0-1_dw2_sd0-1_2356                                         | 3 (L3 memory cuts: 1)         |
| conv48                                                                               | concat13                                                                             | 2 (L3 memory cuts: 1)         |
| concat13                                                                             | conv_feature_splitter9_1                                                             | 2[S] (L3 memory cuts: 1)      |
| concat13                                                                             | conv_feature_splitter9_2                                                             | 2[S] (L3 memory cuts: 1)      |
| conv_feature_splitter9_1                                                             | concat14                                                                             | 7[RPC] (L3 memory cuts: 7)    |
| conv_feature_splitter9_2                                                             | conv56                                                                               | 3[RPC] (L3 memory cuts: 3)    |
| conv_feature_splitter9_2                                                             | ew_add12                                                                             | 6[RPC] (L3 memory cuts: 6)    |
| conv_feature_splitter9_2                                                             | concat14                                                                             | 7[RPC] (L3 memory cuts: 7)    |
| conv56                                                                               | conv57                                                                               | 11[S] (L3 memory cuts: 1)     |
| conv57                                                                               | ew_add12                                                                             | 2[RPC] (L3 memory cuts: 2)    |
| ew_add12                                                                             | concat14                                                                             | 2 (L3 memory cuts: 1)         |
| concat14                                                                             | conv58                                                                               | 3[S] (L3 memory cuts: 1)      |
| conv58                                                                               | conv59                                                                               | 3[RPC] (L3 memory cuts: 3)    |
| conv58                                                                               | conv60                                                                               | 3[RPC] (L3 memory cuts: 3)    |
| conv58                                                                               | dw4                                                                                  | 3[RPC] (L3 memory cuts: 3)    |
| conv59                                                                               | concat15                                                                             | 2 (L3 memory cuts: 1)         |
| concat15                                                                             | conv_feature_splitter10_1                                                            | 2[S] (L3 memory cuts: 1)      |
| concat15                                                                             | conv_feature_splitter10_2                                                            | 2[S] (L3 memory cuts: 1)      |
| conv_feature_splitter10_1                                                            | gate_rescue_repair_gate_rescue_repair_context_1_to_gate_rescue_repair_context_2_2347 | 1 (L3 memory cuts: 1)         |
| gate_rescue_repair_gate_rescue_repair_context_1_to_gate_rescue_repair_context_2_2347 | gate_rescue_repair_gate_rescue_repair_context_1_to_gate_rescue_repair_context_2_2348 | 1 (0.00[KB]) (DDR)            |
| gate_rescue_repair_gate_rescue_repair_context_1_to_gate_rescue_repair_context_2_2348 | concat17                                                                             | 3 (L3 memory cuts: 1)         |
| conv_feature_splitter10_2                                                            | conv67                                                                               | 1 (L3 memory cuts: 1)         |
| conv_feature_splitter10_2                                                            | conv68                                                                               | 1 (L3 memory cuts: 1)         |
| conv_feature_splitter10_2                                                            | gate_rescue_repair_gate_rescue_repair_context_1_to_gate_rescue_repair_context_2_2349 | 1 (L3 memory cuts: 1)         |
| conv67                                                                               | conv69                                                                               | 4 (L3 memory cuts: 1)         |
| conv67                                                                               | ew_add13                                                                             | 4 (L3 memory cuts: 1)         |
| conv69                                                                               | conv70                                                                               | 5[S] (L3 memory cuts: 1)      |
| conv70                                                                               | ew_add13                                                                             | 1 (L3 memory cuts: 1)         |
| ew_add13                                                                             | gate_rescue_repair_gate_rescue_repair_context_1_to_gate_rescue_repair_context_2_2353 | 1 (L3 memory cuts: 1)         |
| gate_rescue_repair_gate_rescue_repair_context_1_to_gate_rescue_repair_context_2_2353 | gate_rescue_repair_gate_rescue_repair_context_1_to_gate_rescue_repair_context_2_2354 | 1 (0.00[KB]) (DDR)            |
| gate_rescue_repair_gate_rescue_repair_context_1_to_gate_rescue_repair_context_2_2353 | gate_rescue_repair_gate_rescue_repair_context_1_to_gate_rescue_repair_context_2_2355 | 1 (0.00[KB]) (DDR)            |
| gate_rescue_repair_gate_rescue_repair_context_1_to_gate_rescue_repair_context_2_2354 | conv71                                                                               | 4 (L3 memory cuts: 1)         |
| conv71                                                                               | conv72                                                                               | 5[S] (L3 memory cuts: 1)      |
| conv72                                                                               | ew_add14                                                                             | 2 (L3 memory cuts: 1)         |
| gate_rescue_repair_gate_rescue_repair_context_1_to_gate_rescue_repair_context_2_2355 | ew_add14                                                                             | 2 (L3 memory cuts: 1)         |
| ew_add14                                                                             | concat16                                                                             | 2 (L3 memory cuts: 1)         |
| conv68                                                                               | gate_rescue_repair_gate_rescue_repair_context_1_to_gate_rescue_repair_context_2_2351 | 1 (L3 memory cuts: 1)         |
| gate_rescue_repair_gate_rescue_repair_context_1_to_gate_rescue_repair_context_2_2351 | gate_rescue_repair_gate_rescue_repair_context_1_to_gate_rescue_repair_context_2_2352 | 1 (0.00[KB]) (DDR)            |
| gate_rescue_repair_gate_rescue_repair_context_1_to_gate_rescue_repair_context_2_2352 | concat16                                                                             | 3 (L3 memory cuts: 1)         |
| concat16                                                                             | conv73                                                                               | 2[S] (L3 memory cuts: 1)      |
| conv73                                                                               | concat17                                                                             | 2[RPC] (L3 memory cuts: 2)    |
| gate_rescue_repair_gate_rescue_repair_context_1_to_gate_rescue_repair_context_2_2349 | gate_rescue_repair_gate_rescue_repair_context_1_to_gate_rescue_repair_context_2_2350 | 1 (0.00[KB]) (DDR)            |
| gate_rescue_repair_gate_rescue_repair_context_1_to_gate_rescue_repair_context_2_2350 | concat17                                                                             | 3 (L3 memory cuts: 1)         |
| concat17                                                                             | conv74                                                                               | 2[S] (L3 memory cuts: 1)      |
| conv74                                                                               | conv75_ws                                                                            | 1[RPC] (L3 memory cuts: 1)    |
| conv74                                                                               | dw6_fs                                                                               | 1[RPC] (L3 memory cuts: 1)    |
| conv75_ws                                                                            | conv75_sd0                                                                           | 1[RPC] (L3 memory cuts: 1)    |
| conv75_ws                                                                            | conv75_sd1                                                                           | 2[RPC] (L3 memory cuts: 2)    |
| conv75_sd0                                                                           | conv75_sdc                                                                           | 2 (L3 memory cuts: 1)         |
| conv75_sd1                                                                           | conv75_sdc                                                                           | 1[RPC] (L3 memory cuts: 1)    |
| conv75_sdc                                                                           | conv76                                                                               | 2[RPC] (L3 memory cuts: 2)    |
| conv76                                                                               | conv77                                                                               | 1[S] (L3 memory cuts: 1)      |
| conv77                                                                               | output_from_conv77_to_yolov8_nms_postprocess                                         | 1 (L3 memory cuts: 1)         |
| dw6_fs                                                                               | dw6_d0                                                                               | 1 (L3 memory cuts: 1)         |
| dw6_fs                                                                               | dw6_d1                                                                               | 1 (L3 memory cuts: 1)         |
| dw6_d0                                                                               | dw6_dc                                                                               | 2[RPC] (L3 memory cuts: 2)    |
| dw6_d1                                                                               | dw6_dc                                                                               | 2[RPC] (L3 memory cuts: 2)    |
| dw6_dc                                                                               | conv78                                                                               | 2[S] (L3 memory cuts: 1)      |
| conv78                                                                               | dw7                                                                                  | 4 (L3 memory cuts: 1)         |
| dw7                                                                                  | conv79                                                                               | 3 (L3 memory cuts: 1)         |
| conv79                                                                               | conv80                                                                               | 1[S] (L3 memory cuts: 1)      |
| conv80                                                                               | output_from_conv80_to_yolov8_nms_postprocess                                         | 1 (L3 memory cuts: 1)         |
| conv60                                                                               | conv61                                                                               | 10[S] (L3 memory cuts: 1)     |
| conv61                                                                               | conv62                                                                               | 4[S][RPC] (L3 memory cuts: 4) |
| conv62                                                                               | output_from_conv62_to_yolov8_nms_postprocess                                         | 1 (L3 memory cuts: 1)         |
| dw4                                                                                  | conv63                                                                               | 2 (L3 memory cuts: 1)         |
| conv63                                                                               | dw5                                                                                  | 4 (L3 memory cuts: 1)         |
| dw5                                                                                  | conv64                                                                               | 3 (L3 memory cuts: 1)         |
| conv64                                                                               | conv65                                                                               | 1[S] (L3 memory cuts: 1)      |
| conv65                                                                               | output_from_conv65_to_yolov8_nms_postprocess                                         | 1 (L3 memory cuts: 1)         |
| sh_from_conv47_to_conv49_d0-1_dw2_sd0-1_2356                                         | conv49_d0                                                                            | 2 (L3 memory cuts: 1)         |
| sh_from_conv47_to_conv49_d0-1_dw2_sd0-1_2356                                         | conv49_d1                                                                            | 2 (L3 memory cuts: 1)         |
| sh_from_conv47_to_conv49_d0-1_dw2_sd0-1_2356                                         | dw2_sd0                                                                              | 2 (L3 memory cuts: 1)         |
| sh_from_conv47_to_conv49_d0-1_dw2_sd0-1_2356                                         | dw2_sd1                                                                              | 2 (L3 memory cuts: 1)         |
| conv49_d0                                                                            | conv49_dc                                                                            | 4[S][RPC] (L3 memory cuts: 4) |
| conv49_d1                                                                            | conv49_dc                                                                            | 4[S][RPC] (L3 memory cuts: 4) |
| conv49_dc                                                                            | conv50_d0                                                                            | 9[S] (L3 memory cuts: 1)      |
| conv49_dc                                                                            | conv50_d1                                                                            | 9[S] (L3 memory cuts: 1)      |
| conv50_d0                                                                            | conv50_dc                                                                            | 4[S][RPC] (L3 memory cuts: 4) |
| conv50_d1                                                                            | conv50_dc                                                                            | 4[S][RPC] (L3 memory cuts: 4) |
| conv50_dc                                                                            | conv51                                                                               | 5[S] (L3 memory cuts: 1)      |
| conv51                                                                               | output_from_conv51_to_yolov8_nms_postprocess                                         | 2 (L3 memory cuts: 1)         |
| dw2_sd0                                                                              | dw2_sdc                                                                              | 2 (L3 memory cuts: 1)         |
| dw2_sd1                                                                              | dw2_sdc                                                                              | 2 (L3 memory cuts: 1)         |
| dw2_sdc                                                                              | conv52                                                                               | 2 (L3 memory cuts: 1)         |
| conv52                                                                               | dw3_sd0                                                                              | 2 (L3 memory cuts: 1)         |
| conv52                                                                               | dw3_sd1                                                                              | 2 (L3 memory cuts: 1)         |
| dw3_sd0                                                                              | dw3_sdc                                                                              | 2 (L3 memory cuts: 1)         |
| dw3_sd1                                                                              | dw3_sdc                                                                              | 2 (L3 memory cuts: 1)         |
| dw3_sdc                                                                              | conv53                                                                               | 2 (L3 memory cuts: 1)         |
| conv53                                                                               | conv54                                                                               | 3[S][RPC] (L3 memory cuts: 3) |
| conv54                                                                               | output_from_conv54_to_yolov8_nms_postprocess                                         | 1 (L3 memory cuts: 1)         |
+--------------------------------------------------------------------------------------+--------------------------------------------------------------------------------------+-------------------------------+
[2026-09-25 06:02:35.373] [default] [info] Pre-allocation Resources for gate_rescue_repair_context_0
+--------------------------------------------------------------------------------------+-------------+-----------------------+-----------------------+----------------------+----------------+-----+-----+------+
| Node                                                                                 | Subclusters | L3 Weight Memory Cuts | L3 Output Memory Cuts | L3 Input Memory Cuts | L4 Memory Cuts | IBs | OBs | APUs |
+--------------------------------------------------------------------------------------+-------------+-----------------------+-----------------------+----------------------+----------------+-----+-----+------+
| input_layer1                                                                         | 0           | 0                     | 0                     | 0                    | 0.500          | 0   | 0   | 0    |
| normalization1                                                                       | 1           | 0                     | 2                     | 0                    | 0.000          | 0   | 0   | 1    |
| conv1_ws                                                                             | 1           | 0                     | 4                     | 2                    | 0.000          | 0   | 0   | 1    |
| conv1_sd0                                                                            | 2           | 2                     | 2                     | 1                    | 0.000          | 0   | 0   | 1    |
| conv1_sd1                                                                            | 2           | 2                     | 2                     | 1                    | 0.000          | 0   | 0   | 1    |
| conv1_sd2                                                                            | 2           | 2                     | 2                     | 1                    | 0.000          | 0   | 0   | 1    |
| conv1_sd3                                                                            | 2           | 2                     | 2                     | 1                    | 0.000          | 0   | 0   | 1    |
| conv1_sdc                                                                            | 1           | 0                     | 2                     | 8                    | 0.000          | 0   | 0   | 1    |
| conv2_ws                                                                             | 1           | 0                     | 12                    | 2                    | 0.000          | 0   | 0   | 1    |
| conv2_sd0                                                                            | 2           | 2                     | 1                     | 3                    | 0.000          | 0   | 0   | 1    |
| conv2_sd1                                                                            | 2           | 2                     | 1                     | 3                    | 0.000          | 0   | 0   | 1    |
| conv2_sd2                                                                            | 2           | 2                     | 1                     | 3                    | 0.000          | 0   | 0   | 1    |
| conv2_sd3                                                                            | 2           | 2                     | 1                     | 3                    | 0.000          | 0   | 0   | 1    |
| conv2_sdc                                                                            | 1           | 0                     | 4                     | 4                    | 0.000          | 0   | 0   | 1    |
| conv_feature_splitter1_1                                                             | 1           | 1                     | 1                     | 2                    | 0.000          | 0   | 0   | 1    |
| conv_feature_splitter1_2                                                             | 1           | 1                     | 3                     | 2                    | 0.000          | 0   | 0   | 1    |
| conv4                                                                                | 2           | 1                     | 3                     | 1                    | 0.000          | 0   | 0   | 1    |
| conv5                                                                                | 2           | 2                     | 2                     | 3                    | 0.000          | 0   | 0   | 1    |
| ew_add1                                                                              | 1           | 1                     | 1                     | 3                    | 0.000          | 0   | 0   | 1    |
| concat1                                                                              | 1           | 0                     | 1                     | 3                    | 0.000          | 0   | 0   | 1    |
| conv6                                                                                | 4           | 4                     | 2                     | 1                    | 0.000          | 0   | 0   | 1    |
| conv7_ws                                                                             | 1           | 0                     | 8                     | 2                    | 0.000          | 0   | 0   | 1    |
| conv7_sd0                                                                            | 8           | 8                     | 1                     | 2                    | 0.000          | 0   | 0   | 1    |
| conv7_sd1                                                                            | 8           | 8                     | 1                     | 2                    | 0.000          | 0   | 0   | 1    |
| conv7_sd2                                                                            | 8           | 8                     | 1                     | 2                    | 0.000          | 0   | 0   | 1    |
| conv7_sd3                                                                            | 8           | 8                     | 1                     | 2                    | 0.000          | 0   | 0   | 1    |
| conv7_sdc                                                                            | 1           | 0                     | 2                     | 4                    | 0.000          | 0   | 0   | 1    |
| conv_feature_splitter2_1                                                             | 1           | 1                     | 1                     | 1                    | 0.000          | 0   | 0   | 1    |
| conv_feature_splitter2_2                                                             | 1           | 1                     | 3                     | 1                    | 0.000          | 0   | 0   | 1    |
| conv9                                                                                | 2           | 2                     | 1                     | 1                    | 0.000          | 0   | 0   | 1    |
| conv10                                                                               | 2           | 1                     | 1                     | 1                    | 0.000          | 0   | 0   | 1    |
| ew_add2                                                                              | 1           | 1                     | 1                     | 2                    | 0.000          | 0   | 0   | 1    |
| concat2                                                                              | 1           | 0                     | 1                     | 3                    | 0.000          | 0   | 0   | 1    |
| conv11                                                                               | 4           | 4                     | 4                     | 1                    | 0.000          | 0   | 0   | 1    |
| conv12_ws                                                                            | 1           | 0                     | 2                     | 2                    | 0.000          | 0   | 0   | 1    |
| conv12_sd0                                                                           | 8           | 8                     | 1                     | 1                    | 0.000          | 0   | 0   | 1    |
| conv12_sd1                                                                           | 8           | 8                     | 1                     | 1                    | 0.000          | 0   | 0   | 1    |
| conv12_sdc                                                                           | 1           | 0                     | 4                     | 2                    | 0.000          | 0   | 0   | 1    |
| conv_feature_splitter3_1                                                             | 1           | 1                     | 1                     | 2                    | 0.000          | 0   | 0   | 1    |
| conv_feature_splitter3_2                                                             | 1           | 1                     | 3                     | 2                    | 0.000          | 0   | 0   | 1    |
| conv14                                                                               | 1           | 1                     | 2                     | 1                    | 0.000          | 0   | 0   | 1    |
| conv16                                                                               | 1           | 1                     | 1                     | 1                    | 0.000          | 0   | 0   | 1    |
| conv17                                                                               | 1           | 1                     | 1                     | 1                    | 0.000          | 0   | 0   | 1    |
| ew_add3                                                                              | 1           | 1                     | 2                     | 2                    | 0.000          | 0   | 0   | 1    |
| conv18                                                                               | 1           | 1                     | 1                     | 1                    | 0.000          | 0   | 0   | 1    |
| conv19                                                                               | 1           | 1                     | 1                     | 1                    | 0.000          | 0   | 0   | 1    |
| ew_add4                                                                              | 1           | 1                     | 1                     | 2                    | 0.000          | 0   | 0   | 1    |
| conv15                                                                               | 1           | 1                     | 1                     | 1                    | 0.000          | 0   | 0   | 1    |
| concat3                                                                              | 1           | 0                     | 1                     | 2                    | 0.000          | 0   | 0   | 1    |
| conv20                                                                               | 1           | 1                     | 1                     | 1                    | 0.000          | 0   | 0   | 1    |
| concat4                                                                              | 1           | 0                     | 1                     | 3                    | 0.000          | 0   | 0   | 1    |
| conv21                                                                               | 2           | 2                     | 2                     | 1                    | 0.000          | 0   | 0   | 1    |
| conv22                                                                               | 8           | 16                    | 2                     | 1                    | 0.000          | 0   | 0   | 1    |
| conv_feature_splitter4_1                                                             | 1           | 1                     | 1                     | 1                    | 0.000          | 0   | 0   | 1    |
| conv_feature_splitter4_2                                                             | 1           | 1                     | 3                     | 1                    | 0.000          | 0   | 0   | 1    |
| conv24                                                                               | 1           | 1                     | 2                     | 1                    | 0.000          | 0   | 0   | 1    |
| conv26                                                                               | 1           | 2                     | 1                     | 1                    | 0.000          | 0   | 0   | 1    |
| conv27                                                                               | 1           | 2                     | 1                     | 1                    | 0.000          | 0   | 0   | 1    |
| ew_add5                                                                              | 1           | 1                     | 2                     | 2                    | 0.000          | 0   | 0   | 1    |
| conv28                                                                               | 1           | 2                     | 1                     | 1                    | 0.000          | 0   | 0   | 1    |
| conv29                                                                               | 1           | 2                     | 1                     | 1                    | 0.000          | 0   | 0   | 1    |
| ew_add6                                                                              | 1           | 1                     | 1                     | 2                    | 0.000          | 0   | 0   | 1    |
| conv25                                                                               | 1           | 1                     | 1                     | 1                    | 0.000          | 0   | 0   | 1    |
| concat5                                                                              | 1           | 0                     | 1                     | 2                    | 0.000          | 0   | 0   | 1    |
| conv30                                                                               | 1           | 1                     | 1                     | 1                    | 0.000          | 0   | 0   | 1    |
| concat6                                                                              | 1           | 0                     | 1                     | 3                    | 0.000          | 0   | 0   | 1    |
| conv31                                                                               | 4           | 4                     | 1                     | 1                    | 0.000          | 0   | 0   | 1    |
| conv32                                                                               | 1           | 1                     | 3                     | 1                    | 0.000          | 0   | 0   | 1    |
| maxpool1                                                                             | 1           | 0                     | 2                     | 1                    | 0.000          | 0   | 0   | 1    |
| maxpool2                                                                             | 1           | 0                     | 2                     | 1                    | 0.000          | 0   | 0   | 1    |
| maxpool3                                                                             | 1           | 0                     | 1                     | 1                    | 0.000          | 0   | 0   | 1    |
| concat7                                                                              | 1           | 0                     | 1                     | 5                    | 0.000          | 0   | 0   | 1    |
| conv33                                                                               | 4           | 4                     | 2                     | 1                    | 0.000          | 0   | 0   | 1    |
| conv_feature_splitter5_1                                                             | 1           | 1                     | 1                     | 1                    | 0.000          | 0   | 0   | 1    |
| gate_rescue_repair_gate_rescue_repair_context_0_to_gate_rescue_repair_context_1_2336 | 0           | 0                     | 0                     | 0                    | 0.500          | 0   | 0   | 0    |
| conv_feature_splitter5_2                                                             | 1           | 1                     | 5                     | 1                    | 0.000          | 0   | 0   | 1    |
| conv_feature_splitter6_1                                                             | 1           | 1                     | 1                     | 1                    | 0.000          | 0   | 0   | 1    |
| gate_rescue_repair_gate_rescue_repair_context_0_to_gate_rescue_repair_context_1_2340 | 0           | 0                     | 0                     | 0                    | 0.500          | 0   | 0   | 0    |
| conv_feature_splitter6_2                                                             | 1           | 1                     | 1                     | 1                    | 0.000          | 0   | 0   | 1    |
| gate_rescue_repair_gate_rescue_repair_context_0_to_gate_rescue_repair_context_1_2342 | 0           | 0                     | 0                     | 0                    | 0.500          | 0   | 0   | 0    |
| conv_feature_splitter6_3                                                             | 1           | 1                     | 1                     | 2                    | 0.000          | 0   | 0   | 1    |
| gate_rescue_repair_gate_rescue_repair_context_0_to_gate_rescue_repair_context_1_2344 | 0           | 0                     | 0                     | 0                    | 0.500          | 0   | 0   | 0    |
| gate_rescue_repair_gate_rescue_repair_context_0_to_gate_rescue_repair_context_1_2338 | 0           | 0                     | 0                     | 0                    | 0.500          | 0   | 0   | 0    |
| gate_rescue_repair_gate_rescue_repair_context_0_to_gate_rescue_repair_context_1_2334 | 0           | 0                     | 0                     | 0                    | 0.500          | 0   | 0   | 0    |
| gate_rescue_repair_gate_rescue_repair_context_0_to_gate_rescue_repair_context_1_2332 | 0           | 0                     | 0                     | 0                    | 0.500          | 0   | 0   | 0    |
+--------------------------------------------------------------------------------------+-------------+-----------------------+-----------------------+----------------------+----------------+-----+-----+------+
TOTAL:  LCUs: 77 (60.1562%), Subclusters: 151 (29.4922%), Weight memory cuts: 142 (13.8672%), L3 Output memory cuts: 142 (13.8672%), L3 Input memory cuts: 134 (13.0859%), L3 total cuts: 284 (27.7344%), L4 memory cuts: 0 (0%), IBs: 0 (0%), OBs: 0 (0%), APUs: 77 (48.125%)
[2026-09-25 06:02:35.389] [default] [info] Pre-allocation buffers for gate_rescue_repair_context_0 buffers:
+--------------------------+--------------------------------------------------------------------------------------+-------------------------------+
| Src                      | Dst                                                                                  | Buffers                       |
+--------------------------+--------------------------------------------------------------------------------------+-------------------------------+
| input_layer1             | normalization1                                                                       | 3 (L3 memory cuts: 1)         |
| normalization1           | conv1_ws                                                                             | 2[RPC] (L3 memory cuts: 2)    |
| conv1_ws                 | conv1_sd0                                                                            | 5 (L3 memory cuts: 1)         |
| conv1_ws                 | conv1_sd1                                                                            | 5 (L3 memory cuts: 1)         |
| conv1_ws                 | conv1_sd2                                                                            | 5 (L3 memory cuts: 1)         |
| conv1_ws                 | conv1_sd3                                                                            | 5 (L3 memory cuts: 1)         |
| conv1_sd0                | conv1_sdc                                                                            | 2[RPC] (L3 memory cuts: 2)    |
| conv1_sd1                | conv1_sdc                                                                            | 2[RPC] (L3 memory cuts: 2)    |
| conv1_sd2                | conv1_sdc                                                                            | 2[RPC] (L3 memory cuts: 2)    |
| conv1_sd3                | conv1_sdc                                                                            | 2[RPC] (L3 memory cuts: 2)    |
| conv1_sdc                | conv2_ws                                                                             | 2[RPC] (L3 memory cuts: 2)    |
| conv2_ws                 | conv2_sd0                                                                            | 3[RPC] (L3 memory cuts: 3)    |
| conv2_ws                 | conv2_sd1                                                                            | 3[RPC] (L3 memory cuts: 3)    |
| conv2_ws                 | conv2_sd2                                                                            | 3[RPC] (L3 memory cuts: 3)    |
| conv2_ws                 | conv2_sd3                                                                            | 3[RPC] (L3 memory cuts: 3)    |
| conv2_sd0                | conv2_sdc                                                                            | 1 (L3 memory cuts: 1)         |
| conv2_sd1                | conv2_sdc                                                                            | 2 (L3 memory cuts: 1)         |
| conv2_sd2                | conv2_sdc                                                                            | 2 (L3 memory cuts: 1)         |
| conv2_sd3                | conv2_sdc                                                                            | 2 (L3 memory cuts: 1)         |
| conv2_sdc                | conv_feature_splitter1_1                                                             | 2[RPC] (L3 memory cuts: 2)    |
| conv2_sdc                | conv_feature_splitter1_2                                                             | 2[RPC] (L3 memory cuts: 2)    |
| conv_feature_splitter1_1 | concat1                                                                              | 7 (L3 memory cuts: 1)         |
| conv_feature_splitter1_2 | conv4                                                                                | 7 (L3 memory cuts: 1)         |
| conv_feature_splitter1_2 | ew_add1                                                                              | 7 (L3 memory cuts: 1)         |
| conv_feature_splitter1_2 | concat1                                                                              | 7 (L3 memory cuts: 1)         |
| conv4                    | conv5                                                                                | 3[RPC] (L3 memory cuts: 3)    |
| conv5                    | ew_add1                                                                              | 2[RPC] (L3 memory cuts: 2)    |
| ew_add1                  | concat1                                                                              | 3 (L3 memory cuts: 1)         |
| concat1                  | conv6                                                                                | 4[S] (L3 memory cuts: 1)      |
| conv6                    | conv7_ws                                                                             | 2[RPC] (L3 memory cuts: 2)    |
| conv7_ws                 | conv7_sd0                                                                            | 2[RPC] (L3 memory cuts: 2)    |
| conv7_ws                 | conv7_sd1                                                                            | 2[RPC] (L3 memory cuts: 2)    |
| conv7_ws                 | conv7_sd2                                                                            | 2[RPC] (L3 memory cuts: 2)    |
| conv7_ws                 | conv7_sd3                                                                            | 2[RPC] (L3 memory cuts: 2)    |
| conv7_sd0                | conv7_sdc                                                                            | 1 (L3 memory cuts: 1)         |
| conv7_sd1                | conv7_sdc                                                                            | 1 (L3 memory cuts: 1)         |
| conv7_sd2                | conv7_sdc                                                                            | 1 (L3 memory cuts: 1)         |
| conv7_sd3                | conv7_sdc                                                                            | 1 (L3 memory cuts: 1)         |
| conv7_sdc                | conv_feature_splitter2_1                                                             | 1 (L3 memory cuts: 1)         |
| conv7_sdc                | conv_feature_splitter2_2                                                             | 1 (L3 memory cuts: 1)         |
| conv_feature_splitter2_1 | concat2                                                                              | 6 (L3 memory cuts: 1)         |
| conv_feature_splitter2_2 | conv9                                                                                | 6 (L3 memory cuts: 1)         |
| conv_feature_splitter2_2 | ew_add2                                                                              | 6 (L3 memory cuts: 1)         |
| conv_feature_splitter2_2 | concat2                                                                              | 6 (L3 memory cuts: 1)         |
| conv9                    | conv10                                                                               | 9[S] (L3 memory cuts: 1)      |
| conv10                   | ew_add2                                                                              | 2 (L3 memory cuts: 1)         |
| ew_add2                  | concat2                                                                              | 2 (L3 memory cuts: 1)         |
| concat2                  | conv11                                                                               | 3[S] (L3 memory cuts: 1)      |
| conv11                   | conv12_ws                                                                            | 2[RPC] (L3 memory cuts: 2)    |
| conv11                   | gate_rescue_repair_gate_rescue_repair_context_0_to_gate_rescue_repair_context_1_2332 | 2[RPC] (L3 memory cuts: 2)    |
| conv12_ws                | conv12_sd0                                                                           | 2 (L3 memory cuts: 1)         |
| conv12_ws                | conv12_sd1                                                                           | 2 (L3 memory cuts: 1)         |
| conv12_sd0               | conv12_sdc                                                                           | 1[RPC] (L3 memory cuts: 1)    |
| conv12_sd1               | conv12_sdc                                                                           | 1 (L3 memory cuts: 1)         |
| conv12_sdc               | conv_feature_splitter3_1                                                             | 2[RPC] (L3 memory cuts: 2)    |
| conv12_sdc               | conv_feature_splitter3_2                                                             | 2[RPC] (L3 memory cuts: 2)    |
| conv_feature_splitter3_1 | concat4                                                                              | 39[S] (L3 memory cuts: 1)     |
| conv_feature_splitter3_2 | conv14                                                                               | 39[S] (L3 memory cuts: 1)     |
| conv_feature_splitter3_2 | conv15                                                                               | 39[S] (L3 memory cuts: 1)     |
| conv_feature_splitter3_2 | concat4                                                                              | 39[S] (L3 memory cuts: 1)     |
| conv14                   | conv16                                                                               | 5 (L3 memory cuts: 1)         |
| conv14                   | ew_add3                                                                              | 5 (L3 memory cuts: 1)         |
| conv16                   | conv17                                                                               | 5[S] (L3 memory cuts: 1)      |
| conv17                   | ew_add3                                                                              | 1 (L3 memory cuts: 1)         |
| ew_add3                  | conv18                                                                               | 4 (L3 memory cuts: 1)         |
| ew_add3                  | ew_add4                                                                              | 4 (L3 memory cuts: 1)         |
| conv18                   | conv19                                                                               | 5[S] (L3 memory cuts: 1)      |
| conv19                   | ew_add4                                                                              | 1 (L3 memory cuts: 1)         |
| ew_add4                  | concat3                                                                              | 3 (L3 memory cuts: 1)         |
| conv15                   | concat3                                                                              | 9 (L3 memory cuts: 1)         |
| concat3                  | conv20                                                                               | 2[S] (L3 memory cuts: 1)      |
| conv20                   | concat4                                                                              | 1[S] (L3 memory cuts: 1)      |
| concat4                  | conv21                                                                               | 1[S][RPC] (L3 memory cuts: 1) |
| conv21                   | conv22                                                                               | 3 (L3 memory cuts: 1)         |
| conv21                   | gate_rescue_repair_gate_rescue_repair_context_0_to_gate_rescue_repair_context_1_2334 | 3 (L3 memory cuts: 1)         |
| conv22                   | conv_feature_splitter4_1                                                             | 2 (L3 memory cuts: 1)         |
| conv22                   | conv_feature_splitter4_2                                                             | 2 (L3 memory cuts: 1)         |
| conv_feature_splitter4_1 | concat6                                                                              | 30[S] (L3 memory cuts: 1)     |
| conv_feature_splitter4_2 | conv24                                                                               | 30[S] (L3 memory cuts: 1)     |
| conv_feature_splitter4_2 | conv25                                                                               | 30[S] (L3 memory cuts: 1)     |
| conv_feature_splitter4_2 | concat6                                                                              | 30[S] (L3 memory cuts: 1)     |
| conv24                   | conv26                                                                               | 6 (L3 memory cuts: 1)         |
| conv24                   | ew_add5                                                                              | 6 (L3 memory cuts: 1)         |
| conv26                   | conv27                                                                               | 6[S] (L3 memory cuts: 1)      |
| conv27                   | ew_add5                                                                              | 1 (L3 memory cuts: 1)         |
| ew_add5                  | conv28                                                                               | 4 (L3 memory cuts: 1)         |
| ew_add5                  | ew_add6                                                                              | 4 (L3 memory cuts: 1)         |
| conv28                   | conv29                                                                               | 6[S] (L3 memory cuts: 1)      |
| conv29                   | ew_add6                                                                              | 1 (L3 memory cuts: 1)         |
| ew_add6                  | concat5                                                                              | 2 (L3 memory cuts: 1)         |
| conv25                   | concat5                                                                              | 11 (L3 memory cuts: 1)        |
| concat5                  | conv30                                                                               | 2[S] (L3 memory cuts: 1)      |
| conv30                   | concat6                                                                              | 1[S] (L3 memory cuts: 1)      |
| concat6                  | conv31                                                                               | 1[S] (L3 memory cuts: 1)      |
| conv31                   | conv32                                                                               | 1[S][RPC] (L3 memory cuts: 1) |
| conv32                   | maxpool1                                                                             | 7 (L3 memory cuts: 1)         |
| conv32                   | concat7                                                                              | 11 (L3 memory cuts: 2)        |
| maxpool1                 | maxpool2                                                                             | 9 (L3 memory cuts: 1)         |
| maxpool1                 | concat7                                                                              | 9 (L3 memory cuts: 1)         |
| maxpool2                 | maxpool3                                                                             | 7 (L3 memory cuts: 1)         |
| maxpool2                 | concat7                                                                              | 7 (L3 memory cuts: 1)         |
| maxpool3                 | concat7                                                                              | 3 (L3 memory cuts: 1)         |
| concat7                  | conv33                                                                               | 2[S] (L3 memory cuts: 1)      |
| conv33                   | conv_feature_splitter5_1                                                             | 1[S] (L3 memory cuts: 1)      |
| conv33                   | conv_feature_splitter5_2                                                             | 1[S] (L3 memory cuts: 1)      |
| conv_feature_splitter5_1 | gate_rescue_repair_gate_rescue_repair_context_0_to_gate_rescue_repair_context_1_2336 | 1 (L3 memory cuts: 1)         |
| conv_feature_splitter5_2 | conv_feature_splitter6_1                                                             | 1[RPC] (L3 memory cuts: 1)    |
| conv_feature_splitter5_2 | conv_feature_splitter6_2                                                             | 1[RPC] (L3 memory cuts: 1)    |
| conv_feature_splitter5_2 | conv_feature_splitter6_3                                                             | 2[RPC] (L3 memory cuts: 2)    |
| conv_feature_splitter5_2 | gate_rescue_repair_gate_rescue_repair_context_0_to_gate_rescue_repair_context_1_2338 | 1[RPC] (L3 memory cuts: 1)    |
| conv_feature_splitter6_1 | gate_rescue_repair_gate_rescue_repair_context_0_to_gate_rescue_repair_context_1_2340 | 1 (L3 memory cuts: 1)         |
| conv_feature_splitter6_2 | gate_rescue_repair_gate_rescue_repair_context_0_to_gate_rescue_repair_context_1_2342 | 1 (L3 memory cuts: 1)         |
| conv_feature_splitter6_3 | gate_rescue_repair_gate_rescue_repair_context_0_to_gate_rescue_repair_context_1_2344 | 1 (L3 memory cuts: 1)         |
+--------------------------+--------------------------------------------------------------------------------------+-------------------------------+
[2026-09-25 06:02:35.587] [default] [info] Pre-allocation Resources for gate_rescue_repair_context_1
+--------------------------------------------------------------------------------------+-------------+-----------------------+-----------------------+----------------------+----------------+-----+-----+------+
| Node                                                                                 | Subclusters | L3 Weight Memory Cuts | L3 Output Memory Cuts | L3 Input Memory Cuts | L4 Memory Cuts | IBs | OBs | APUs |
+--------------------------------------------------------------------------------------+-------------+-----------------------+-----------------------+----------------------+----------------+-----+-----+------+
| gate_rescue_repair_gate_rescue_repair_context_0_to_gate_rescue_repair_context_1_2333 | 0           | 0                     | 0                     | 0                    | 0.500          | 0   | 0   | 0    |
| gate_rescue_repair_gate_rescue_repair_context_0_to_gate_rescue_repair_context_1_2335 | 0           | 0                     | 0                     | 0                    | 0.500          | 0   | 0   | 0    |
| gate_rescue_repair_gate_rescue_repair_context_0_to_gate_rescue_repair_context_1_2337 | 0           | 0                     | 0                     | 0                    | 0.500          | 0   | 0   | 0    |
| gate_rescue_repair_gate_rescue_repair_context_0_to_gate_rescue_repair_context_1_2339 | 0           | 0                     | 0                     | 0                    | 0.500          | 0   | 0   | 0    |
| gate_rescue_repair_gate_rescue_repair_context_0_to_gate_rescue_repair_context_1_2341 | 0           | 0                     | 0                     | 0                    | 0.500          | 0   | 0   | 0    |
| gate_rescue_repair_gate_rescue_repair_context_0_to_gate_rescue_repair_context_1_2343 | 0           | 0                     | 0                     | 0                    | 0.500          | 0   | 0   | 0    |
| matmul1                                                                              | 1           | 0                     | 4                     | 0                    | 0.000          | 0   | 0   | 1    |
| reduce_max_softmax1                                                                  | 1           | 0                     | 1                     | 2                    | 0.000          | 0   | 0   | 1    |
| ew_sub_softmax1                                                                      | 1           | 1                     | 2                     | 3                    | 0.000          | 0   | 0   | 1    |
| reduce_sum_softmax1                                                                  | 1           | 0                     | 1                     | 1                    | 0.000          | 0   | 0   | 1    |
| ew_mult_softmax1                                                                     | 1           | 0                     | 2                     | 2                    | 0.000          | 0   | 0   | 1    |
| gate_rescue_repair_gate_rescue_repair_context_0_to_gate_rescue_repair_context_1_2345 | 0           | 0                     | 0                     | 0                    | 0.500          | 0   | 0   | 0    |
| activation1                                                                          | 1           | 1                     | 1                     | 0                    | 0.000          | 0   | 0   | 1    |
| matmul2_reshape                                                                      | 1           | 0                     | 4                     | 1                    | 0.000          | 0   | 0   | 1    |
| matmul2                                                                              | 2           | 0                     | 1                     | 2                    | 0.000          | 0   | 0   | 1    |
| dw1_defuse_width_feature_reshape                                                     | 1           | 0                     | 1                     | 0                    | 0.000          | 0   | 0   | 1    |
| dw1_defuse_reshape_hxf_to_w_transposed                                               | 1           | 0                     | 18                    | 1                    | 0.000          | 0   | 0   | 1    |
| dw1_defuse_1x1                                                                       | 1           | 1                     | 1                     | 19                   | 0.000          | 0   | 0   | 1    |
| conv36                                                                               | 1           | 1                     | 2                     | 1                    | 0.000          | 0   | 0   | 1    |
| conv37                                                                               | 1           | 1                     | 1                     | 1                    | 0.000          | 0   | 0   | 1    |
| conv38                                                                               | 1           | 1                     | 1                     | 2                    | 0.000          | 0   | 0   | 1    |
| concat8                                                                              | 1           | 0                     | 1                     | 1                    | 0.000          | 0   | 0   | 1    |
| conv39                                                                               | 2           | 2                     | 4                     | 1                    | 0.000          | 0   | 0   | 1    |
| resize1                                                                              | 1           | 0                     | 1                     | 1                    | 0.000          | 0   | 0   | 1    |
| concat9                                                                              | 1           | 0                     | 2                     | 1                    | 0.000          | 0   | 0   | 1    |
| conv_feature_splitter7_1                                                             | 2           | 2                     | 9                     | 1                    | 0.000          | 0   | 0   | 1    |
| conv_feature_splitter7_2                                                             | 2           | 2                     | 23                    | 1                    | 0.000          | 0   | 0   | 1    |
| conv41                                                                               | 2           | 1                     | 1                     | 6                    | 0.000          | 0   | 0   | 1    |
| conv42                                                                               | 2           | 1                     | 2                     | 1                    | 0.000          | 0   | 0   | 1    |
| ew_add10                                                                             | 1           | 1                     | 1                     | 10                   | 0.000          | 0   | 0   | 1    |
| concat10                                                                             | 1           | 0                     | 1                     | 19                   | 0.000          | 0   | 0   | 1    |
| conv43                                                                               | 2           | 2                     | 14                    | 1                    | 0.000          | 0   | 0   | 1    |
| resize2                                                                              | 1           | 0                     | 2                     | 7                    | 0.000          | 0   | 0   | 1    |
| concat11                                                                             | 1           | 0                     | 4                     | 2                    | 0.000          | 0   | 0   | 1    |
| conv_feature_splitter8_1                                                             | 4           | 4                     | 1                     | 2                    | 0.000          | 0   | 0   | 1    |
| conv_feature_splitter8_2                                                             | 4           | 2                     | 18                    | 2                    | 0.000          | 0   | 0   | 1    |
| conv45                                                                               | 2           | 2                     | 1                     | 6                    | 0.000          | 0   | 0   | 1    |
| conv46                                                                               | 2           | 1                     | 1                     | 1                    | 0.000          | 0   | 0   | 1    |
| ew_add11                                                                             | 1           | 1                     | 1                     | 7                    | 0.000          | 0   | 0   | 1    |
| concat12                                                                             | 1           | 0                     | 1                     | 8                    | 0.000          | 0   | 0   | 1    |
| conv47                                                                               | 3           | 3                     | 2                     | 1                    | 0.000          | 0   | 0   | 1    |
| conv48                                                                               | 4           | 4                     | 1                     | 1                    | 0.000          | 0   | 0   | 1    |
| sh_from_conv47_to_conv49_d0-1_dw2_sd0-1_2356                                         | 1           | 0                     | 4                     | 1                    | 0.000          | 0   | 0   | 1    |
| conv49_d0                                                                            | 8           | 4                     | 4                     | 1                    | 0.000          | 0   | 0   | 1    |
| conv49_d1                                                                            | 8           | 4                     | 4                     | 1                    | 0.000          | 0   | 0   | 1    |
| conv49_dc                                                                            | 1           | 0                     | 2                     | 8                    | 0.000          | 0   | 0   | 1    |
| conv50_d0                                                                            | 8           | 4                     | 4                     | 1                    | 0.000          | 0   | 0   | 1    |
| conv50_d1                                                                            | 8           | 4                     | 4                     | 1                    | 0.000          | 0   | 0   | 1    |
| conv50_dc                                                                            | 1           | 0                     | 1                     | 8                    | 0.000          | 0   | 0   | 1    |
| conv51                                                                               | 2           | 1                     | 1                     | 1                    | 0.000          | 0   | 0   | 1    |
| output_from_conv51_to_yolov8_nms_postprocess                                         | 0           | 0                     | 0                     | 0                    | 0.500          | 0   | 0   | 0    |
| dw2_sd0                                                                              | 2           | 1                     | 1                     | 1                    | 0.000          | 0   | 0   | 1    |
| dw2_sd1                                                                              | 2           | 1                     | 1                     | 1                    | 0.000          | 0   | 0   | 1    |
| dw2_sdc                                                                              | 1           | 0                     | 1                     | 2                    | 0.000          | 0   | 0   | 1    |
| conv52                                                                               | 2           | 1                     | 2                     | 1                    | 0.000          | 0   | 0   | 1    |
| dw3_sd0                                                                              | 2           | 1                     | 1                     | 1                    | 0.000          | 0   | 0   | 1    |
| dw3_sd1                                                                              | 2           | 1                     | 1                     | 1                    | 0.000          | 0   | 0   | 1    |
| dw3_sdc                                                                              | 1           | 0                     | 1                     | 2                    | 0.000          | 0   | 0   | 1    |
| conv53                                                                               | 2           | 1                     | 3                     | 1                    | 0.000          | 0   | 0   | 1    |
| conv54                                                                               | 1           | 1                     | 1                     | 3                    | 0.000          | 0   | 0   | 1    |
| output_from_conv54_to_yolov8_nms_postprocess                                         | 0           | 0                     | 0                     | 0                    | 0.500          | 0   | 0   | 0    |
| concat13                                                                             | 1           | 0                     | 2                     | 8                    | 0.000          | 0   | 0   | 1    |
| conv_feature_splitter9_1                                                             | 1           | 1                     | 7                     | 1                    | 0.000          | 0   | 0   | 1    |
| conv_feature_splitter9_2                                                             | 1           | 1                     | 16                    | 1                    | 0.000          | 0   | 0   | 1    |
| conv56                                                                               | 2           | 1                     | 1                     | 3                    | 0.000          | 0   | 0   | 1    |
| conv57                                                                               | 2           | 1                     | 2                     | 1                    | 0.000          | 0   | 0   | 1    |
| ew_add12                                                                             | 1           | 1                     | 1                     | 8                    | 0.000          | 0   | 0   | 1    |
| concat14                                                                             | 1           | 0                     | 1                     | 15                   | 0.000          | 0   | 0   | 1    |
| conv58                                                                               | 2           | 2                     | 9                     | 1                    | 0.000          | 0   | 0   | 1    |
| conv59                                                                               | 6           | 6                     | 1                     | 3                    | 0.000          | 0   | 0   | 1    |
| conv60                                                                               | 8           | 4                     | 1                     | 3                    | 0.000          | 0   | 0   | 1    |
| conv61                                                                               | 4           | 2                     | 4                     | 1                    | 0.000          | 0   | 0   | 1    |
| conv62                                                                               | 1           | 1                     | 1                     | 4                    | 0.000          | 0   | 0   | 1    |
| output_from_conv62_to_yolov8_nms_postprocess                                         | 0           | 0                     | 0                     | 0                    | 0.500          | 0   | 0   | 0    |
| dw4                                                                                  | 2           | 1                     | 1                     | 3                    | 0.000          | 0   | 0   | 1    |
| conv63                                                                               | 1           | 1                     | 1                     | 1                    | 0.000          | 0   | 0   | 1    |
| dw5                                                                                  | 1           | 1                     | 1                     | 1                    | 0.000          | 0   | 0   | 1    |
| conv64                                                                               | 1           | 1                     | 1                     | 1                    | 0.000          | 0   | 0   | 1    |
| conv65                                                                               | 1           | 1                     | 1                     | 1                    | 0.000          | 0   | 0   | 1    |
| output_from_conv65_to_yolov8_nms_postprocess                                         | 0           | 0                     | 0                     | 0                    | 0.500          | 0   | 0   | 0    |
| concat15                                                                             | 1           | 0                     | 2                     | 4                    | 0.000          | 0   | 0   | 1    |
| conv_feature_splitter10_1                                                            | 2           | 2                     | 1                     | 1                    | 0.000          | 0   | 0   | 1    |
| gate_rescue_repair_gate_rescue_repair_context_1_to_gate_rescue_repair_context_2_2347 | 0           | 0                     | 0                     | 0                    | 0.500          | 0   | 0   | 0    |
| conv_feature_splitter10_2                                                            | 2           | 2                     | 3                     | 1                    | 0.000          | 0   | 0   | 1    |
| conv67                                                                               | 1           | 1                     | 2                     | 1                    | 0.000          | 0   | 0   | 1    |
| conv69                                                                               | 2           | 2                     | 1                     | 1                    | 0.000          | 0   | 0   | 1    |
| conv70                                                                               | 2           | 2                     | 1                     | 1                    | 0.000          | 0   | 0   | 1    |
| ew_add13                                                                             | 1           | 1                     | 1                     | 2                    | 0.000          | 0   | 0   | 1    |
| gate_rescue_repair_gate_rescue_repair_context_1_to_gate_rescue_repair_context_2_2353 | 0           | 0                     | 0                     | 0                    | 0.500          | 0   | 0   | 0    |
| conv68                                                                               | 1           | 1                     | 1                     | 1                    | 0.000          | 0   | 0   | 1    |
| gate_rescue_repair_gate_rescue_repair_context_1_to_gate_rescue_repair_context_2_2351 | 0           | 0                     | 0                     | 0                    | 0.500          | 0   | 0   | 0    |
| gate_rescue_repair_gate_rescue_repair_context_1_to_gate_rescue_repair_context_2_2349 | 0           | 0                     | 0                     | 0                    | 0.500          | 0   | 0   | 0    |
+--------------------------------------------------------------------------------------+-------------+-----------------------+-----------------------+----------------------+----------------+-----+-----+------+
TOTAL:  LCUs: 77 (60.1562%), Subclusters: 155 (30.2734%), Weight memory cuts: 94 (9.17969%), L3 Output memory cuts: 230 (22.4609%), L3 Input memory cuts: 218 (21.2891%), L3 total cuts: 324 (31.6406%), L4 memory cuts: 0 (0%), IBs: 0 (0%), OBs: 0 (0%), APUs: 77 (48.125%)
[2026-09-25 06:02:35.600] [default] [info] Pre-allocation buffers for gate_rescue_repair_context_1 buffers:
+--------------------------------------------------------------------------------------+--------------------------------------------------------------------------------------+-------------------------------+
| Src                                                                                  | Dst                                                                                  | Buffers                       |
+--------------------------------------------------------------------------------------+--------------------------------------------------------------------------------------+-------------------------------+
| gate_rescue_repair_gate_rescue_repair_context_0_to_gate_rescue_repair_context_1_2333 | concat11                                                                             | 13 (L3 memory cuts: 5)        |
| gate_rescue_repair_gate_rescue_repair_context_0_to_gate_rescue_repair_context_1_2335 | concat9                                                                              | 4 (L3 memory cuts: 1)         |
| gate_rescue_repair_gate_rescue_repair_context_0_to_gate_rescue_repair_context_1_2337 | concat8                                                                              | 3 (L3 memory cuts: 1)         |
| gate_rescue_repair_gate_rescue_repair_context_0_to_gate_rescue_repair_context_1_2339 | conv36                                                                               | 3 (L3 memory cuts: 1)         |
| gate_rescue_repair_gate_rescue_repair_context_0_to_gate_rescue_repair_context_1_2341 | matmul1                                                                              | 2 (L3 memory cuts: 1)         |
| gate_rescue_repair_gate_rescue_repair_context_0_to_gate_rescue_repair_context_1_2343 | matmul1                                                                              | 40 (L3 memory cuts: 2)        |
| matmul1                                                                              | reduce_max_softmax1                                                                  | 2[RPC] (L3 memory cuts: 2)    |
| matmul1                                                                              | ew_sub_softmax1                                                                      | 2[RPC] (L3 memory cuts: 2)    |
| reduce_max_softmax1                                                                  | ew_sub_softmax1                                                                      | 1 (L3 memory cuts: 1)         |
| ew_sub_softmax1                                                                      | reduce_sum_softmax1                                                                  | 1 (L3 memory cuts: 1)         |
| ew_sub_softmax1                                                                      | ew_mult_softmax1                                                                     | 1 (L3 memory cuts: 1)         |
| reduce_sum_softmax1                                                                  | ew_mult_softmax1                                                                     | 2 (L3 memory cuts: 1)         |
| ew_mult_softmax1                                                                     | matmul2                                                                              | 3 (L3 memory cuts: 2)         |
| gate_rescue_repair_gate_rescue_repair_context_0_to_gate_rescue_repair_context_1_2345 | activation1                                                                          | 2 (L3 memory cuts: 1)         |
| gate_rescue_repair_gate_rescue_repair_context_0_to_gate_rescue_repair_context_1_2345 | dw1_defuse_width_feature_reshape                                                     | 2 (L3 memory cuts: 1)         |
| activation1                                                                          | matmul2_reshape                                                                      | 1 (L3 memory cuts: 1)         |
| matmul2_reshape                                                                      | matmul2                                                                              | 40 (L3 memory cuts: 4)        |
| matmul2                                                                              | dw1_defuse_1x1                                                                       | 3 (L3 memory cuts: 1)         |
| dw1_defuse_width_feature_reshape                                                     | dw1_defuse_reshape_hxf_to_w_transposed                                               | 5 (L3 memory cuts: 1)         |
| dw1_defuse_reshape_hxf_to_w_transposed                                               | dw1_defuse_1x1                                                                       | 21 (L3 memory cuts: 18)       |
| dw1_defuse_1x1                                                                       | conv36                                                                               | 4 (L3 memory cuts: 1)         |
| conv36                                                                               | conv37                                                                               | 3[S] (L3 memory cuts: 1)      |
| conv36                                                                               | conv38                                                                               | 3[S] (L3 memory cuts: 1)      |
| conv37                                                                               | conv38                                                                               | 2[S] (L3 memory cuts: 1)      |
| conv38                                                                               | concat8                                                                              | 2 (L3 memory cuts: 1)         |
| concat8                                                                              | conv39                                                                               | 2[S] (L3 memory cuts: 1)      |
| conv39                                                                               | resize1                                                                              | 2 (L3 memory cuts: 1)         |
| conv39                                                                               | concat15                                                                             | 14 (L3 memory cuts: 3)        |
| resize1                                                                              | concat9                                                                              | 3 (L3 memory cuts: 1)         |
| concat9                                                                              | conv_feature_splitter7_1                                                             | 2[S] (L3 memory cuts: 1)      |
| concat9                                                                              | conv_feature_splitter7_2                                                             | 2[S] (L3 memory cuts: 1)      |
| conv_feature_splitter7_1                                                             | concat10                                                                             | 9[RPC] (L3 memory cuts: 9)    |
| conv_feature_splitter7_2                                                             | conv41                                                                               | 6[RPC] (L3 memory cuts: 6)    |
| conv_feature_splitter7_2                                                             | ew_add10                                                                             | 8[RPC] (L3 memory cuts: 8)    |
| conv_feature_splitter7_2                                                             | concat10                                                                             | 9[RPC] (L3 memory cuts: 9)    |
| conv41                                                                               | conv42                                                                               | 11[S] (L3 memory cuts: 1)     |
| conv42                                                                               | ew_add10                                                                             | 2[RPC] (L3 memory cuts: 2)    |
| ew_add10                                                                             | concat10                                                                             | 2 (L3 memory cuts: 1)         |
| concat10                                                                             | conv43                                                                               | 3[S] (L3 memory cuts: 1)      |
| conv43                                                                               | resize2                                                                              | 7[RPC] (L3 memory cuts: 7)    |
| conv43                                                                               | concat13                                                                             | 7[RPC] (L3 memory cuts: 7)    |
| resize2                                                                              | concat11                                                                             | 2[RPC] (L3 memory cuts: 2)    |
| concat11                                                                             | conv_feature_splitter8_1                                                             | 2[RPC] (L3 memory cuts: 2)    |
| concat11                                                                             | conv_feature_splitter8_2                                                             | 2[RPC] (L3 memory cuts: 2)    |
| conv_feature_splitter8_1                                                             | concat12                                                                             | 6 (L3 memory cuts: 1)         |
| conv_feature_splitter8_2                                                             | conv45                                                                               | 6[RPC] (L3 memory cuts: 6)    |
| conv_feature_splitter8_2                                                             | ew_add11                                                                             | 6[RPC] (L3 memory cuts: 6)    |
| conv_feature_splitter8_2                                                             | concat12                                                                             | 6[RPC] (L3 memory cuts: 6)    |
| conv45                                                                               | conv46                                                                               | 7[S] (L3 memory cuts: 1)      |
| conv46                                                                               | ew_add11                                                                             | 2 (L3 memory cuts: 1)         |
| ew_add11                                                                             | concat12                                                                             | 2 (L3 memory cuts: 1)         |
| concat12                                                                             | conv47                                                                               | 2[S] (L3 memory cuts: 1)      |
| conv47                                                                               | conv48                                                                               | 3 (L3 memory cuts: 1)         |
| conv47                                                                               | sh_from_conv47_to_conv49_d0-1_dw2_sd0-1_2356                                         | 3 (L3 memory cuts: 1)         |
| conv48                                                                               | concat13                                                                             | 2 (L3 memory cuts: 1)         |
| sh_from_conv47_to_conv49_d0-1_dw2_sd0-1_2356                                         | conv49_d0                                                                            | 2 (L3 memory cuts: 1)         |
| sh_from_conv47_to_conv49_d0-1_dw2_sd0-1_2356                                         | conv49_d1                                                                            | 2 (L3 memory cuts: 1)         |
| sh_from_conv47_to_conv49_d0-1_dw2_sd0-1_2356                                         | dw2_sd0                                                                              | 2 (L3 memory cuts: 1)         |
| sh_from_conv47_to_conv49_d0-1_dw2_sd0-1_2356                                         | dw2_sd1                                                                              | 2 (L3 memory cuts: 1)         |
| conv49_d0                                                                            | conv49_dc                                                                            | 4[S][RPC] (L3 memory cuts: 4) |
| conv49_d1                                                                            | conv49_dc                                                                            | 4[S][RPC] (L3 memory cuts: 4) |
| conv49_dc                                                                            | conv50_d0                                                                            | 9[S] (L3 memory cuts: 1)      |
| conv49_dc                                                                            | conv50_d1                                                                            | 9[S] (L3 memory cuts: 1)      |
| conv50_d0                                                                            | conv50_dc                                                                            | 4[S][RPC] (L3 memory cuts: 4) |
| conv50_d1                                                                            | conv50_dc                                                                            | 4[S][RPC] (L3 memory cuts: 4) |
| conv50_dc                                                                            | conv51                                                                               | 5[S] (L3 memory cuts: 1)      |
| conv51                                                                               | output_from_conv51_to_yolov8_nms_postprocess                                         | 2 (L3 memory cuts: 1)         |
| dw2_sd0                                                                              | dw2_sdc                                                                              | 2 (L3 memory cuts: 1)         |
| dw2_sd1                                                                              | dw2_sdc                                                                              | 2 (L3 memory cuts: 1)         |
| dw2_sdc                                                                              | conv52                                                                               | 2 (L3 memory cuts: 1)         |
| conv52                                                                               | dw3_sd0                                                                              | 2 (L3 memory cuts: 1)         |
| conv52                                                                               | dw3_sd1                                                                              | 2 (L3 memory cuts: 1)         |
| dw3_sd0                                                                              | dw3_sdc                                                                              | 2 (L3 memory cuts: 1)         |
| dw3_sd1                                                                              | dw3_sdc                                                                              | 2 (L3 memory cuts: 1)         |
| dw3_sdc                                                                              | conv53                                                                               | 2 (L3 memory cuts: 1)         |
| conv53                                                                               | conv54                                                                               | 3[S][RPC] (L3 memory cuts: 3) |
| conv54                                                                               | output_from_conv54_to_yolov8_nms_postprocess                                         | 1 (L3 memory cuts: 1)         |
| concat13                                                                             | conv_feature_splitter9_1                                                             | 2[S] (L3 memory cuts: 1)      |
| concat13                                                                             | conv_feature_splitter9_2                                                             | 2[S] (L3 memory cuts: 1)      |
| conv_feature_splitter9_1                                                             | concat14                                                                             | 7[RPC] (L3 memory cuts: 7)    |
| conv_feature_splitter9_2                                                             | conv56                                                                               | 3[RPC] (L3 memory cuts: 3)    |
| conv_feature_splitter9_2                                                             | ew_add12                                                                             | 6[RPC] (L3 memory cuts: 6)    |
| conv_feature_splitter9_2                                                             | concat14                                                                             | 7[RPC] (L3 memory cuts: 7)    |
| conv56                                                                               | conv57                                                                               | 11[S] (L3 memory cuts: 1)     |
| conv57                                                                               | ew_add12                                                                             | 2[RPC] (L3 memory cuts: 2)    |
| ew_add12                                                                             | concat14                                                                             | 2 (L3 memory cuts: 1)         |
| concat14                                                                             | conv58                                                                               | 3[S] (L3 memory cuts: 1)      |
| conv58                                                                               | conv59                                                                               | 3[RPC] (L3 memory cuts: 3)    |
| conv58                                                                               | conv60                                                                               | 3[RPC] (L3 memory cuts: 3)    |
| conv58                                                                               | dw4                                                                                  | 3[RPC] (L3 memory cuts: 3)    |
| conv59                                                                               | concat15                                                                             | 2 (L3 memory cuts: 1)         |
| conv60                                                                               | conv61                                                                               | 10[S] (L3 memory cuts: 1)     |
| conv61                                                                               | conv62                                                                               | 4[S][RPC] (L3 memory cuts: 4) |
| conv62                                                                               | output_from_conv62_to_yolov8_nms_postprocess                                         | 1 (L3 memory cuts: 1)         |
| dw4                                                                                  | conv63                                                                               | 2 (L3 memory cuts: 1)         |
| conv63                                                                               | dw5                                                                                  | 4 (L3 memory cuts: 1)         |
| dw5                                                                                  | conv64                                                                               | 3 (L3 memory cuts: 1)         |
| conv64                                                                               | conv65                                                                               | 1[S] (L3 memory cuts: 1)      |
| conv65                                                                               | output_from_conv65_to_yolov8_nms_postprocess                                         | 1 (L3 memory cuts: 1)         |
| concat15                                                                             | conv_feature_splitter10_1                                                            | 2[S] (L3 memory cuts: 1)      |
| concat15                                                                             | conv_feature_splitter10_2                                                            | 2[S] (L3 memory cuts: 1)      |
| conv_feature_splitter10_1                                                            | gate_rescue_repair_gate_rescue_repair_context_1_to_gate_rescue_repair_context_2_2347 | 1 (L3 memory cuts: 1)         |
| conv_feature_splitter10_2                                                            | conv67                                                                               | 1 (L3 memory cuts: 1)         |
| conv_feature_splitter10_2                                                            | conv68                                                                               | 1 (L3 memory cuts: 1)         |
| conv_feature_splitter10_2                                                            | gate_rescue_repair_gate_rescue_repair_context_1_to_gate_rescue_repair_context_2_2349 | 1 (L3 memory cuts: 1)         |
| conv67                                                                               | conv69                                                                               | 4 (L3 memory cuts: 1)         |
| conv67                                                                               | ew_add13                                                                             | 4 (L3 memory cuts: 1)         |
| conv69                                                                               | conv70                                                                               | 5[S] (L3 memory cuts: 1)      |
| conv70                                                                               | ew_add13                                                                             | 1 (L3 memory cuts: 1)         |
| ew_add13                                                                             | gate_rescue_repair_gate_rescue_repair_context_1_to_gate_rescue_repair_context_2_2353 | 1 (L3 memory cuts: 1)         |
| conv68                                                                               | gate_rescue_repair_gate_rescue_repair_context_1_to_gate_rescue_repair_context_2_2351 | 1 (L3 memory cuts: 1)         |
+--------------------------------------------------------------------------------------+--------------------------------------------------------------------------------------+-------------------------------+
[2026-09-25 06:02:35.668] [default] [info] Pre-allocation Resources for gate_rescue_repair_context_2
+--------------------------------------------------------------------------------------+-------------+-----------------------+-----------------------+----------------------+----------------+-----+-----+------+
| Node                                                                                 | Subclusters | L3 Weight Memory Cuts | L3 Output Memory Cuts | L3 Input Memory Cuts | L4 Memory Cuts | IBs | OBs | APUs |
+--------------------------------------------------------------------------------------+-------------+-----------------------+-----------------------+----------------------+----------------+-----+-----+------+
| gate_rescue_repair_gate_rescue_repair_context_1_to_gate_rescue_repair_context_2_2348 | 0           | 0                     | 0                     | 0                    | 0.500          | 0   | 0   | 0    |
| gate_rescue_repair_gate_rescue_repair_context_1_to_gate_rescue_repair_context_2_2350 | 0           | 0                     | 0                     | 0                    | 0.500          | 0   | 0   | 0    |
| gate_rescue_repair_gate_rescue_repair_context_1_to_gate_rescue_repair_context_2_2352 | 0           | 0                     | 0                     | 0                    | 0.500          | 0   | 0   | 0    |
| gate_rescue_repair_gate_rescue_repair_context_1_to_gate_rescue_repair_context_2_2354 | 0           | 0                     | 0                     | 0                    | 0.500          | 0   | 0   | 0    |
| conv71                                                                               | 3           | 3                     | 1                     | 0                    | 0.000          | 0   | 0   | 1    |
| conv72                                                                               | 3           | 3                     | 1                     | 1                    | 0.000          | 0   | 0   | 1    |
| gate_rescue_repair_gate_rescue_repair_context_1_to_gate_rescue_repair_context_2_2355 | 0           | 0                     | 0                     | 0                    | 0.500          | 0   | 0   | 0    |
| ew_add14                                                                             | 1           | 1                     | 1                     | 1                    | 0.000          | 0   | 0   | 1    |
| concat16                                                                             | 1           | 0                     | 1                     | 1                    | 0.000          | 0   | 0   | 1    |
| conv73                                                                               | 1           | 1                     | 2                     | 1                    | 0.000          | 0   | 0   | 1    |
| concat17                                                                             | 1           | 0                     | 1                     | 2                    | 0.000          | 0   | 0   | 1    |
| conv74                                                                               | 7           | 7                     | 2                     | 1                    | 0.000          | 0   | 0   | 1    |
| conv75_ws                                                                            | 1           | 0                     | 3                     | 1                    | 0.000          | 0   | 0   | 1    |
| conv75_sd0                                                                           | 8           | 8                     | 1                     | 1                    | 0.000          | 0   | 0   | 1    |
| conv75_sd1                                                                           | 8           | 8                     | 1                     | 2                    | 0.000          | 0   | 0   | 1    |
| conv75_sdc                                                                           | 1           | 0                     | 2                     | 2                    | 0.000          | 0   | 0   | 1    |
| conv76                                                                               | 3           | 3                     | 1                     | 2                    | 0.000          | 0   | 0   | 1    |
| conv77                                                                               | 1           | 1                     | 1                     | 1                    | 0.000          | 0   | 0   | 1    |
| output_from_conv77_to_yolov8_nms_postprocess                                         | 0           | 0                     | 0                     | 0                    | 0.500          | 0   | 0   | 0    |
| dw6_fs                                                                               | 1           | 0                     | 2                     | 1                    | 0.000          | 0   | 0   | 1    |
| dw6_d0                                                                               | 2           | 1                     | 2                     | 1                    | 0.000          | 0   | 0   | 1    |
| dw6_d1                                                                               | 2           | 1                     | 2                     | 1                    | 0.000          | 0   | 0   | 1    |
| dw6_dc                                                                               | 1           | 0                     | 1                     | 4                    | 0.000          | 0   | 0   | 1    |
| conv78                                                                               | 1           | 1                     | 1                     | 1                    | 0.000          | 0   | 0   | 1    |
| dw7                                                                                  | 1           | 1                     | 1                     | 1                    | 0.000          | 0   | 0   | 1    |
| conv79                                                                               | 1           | 1                     | 1                     | 1                    | 0.000          | 0   | 0   | 1    |
| conv80                                                                               | 1           | 1                     | 1                     | 1                    | 0.000          | 0   | 0   | 1    |
| output_from_conv80_to_yolov8_nms_postprocess                                         | 0           | 0                     | 0                     | 0                    | 0.500          | 0   | 0   | 0    |
+--------------------------------------------------------------------------------------+-------------+-----------------------+-----------------------+----------------------+----------------+-----+-----+------+
TOTAL:  LCUs: 21 (16.4062%), Subclusters: 49 (9.57031%), Weight memory cuts: 41 (4.00391%), L3 Output memory cuts: 29 (2.83203%), L3 Input memory cuts: 27 (2.63672%), L3 total cuts: 70 (6.83594%), L4 memory cuts: 0 (0%), IBs: 0 (0%), OBs: 0 (0%), APUs: 21 (13.125%)
[2026-09-25 06:02:35.672] [default] [info] Pre-allocation buffers for gate_rescue_repair_context_2 buffers:
+--------------------------------------------------------------------------------------+----------------------------------------------+----------------------------+
| Src                                                                                  | Dst                                          | Buffers                    |
+--------------------------------------------------------------------------------------+----------------------------------------------+----------------------------+
| gate_rescue_repair_gate_rescue_repair_context_1_to_gate_rescue_repair_context_2_2348 | concat17                                     | 3 (L3 memory cuts: 1)      |
| gate_rescue_repair_gate_rescue_repair_context_1_to_gate_rescue_repair_context_2_2350 | concat17                                     | 3 (L3 memory cuts: 1)      |
| gate_rescue_repair_gate_rescue_repair_context_1_to_gate_rescue_repair_context_2_2352 | concat16                                     | 3 (L3 memory cuts: 1)      |
| gate_rescue_repair_gate_rescue_repair_context_1_to_gate_rescue_repair_context_2_2354 | conv71                                       | 4 (L3 memory cuts: 1)      |
| conv71                                                                               | conv72                                       | 5[S] (L3 memory cuts: 1)   |
| conv72                                                                               | ew_add14                                     | 2 (L3 memory cuts: 1)      |
| gate_rescue_repair_gate_rescue_repair_context_1_to_gate_rescue_repair_context_2_2355 | ew_add14                                     | 2 (L3 memory cuts: 1)      |
| ew_add14                                                                             | concat16                                     | 2 (L3 memory cuts: 1)      |
| concat16                                                                             | conv73                                       | 2[S] (L3 memory cuts: 1)   |
| conv73                                                                               | concat17                                     | 2[RPC] (L3 memory cuts: 2) |
| concat17                                                                             | conv74                                       | 2[S] (L3 memory cuts: 1)   |
| conv74                                                                               | conv75_ws                                    | 1[RPC] (L3 memory cuts: 1) |
| conv74                                                                               | dw6_fs                                       | 1[RPC] (L3 memory cuts: 1) |
| conv75_ws                                                                            | conv75_sd0                                   | 1[RPC] (L3 memory cuts: 1) |
| conv75_ws                                                                            | conv75_sd1                                   | 2[RPC] (L3 memory cuts: 2) |
| conv75_sd0                                                                           | conv75_sdc                                   | 2 (L3 memory cuts: 1)      |
| conv75_sd1                                                                           | conv75_sdc                                   | 1[RPC] (L3 memory cuts: 1) |
| conv75_sdc                                                                           | conv76                                       | 2[RPC] (L3 memory cuts: 2) |
| conv76                                                                               | conv77                                       | 1[S] (L3 memory cuts: 1)   |
| conv77                                                                               | output_from_conv77_to_yolov8_nms_postprocess | 1 (L3 memory cuts: 1)      |
| dw6_fs                                                                               | dw6_d0                                       | 1 (L3 memory cuts: 1)      |
| dw6_fs                                                                               | dw6_d1                                       | 1 (L3 memory cuts: 1)      |
| dw6_d0                                                                               | dw6_dc                                       | 2[RPC] (L3 memory cuts: 2) |
| dw6_d1                                                                               | dw6_dc                                       | 2[RPC] (L3 memory cuts: 2) |
| dw6_dc                                                                               | conv78                                       | 2[S] (L3 memory cuts: 1)   |
| conv78                                                                               | dw7                                          | 4 (L3 memory cuts: 1)      |
| dw7                                                                                  | conv79                                       | 3 (L3 memory cuts: 1)      |
| conv79                                                                               | conv80                                       | 1[S] (L3 memory cuts: 1)   |
| conv80                                                                               | output_from_conv80_to_yolov8_nms_postprocess | 1 (L3 memory cuts: 1)      |
+--------------------------------------------------------------------------------------+----------------------------------------------+----------------------------+
[2026-09-25 06:02:35.672] [default] [info] gate_rescue_repair_context_0 - Bottleneck FPS: 1070.84 (layer: conv12_sd0)
[2026-09-25 06:02:35.672] [default] [info] gate_rescue_repair_context_1 - Bottleneck FPS: 1223.86 (layer: conv50_d0)
[2026-09-25 06:02:35.672] [default] [info] gate_rescue_repair_context_2 - Bottleneck FPS: 2966.17 (layer: conv75_sd1)
[2026-09-25 06:02:36.233] [default] [info] Pre-Allocation Layers FPS: 
gate_rescue_repair_context_0: 
 
			 input_layer1: 1,302.08
			 normalization1: 1,088.78
			 conv1_ws: 2,280.67
			 conv1_sd0: 1,157.63
			 conv1_sd1: 1,158.7
			 conv1_sd2: 1,158.7
			 conv1_sd3: 1,158.7
			 conv1_sdc: 1,570.19
			 conv2_ws: 1,752.95
			 conv2_sd0: 1,154.29
			 conv2_sd1: 1,172.7
			 conv2_sd2: 1,172.7
			 conv2_sd3: 1,172.7
			 conv2_sdc: 2,705.13
			 conv_feature_splitter1_1: 1,552.67
			 conv_feature_splitter1_2: 1,552.67
			 conv4: 1,198.14
			 conv5: 1,227.36
			 ew_add1: 2,548.11
			 concat1: 2,004.5
			 conv6: 1,080.32
			 conv7_ws: 1,669.82
			 conv7_sd0: 1,287.91
			 conv7_sd1: 1,332.53
			 conv7_sd2: 1,993.4
			 conv7_sd3: 1,993.4
			 conv7_sdc: 4,236.08
			 conv_feature_splitter2_1: 1,750.54
			 conv_feature_splitter2_2: 1,750.54
			 conv9: 1,491.96
			 conv10: 1,418.14
			 ew_add2: 5,074.92
			 concat2: 4,515.13
			 conv11: 1,179.73
			 conv12_ws: 3,503.15
			 conv12_sd0: 1,070.84
			 conv12_sd1: 1,650.03
			 conv12_sdc: 8,499.97
			 conv_feature_splitter3_1: 1,800.33
			 conv_feature_splitter3_2: 1,800.33
			 conv14: 6,884.56
			 conv16: 1,520.43
			 conv17: 1,522.26
			 ew_add3: 19,783.4
			 conv18: 1,520.43
			 conv19: 1,522.26
			 ew_add4: 19,783.4
			 conv15: 6,884.56
			 concat3: 25,209.6
			 conv20: 3,337.2
			 concat4: 9,464.1
			 conv21: 1,242.46
			 conv22: 1,267.37
			 conv_feature_splitter4_1: 1,562.13
			 conv_feature_splitter4_2: 1,562.13
			 conv24: 6,088.19
			 conv26: 1,151.08
			 conv27: 1,152.38
			 ew_add5: 32,789.6
			 conv28: 1,151.08
			 conv29: 1,152.38
			 ew_add6: 32,789.6
			 conv25: 6,088.19
			 concat5: 46,152.1
			 conv30: 3,003.43
			 concat6: 16,511.9
			 conv31: 1,989.05
			 conv32: 1,575.04
			 maxpool1: 1,288.5
			 maxpool2: 1,288.5
			 maxpool3: 1,288.5
			 concat7: 12,596.4
			 conv33: 1,523.57
			 conv_feature_splitter5_1: 1,583.15
			 gate_rescue_repair_gate_rescue_repair_context_0_to_gate_rescue_repair_context_1_2336: 26,040
			 conv_feature_splitter5_2: 1,559.05
			 conv_feature_splitter6_1: 6,086.33
			 gate_rescue_repair_gate_rescue_repair_context_0_to_gate_rescue_repair_context_1_2340: 52,076.6
			 conv_feature_splitter6_2: 5,415.58
			 gate_rescue_repair_gate_rescue_repair_context_0_to_gate_rescue_repair_context_1_2342: 50,498.7
			 conv_feature_splitter6_3: 3,081.64
			 gate_rescue_repair_gate_rescue_repair_context_0_to_gate_rescue_repair_context_1_2344: 26,040
			 gate_rescue_repair_gate_rescue_repair_context_0_to_gate_rescue_repair_context_1_2338: 26,040
			 gate_rescue_repair_gate_rescue_repair_context_0_to_gate_rescue_repair_context_1_2334: 7,812.35
			 gate_rescue_repair_gate_rescue_repair_context_0_to_gate_rescue_repair_context_1_2332: 1,953.12
gate_rescue_repair_context_1: 
 
			 gate_rescue_repair_gate_rescue_repair_context_0_to_gate_rescue_repair_context_1_2333: 1,953.12
			 gate_rescue_repair_gate_rescue_repair_context_0_to_gate_rescue_repair_context_1_2335: 7,812.35
			 gate_rescue_repair_gate_rescue_repair_context_0_to_gate_rescue_repair_context_1_2337: 26,040
			 gate_rescue_repair_gate_rescue_repair_context_0_to_gate_rescue_repair_context_1_2339: 26,040
			 gate_rescue_repair_gate_rescue_repair_context_0_to_gate_rescue_repair_context_1_2341: 52,076.6
			 gate_rescue_repair_gate_rescue_repair_context_0_to_gate_rescue_repair_context_1_2343: 50,498.7
			 matmul1: 1,383.78
			 reduce_max_softmax1: 8,196.89
			 ew_sub_softmax1: 3,560.02
			 reduce_sum_softmax1: 8,237.4
			 ew_mult_softmax1: 4,150.28
			 gate_rescue_repair_gate_rescue_repair_context_0_to_gate_rescue_repair_context_1_2345: 26,040
			 activation1: 18,131.5
			 matmul2_reshape: 25,479.3
			 dw1_defuse_width_feature_reshape: 23,319.5
			 dw1_defuse_reshape_hxf_to_w_transposed: 2,877.49
 
			 matmul2: 2,043.08
			 dw1_defuse_1x1: 3,463.11
			 conv36: 2,839.68
			 conv37: 1,502.96
			 conv38: 1,411.53
			 concat8: 24,469.3
			 conv39: 1,559.33
			 resize1: 2,595.73
			 concat9: 4,970.98
			 conv_feature_splitter7_1: 1,268.31
			 conv_feature_splitter7_2: 1,247.72
			 conv41: 1,299.47
			 conv42: 1,263.84
			 ew_add10: 10,065.7
			 concat10: 9,636
			 conv43: 1,242.46
			 resize2: 1,496.9
			 concat11: 1,939.31
			 conv_feature_splitter8_1: 1,847.57
			 conv_feature_splitter8_2: 1,250.54
			 conv45: 1,491.96
			 conv46: 1,418.14
			 ew_add11: 5,074.92
			 concat12: 4,515.13
			 conv47: 1,576.16
			 conv48: 1,282.98
			 sh_from_conv47_to_conv49_d0-1_dw2_sd0-1_2356: 7,607.6
			 conv49_d0: 1,237.21
			 conv49_d1: 1,237.21
			 conv49_dc: 6,248.15
			 conv50_d0: 1,223.86
			 conv50_d1: 1,223.86
			 conv50_dc: 6,248.15
			 conv51: 1,520.56
			 output_from_conv51_to_yolov8_nms_postprocess: 3,906.21
			 dw2_sd0: 1,382.21
			 dw2_sd1: 1,377.34
			 dw2_sdc: 5,433.38
			 conv52: 1,537.39
			 dw3_sd0: 1,382.21
			 dw3_sd1: 1,377.34
			 dw3_sdc: 5,433.38
			 conv53: 1,372.02
			 conv54: 6,508.19
			 output_from_conv54_to_yolov8_nms_postprocess: 83,316
			 concat13: 9,508.64
			 conv_feature_splitter9_1: 1,252.42
			 conv_feature_splitter9_2: 1,232.34
			 conv56: 1,299.47
			 conv57: 1,263.84
			 ew_add12: 10,065.7
			 concat14: 9,636
			 conv58: 1,242.46
			 conv59: 1,636.61
			 conv60: 1,287.12
			 conv61: 1,264.29
			 conv62: 3,490.98
			 output_from_conv62_to_yolov8_nms_postprocess: 15,624.4
			 dw4: 1,362.96
			 conv63: 1,843.82
			 dw5: 1,512.81
			 conv64: 3,339.43
			 conv65: 25,411.3
			 output_from_conv65_to_yolov8_nms_postprocess: 333,056
			 concat15: 16,524.1
			 conv_feature_splitter10_1: 2,106.8
			 gate_rescue_repair_gate_rescue_repair_context_1_to_gate_rescue_repair_context_2_2347: 26,040
			 conv_feature_splitter10_2: 2,106.8
			 conv67: 6,086.33
			 conv69: 2,275.43
			 conv70: 2,294.54
			 ew_add13: 32,789.6
			 gate_rescue_repair_gate_rescue_repair_context_1_to_gate_rescue_repair_context_2_2353: 52,076.6
			 conv68: 6,086.33
			 gate_rescue_repair_gate_rescue_repair_context_1_to_gate_rescue_repair_context_2_2351: 52,076.6
			 gate_rescue_repair_gate_rescue_repair_context_1_to_gate_rescue_repair_context_2_2349: 26,040
gate_rescue_repair_context_2: 
 
			 gate_rescue_repair_gate_rescue_repair_context_1_to_gate_rescue_repair_context_2_2348: 26,040
			 gate_rescue_repair_gate_rescue_repair_context_1_to_gate_rescue_repair_context_2_2350: 26,040
			 gate_rescue_repair_gate_rescue_repair_context_1_to_gate_rescue_repair_context_2_2352: 52,076.6
			 gate_rescue_repair_gate_rescue_repair_context_1_to_gate_rescue_repair_context_2_2354: 52,076.6
			 conv71: 3,095.52
			 conv72: 3,132.42
			 gate_rescue_repair_gate_rescue_repair_context_1_to_gate_rescue_repair_context_2_2355: 52,076.6
			 ew_add14: 32,789.6
			 concat16: 46,152.1
			 conv73: 3,082.12
			 concat17: 16,631.3
			 conv74: 3,255.18
			 conv75_ws: 15,382.8
			 conv75_sd0: 7,557.44
			 conv75_sd1: 2,966.17
			 conv75_sdc: 42,287.8
			 conv76: 3,095.52
			 conv77: 11,434.8
			 output_from_conv77_to_yolov8_nms_postprocess: 52,076.6
			 dw6_fs: 25,414.6
			 dw6_d0: 3,381.95
			 dw6_d1: 3,381.95
			 dw6_dc: 24,469.3
			 conv78: 3,146.11
			 dw7: 4,033.84
			 conv79: 11,117
			 conv80: 81,950.4
			 output_from_conv80_to_yolov8_nms_postprocess: 1.10803e+06
[2026-09-25 06:02:36.243] [default] [info] Partition passed at control_util 0.6.
[2026-09-25 06:02:38.348] [default] [info] Microcode violation: DUAL_BUFFER_FLIP_OUT in the next 1 cycles after APU_WRITE_TO_MEM
 in layer conv6, line: 36
[2026-09-25 06:02:38.547] [default] [info] Microcode violation: DUAL_BUFFER_FLIP_OUT in the next 1 cycles after APU_WRITE_TO_MEM
 in layer conv11, line: 37
[2026-09-25 06:02:38.631] [default] [info] Microcode violation: DUAL_BUFFER_FLIP_OUT in the next 1 cycles after APU_WRITE_TO_MEM
 in layer conv14, line: 33
[2026-09-25 06:02:38.949] [default] [info] Microcode violation: DUAL_BUFFER_FLIP_OUT in the next 1 cycles after APU_WRITE_TO_MEM
 in layer conv15, line: 33
[2026-09-25 06:02:38.971] [default] [info] Microcode violation: DUAL_BUFFER_FLIP_OUT in the next 1 cycles after APU_WRITE_TO_MEM
 in layer conv21, line: 37
[2026-09-25 06:02:39.053] [default] [info] Microcode violation: DUAL_BUFFER_FLIP_OUT in the next 1 cycles after APU_WRITE_TO_MEM
 in layer conv24, line: 33
[2026-09-25 06:02:39.855] [default] [info] Microcode violation: DUAL_BUFFER_FLIP_OUT in the next 1 cycles after APU_WRITE_TO_MEM
 in layer conv25, line: 33
[2026-09-25 06:02:39.898] [default] [info] Microcode violation: DUAL_BUFFER_FLIP_OUT in the next 1 cycles after APU_WRITE_TO_MEM
 in layer conv32, line: 51
[2026-09-25 06:02:40.014] [default] [info] Microcode violation: DUAL_BUFFER_FLIP_OUT in the next 1 cycles after APU_WRITE_TO_MEM
 in layer conv_feature_splitter5_1, line: 46
[2026-09-25 06:02:40.042] [default] [info] Microcode violation: DUAL_BUFFER_FLIP_OUT in the next 1 cycles after APU_WRITE_TO_MEM
 in layer conv_feature_splitter5_2, line: 59
[2026-09-25 06:02:40.277] [default] [info] Microcode violation: DUAL_BUFFER_FLIP_OUT in the next 1 cycles after APU_WRITE_TO_MEM
 in layer dw1_defuse_width_feature_reshape, line: 10
[2026-09-25 06:02:40.278] [default] [info] Microcode violation: DUAL_BUFFER_FLIP_OUT in the next 1 cycles after APU_WRITE_TO_MEM
 in layer dw1_defuse_width_feature_reshape, line: 39
[2026-09-25 06:02:40.399] [default] [info] Microcode violation: DUAL_BUFFER_FLIP_OUT in the next 1 cycles after APU_WRITE_TO_MEM
 in layer conv38, line: 55
[2026-09-25 06:02:40.432] [default] [info] Microcode violation: DUAL_BUFFER_FLIP_OUT in the next 1 cycles after APU_WRITE_TO_MEM
 in layer conv39, line: 61
[2026-09-25 06:02:40.441] [default] [info] Microcode violation: DUAL_BUFFER_FLIP_OUT in the next 1 cycles after APU_WRITE_TO_MEM
 in layer resize1, line: 15
[2026-09-25 06:02:40.457] [default] [info] Microcode violation: DUAL_BUFFER_FLIP_OUT in the next 1 cycles after APU_WRITE_TO_MEM
 in layer conv_feature_splitter7_1, line: 37
[2026-09-25 06:02:40.476] [default] [info] Microcode violation: DUAL_BUFFER_FLIP_OUT in the next 1 cycles after APU_WRITE_TO_MEM
 in layer conv_feature_splitter7_2, line: 62
[2026-09-25 06:02:40.716] [default] [info] Microcode violation: DUAL_BUFFER_FLIP_OUT in the next 1 cycles after APU_WRITE_TO_MEM
 in layer conv43, line: 37
[2026-09-25 06:02:40.722] [default] [info] Microcode violation: DUAL_BUFFER_FLIP_OUT in the next 1 cycles after APU_WRITE_TO_MEM
 in layer resize2, line: 16
[2026-09-25 06:02:40.859] [default] [info] Microcode violation: DUAL_BUFFER_FLIP_OUT in the next 1 cycles after APU_WRITE_TO_MEM
 in layer conv47, line: 37
[2026-09-25 06:02:41.079] [default] [info] Microcode violation: DUAL_BUFFER_FLIP_OUT in the next 1 cycles after APU_WRITE_TO_MEM
 in layer conv51, line: 68
[2026-09-25 06:02:41.304] [default] [info] Microcode violation: DUAL_BUFFER_FLIP_OUT in the next 1 cycles after APU_WRITE_TO_MEM
 in layer conv54, line: 30
[2026-09-25 06:02:41.318] [default] [info] Microcode violation: DUAL_BUFFER_FLIP_OUT in the next 1 cycles after APU_WRITE_TO_MEM
 in layer conv_feature_splitter9_1, line: 33
[2026-09-25 06:02:41.335] [default] [info] Microcode violation: DUAL_BUFFER_FLIP_OUT in the next 1 cycles after APU_WRITE_TO_MEM
 in layer conv_feature_splitter9_2, line: 50
[2026-09-25 06:02:41.576] [default] [info] Microcode violation: DUAL_BUFFER_FLIP_OUT in the next 1 cycles after APU_WRITE_TO_MEM
 in layer conv58, line: 37
[2026-09-25 06:02:41.880] [default] [info] Microcode violation: DUAL_BUFFER_FLIP_OUT in the next 1 cycles after APU_WRITE_TO_MEM
 in layer conv62, line: 33
[2026-09-25 06:02:42.092] [default] [info] Microcode violation: DUAL_BUFFER_FLIP_OUT in the next 1 cycles after APU_WRITE_TO_MEM
 in layer conv65, line: 30
[2026-09-25 06:02:42.121] [default] [info] Microcode violation: DUAL_BUFFER_FLIP_OUT in the next 1 cycles after APU_WRITE_TO_MEM
 in layer conv_feature_splitter10_1, line: 37
[2026-09-25 06:02:42.151] [default] [info] Microcode violation: DUAL_BUFFER_FLIP_OUT in the next 1 cycles after APU_WRITE_TO_MEM
 in layer conv_feature_splitter10_2, line: 37
[2026-09-25 06:02:42.620] [default] [info] Microcode violation: DUAL_BUFFER_FLIP_OUT in the next 1 cycles after APU_WRITE_TO_MEM
 in layer conv73, line: 46
[2026-09-25 06:02:42.644] [default] [info] Microcode violation: DUAL_BUFFER_FLIP_OUT in the next 1 cycles after APU_WRITE_TO_MEM
 in layer conv74, line: 37
[2026-09-25 06:02:42.931] [default] [info] Microcode violation: DUAL_BUFFER_FLIP_OUT in the next 1 cycles after APU_WRITE_TO_MEM
 in layer conv77, line: 33
[2026-09-25 06:02:43.055] [default] [info] Microcode violation: DUAL_BUFFER_FLIP_OUT in the next 1 cycles after APU_WRITE_TO_MEM
 in layer conv78, line: 33
[2026-09-25 06:02:43.204] [default] [info] Microcode violation: DUAL_BUFFER_FLIP_OUT in the next 1 cycles after APU_WRITE_TO_MEM
 in layer conv80, line: 30
[2026-09-25 06:02:45.826] [default] [info] Microcode violation: DUAL_BUFFER_FLIP_OUT in the next 1 cycles after APU_WRITE_TO_MEM
 in layer conv6, line: 36
[2026-09-25 06:02:46.024] [default] [info] Microcode violation: DUAL_BUFFER_FLIP_OUT in the next 1 cycles after APU_WRITE_TO_MEM
 in layer conv11, line: 37
[2026-09-25 06:02:46.109] [default] [info] Microcode violation: DUAL_BUFFER_FLIP_OUT in the next 1 cycles after APU_WRITE_TO_MEM
 in layer conv14, line: 33
[2026-09-25 06:02:46.418] [default] [info] Microcode violation: DUAL_BUFFER_FLIP_OUT in the next 1 cycles after APU_WRITE_TO_MEM
 in layer conv15, line: 33
[2026-09-25 06:02:46.440] [default] [info] Microcode violation: DUAL_BUFFER_FLIP_OUT in the next 1 cycles after APU_WRITE_TO_MEM
 in layer conv21, line: 37
[2026-09-25 06:02:46.522] [default] [info] Microcode violation: DUAL_BUFFER_FLIP_OUT in the next 1 cycles after APU_WRITE_TO_MEM
 in layer conv24, line: 33
[2026-09-25 06:02:47.322] [default] [info] Microcode violation: DUAL_BUFFER_FLIP_OUT in the next 1 cycles after APU_WRITE_TO_MEM
 in layer conv25, line: 33
[2026-09-25 06:02:47.364] [default] [info] Microcode violation: DUAL_BUFFER_FLIP_OUT in the next 1 cycles after APU_WRITE_TO_MEM
 in layer conv32, line: 51
[2026-09-25 06:02:47.479] [default] [info] Microcode violation: DUAL_BUFFER_FLIP_OUT in the next 1 cycles after APU_WRITE_TO_MEM
 in layer conv_feature_splitter5_1, line: 46
[2026-09-25 06:02:47.508] [default] [info] Microcode violation: DUAL_BUFFER_FLIP_OUT in the next 1 cycles after APU_WRITE_TO_MEM
 in layer conv_feature_splitter5_2, line: 59
[2026-09-25 06:02:47.753] [default] [info] Microcode violation: DUAL_BUFFER_FLIP_OUT in the next 1 cycles after APU_WRITE_TO_MEM
 in layer dw1_defuse_width_feature_reshape, line: 10
[2026-09-25 06:02:47.755] [default] [info] Microcode violation: DUAL_BUFFER_FLIP_OUT in the next 1 cycles after APU_WRITE_TO_MEM
 in layer dw1_defuse_width_feature_reshape, line: 39
[2026-09-25 06:02:47.890] [default] [info] Microcode violation: DUAL_BUFFER_FLIP_OUT in the next 1 cycles after APU_WRITE_TO_MEM
 in layer conv38, line: 55
[2026-09-25 06:02:47.926] [default] [info] Microcode violation: DUAL_BUFFER_FLIP_OUT in the next 1 cycles after APU_WRITE_TO_MEM
 in layer conv39, line: 61
[2026-09-25 06:02:47.936] [default] [info] Microcode violation: DUAL_BUFFER_FLIP_OUT in the next 1 cycles after APU_WRITE_TO_MEM
 in layer resize1, line: 15
[2026-09-25 06:02:47.954] [default] [info] Microcode violation: DUAL_BUFFER_FLIP_OUT in the next 1 cycles after APU_WRITE_TO_MEM
 in layer conv_feature_splitter7_1, line: 37
[2026-09-25 06:02:47.975] [default] [info] Microcode violation: DUAL_BUFFER_FLIP_OUT in the next 1 cycles after APU_WRITE_TO_MEM
 in layer conv_feature_splitter7_2, line: 62
[2026-09-25 06:02:48.240] [default] [info] Microcode violation: DUAL_BUFFER_FLIP_OUT in the next 1 cycles after APU_WRITE_TO_MEM
 in layer conv43, line: 37
[2026-09-25 06:02:48.246] [default] [info] Microcode violation: DUAL_BUFFER_FLIP_OUT in the next 1 cycles after APU_WRITE_TO_MEM
 in layer resize2, line: 16
[2026-09-25 06:02:48.393] [default] [info] Microcode violation: DUAL_BUFFER_FLIP_OUT in the next 1 cycles after APU_WRITE_TO_MEM
 in layer conv47, line: 37
[2026-09-25 06:02:48.630] [default] [info] Microcode violation: DUAL_BUFFER_FLIP_OUT in the next 1 cycles after APU_WRITE_TO_MEM
 in layer conv51, line: 68
[2026-09-25 06:02:48.874] [default] [info] Microcode violation: DUAL_BUFFER_FLIP_OUT in the next 1 cycles after APU_WRITE_TO_MEM
 in layer conv54, line: 30
[2026-09-25 06:02:48.890] [default] [info] Microcode violation: DUAL_BUFFER_FLIP_OUT in the next 1 cycles after APU_WRITE_TO_MEM
 in layer conv_feature_splitter9_1, line: 33
[2026-09-25 06:02:48.908] [default] [info] Microcode violation: DUAL_BUFFER_FLIP_OUT in the next 1 cycles after APU_WRITE_TO_MEM
 in layer conv_feature_splitter9_2, line: 50
[2026-09-25 06:02:49.169] [default] [info] Microcode violation: DUAL_BUFFER_FLIP_OUT in the next 1 cycles after APU_WRITE_TO_MEM
 in layer conv58, line: 37
[2026-09-25 06:02:49.487] [default] [info] Microcode violation: DUAL_BUFFER_FLIP_OUT in the next 1 cycles after APU_WRITE_TO_MEM
 in layer conv62, line: 33
[2026-09-25 06:02:49.718] [default] [info] Microcode violation: DUAL_BUFFER_FLIP_OUT in the next 1 cycles after APU_WRITE_TO_MEM
 in layer conv65, line: 30
[2026-09-25 06:02:49.751] [default] [info] Microcode violation: DUAL_BUFFER_FLIP_OUT in the next 1 cycles after APU_WRITE_TO_MEM
 in layer conv_feature_splitter10_1, line: 37
[2026-09-25 06:02:49.787] [default] [info] Microcode violation: DUAL_BUFFER_FLIP_OUT in the next 1 cycles after APU_WRITE_TO_MEM
 in layer conv_feature_splitter10_2, line: 37
[2026-09-25 06:02:50.282] [default] [info] Microcode violation: DUAL_BUFFER_FLIP_OUT in the next 1 cycles after APU_WRITE_TO_MEM
 in layer conv73, line: 46
[2026-09-25 06:02:50.306] [default] [info] Microcode violation: DUAL_BUFFER_FLIP_OUT in the next 1 cycles after APU_WRITE_TO_MEM
 in layer conv74, line: 37
[2026-09-25 06:02:50.584] [default] [info] Microcode violation: DUAL_BUFFER_FLIP_OUT in the next 1 cycles after APU_WRITE_TO_MEM
 in layer conv77, line: 33
[2026-09-25 06:02:50.705] [default] [info] Microcode violation: DUAL_BUFFER_FLIP_OUT in the next 1 cycles after APU_WRITE_TO_MEM
 in layer conv78, line: 33
[2026-09-25 06:02:50.862] [default] [info] Microcode violation: DUAL_BUFFER_FLIP_OUT in the next 1 cycles after APU_WRITE_TO_MEM
 in layer conv80, line: 30
[2026-09-25 06:02:53.237] [default] [info] Microcode violation: DUAL_BUFFER_FLIP_OUT in the next 1 cycles after APU_WRITE_TO_MEM
 in layer conv6, line: 36
[2026-09-25 06:02:53.460] [default] [info] Microcode violation: DUAL_BUFFER_FLIP_OUT in the next 1 cycles after APU_WRITE_TO_MEM
 in layer conv11, line: 37
[2026-09-25 06:02:53.551] [default] [info] Microcode violation: DUAL_BUFFER_FLIP_OUT in the next 1 cycles after APU_WRITE_TO_MEM
 in layer conv14, line: 33
[2026-09-25 06:02:53.893] [default] [info] Microcode violation: DUAL_BUFFER_FLIP_OUT in the next 1 cycles after APU_WRITE_TO_MEM
 in layer conv15, line: 33
[2026-09-25 06:02:53.917] [default] [info] Microcode violation: DUAL_BUFFER_FLIP_OUT in the next 1 cycles after APU_WRITE_TO_MEM
 in layer conv21, line: 37
[2026-09-25 06:02:54.005] [default] [info] Microcode violation: DUAL_BUFFER_FLIP_OUT in the next 1 cycles after APU_WRITE_TO_MEM
 in layer conv24, line: 33
[2026-09-25 06:02:54.872] [default] [info] Microcode violation: DUAL_BUFFER_FLIP_OUT in the next 1 cycles after APU_WRITE_TO_MEM
 in layer conv25, line: 33
[2026-09-25 06:02:54.919] [default] [info] Microcode violation: DUAL_BUFFER_FLIP_OUT in the next 1 cycles after APU_WRITE_TO_MEM
 in layer conv32, line: 51
[2026-09-25 06:02:55.043] [default] [info] Microcode violation: DUAL_BUFFER_FLIP_OUT in the next 1 cycles after APU_WRITE_TO_MEM
 in layer conv_feature_splitter5_1, line: 46
[2026-09-25 06:02:55.074] [default] [info] Microcode violation: DUAL_BUFFER_FLIP_OUT in the next 1 cycles after APU_WRITE_TO_MEM
 in layer conv_feature_splitter5_2, line: 59
[2026-09-25 06:02:55.330] [default] [info] Microcode violation: DUAL_BUFFER_FLIP_OUT in the next 1 cycles after APU_WRITE_TO_MEM
 in layer dw1_defuse_width_feature_reshape, line: 10
[2026-09-25 06:02:55.331] [default] [info] Microcode violation: DUAL_BUFFER_FLIP_OUT in the next 1 cycles after APU_WRITE_TO_MEM
 in layer dw1_defuse_width_feature_reshape, line: 39
[2026-09-25 06:02:55.462] [default] [info] Microcode violation: DUAL_BUFFER_FLIP_OUT in the next 1 cycles after APU_WRITE_TO_MEM
 in layer conv38, line: 55
[2026-09-25 06:02:55.499] [default] [info] Microcode violation: DUAL_BUFFER_FLIP_OUT in the next 1 cycles after APU_WRITE_TO_MEM
 in layer conv39, line: 61
[2026-09-25 06:02:55.509] [default] [info] Microcode violation: DUAL_BUFFER_FLIP_OUT in the next 1 cycles after APU_WRITE_TO_MEM
 in layer resize1, line: 15
[2026-09-25 06:02:55.527] [default] [info] Microcode violation: DUAL_BUFFER_FLIP_OUT in the next 1 cycles after APU_WRITE_TO_MEM
 in layer conv_feature_splitter7_1, line: 37
[2026-09-25 06:02:55.547] [default] [info] Microcode violation: DUAL_BUFFER_FLIP_OUT in the next 1 cycles after APU_WRITE_TO_MEM
 in layer conv_feature_splitter7_2, line: 62
[2026-09-25 06:02:55.821] [default] [info] Microcode violation: DUAL_BUFFER_FLIP_OUT in the next 1 cycles after APU_WRITE_TO_MEM
 in layer conv43, line: 37
[2026-09-25 06:02:55.827] [default] [info] Microcode violation: DUAL_BUFFER_FLIP_OUT in the next 1 cycles after APU_WRITE_TO_MEM
 in layer resize2, line: 16
[2026-09-25 06:02:55.969] [default] [info] Microcode violation: DUAL_BUFFER_FLIP_OUT in the next 1 cycles after APU_WRITE_TO_MEM
 in layer conv47, line: 37
[2026-09-25 06:02:56.209] [default] [info] Microcode violation: DUAL_BUFFER_FLIP_OUT in the next 1 cycles after APU_WRITE_TO_MEM
 in layer conv51, line: 68
[2026-09-25 06:02:56.457] [default] [info] Microcode violation: DUAL_BUFFER_FLIP_OUT in the next 1 cycles after APU_WRITE_TO_MEM
 in layer conv54, line: 30
[2026-09-25 06:02:56.472] [default] [info] Microcode violation: DUAL_BUFFER_FLIP_OUT in the next 1 cycles after APU_WRITE_TO_MEM
 in layer conv_feature_splitter9_1, line: 33
[2026-09-25 06:02:56.491] [default] [info] Microcode violation: DUAL_BUFFER_FLIP_OUT in the next 1 cycles after APU_WRITE_TO_MEM
 in layer conv_feature_splitter9_2, line: 50
[2026-09-25 06:02:56.764] [default] [info] Microcode violation: DUAL_BUFFER_FLIP_OUT in the next 1 cycles after APU_WRITE_TO_MEM
 in layer conv58, line: 37
[2026-09-25 06:02:57.081] [default] [info] Microcode violation: DUAL_BUFFER_FLIP_OUT in the next 1 cycles after APU_WRITE_TO_MEM
 in layer conv62, line: 33
[2026-09-25 06:02:57.316] [default] [info] Microcode violation: DUAL_BUFFER_FLIP_OUT in the next 1 cycles after APU_WRITE_TO_MEM
 in layer conv65, line: 30
[2026-09-25 06:02:57.347] [default] [info] Microcode violation: DUAL_BUFFER_FLIP_OUT in the next 1 cycles after APU_WRITE_TO_MEM
 in layer conv_feature_splitter10_1, line: 37
[2026-09-25 06:02:57.379] [default] [info] Microcode violation: DUAL_BUFFER_FLIP_OUT in the next 1 cycles after APU_WRITE_TO_MEM
 in layer conv_feature_splitter10_2, line: 37
[2026-09-25 06:02:57.877] [default] [info] Microcode violation: DUAL_BUFFER_FLIP_OUT in the next 1 cycles after APU_WRITE_TO_MEM
 in layer conv73, line: 46
[2026-09-25 06:02:57.901] [default] [info] Microcode violation: DUAL_BUFFER_FLIP_OUT in the next 1 cycles after APU_WRITE_TO_MEM
 in layer conv74, line: 37
[2026-09-25 06:02:58.179] [default] [info] Microcode violation: DUAL_BUFFER_FLIP_OUT in the next 1 cycles after APU_WRITE_TO_MEM
 in layer conv77, line: 33
[2026-09-25 06:02:58.309] [default] [info] Microcode violation: DUAL_BUFFER_FLIP_OUT in the next 1 cycles after APU_WRITE_TO_MEM
 in layer conv78, line: 33
[2026-09-25 06:02:58.454] [default] [info] Microcode violation: DUAL_BUFFER_FLIP_OUT in the next 1 cycles after APU_WRITE_TO_MEM
 in layer conv80, line: 30
[2026-09-25 06:02:58.965] [default] [info] Validating layers feasibility
[2026-09-25 06:02:59.024] [default] [info] input_layer1: Pass
[2026-09-25 06:02:59.025] [default] [info] normalization1: Pass
[2026-09-25 06:02:59.027] [default] [info] conv1_sd1: Pass
[2026-09-25 06:02:59.027] [default] [info] conv2_sd0: Pass
[2026-09-25 06:02:59.027] [default] [info] conv1_sd3: Pass
[2026-09-25 06:02:59.027] [default] [info] conv1_ws: Pass
[2026-09-25 06:02:59.027] [default] [info] conv2_sd1: Pass
[2026-09-25 06:02:59.028] [default] [info] conv1_sd0: Pass
[2026-09-25 06:02:59.029] [default] [info] conv1_sd2: Pass
[2026-09-25 06:02:59.031] [default] [info] conv1_sdc: Pass
[2026-09-25 06:02:59.032] [default] [info] conv2_sd3: Pass
[2026-09-25 06:02:59.034] [default] [info] conv19: Pass
[2026-09-25 06:02:59.036] [default] [info] conv2_sd2: Pass
[2026-09-25 06:02:59.038] [default] [info] conv25: Pass
[2026-09-25 06:02:59.039] [default] [info] conv_feature_splitter1_2: Pass
[2026-09-25 06:02:59.039] [default] [info] conv9: Pass
[2026-09-25 06:02:59.039] [default] [info] conv17: Pass
[2026-09-25 06:02:59.041] [default] [info] conv12_ws: Pass
[2026-09-25 06:02:59.041] [default] [info] conv14: Pass
[2026-09-25 06:02:59.042] [default] [info] conv27: Pass
[2026-09-25 06:02:59.042] [default] [info] conv_feature_splitter1_1: Pass
[2026-09-25 06:02:59.042] [default] [info] conv7_sd1: Pass
[2026-09-25 06:02:59.043] [default] [info] gate_rescue_repair_gate_rescue_repair_context_0_to_gate_rescue_repair_context_1_2342: Pass
[2026-09-25 06:02:59.045] [default] [info] conv10: Pass
[2026-09-25 06:02:59.046] [default] [info] concat6: Pass
[2026-09-25 06:02:59.048] [default] [info] concat3: Pass
[2026-09-25 06:02:59.049] [default] [info] concat4: Pass
[2026-09-25 06:02:59.050] [default] [info] conv_feature_splitter3_1: Pass
[2026-09-25 06:02:59.050] [default] [info] conv20: Pass
[2026-09-25 06:02:59.050] [default] [info] conv_feature_splitter2_2: Pass
[2026-09-25 06:02:59.051] [default] [info] gate_rescue_repair_gate_rescue_repair_context_0_to_gate_rescue_repair_context_1_2344: Pass
[2026-09-25 06:02:59.052] [default] [info] maxpool3: Pass
[2026-09-25 06:02:59.052] [default] [info] conv7_sd0: Pass
[2026-09-25 06:02:59.052] [default] [info] conv30: Pass
[2026-09-25 06:02:59.055] [default] [info] conv22: Pass
[2026-09-25 06:02:59.057] [default] [info] ew_add1: Pass
[2026-09-25 06:02:59.058] [default] [info] conv_feature_splitter6_1: Pass
[2026-09-25 06:02:59.058] [default] [info] conv12_sd1: Pass
[2026-09-25 06:02:59.058] [default] [info] maxpool2: Pass
[2026-09-25 06:02:59.059] [default] [info] gate_rescue_repair_gate_rescue_repair_context_0_to_gate_rescue_repair_context_1_2336: Pass
[2026-09-25 06:02:59.060] [default] [info] conv_feature_splitter6_2: Pass
[2026-09-25 06:02:59.060] [default] [info] conv4: Pass
[2026-09-25 06:02:59.061] [default] [info] conv28: Pass
[2026-09-25 06:02:59.063] [default] [info] conv29: Pass
[2026-09-25 06:02:59.065] [default] [info] conv32: Pass
[2026-09-25 06:02:59.067] [default] [info] conv_feature_splitter4_1: Pass
[2026-09-25 06:02:59.067] [default] [info] concat5: Pass
[2026-09-25 06:02:59.068] [default] [info] gate_rescue_repair_gate_rescue_repair_context_0_to_gate_rescue_repair_context_1_2334: Pass
[2026-09-25 06:02:59.069] [default] [info] conv7_sdc: Pass
[2026-09-25 06:02:59.069] [default] [info] conv16: Pass
[2026-09-25 06:02:59.069] [default] [info] conv26: Pass
[2026-09-25 06:02:59.070] [default] [info] gate_rescue_repair_gate_rescue_repair_context_0_to_gate_rescue_repair_context_1_2338: Pass
[2026-09-25 06:02:59.070] [default] [info] ew_add3: Pass
[2026-09-25 06:02:59.072] [default] [info] conv7_sd2: Pass
[2026-09-25 06:02:59.073] [default] [info] conv2_ws: Pass
[2026-09-25 06:02:59.074] [default] [info] conv7_ws: Pass
[2026-09-25 06:02:59.074] [default] [info] maxpool1: Pass
[2026-09-25 06:02:59.076] [default] [info] conv18: Pass
[2026-09-25 06:02:59.076] [default] [info] gate_rescue_repair_gate_rescue_repair_context_0_to_gate_rescue_repair_context_1_2340: Pass
[2026-09-25 06:02:59.078] [default] [info] ew_add6: Pass
[2026-09-25 06:02:59.078] [default] [info] conv31: Pass
[2026-09-25 06:02:59.078] [default] [info] conv_feature_splitter3_2: Pass
[2026-09-25 06:02:59.081] [default] [info] conv12_sdc: Pass
[2026-09-25 06:02:59.081] [default] [info] conv21: Pass
[2026-09-25 06:02:59.081] [default] [info] ew_add4: Pass
[2026-09-25 06:02:59.083] [default] [info] conv_feature_splitter5_1: Pass
[2026-09-25 06:02:59.084] [default] [info] conv2_sdc: Pass
[2026-09-25 06:02:59.084] [default] [info] conv6: Pass
[2026-09-25 06:02:59.085] [default] [info] conv5: Pass
[2026-09-25 06:02:59.086] [default] [info] conv_feature_splitter2_1: Pass
[2026-09-25 06:02:59.087] [default] [info] conv24: Pass
[2026-09-25 06:02:59.087] [default] [info] gate_rescue_repair_gate_rescue_repair_context_0_to_gate_rescue_repair_context_1_2332: Pass
[2026-09-25 06:02:59.087] [default] [info] conv_feature_splitter6_3: Pass
[2026-09-25 06:02:59.088] [default] [info] conv11: Pass
[2026-09-25 06:02:59.091] [default] [info] conv12_sd0: Pass
[2026-09-25 06:02:59.092] [default] [info] concat2: Pass
[2026-09-25 06:02:59.092] [default] [info] ew_add2: Pass
[2026-09-25 06:02:59.093] [default] [info] concat7: Pass
[2026-09-25 06:02:59.093] [default] [info] ew_add5: Pass
[2026-09-25 06:02:59.095] [default] [info] conv7_sd3: Pass
[2026-09-25 06:02:59.095] [default] [info] conv_feature_splitter4_2: Pass
[2026-09-25 06:02:59.096] [default] [info] concat1: Pass
[2026-09-25 06:02:59.097] [default] [info] conv15: Pass
[2026-09-25 06:02:59.097] [default] [info] conv33: Pass
[2026-09-25 06:02:59.099] [default] [info] conv_feature_splitter5_2: Pass
[2026-09-25 06:02:59.179] [default] [info] dw1_defuse_width_feature_reshape: Pass
[2026-09-25 06:02:59.179] [default] [info] matmul2_reshape: Pass
[2026-09-25 06:02:59.179] [default] [info] activation1: Pass
[2026-09-25 06:02:59.179] [default] [info] reduce_sum_softmax1: Pass
[2026-09-25 06:02:59.182] [default] [info] reduce_max_softmax1: Pass
[2026-09-25 06:02:59.182] [default] [info] dw1_defuse_reshape_hxf_to_w_transposed: Pass
[2026-09-25 06:02:59.182] [default] [info] output_from_conv51_to_yolov8_nms_postprocess: Pass
[2026-09-25 06:02:59.182] [default] [info] ew_sub_softmax1: Pass
[2026-09-25 06:02:59.182] [default] [info] output_from_conv62_to_yolov8_nms_postprocess: Pass
[2026-09-25 06:02:59.182] [default] [info] matmul1: Pass
[2026-09-25 06:02:59.183] [default] [info] ew_mult_softmax1: Pass
[2026-09-25 06:02:59.184] [default] [info] matmul2: Pass
[2026-09-25 06:02:59.185] [default] [info] gate_rescue_repair_gate_rescue_repair_context_1_to_gate_rescue_repair_context_2_2349: Pass
[2026-09-25 06:02:59.186] [default] [info] conv37: Pass
[2026-09-25 06:02:59.189] [default] [info] concat9: Pass
[2026-09-25 06:02:59.189] [default] [info] conv49_dc: Pass
[2026-09-25 06:02:59.190] [default] [info] conv36: Pass
[2026-09-25 06:02:59.191] [default] [info] conv_feature_splitter9_1: Pass
[2026-09-25 06:02:59.195] [default] [info] conv45: Pass
[2026-09-25 06:02:59.195] [default] [info] conv47: Pass
[2026-09-25 06:02:59.196] [default] [info] conv43: Pass
[2026-09-25 06:02:59.198] [default] [info] dw4: Pass
[2026-09-25 06:02:59.200] [default] [info] dw1_defuse_1x1: Pass
[2026-09-25 06:02:59.201] [default] [info] conv51: Pass
[2026-09-25 06:02:59.201] [default] [info] gate_rescue_repair_gate_rescue_repair_context_1_to_gate_rescue_repair_context_2_2351: Pass
[2026-09-25 06:02:59.201] [default] [info] ew_add10: Pass
[2026-09-25 06:02:59.201] [default] [info] concat14: Pass
[2026-09-25 06:02:59.203] [default] [info] dw2_sd1: Pass
[2026-09-25 06:02:59.204] [default] [info] sh_from_conv47_to_conv49_d0-1_dw2_sd0-1_2356: Pass
[2026-09-25 06:02:59.205] [default] [info] conv_feature_splitter8_1: Pass
[2026-09-25 06:02:59.205] [default] [info] conv_feature_splitter10_1: Pass
[2026-09-25 06:02:59.207] [default] [info] conv42: Pass
[2026-09-25 06:02:59.207] [default] [info] output_from_conv54_to_yolov8_nms_postprocess: Pass
[2026-09-25 06:02:59.209] [default] [info] conv63: Pass
[2026-09-25 06:02:59.210] [default] [info] conv70: Pass
[2026-09-25 06:02:59.210] [default] [info] dw3_sd1: Pass
[2026-09-25 06:02:59.210] [default] [info] conv68: Pass
[2026-09-25 06:02:59.211] [default] [info] conv57: Pass
[2026-09-25 06:02:59.213] [default] [info] dw2_sd0: Pass
[2026-09-25 06:02:59.215] [default] [info] dw3_sdc: Pass
[2026-09-25 06:02:59.217] [default] [info] conv49_d0: Pass
[2026-09-25 06:02:59.217] [default] [info] gate_rescue_repair_gate_rescue_repair_context_1_to_gate_rescue_repair_context_2_2347: Pass
[2026-09-25 06:02:59.218] [default] [info] conv60: Pass
[2026-09-25 06:02:59.219] [default] [info] dw3_sd0: Pass
[2026-09-25 06:02:59.220] [default] [info] conv50_d0: Pass
[2026-09-25 06:02:59.220] [default] [info] conv_feature_splitter7_2: Pass
[2026-09-25 06:02:59.220] [default] [info] conv62: Pass
[2026-09-25 06:02:59.222] [default] [info] conv48: Pass
[2026-09-25 06:02:59.222] [default] [info] conv64: Pass
[2026-09-25 06:02:59.225] [default] [info] concat10: Pass
[2026-09-25 06:02:59.227] [default] [info] concat11: Pass
[2026-09-25 06:02:59.229] [default] [info] dw2_sdc: Pass
[2026-09-25 06:02:59.229] [default] [info] ew_add12: Pass
[2026-09-25 06:02:59.231] [default] [info] concat8: Pass
[2026-09-25 06:02:59.233] [default] [info] gate_rescue_repair_gate_rescue_repair_context_0_to_gate_rescue_repair_context_1_2333: Pass
[2026-09-25 06:02:59.233] [default] [info] concat15: Pass
[2026-09-25 06:02:59.234] [default] [info] conv50_dc: Pass
[2026-09-25 06:02:59.236] [default] [info] conv_feature_splitter9_2: Pass
[2026-09-25 06:02:59.236] [default] [info] conv_feature_splitter8_2: Pass
[2026-09-25 06:02:59.236] [default] [info] conv59: Pass
[2026-09-25 06:02:59.237] [default] [info] resize2: Pass
[2026-09-25 06:02:59.237] [default] [info] gate_rescue_repair_gate_rescue_repair_context_0_to_gate_rescue_repair_context_1_2343: Pass
[2026-09-25 06:02:59.239] [default] [info] gate_rescue_repair_gate_rescue_repair_context_0_to_gate_rescue_repair_context_1_2345: Pass
[2026-09-25 06:02:59.241] [default] [info] conv_feature_splitter7_1: Pass
[2026-09-25 06:02:59.241] [default] [info] conv46: Pass
[2026-09-25 06:02:59.241] [default] [info] output_from_conv65_to_yolov8_nms_postprocess: Pass
[2026-09-25 06:02:59.242] [default] [info] conv65: Pass
[2026-09-25 06:02:59.244] [default] [info] conv69: Pass
[2026-09-25 06:02:59.244] [default] [info] gate_rescue_repair_gate_rescue_repair_context_0_to_gate_rescue_repair_context_1_2337: Pass
[2026-09-25 06:02:59.247] [default] [info] ew_add11: Pass
[2026-09-25 06:02:59.247] [default] [info] concat13: Pass
[2026-09-25 06:02:59.249] [default] [info] resize1: Pass
[2026-09-25 06:02:59.249] [default] [info] dw5: Pass
[2026-09-25 06:02:59.252] [default] [info] gate_rescue_repair_gate_rescue_repair_context_0_to_gate_rescue_repair_context_1_2335: Pass
[2026-09-25 06:02:59.253] [default] [info] conv52: Pass
[2026-09-25 06:02:59.254] [default] [info] conv_feature_splitter10_2: Pass
[2026-09-25 06:02:59.254] [default] [info] conv50_d1: Pass
[2026-09-25 06:02:59.256] [default] [info] conv41: Pass
[2026-09-25 06:02:59.259] [default] [info] conv39: Pass
[2026-09-25 06:02:59.262] [default] [info] gate_rescue_repair_gate_rescue_repair_context_1_to_gate_rescue_repair_context_2_2353: Pass
[2026-09-25 06:02:59.262] [default] [info] gate_rescue_repair_gate_rescue_repair_context_0_to_gate_rescue_repair_context_1_2341: Pass
[2026-09-25 06:02:59.262] [default] [info] conv49_d1: Pass
[2026-09-25 06:02:59.263] [default] [info] conv53: Pass
[2026-09-25 06:02:59.265] [default] [info] conv58: Pass
[2026-09-25 06:02:59.266] [default] [info] ew_add13: Pass
[2026-09-25 06:02:59.266] [default] [info] conv67: Pass
[2026-09-25 06:02:59.267] [default] [info] conv56: Pass
[2026-09-25 06:02:59.267] [default] [info] gate_rescue_repair_gate_rescue_repair_context_0_to_gate_rescue_repair_context_1_2339: Pass
[2026-09-25 06:02:59.268] [default] [info] conv54: Pass
[2026-09-25 06:02:59.270] [default] [info] conv61: Pass
[2026-09-25 06:02:59.274] [default] [info] concat12: Pass
[2026-09-25 06:02:59.274] [default] [info] conv38: Pass
[2026-09-25 06:02:59.316] [default] [info] concat16: Pass
[2026-09-25 06:02:59.316] [default] [info] ew_add14: Pass
[2026-09-25 06:02:59.316] [default] [info] conv73: Pass
[2026-09-25 06:02:59.317] [default] [info] conv72: Pass
[2026-09-25 06:02:59.317] [default] [info] concat17: Pass
[2026-09-25 06:02:59.317] [default] [info] conv75_sdc: Pass
[2026-09-25 06:02:59.318] [default] [info] conv75_ws: Pass
[2026-09-25 06:02:59.319] [default] [info] output_from_conv77_to_yolov8_nms_postprocess: Pass
[2026-09-25 06:02:59.320] [default] [info] conv71: Pass
[2026-09-25 06:02:59.320] [default] [info] conv75_sd0: Pass
[2026-09-25 06:02:59.323] [default] [info] gate_rescue_repair_gate_rescue_repair_context_1_to_gate_rescue_repair_context_2_2350: Pass
[2026-09-25 06:02:59.323] [default] [info] output_from_conv80_to_yolov8_nms_postprocess: Pass
[2026-09-25 06:02:59.324] [default] [info] conv80: Pass
[2026-09-25 06:02:59.325] [default] [info] conv75_sd1: Pass
[2026-09-25 06:02:59.326] [default] [info] conv76: Pass
[2026-09-25 06:02:59.326] [default] [info] conv79: Pass
[2026-09-25 06:02:59.326] [default] [info] gate_rescue_repair_gate_rescue_repair_context_1_to_gate_rescue_repair_context_2_2352: Pass
[2026-09-25 06:02:59.326] [default] [info] gate_rescue_repair_gate_rescue_repair_context_1_to_gate_rescue_repair_context_2_2355: Pass
[2026-09-25 06:02:59.327] [default] [info] conv78: Pass
[2026-09-25 06:02:59.329] [default] [info] conv77: Pass
[2026-09-25 06:02:59.330] [default] [info] conv74: Pass
[2026-09-25 06:02:59.330] [default] [info] dw6_d1: Pass
[2026-09-25 06:02:59.331] [default] [info] gate_rescue_repair_gate_rescue_repair_context_1_to_gate_rescue_repair_context_2_2354: Pass
[2026-09-25 06:02:59.332] [default] [info] dw6_dc: Pass
[2026-09-25 06:02:59.332] [default] [info] gate_rescue_repair_gate_rescue_repair_context_1_to_gate_rescue_repair_context_2_2348: Pass
[2026-09-25 06:02:59.333] [default] [info] dw7: Pass
[2026-09-25 06:02:59.334] [default] [info] dw6_fs: Pass
[2026-09-25 06:02:59.336] [default] [info] dw6_d0: Pass
[2026-09-25 06:02:59.336] [default] [info] Layers feasibility validated successfully
[2026-09-25 06:02:59.336] [default] [info] Running resources allocation (mapping) flow, time per context: 59m 59s
[2026-09-25 06:02:59.503] [default] [info] Resolve-prepost Buffers gate_rescue_repair_context_0 buffers:
+------------------------------------+--------------------------------------------------------------------------------------+-------------------------------+
| Src                                | Dst                                                                                  | Buffers                       |
+------------------------------------+--------------------------------------------------------------------------------------+-------------------------------+
| input_layer1                       | input_to_cluster_unknown_358_i0                                                      | 3 (L3 memory cuts: 1)         |
| input_to_cluster_unknown_358_i0    | normalization1                                                                       | 3 (L3 memory cuts: 1)         |
| normalization1                     | conv1_ws                                                                             | 2[RPC] (L3 memory cuts: 2)    |
| conv1_ws                           | conv1_sd0                                                                            | 5 (L3 memory cuts: 1)         |
| conv1_ws                           | conv1_sd1                                                                            | 5 (L3 memory cuts: 1)         |
| conv1_ws                           | conv1_sd2                                                                            | 5 (L3 memory cuts: 1)         |
| conv1_ws                           | conv1_sd3                                                                            | 5 (L3 memory cuts: 1)         |
| conv1_sd0                          | conv1_sdc                                                                            | 2[RPC] (L3 memory cuts: 2)    |
| conv1_sd1                          | conv1_sdc                                                                            | 2[RPC] (L3 memory cuts: 2)    |
| conv1_sd2                          | conv1_sdc                                                                            | 2[RPC] (L3 memory cuts: 2)    |
| conv1_sd3                          | conv1_sdc                                                                            | 2[RPC] (L3 memory cuts: 2)    |
| conv1_sdc                          | conv2_ws                                                                             | 2[RPC] (L3 memory cuts: 2)    |
| conv2_ws                           | conv2_sd0                                                                            | 3[RPC] (L3 memory cuts: 3)    |
| conv2_ws                           | conv2_sd1                                                                            | 3[RPC] (L3 memory cuts: 3)    |
| conv2_ws                           | conv2_sd2                                                                            | 3[RPC] (L3 memory cuts: 3)    |
| conv2_ws                           | conv2_sd3                                                                            | 3[RPC] (L3 memory cuts: 3)    |
| conv2_sd0                          | conv2_sdc                                                                            | 1 (L3 memory cuts: 1)         |
| conv2_sd1                          | conv2_sdc                                                                            | 2 (L3 memory cuts: 1)         |
| conv2_sd2                          | conv2_sdc                                                                            | 2 (L3 memory cuts: 1)         |
| conv2_sd3                          | conv2_sdc                                                                            | 2 (L3 memory cuts: 1)         |
| conv2_sdc                          | conv_feature_splitter1_1                                                             | 2[RPC] (L3 memory cuts: 2)    |
| conv2_sdc                          | conv_feature_splitter1_2                                                             | 2[RPC] (L3 memory cuts: 2)    |
| conv_feature_splitter1_1           | concat1                                                                              | 7 (L3 memory cuts: 1)         |
| conv_feature_splitter1_2           | conv4                                                                                | 7 (L3 memory cuts: 1)         |
| conv_feature_splitter1_2           | ew_add1                                                                              | 7 (L3 memory cuts: 1)         |
| conv_feature_splitter1_2           | concat1                                                                              | 7 (L3 memory cuts: 1)         |
| conv4                              | conv5                                                                                | 3[RPC] (L3 memory cuts: 3)    |
| conv5                              | ew_add1                                                                              | 2[RPC] (L3 memory cuts: 2)    |
| ew_add1                            | concat1                                                                              | 3 (L3 memory cuts: 1)         |
| concat1                            | conv6                                                                                | 4[S] (L3 memory cuts: 1)      |
| conv6                              | conv7_ws                                                                             | 2[RPC] (L3 memory cuts: 2)    |
| conv7_ws                           | conv7_sd0                                                                            | 2[RPC] (L3 memory cuts: 2)    |
| conv7_ws                           | conv7_sd1                                                                            | 2[RPC] (L3 memory cuts: 2)    |
| conv7_ws                           | conv7_sd2                                                                            | 2[RPC] (L3 memory cuts: 2)    |
| conv7_ws                           | conv7_sd3                                                                            | 2[RPC] (L3 memory cuts: 2)    |
| conv7_sd0                          | conv7_sdc                                                                            | 1 (L3 memory cuts: 1)         |
| conv7_sd1                          | conv7_sdc                                                                            | 1 (L3 memory cuts: 1)         |
| conv7_sd2                          | conv7_sdc                                                                            | 1 (L3 memory cuts: 1)         |
| conv7_sd3                          | conv7_sdc                                                                            | 1 (L3 memory cuts: 1)         |
| conv7_sdc                          | conv_feature_splitter2_1                                                             | 1 (L3 memory cuts: 1)         |
| conv7_sdc                          | conv_feature_splitter2_2                                                             | 1 (L3 memory cuts: 1)         |
| conv_feature_splitter2_1           | concat2                                                                              | 6 (L3 memory cuts: 1)         |
| conv_feature_splitter2_2           | conv9                                                                                | 6 (L3 memory cuts: 1)         |
| conv_feature_splitter2_2           | ew_add2                                                                              | 6 (L3 memory cuts: 1)         |
| conv_feature_splitter2_2           | concat2                                                                              | 6 (L3 memory cuts: 1)         |
| conv9                              | conv10                                                                               | 9[S] (L3 memory cuts: 1)      |
| conv10                             | ew_add2                                                                              | 2 (L3 memory cuts: 1)         |
| ew_add2                            | concat2                                                                              | 2 (L3 memory cuts: 1)         |
| concat2                            | conv11                                                                               | 3[S] (L3 memory cuts: 1)      |
| conv11                             | conv12_ws                                                                            | 2[RPC] (L3 memory cuts: 2)    |
| conv11                             | output_from_cluster_unknown_359_i0                                                   | 2[RPC] (L3 memory cuts: 2)    |
| conv12_ws                          | conv12_sd0                                                                           | 2 (L3 memory cuts: 1)         |
| conv12_ws                          | conv12_sd1                                                                           | 2 (L3 memory cuts: 1)         |
| conv12_sd0                         | conv12_sdc                                                                           | 1[RPC] (L3 memory cuts: 1)    |
| conv12_sd1                         | conv12_sdc                                                                           | 1 (L3 memory cuts: 1)         |
| conv12_sdc                         | conv_feature_splitter3_1                                                             | 2[RPC] (L3 memory cuts: 2)    |
| conv12_sdc                         | conv_feature_splitter3_2                                                             | 2[RPC] (L3 memory cuts: 2)    |
| conv_feature_splitter3_1           | concat4                                                                              | 39[S] (L3 memory cuts: 1)     |
| conv_feature_splitter3_2           | conv14                                                                               | 39[S] (L3 memory cuts: 1)     |
| conv_feature_splitter3_2           | conv15                                                                               | 39[S] (L3 memory cuts: 1)     |
| conv_feature_splitter3_2           | concat4                                                                              | 39[S] (L3 memory cuts: 1)     |
| conv14                             | conv16                                                                               | 5 (L3 memory cuts: 1)         |
| conv14                             | ew_add3                                                                              | 5 (L3 memory cuts: 1)         |
| conv16                             | conv17                                                                               | 5[S] (L3 memory cuts: 1)      |
| conv17                             | ew_add3                                                                              | 1 (L3 memory cuts: 1)         |
| ew_add3                            | conv18                                                                               | 4 (L3 memory cuts: 1)         |
| ew_add3                            | ew_add4                                                                              | 4 (L3 memory cuts: 1)         |
| conv18                             | conv19                                                                               | 5[S] (L3 memory cuts: 1)      |
| conv19                             | ew_add4                                                                              | 1 (L3 memory cuts: 1)         |
| ew_add4                            | concat3                                                                              | 3 (L3 memory cuts: 1)         |
| conv15                             | concat3                                                                              | 9 (L3 memory cuts: 1)         |
| concat3                            | conv20                                                                               | 2[S] (L3 memory cuts: 1)      |
| conv20                             | concat4                                                                              | 1[S] (L3 memory cuts: 1)      |
| concat4                            | conv21                                                                               | 1[S][RPC] (L3 memory cuts: 1) |
| conv21                             | conv22                                                                               | 3 (L3 memory cuts: 1)         |
| conv21                             | output_from_cluster_unknown_360_i0                                                   | 3 (L3 memory cuts: 1)         |
| conv22                             | conv_feature_splitter4_1                                                             | 2 (L3 memory cuts: 1)         |
| conv22                             | conv_feature_splitter4_2                                                             | 2 (L3 memory cuts: 1)         |
| conv_feature_splitter4_1           | concat6                                                                              | 30[S] (L3 memory cuts: 1)     |
| conv_feature_splitter4_2           | conv24                                                                               | 30[S] (L3 memory cuts: 1)     |
| conv_feature_splitter4_2           | conv25                                                                               | 30[S] (L3 memory cuts: 1)     |
| conv_feature_splitter4_2           | concat6                                                                              | 30[S] (L3 memory cuts: 1)     |
| conv24                             | conv26                                                                               | 6 (L3 memory cuts: 1)         |
| conv24                             | ew_add5                                                                              | 6 (L3 memory cuts: 1)         |
| conv26                             | conv27                                                                               | 6[S] (L3 memory cuts: 1)      |
| conv27                             | ew_add5                                                                              | 1 (L3 memory cuts: 1)         |
| ew_add5                            | conv28                                                                               | 4 (L3 memory cuts: 1)         |
| ew_add5                            | ew_add6                                                                              | 4 (L3 memory cuts: 1)         |
| conv28                             | conv29                                                                               | 6[S] (L3 memory cuts: 1)      |
| conv29                             | ew_add6                                                                              | 1 (L3 memory cuts: 1)         |
| ew_add6                            | concat5                                                                              | 2 (L3 memory cuts: 1)         |
| conv25                             | concat5                                                                              | 11 (L3 memory cuts: 1)        |
| concat5                            | conv30                                                                               | 2[S] (L3 memory cuts: 1)      |
| conv30                             | concat6                                                                              | 1[S] (L3 memory cuts: 1)      |
| concat6                            | conv31                                                                               | 1[S] (L3 memory cuts: 1)      |
| conv31                             | conv32                                                                               | 1[S][RPC] (L3 memory cuts: 1) |
| conv32                             | maxpool1                                                                             | 7 (L3 memory cuts: 1)         |
| conv32                             | concat7                                                                              | 11 (L3 memory cuts: 2)        |
| maxpool1                           | maxpool2                                                                             | 9 (L3 memory cuts: 1)         |
| maxpool1                           | concat7                                                                              | 9 (L3 memory cuts: 1)         |
| maxpool2                           | maxpool3                                                                             | 7 (L3 memory cuts: 1)         |
| maxpool2                           | concat7                                                                              | 7 (L3 memory cuts: 1)         |
| maxpool3                           | concat7                                                                              | 3 (L3 memory cuts: 1)         |
| concat7                            | conv33                                                                               | 2[S] (L3 memory cuts: 1)      |
| conv33                             | conv_feature_splitter5_1                                                             | 1[S] (L3 memory cuts: 1)      |
| conv33                             | conv_feature_splitter5_2                                                             | 1[S] (L3 memory cuts: 1)      |
| conv_feature_splitter5_1           | output_from_cluster_unknown_361_i0                                                   | 1 (L3 memory cuts: 1)         |
| output_from_cluster_unknown_361_i0 | gate_rescue_repair_gate_rescue_repair_context_0_to_gate_rescue_repair_context_1_2336 | 1 (L3 memory cuts: 1)         |
| conv_feature_splitter5_2           | conv_feature_splitter6_1                                                             | 1[RPC] (L3 memory cuts: 1)    |
| conv_feature_splitter5_2           | conv_feature_splitter6_2                                                             | 1[RPC] (L3 memory cuts: 1)    |
| conv_feature_splitter5_2           | conv_feature_splitter6_3                                                             | 2[RPC] (L3 memory cuts: 2)    |
| conv_feature_splitter5_2           | output_from_cluster_unknown_362_i0                                                   | 1[RPC] (L3 memory cuts: 1)    |
| conv_feature_splitter6_1           | output_from_cluster_unknown_363_i0                                                   | 1 (L3 memory cuts: 1)         |
| output_from_cluster_unknown_363_i0 | gate_rescue_repair_gate_rescue_repair_context_0_to_gate_rescue_repair_context_1_2340 | 1 (L3 memory cuts: 1)         |
| conv_feature_splitter6_2           | output_from_cluster_unknown_364_i0                                                   | 1 (L3 memory cuts: 1)         |
| output_from_cluster_unknown_364_i0 | gate_rescue_repair_gate_rescue_repair_context_0_to_gate_rescue_repair_context_1_2342 | 1 (L3 memory cuts: 1)         |
| conv_feature_splitter6_3           | output_from_cluster_unknown_365_i0                                                   | 1 (L3 memory cuts: 1)         |
| output_from_cluster_unknown_365_i0 | gate_rescue_repair_gate_rescue_repair_context_0_to_gate_rescue_repair_context_1_2344 | 1 (L3 memory cuts: 1)         |
| output_from_cluster_unknown_362_i0 | gate_rescue_repair_gate_rescue_repair_context_0_to_gate_rescue_repair_context_1_2338 | 1 (L3 memory cuts: 1)         |
| output_from_cluster_unknown_360_i0 | gate_rescue_repair_gate_rescue_repair_context_0_to_gate_rescue_repair_context_1_2334 | 3 (L3 memory cuts: 1)         |
| output_from_cluster_unknown_359_i0 | gate_rescue_repair_gate_rescue_repair_context_0_to_gate_rescue_repair_context_1_2332 | 2 (L3 memory cuts: 1)         |
+------------------------------------+--------------------------------------------------------------------------------------+-------------------------------+
[2026-09-25 06:02:59.731] [default] [info] Resolve-prepost Buffers gate_rescue_repair_context_1 buffers:
+--------------------------------------------------------------------------------------+--------------------------------------------------------------------------------------+-------------------------------+
| Src                                                                                  | Dst                                                                                  | Buffers                       |
+--------------------------------------------------------------------------------------+--------------------------------------------------------------------------------------+-------------------------------+
| gate_rescue_repair_gate_rescue_repair_context_0_to_gate_rescue_repair_context_1_2333 | input_to_cluster_unknown_366_i0                                                      | 13 (L3 memory cuts: 5)        |
| input_to_cluster_unknown_366_i0                                                      | concat11                                                                             | 13 (L3 memory cuts: 5)        |
| gate_rescue_repair_gate_rescue_repair_context_0_to_gate_rescue_repair_context_1_2335 | input_to_cluster_unknown_367_i0                                                      | 4 (L3 memory cuts: 1)         |
| input_to_cluster_unknown_367_i0                                                      | concat9                                                                              | 4 (L3 memory cuts: 1)         |
| gate_rescue_repair_gate_rescue_repair_context_0_to_gate_rescue_repair_context_1_2337 | input_to_cluster_unknown_368_i0                                                      | 3 (L3 memory cuts: 1)         |
| input_to_cluster_unknown_368_i0                                                      | concat8                                                                              | 3 (L3 memory cuts: 1)         |
| gate_rescue_repair_gate_rescue_repair_context_0_to_gate_rescue_repair_context_1_2339 | input_to_cluster_unknown_369_i0                                                      | 3 (L3 memory cuts: 1)         |
| input_to_cluster_unknown_369_i0                                                      | conv36                                                                               | 3 (L3 memory cuts: 1)         |
| gate_rescue_repair_gate_rescue_repair_context_0_to_gate_rescue_repair_context_1_2341 | input_to_cluster_unknown_370_i0                                                      | 2 (L3 memory cuts: 1)         |
| input_to_cluster_unknown_370_i0                                                      | matmul1                                                                              | 2 (L3 memory cuts: 1)         |
| gate_rescue_repair_gate_rescue_repair_context_0_to_gate_rescue_repair_context_1_2343 | input_to_cluster_unknown_371_i0                                                      | 40 (L3 memory cuts: 2)        |
| input_to_cluster_unknown_371_i0                                                      | matmul1                                                                              | 40 (L3 memory cuts: 2)        |
| matmul1                                                                              | reduce_max_softmax1                                                                  | 2[RPC] (L3 memory cuts: 2)    |
| matmul1                                                                              | ew_sub_softmax1                                                                      | 2[RPC] (L3 memory cuts: 2)    |
| reduce_max_softmax1                                                                  | ew_sub_softmax1                                                                      | 1 (L3 memory cuts: 1)         |
| ew_sub_softmax1                                                                      | reduce_sum_softmax1                                                                  | 1 (L3 memory cuts: 1)         |
| ew_sub_softmax1                                                                      | ew_mult_softmax1                                                                     | 1 (L3 memory cuts: 1)         |
| reduce_sum_softmax1                                                                  | ew_mult_softmax1                                                                     | 2 (L3 memory cuts: 1)         |
| ew_mult_softmax1                                                                     | matmul2                                                                              | 3 (L3 memory cuts: 2)         |
| gate_rescue_repair_gate_rescue_repair_context_0_to_gate_rescue_repair_context_1_2345 | input_to_cluster_unknown_372_i0                                                      | 2 (L3 memory cuts: 1)         |
| input_to_cluster_unknown_372_i0                                                      | activation1                                                                          | 2 (L3 memory cuts: 1)         |
| input_to_cluster_unknown_372_i0                                                      | dw1_defuse_width_feature_reshape                                                     | 2 (L3 memory cuts: 1)         |
| activation1                                                                          | matmul2_reshape                                                                      | 1 (L3 memory cuts: 1)         |
| matmul2_reshape                                                                      | matmul2                                                                              | 40 (L3 memory cuts: 4)        |
| matmul2                                                                              | dw1_defuse_1x1                                                                       | 3 (L3 memory cuts: 1)         |
| dw1_defuse_width_feature_reshape                                                     | dw1_defuse_reshape_hxf_to_w_transposed                                               | 5 (L3 memory cuts: 1)         |
| dw1_defuse_reshape_hxf_to_w_transposed                                               | dw1_defuse_1x1                                                                       | 21 (L3 memory cuts: 18)       |
| dw1_defuse_1x1                                                                       | conv36                                                                               | 4 (L3 memory cuts: 1)         |
| conv36                                                                               | conv37                                                                               | 3[S] (L3 memory cuts: 1)      |
| conv36                                                                               | conv38                                                                               | 3[S] (L3 memory cuts: 1)      |
| conv37                                                                               | conv38                                                                               | 2[S] (L3 memory cuts: 1)      |
| conv38                                                                               | concat8                                                                              | 2 (L3 memory cuts: 1)         |
| concat8                                                                              | conv39                                                                               | 2[S] (L3 memory cuts: 1)      |
| conv39                                                                               | resize1                                                                              | 2 (L3 memory cuts: 1)         |
| conv39                                                                               | concat15                                                                             | 14 (L3 memory cuts: 3)        |
| resize1                                                                              | concat9                                                                              | 3 (L3 memory cuts: 1)         |
| concat9                                                                              | conv_feature_splitter7_1                                                             | 2[S] (L3 memory cuts: 1)      |
| concat9                                                                              | conv_feature_splitter7_2                                                             | 2[S] (L3 memory cuts: 1)      |
| conv_feature_splitter7_1                                                             | concat10                                                                             | 9[RPC] (L3 memory cuts: 9)    |
| conv_feature_splitter7_2                                                             | conv41                                                                               | 6[RPC] (L3 memory cuts: 6)    |
| conv_feature_splitter7_2                                                             | ew_add10                                                                             | 8[RPC] (L3 memory cuts: 8)    |
| conv_feature_splitter7_2                                                             | concat10                                                                             | 9[RPC] (L3 memory cuts: 9)    |
| conv41                                                                               | conv42                                                                               | 11[S] (L3 memory cuts: 1)     |
| conv42                                                                               | ew_add10                                                                             | 2[RPC] (L3 memory cuts: 2)    |
| ew_add10                                                                             | concat10                                                                             | 2 (L3 memory cuts: 1)         |
| concat10                                                                             | conv43                                                                               | 3[S] (L3 memory cuts: 1)      |
| conv43                                                                               | resize2                                                                              | 7[RPC] (L3 memory cuts: 7)    |
| conv43                                                                               | concat13                                                                             | 7[RPC] (L3 memory cuts: 7)    |
| resize2                                                                              | concat11                                                                             | 2[RPC] (L3 memory cuts: 2)    |
| concat11                                                                             | conv_feature_splitter8_1                                                             | 2[RPC] (L3 memory cuts: 2)    |
| concat11                                                                             | conv_feature_splitter8_2                                                             | 2[RPC] (L3 memory cuts: 2)    |
| conv_feature_splitter8_1                                                             | concat12                                                                             | 6 (L3 memory cuts: 1)         |
| conv_feature_splitter8_2                                                             | conv45                                                                               | 6[RPC] (L3 memory cuts: 6)    |
| conv_feature_splitter8_2                                                             | ew_add11                                                                             | 6[RPC] (L3 memory cuts: 6)    |
| conv_feature_splitter8_2                                                             | concat12                                                                             | 6[RPC] (L3 memory cuts: 6)    |
| conv45                                                                               | conv46                                                                               | 7[S] (L3 memory cuts: 1)      |
| conv46                                                                               | ew_add11                                                                             | 2 (L3 memory cuts: 1)         |
| ew_add11                                                                             | concat12                                                                             | 2 (L3 memory cuts: 1)         |
| concat12                                                                             | conv47                                                                               | 2[S] (L3 memory cuts: 1)      |
| conv47                                                                               | conv48                                                                               | 3 (L3 memory cuts: 1)         |
| conv47                                                                               | sh_from_conv47_to_conv49_d0-1_dw2_sd0-1_2356                                         | 3 (L3 memory cuts: 1)         |
| conv48                                                                               | concat13                                                                             | 2 (L3 memory cuts: 1)         |
| sh_from_conv47_to_conv49_d0-1_dw2_sd0-1_2356                                         | conv49_d0                                                                            | 2 (L3 memory cuts: 1)         |
| sh_from_conv47_to_conv49_d0-1_dw2_sd0-1_2356                                         | conv49_d1                                                                            | 2 (L3 memory cuts: 1)         |
| sh_from_conv47_to_conv49_d0-1_dw2_sd0-1_2356                                         | dw2_sd0                                                                              | 2 (L3 memory cuts: 1)         |
| sh_from_conv47_to_conv49_d0-1_dw2_sd0-1_2356                                         | dw2_sd1                                                                              | 2 (L3 memory cuts: 1)         |
| conv49_d0                                                                            | conv49_dc                                                                            | 4[S][RPC] (L3 memory cuts: 4) |
| conv49_d1                                                                            | conv49_dc                                                                            | 4[S][RPC] (L3 memory cuts: 4) |
| conv49_dc                                                                            | conv50_d0                                                                            | 9[S] (L3 memory cuts: 1)      |
| conv49_dc                                                                            | conv50_d1                                                                            | 9[S] (L3 memory cuts: 1)      |
| conv50_d0                                                                            | conv50_dc                                                                            | 4[S][RPC] (L3 memory cuts: 4) |
| conv50_d1                                                                            | conv50_dc                                                                            | 4[S][RPC] (L3 memory cuts: 4) |
| conv50_dc                                                                            | conv51                                                                               | 5[S] (L3 memory cuts: 1)      |
| conv51                                                                               | output_from_cluster_unknown_379_i0                                                   | 2 (L3 memory cuts: 1)         |
| output_from_cluster_unknown_379_i0                                                   | output_from_conv51_to_yolov8_nms_postprocess                                         | 2 (L3 memory cuts: 1)         |
| dw2_sd0                                                                              | dw2_sdc                                                                              | 2 (L3 memory cuts: 1)         |
| dw2_sd1                                                                              | dw2_sdc                                                                              | 2 (L3 memory cuts: 1)         |
| dw2_sdc                                                                              | conv52                                                                               | 2 (L3 memory cuts: 1)         |
| conv52                                                                               | dw3_sd0                                                                              | 2 (L3 memory cuts: 1)         |
| conv52                                                                               | dw3_sd1                                                                              | 2 (L3 memory cuts: 1)         |
| dw3_sd0                                                                              | dw3_sdc                                                                              | 2 (L3 memory cuts: 1)         |
| dw3_sd1                                                                              | dw3_sdc                                                                              | 2 (L3 memory cuts: 1)         |
| dw3_sdc                                                                              | conv53                                                                               | 2 (L3 memory cuts: 1)         |
| conv53                                                                               | conv54                                                                               | 3[S][RPC] (L3 memory cuts: 3) |
| conv54                                                                               | output_from_cluster_unknown_380_i0                                                   | 1 (L3 memory cuts: 1)         |
| output_from_cluster_unknown_380_i0                                                   | output_from_conv54_to_yolov8_nms_postprocess                                         | 1 (L3 memory cuts: 1)         |
| concat13                                                                             | conv_feature_splitter9_1                                                             | 2[S] (L3 memory cuts: 1)      |
| concat13                                                                             | conv_feature_splitter9_2                                                             | 2[S] (L3 memory cuts: 1)      |
| conv_feature_splitter9_1                                                             | concat14                                                                             | 7[RPC] (L3 memory cuts: 7)    |
| conv_feature_splitter9_2                                                             | conv56                                                                               | 3[RPC] (L3 memory cuts: 3)    |
| conv_feature_splitter9_2                                                             | ew_add12                                                                             | 6[RPC] (L3 memory cuts: 6)    |
| conv_feature_splitter9_2                                                             | concat14                                                                             | 7[RPC] (L3 memory cuts: 7)    |
| conv56                                                                               | conv57                                                                               | 11[S] (L3 memory cuts: 1)     |
| conv57                                                                               | ew_add12                                                                             | 2[RPC] (L3 memory cuts: 2)    |
| ew_add12                                                                             | concat14                                                                             | 2 (L3 memory cuts: 1)         |
| concat14                                                                             | conv58                                                                               | 3[S] (L3 memory cuts: 1)      |
| conv58                                                                               | conv59                                                                               | 3[RPC] (L3 memory cuts: 3)    |
| conv58                                                                               | conv60                                                                               | 3[RPC] (L3 memory cuts: 3)    |
| conv58                                                                               | dw4                                                                                  | 3[RPC] (L3 memory cuts: 3)    |
| conv59                                                                               | concat15                                                                             | 2 (L3 memory cuts: 1)         |
| conv60                                                                               | conv61                                                                               | 10[S] (L3 memory cuts: 1)     |
| conv61                                                                               | conv62                                                                               | 4[S][RPC] (L3 memory cuts: 4) |
| conv62                                                                               | output_from_cluster_unknown_377_i0                                                   | 1 (L3 memory cuts: 1)         |
| output_from_cluster_unknown_377_i0                                                   | output_from_conv62_to_yolov8_nms_postprocess                                         | 1 (L3 memory cuts: 1)         |
| dw4                                                                                  | conv63                                                                               | 2 (L3 memory cuts: 1)         |
| conv63                                                                               | dw5                                                                                  | 4 (L3 memory cuts: 1)         |
| dw5                                                                                  | conv64                                                                               | 3 (L3 memory cuts: 1)         |
| conv64                                                                               | conv65                                                                               | 1[S] (L3 memory cuts: 1)      |
| conv65                                                                               | output_from_cluster_unknown_378_i0                                                   | 1 (L3 memory cuts: 1)         |
| output_from_cluster_unknown_378_i0                                                   | output_from_conv65_to_yolov8_nms_postprocess                                         | 1 (L3 memory cuts: 1)         |
| concat15                                                                             | conv_feature_splitter10_1                                                            | 2[S] (L3 memory cuts: 1)      |
| concat15                                                                             | conv_feature_splitter10_2                                                            | 2[S] (L3 memory cuts: 1)      |
| conv_feature_splitter10_1                                                            | output_from_cluster_unknown_373_i0                                                   | 1 (L3 memory cuts: 1)         |
| output_from_cluster_unknown_373_i0                                                   | gate_rescue_repair_gate_rescue_repair_context_1_to_gate_rescue_repair_context_2_2347 | 1 (L3 memory cuts: 1)         |
| conv_feature_splitter10_2                                                            | conv67                                                                               | 1 (L3 memory cuts: 1)         |
| conv_feature_splitter10_2                                                            | conv68                                                                               | 1 (L3 memory cuts: 1)         |
| conv_feature_splitter10_2                                                            | output_from_cluster_unknown_374_i0                                                   | 1 (L3 memory cuts: 1)         |
| conv67                                                                               | conv69                                                                               | 4 (L3 memory cuts: 1)         |
| conv67                                                                               | ew_add13                                                                             | 4 (L3 memory cuts: 1)         |
| conv69                                                                               | conv70                                                                               | 5[S] (L3 memory cuts: 1)      |
| conv70                                                                               | ew_add13                                                                             | 1 (L3 memory cuts: 1)         |
| ew_add13                                                                             | output_from_cluster_unknown_375_i0                                                   | 1 (L3 memory cuts: 1)         |
| output_from_cluster_unknown_375_i0                                                   | gate_rescue_repair_gate_rescue_repair_context_1_to_gate_rescue_repair_context_2_2353 | 1 (L3 memory cuts: 1)         |
| conv68                                                                               | output_from_cluster_unknown_376_i0                                                   | 1 (L3 memory cuts: 1)         |
| output_from_cluster_unknown_376_i0                                                   | gate_rescue_repair_gate_rescue_repair_context_1_to_gate_rescue_repair_context_2_2351 | 1 (L3 memory cuts: 1)         |
| output_from_cluster_unknown_374_i0                                                   | gate_rescue_repair_gate_rescue_repair_context_1_to_gate_rescue_repair_context_2_2349 | 1 (L3 memory cuts: 1)         |
+--------------------------------------------------------------------------------------+--------------------------------------------------------------------------------------+-------------------------------+
[2026-09-25 06:02:59.799] [default] [info] Resolve-prepost Buffers gate_rescue_repair_context_2 buffers:
+--------------------------------------------------------------------------------------+----------------------------------------------+----------------------------+
| Src                                                                                  | Dst                                          | Buffers                    |
+--------------------------------------------------------------------------------------+----------------------------------------------+----------------------------+
| gate_rescue_repair_gate_rescue_repair_context_1_to_gate_rescue_repair_context_2_2348 | input_to_cluster_unknown_381_i0              | 3 (L3 memory cuts: 1)      |
| input_to_cluster_unknown_381_i0                                                      | concat17                                     | 3 (L3 memory cuts: 1)      |
| gate_rescue_repair_gate_rescue_repair_context_1_to_gate_rescue_repair_context_2_2350 | input_to_cluster_unknown_382_i0              | 3 (L3 memory cuts: 1)      |
| input_to_cluster_unknown_382_i0                                                      | concat17                                     | 3 (L3 memory cuts: 1)      |
| gate_rescue_repair_gate_rescue_repair_context_1_to_gate_rescue_repair_context_2_2352 | input_to_cluster_unknown_383_i0              | 3 (L3 memory cuts: 1)      |
| input_to_cluster_unknown_383_i0                                                      | concat16                                     | 3 (L3 memory cuts: 1)      |
| gate_rescue_repair_gate_rescue_repair_context_1_to_gate_rescue_repair_context_2_2354 | input_to_cluster_unknown_384_i0              | 4 (L3 memory cuts: 1)      |
| input_to_cluster_unknown_384_i0                                                      | conv71                                       | 4 (L3 memory cuts: 1)      |
| conv71                                                                               | conv72                                       | 5[S] (L3 memory cuts: 1)   |
| conv72                                                                               | ew_add14                                     | 2 (L3 memory cuts: 1)      |
| gate_rescue_repair_gate_rescue_repair_context_1_to_gate_rescue_repair_context_2_2355 | input_to_cluster_unknown_385_i0              | 2 (L3 memory cuts: 1)      |
| input_to_cluster_unknown_385_i0                                                      | ew_add14                                     | 2 (L3 memory cuts: 1)      |
| ew_add14                                                                             | concat16                                     | 2 (L3 memory cuts: 1)      |
| concat16                                                                             | conv73                                       | 2[S] (L3 memory cuts: 1)   |
| conv73                                                                               | concat17                                     | 2[RPC] (L3 memory cuts: 2) |
| concat17                                                                             | conv74                                       | 2[S] (L3 memory cuts: 1)   |
| conv74                                                                               | conv75_ws                                    | 1[RPC] (L3 memory cuts: 1) |
| conv74                                                                               | dw6_fs                                       | 1[RPC] (L3 memory cuts: 1) |
| conv75_ws                                                                            | conv75_sd0                                   | 1[RPC] (L3 memory cuts: 1) |
| conv75_ws                                                                            | conv75_sd1                                   | 2[RPC] (L3 memory cuts: 2) |
| conv75_sd0                                                                           | conv75_sdc                                   | 2 (L3 memory cuts: 1)      |
| conv75_sd1                                                                           | conv75_sdc                                   | 1[RPC] (L3 memory cuts: 1) |
| conv75_sdc                                                                           | conv76                                       | 2[RPC] (L3 memory cuts: 2) |
| conv76                                                                               | conv77                                       | 1[S] (L3 memory cuts: 1)   |
| conv77                                                                               | output_from_cluster_unknown_386_i0           | 1 (L3 memory cuts: 1)      |
| output_from_cluster_unknown_386_i0                                                   | output_from_conv77_to_yolov8_nms_postprocess | 1 (L3 memory cuts: 1)      |
| dw6_fs                                                                               | dw6_d0                                       | 1 (L3 memory cuts: 1)      |
| dw6_fs                                                                               | dw6_d1                                       | 1 (L3 memory cuts: 1)      |
| dw6_d0                                                                               | dw6_dc                                       | 2[RPC] (L3 memory cuts: 2) |
| dw6_d1                                                                               | dw6_dc                                       | 2[RPC] (L3 memory cuts: 2) |
| dw6_dc                                                                               | conv78                                       | 2[S] (L3 memory cuts: 1)   |
| conv78                                                                               | dw7                                          | 4 (L3 memory cuts: 1)      |
| dw7                                                                                  | conv79                                       | 3 (L3 memory cuts: 1)      |
| conv79                                                                               | conv80                                       | 1[S] (L3 memory cuts: 1)   |
| conv80                                                                               | output_from_cluster_unknown_387_i0           | 1 (L3 memory cuts: 1)      |
| output_from_cluster_unknown_387_i0                                                   | output_from_conv80_to_yolov8_nms_postprocess | 1 (L3 memory cuts: 1)      |
+--------------------------------------------------------------------------------------+----------------------------------------------+----------------------------+
[2026-09-25 06:02:59.853] [default] [info] Context:0/0 Iteration 0: Mapping prepost...          
          cluster_0  cluster_1  cluster_2  cluster_3  cluster_4  cluster_5  cluster_6  cluster_7  prepost 
 worker0  *          *          *          *          *          *          *          *          V       
 worker1                                                                                                  
 worker2                                                                                                  
 worker3                                                                                                  

  00:00
[2026-09-25 06:03:00.059] [default] [info] Context:0/2 Iteration 0: Trying parallel splits...   
          cluster_0  cluster_1  cluster_2  cluster_3  cluster_4  cluster_5  cluster_6  cluster_7  prepost 
 worker0                                                                                                  
 worker1                                                                                                  
 worker2                                                                                                  
 worker3                                                                                                  

  00:00
[2026-09-25 06:03:00.507] [default] [info] Context:0/2 Iteration 4: Trying parallel mapping...  
          cluster_0  cluster_1  cluster_2  cluster_3  cluster_4  cluster_5  cluster_6  cluster_7  prepost 
 worker0  *          *          *          *          *          *          *          *          V       
 worker1                                                                                                  
 worker2                                                                                                  
 worker3                                                                                                  

  00:01
[2026-09-25 06:03:00.579] [default] [info] Context:0/2 Iteration 4: Trying parallel mapping...  
          cluster_0  cluster_1  cluster_2  cluster_3  cluster_4  cluster_5  cluster_6  cluster_7  prepost 
 worker0  *          *          *          *          *          *          *          *          V       
 worker1                                                                                                  
 worker2                                                                                                  
 worker3  *          *          *          *          *          *          *          *          V       

  00:01
[2026-09-25 06:03:00.592] [default] [info] Context:0/2 Iteration 4: Trying parallel mapping...  
          cluster_0  cluster_1  cluster_2  cluster_3  cluster_4  cluster_5  cluster_6  cluster_7  prepost 
 worker0  *          *          *          *          *          *          *          *          V       
 worker1                                                                                                  
 worker2  *          *          *          *          *          *          *          *          V       
 worker3  *          *          *          *          *          *          *          *          V       

  00:01
[2026-09-25 06:03:00.614] [default] [info] Context:0/2 Iteration 4: Trying parallel mapping...  
          cluster_0  cluster_1  cluster_2  cluster_3  cluster_4  cluster_5  cluster_6  cluster_7  prepost 
 worker0  *          *          *          *          *          *          *          *          V       
 worker1  *          *          *          *          *          *          *          *          V       
 worker2  *          *          *          *          *          *          *          *          V       
 worker3  *          *          *          *          *          *          *          *          V       

  00:01
[2026-09-25 06:03:00.819] [default] [info] Context:0/2 Iteration 4: Trying parallel mapping...  
          cluster_0  cluster_1  cluster_2  cluster_3  cluster_4  cluster_5  cluster_6  cluster_7  prepost 
 worker0  *          *          *          *          *          *          *          *          V       
 worker1  *          *          *          *          *          *          *          *          V       
 worker2  *          *          *          *          *          *          *          *          V       
 worker3  *          *          *          *          *          *          *          *          V       

  00:01
[2026-09-25 06:03:00.842] [default] [info] Context:0/2 Iteration 4: Trying parallel mapping...  
          cluster_0  cluster_1  cluster_2  cluster_3  cluster_4  cluster_5  cluster_6  cluster_7  prepost 
 worker0  *          *          *          *          *          *          *          *          V       
 worker1  *          *          *          *          *          *          *          *          V       
 worker2  *          *          *          *          *          *          *          *          V       
 worker3  *          *          *          V          *          *          *          *          V       

  00:01
[2026-09-25 06:03:00.855] [default] [info] Context:0/2 Iteration 4: Trying parallel mapping...  
          cluster_0  cluster_1  cluster_2  cluster_3  cluster_4  cluster_5  cluster_6  cluster_7  prepost 
 worker0  *          *          *          *          *          *          *          *          V       
 worker1  *          *          *          *          *          *          *          *          V       
 worker2  *          *          *          *          *          *          *          *          V       
 worker3  V          V          *          V          *          V          *          V          V       

  00:01
[2026-09-25 06:03:00.867] [default] [info] Context:0/2 Iteration 4: Trying parallel mapping...  
          cluster_0  cluster_1  cluster_2  cluster_3  cluster_4  cluster_5  cluster_6  cluster_7  prepost 
 worker0  *          *          *          *          *          *          *          *          V       
 worker1  *          *          *          *          *          *          *          *          V       
 worker2  *          *          *          *          *          *          *          *          V       
 worker3  V          V          *          V          V          V          V          V          V       

  00:01
[2026-09-25 06:03:00.880] [default] [info] Context:0/2 Iteration 4: Trying parallel mapping...  
          cluster_0  cluster_1  cluster_2  cluster_3  cluster_4  cluster_5  cluster_6  cluster_7  prepost 
 worker0  *          *          *          *          *          *          *          *          V       
 worker1  *          *          *          *          *          *          *          *          V       
 worker2  *          *          *          *          *          *          *          *          V       
 worker3  V          V          *          V          V          V          V          V          V       

  00:01
[2026-09-25 06:03:00.893] [default] [info] Context:0/2 Iteration 4: Trying parallel mapping...  
          cluster_0  cluster_1  cluster_2  cluster_3  cluster_4  cluster_5  cluster_6  cluster_7  prepost 
 worker0  *          *          *          *          *          *          *          *          V       
 worker1  *          *          *          *          *          *          *          *          V       
 worker2  *          *          *          *          *          *          *          *          V       
 worker3  V          V          *          V          V          V          V          V          V       

  00:01
[2026-09-25 06:03:00.906] [default] [info] Context:0/2 Iteration 4: Trying parallel mapping...  
          cluster_0  cluster_1  cluster_2  cluster_3  cluster_4  cluster_5  cluster_6  cluster_7  prepost 
 worker0  *          *          *          *          *          *          *          *          V       
 worker1  *          *          *          *          *          *          *          *          V       
 worker2  *          *          *          *          *          *          *          *          V       
 worker3  V          V          V          V          V          V          V          V          V       

  00:01
[2026-09-25 06:03:00.919] [default] [info] Context:0/2 Iteration 4: Trying parallel mapping...  
          cluster_0  cluster_1  cluster_2  cluster_3  cluster_4  cluster_5  cluster_6  cluster_7  prepost 
 worker0  *          *          *          *          *          *          *          *          V       
 worker1  *          *          *          *          *          *          *          *          V       
 worker2  *          *          *          *          *          *          *          *          V       
 worker3  V          V          V          V          V          V          V          V          V       

  00:01
[2026-09-25 06:03:00.932] [default] [info] Context:0/2 Iteration 4: Trying parallel mapping...  
          cluster_0  cluster_1  cluster_2  cluster_3  cluster_4  cluster_5  cluster_6  cluster_7  prepost 
 worker0  *          *          *          *          *          *          *          *          V       
 worker1  *          *          *          *          *          *          *          *          V       
 worker2  *          *          *          *          *          *          *          *          V       
 worker3  V          V          V          V          V          V          V          V          V       

  00:01
[2026-09-25 06:03:01.038] [default] [info] Context:0/2 Iteration 4: Trying parallel mapping...  
          cluster_0  cluster_1  cluster_2  cluster_3  cluster_4  cluster_5  cluster_6  cluster_7  prepost 
 worker0  *          *          *          *          *          *          *          *          V       
 worker1  *          *          *          *          *          *          *          *          V       
 worker2  *          *          *          *          *          *          *          *          V       
 worker3  V          V          V          V          V          V          V          V          V       

  00:01
[2026-09-25 06:03:01.058] [default] [info] Context:0/2 Iteration 4: Trying parallel mapping...  
          cluster_0  cluster_1  cluster_2  cluster_3  cluster_4  cluster_5  cluster_6  cluster_7  prepost 
 worker0  *          *          *          *          *          *          V          *          V       
 worker1  *          *          *          *          *          *          *          *          V       
 worker2  *          *          *          *          *          *          *          *          V       
 worker3  V          V          V          V          V          V          V          V          V       

  00:01
[2026-09-25 06:03:01.071] [default] [info] Context:0/2 Iteration 4: Trying parallel mapping...  
          cluster_0  cluster_1  cluster_2  cluster_3  cluster_4  cluster_5  cluster_6  cluster_7  prepost 
 worker0  V          *          *          V          *          *          V          V          V       
 worker1  *          *          *          *          *          *          *          *          V       
 worker2  *          *          *          *          *          *          *          *          V       
 worker3  V          V          V          V          V          V          V          V          V       

  00:01
[2026-09-25 06:03:01.084] [default] [info] Context:0/2 Iteration 4: Trying parallel mapping...  
          cluster_0  cluster_1  cluster_2  cluster_3  cluster_4  cluster_5  cluster_6  cluster_7  prepost 
 worker0  V          *          V          V          V          *          V          V          V       
 worker1  *          *          *          *          *          *          *          *          V       
 worker2  *          *          *          *          *          *          *          *          V       
 worker3  V          V          V          V          V          V          V          V          V       

  00:01
[2026-09-25 06:03:01.096] [default] [info] Context:0/2 Iteration 4: Trying parallel mapping...  
          cluster_0  cluster_1  cluster_2  cluster_3  cluster_4  cluster_5  cluster_6  cluster_7  prepost 
 worker0  V          V          V          V          V          *          V          V          V       
 worker1  *          *          *          *          *          *          *          *          V       
 worker2  *          *          *          *          *          *          *          *          V       
 worker3  V          V          V          V          V          V          V          V          V       

  00:01
[2026-09-25 06:03:01.109] [default] [info] Context:0/2 Iteration 4: Trying parallel mapping...  
          cluster_0  cluster_1  cluster_2  cluster_3  cluster_4  cluster_5  cluster_6  cluster_7  prepost 
 worker0  V          V          V          V          V          *          V          V          V       
 worker1  *          *          *          *          *          *          *          *          V       
 worker2  *          *          *          *          *          *          *          *          V       
 worker3  V          V          V          V          V          V          V          V          V       

  00:01
[2026-09-25 06:03:01.121] [default] [info] Context:0/2 Iteration 4: Trying parallel mapping...  
          cluster_0  cluster_1  cluster_2  cluster_3  cluster_4  cluster_5  cluster_6  cluster_7  prepost 
 worker0  V          V          V          V          V          V          V          V          V       
 worker1  *          *          *          *          *          *          *          *          V       
 worker2  *          *          *          *          *          *          *          *          V       
 worker3  V          V          V          V          V          V          V          V          V       

  00:01
[2026-09-25 06:03:01.134] [default] [info] Context:0/2 Iteration 4: Trying parallel mapping...  
          cluster_0  cluster_1  cluster_2  cluster_3  cluster_4  cluster_5  cluster_6  cluster_7  prepost 
 worker0  V          V          V          V          V          V          V          V          V       
 worker1  *          *          *          *          *          *          *          *          V       
 worker2  *          *          *          *          *          *          *          *          V       
 worker3  V          V          V          V          V          V          V          V          V       

  00:01
[2026-09-25 06:03:01.146] [default] [info] Context:0/2 Iteration 4: Trying parallel mapping...  
          cluster_0  cluster_1  cluster_2  cluster_3  cluster_4  cluster_5  cluster_6  cluster_7  prepost 
 worker0  V          V          V          V          V          V          V          V          V       
 worker1  *          *          *          *          *          *          *          *          V       
 worker2  *          *          *          *          *          *          *          *          V       
 worker3  V          V          V          V          V          V          V          V          V       

  00:01
[2026-09-25 06:03:01.515] [default] [info] Context:0/2 Iteration 4: Trying parallel mapping...  
          cluster_0  cluster_1  cluster_2  cluster_3  cluster_4  cluster_5  cluster_6  cluster_7  prepost 
 worker0  V          V          V          V          V          V          V          V          V       
 worker1  *          *          *          *          *          *          *          *          V       
 worker2  *          *          *          *          *          *          *          *          V       
 worker3  V          V          V          V          V          V          V          V          V       

  00:02
[2026-09-25 06:03:01.532] [default] [info] Context:0/2 Iteration 4: Trying parallel mapping...  
          cluster_0  cluster_1  cluster_2  cluster_3  cluster_4  cluster_5  cluster_6  cluster_7  prepost 
 worker0  V          V          V          V          V          V          V          V          V       
 worker1  *          *          *          *          *          *          *          *          V       
 worker2  *          *          *          *          V          *          *          *          V       
 worker3  V          V          V          V          V          V          V          V          V       

  00:02
[2026-09-25 06:03:01.545] [default] [info] Context:0/2 Iteration 4: Trying parallel mapping...  
          cluster_0  cluster_1  cluster_2  cluster_3  cluster_4  cluster_5  cluster_6  cluster_7  prepost 
 worker0  V          V          V          V          V          V          V          V          V       
 worker1  *          *          *          *          *          *          *          *          V       
 worker2  *          V          *          V          V          V          *          *          V       
 worker3  V          V          V          V          V          V          V          V          V       

  00:02
[2026-09-25 06:03:01.558] [default] [info] Context:0/2 Iteration 4: Trying parallel mapping...  
          cluster_0  cluster_1  cluster_2  cluster_3  cluster_4  cluster_5  cluster_6  cluster_7  prepost 
 worker0  V          V          V          V          V          V          V          V          V       
 worker1  *          *          *          *          *          *          *          *          V       
 worker2  V          V          *          V          V          V          V          *          V       
 worker3  V          V          V          V          V          V          V          V          V       

  00:02
[2026-09-25 06:03:01.571] [default] [info] Context:0/2 Iteration 4: Trying parallel mapping...  
          cluster_0  cluster_1  cluster_2  cluster_3  cluster_4  cluster_5  cluster_6  cluster_7  prepost 
 worker0  V          V          V          V          V          V          V          V          V       
 worker1  *          *          *          *          *          *          *          *          V       
 worker2  V          V          *          V          V          V          V          V          V       
 worker3  V          V          V          V          V          V          V          V          V       

  00:02
[2026-09-25 06:03:01.583] [default] [info] Context:0/2 Iteration 4: Trying parallel mapping...  
          cluster_0  cluster_1  cluster_2  cluster_3  cluster_4  cluster_5  cluster_6  cluster_7  prepost 
 worker0  V          V          V          V          V          V          V          V          V       
 worker1  *          *          *          *          *          *          *          *          V       
 worker2  V          V          *          V          V          V          V          V          V       
 worker3  V          V          V          V          V          V          V          V          V       

  00:02
[2026-09-25 06:03:01.595] [default] [info] Context:0/2 Iteration 4: Trying parallel mapping...  
          cluster_0  cluster_1  cluster_2  cluster_3  cluster_4  cluster_5  cluster_6  cluster_7  prepost 
 worker0  V          V          V          V          V          V          V          V          V       
 worker1  *          *          *          *          *          *          *          *          V       
 worker2  V          V          *          V          V          V          V          V          V       
 worker3  V          V          V          V          V          V          V          V          V       

  00:02
[2026-09-25 06:03:01.608] [default] [info] Context:0/2 Iteration 4: Trying parallel mapping...  
          cluster_0  cluster_1  cluster_2  cluster_3  cluster_4  cluster_5  cluster_6  cluster_7  prepost 
 worker0  V          V          V          V          V          V          V          V          V       
 worker1  *          *          *          *          *          *          *          *          V       
 worker2  V          V          V          V          V          V          V          V          V       
 worker3  V          V          V          V          V          V          V          V          V       

  00:02
[2026-09-25 06:03:01.621] [default] [info] Context:0/2 Iteration 4: Trying parallel mapping...  
          cluster_0  cluster_1  cluster_2  cluster_3  cluster_4  cluster_5  cluster_6  cluster_7  prepost 
 worker0  V          V          V          V          V          V          V          V          V       
 worker1  *          *          *          *          *          *          *          *          V       
 worker2  V          V          V          V          V          V          V          V          V       
 worker3  V          V          V          V          V          V          V          V          V       

  00:02
[2026-09-25 06:03:02.223] [default] [info] Context:0/2 Iteration 4: Trying parallel mapping...  
          cluster_0  cluster_1  cluster_2  cluster_3  cluster_4  cluster_5  cluster_6  cluster_7  prepost 
 worker0  V          V          V          V          V          V          V          V          V       
 worker1  *          *          *          *          *          *          *          *          V       
 worker2  V          V          V          V          V          V          V          V          V       
 worker3  V          V          V          V          V          V          V          V          V       

  00:02
[2026-09-25 06:03:02.239] [default] [info] Context:0/2 Iteration 4: Trying parallel mapping...  
          cluster_0  cluster_1  cluster_2  cluster_3  cluster_4  cluster_5  cluster_6  cluster_7  prepost 
 worker0  V          V          V          V          V          V          V          V          V       
 worker1  *          V          *          *          *          *          *          *          V       
 worker2  V          V          V          V          V          V          V          V          V       
 worker3  V          V          V          V          V          V          V          V          V       

  00:02
[2026-09-25 06:03:02.252] [default] [info] Context:0/2 Iteration 4: Trying parallel mapping...  
          cluster_0  cluster_1  cluster_2  cluster_3  cluster_4  cluster_5  cluster_6  cluster_7  prepost 
 worker0  V          V          V          V          V          V          V          V          V       
 worker1  *          V          *          *          *          *          V          V          V       
 worker2  V          V          V          V          V          V          V          V          V       
 worker3  V          V          V          V          V          V          V          V          V       

  00:02
[2026-09-25 06:03:02.265] [default] [info] Context:0/2 Iteration 4: Trying parallel mapping...  
          cluster_0  cluster_1  cluster_2  cluster_3  cluster_4  cluster_5  cluster_6  cluster_7  prepost 
 worker0  V          V          V          V          V          V          V          V          V       
 worker1  V          V          V          *          V          V          V          V          V       
 worker2  V          V          V          V          V          V          V          V          V       
 worker3  V          V          V          V          V          V          V          V          V       

  00:02
[2026-09-25 06:03:02.277] [default] [info] Context:0/2 Iteration 4: Trying parallel mapping...  
          cluster_0  cluster_1  cluster_2  cluster_3  cluster_4  cluster_5  cluster_6  cluster_7  prepost 
 worker0  V          V          V          V          V          V          V          V          V       
 worker1  V          V          V          *          V          V          V          V          V       
 worker2  V          V          V          V          V          V          V          V          V       
 worker3  V          V          V          V          V          V          V          V          V       

  00:02
[2026-09-25 06:03:02.289] [default] [info] Context:0/2 Iteration 4: Trying parallel mapping...  
          cluster_0  cluster_1  cluster_2  cluster_3  cluster_4  cluster_5  cluster_6  cluster_7  prepost 
 worker0  V          V          V          V          V          V          V          V          V       
 worker1  V          V          V          *          V          V          V          V          V       
 worker2  V          V          V          V          V          V          V          V          V       
 worker3  V          V          V          V          V          V          V          V          V       

  00:02
[2026-09-25 06:03:02.302] [default] [info] Context:0/2 Iteration 4: Trying parallel mapping...  
          cluster_0  cluster_1  cluster_2  cluster_3  cluster_4  cluster_5  cluster_6  cluster_7  prepost 
 worker0  V          V          V          V          V          V          V          V          V       
 worker1  V          V          V          *          V          V          V          V          V       
 worker2  V          V          V          V          V          V          V          V          V       
 worker3  V          V          V          V          V          V          V          V          V       

  00:02
[2026-09-25 06:03:02.314] [default] [info] Context:0/2 Iteration 4: Trying parallel mapping...  
          cluster_0  cluster_1  cluster_2  cluster_3  cluster_4  cluster_5  cluster_6  cluster_7  prepost 
 worker0  V          V          V          V          V          V          V          V          V       
 worker1  V          V          V          *          V          V          V          V          V       
 worker2  V          V          V          V          V          V          V          V          V       
 worker3  V          V          V          V          V          V          V          V          V       

  00:02
[2026-09-25 06:03:07.704] [default] [info] Context:0/2 Iteration 4: Trying parallel mapping...  
          cluster_0  cluster_1  cluster_2  cluster_3  cluster_4  cluster_5  cluster_6  cluster_7  prepost 
 worker0  V          V          V          V          V          V          V          V          V       
 worker1  V          V          V          V          V          V          V          V          V       
 worker2  V          V          V          V          V          V          V          V          V       
 worker3  V          V          V          V          V          V          V          V          V       

  00:08
[2026-09-25 06:03:07.769] [default] [info] Post-Split Resources for gate_rescue_repair_context_0, iteration 1 (CP)
+--------------------------------------------------------------------------------------+-------------+-----------------------+-----------------------+----------------------+----------------+-----+-----+------+
| Node                                                                                 | Subclusters | L3 Weight Memory Cuts | L3 Output Memory Cuts | L3 Input Memory Cuts | L4 Memory Cuts | IBs | OBs | APUs |
+--------------------------------------------------------------------------------------+-------------+-----------------------+-----------------------+----------------------+----------------+-----+-----+------+
| input_layer1                                                                         | 0           | 0                     | 0                     | 0                    | 0.500          | 0   | 0   | 0    |
| input_to_cluster_0_358_i1                                                            | 0           | 0                     | 1                     | 0                    | 0.000          | 1   | 0   | 0    |
| normalization1                                                                       | 1           | 0                     | 2                     | 1                    | 0.000          | 0   | 0   | 1    |
| conv1_ws                                                                             | 1           | 0                     | 4                     | 2                    | 0.000          | 0   | 0   | 1    |
| conv1_sd0                                                                            | 2           | 2                     | 3                     | 1                    | 0.000          | 0   | 0   | 1    |
| conv1_sd1                                                                            | 2           | 2                     | 3                     | 1                    | 0.000          | 0   | 0   | 1    |
| conv1_sd3                                                                            | 2           | 2                     | 3                     | 1                    | 0.000          | 0   | 0   | 1    |
| output_from_cluster_0_359_i1                                                         | 0           | 0                     | 0                     | 0                    | 0.000          | 0   | 1   | 0    |
| input_to_cluster_6_360_i1                                                            | 0           | 0                     | 1                     | 0                    | 0.000          | 1   | 0   | 0    |
| conv1_sd2                                                                            | 2           | 2                     | 2                     | 1                    | 0.000          | 0   | 0   | 1    |
| output_from_cluster_6_361_i1                                                         | 0           | 0                     | 0                     | 0                    | 0.000          | 0   | 1   | 0    |
| input_to_cluster_0_362_i1                                                            | 0           | 0                     | 2                     | 0                    | 0.000          | 1   | 0   | 0    |
| conv1_sdc                                                                            | 1           | 0                     | 2                     | 11                   | 0.000          | 0   | 0   | 1    |
| output_from_cluster_0_363_i1                                                         | 0           | 0                     | 0                     | 0                    | 0.000          | 0   | 2   | 0    |
| input_to_cluster_5_364_i1                                                            | 0           | 0                     | 2                     | 0                    | 0.000          | 2   | 0   | 0    |
| conv2_ws                                                                             | 1           | 0                     | 10                    | 2                    | 0.000          | 0   | 0   | 1    |
| conv2_sd0                                                                            | 2           | 2                     | 1                     | 3                    | 0.000          | 0   | 0   | 1    |
| conv2_sd1                                                                            | 2           | 2                     | 1                     | 3                    | 0.000          | 0   | 0   | 1    |
| conv2_sd3                                                                            | 2           | 2                     | 1                     | 3                    | 0.000          | 0   | 0   | 1    |
| output_from_cluster_5_365_i1                                                         | 0           | 0                     | 0                     | 0                    | 0.000          | 0   | 1   | 0    |
| input_to_cluster_2_366_i1                                                            | 0           | 0                     | 3                     | 0                    | 0.000          | 1   | 0   | 0    |
| conv2_sd2                                                                            | 2           | 2                     | 1                     | 3                    | 0.000          | 0   | 0   | 1    |
| output_from_cluster_2_367_i1                                                         | 0           | 0                     | 0                     | 0                    | 0.000          | 0   | 1   | 0    |
| input_to_cluster_5_368_i1                                                            | 0           | 0                     | 1                     | 0                    | 0.000          | 1   | 0   | 0    |
| conv2_sdc                                                                            | 1           | 0                     | 2                     | 4                    | 0.000          | 0   | 0   | 1    |
| output_from_cluster_5_369_i1                                                         | 0           | 0                     | 0                     | 0                    | 0.000          | 0   | 1   | 0    |
| input_to_cluster_7_370_i1                                                            | 0           | 0                     | 2                     | 0                    | 0.000          | 1   | 0   | 0    |
| conv_feature_splitter1_1                                                             | 1           | 1                     | 1                     | 2                    | 0.000          | 0   | 0   | 1    |
| output_from_cluster_7_372_i1                                                         | 0           | 0                     | 0                     | 0                    | 0.000          | 0   | 1   | 0    |
| input_to_cluster_4_373_i1                                                            | 0           | 0                     | 1                     | 0                    | 0.000          | 1   | 0   | 0    |
| input_to_cluster_2_371_i1                                                            | 0           | 0                     | 2                     | 0                    | 0.000          | 1   | 0   | 0    |
| conv_feature_splitter1_2                                                             | 1           | 1                     | 1                     | 2                    | 0.000          | 0   | 0   | 1    |
| output_from_cluster_2_374_i1                                                         | 0           | 0                     | 0                     | 0                    | 0.000          | 0   | 1   | 0    |
| input_to_cluster_4_375_i1                                                            | 0           | 0                     | 2                     | 0                    | 0.000          | 1   | 0   | 0    |
| input_to_cluster_5_376_i1                                                            | 0           | 0                     | 1                     | 0                    | 0.000          | 1   | 0   | 0    |
| conv4                                                                                | 2           | 1                     | 2                     | 1                    | 0.000          | 0   | 0   | 1    |
| output_from_cluster_5_377_i1                                                         | 0           | 0                     | 0                     | 0                    | 0.000          | 0   | 1   | 0    |
| input_to_cluster_7_378_i1                                                            | 0           | 0                     | 2                     | 0                    | 0.000          | 1   | 0   | 0    |
| conv5                                                                                | 2           | 2                     | 2                     | 2                    | 0.000          | 0   | 0   | 1    |
| output_from_cluster_7_379_i1                                                         | 0           | 0                     | 0                     | 0                    | 0.000          | 0   | 1   | 0    |
| input_to_cluster_4_380_i1                                                            | 0           | 0                     | 1                     | 0                    | 0.000          | 1   | 0   | 0    |
| ew_add1                                                                              | 1           | 1                     | 1                     | 2                    | 0.000          | 0   | 0   | 1    |
| concat1                                                                              | 1           | 0                     | 1                     | 3                    | 0.000          | 0   | 0   | 1    |
| conv6                                                                                | 4           | 4                     | 2                     | 1                    | 0.000          | 0   | 0   | 1    |
| output_from_cluster_4_381_i1                                                         | 0           | 0                     | 0                     | 0                    | 0.000          | 0   | 2   | 0    |
| input_to_cluster_5_382_i1                                                            | 0           | 0                     | 2                     | 0                    | 0.000          | 2   | 0   | 0    |
| conv7_ws                                                                             | 1           | 0                     | 6                     | 2                    | 0.000          | 0   | 0   | 1    |
| conv7_sd0                                                                            | 8           | 8                     | 1                     | 2                    | 0.000          | 0   | 0   | 1    |
| output_from_cluster_5_389_i1                                                         | 0           | 0                     | 0                     | 0                    | 0.000          | 0   | 1   | 0    |
| input_to_cluster_6_390_i1                                                            | 0           | 0                     | 1                     | 0                    | 0.000          | 1   | 0   | 0    |
| output_from_cluster_5_383_i1                                                         | 0           | 0                     | 0                     | 0                    | 0.000          | 0   | 1   | 0    |
| input_to_cluster_6_384_i1                                                            | 0           | 0                     | 1                     | 0                    | 0.000          | 1   | 0   | 0    |
| conv7_sd3                                                                            | 8           | 8                     | 1                     | 1                    | 0.000          | 0   | 0   | 1    |
| output_from_cluster_5_385_i1                                                         | 0           | 0                     | 0                     | 0                    | 0.000          | 0   | 1   | 0    |
| input_to_cluster_2_386_i1                                                            | 0           | 0                     | 2                     | 0                    | 0.000          | 1   | 0   | 0    |
| conv7_sd1                                                                            | 8           | 8                     | 1                     | 2                    | 0.000          | 0   | 0   | 1    |
| output_from_cluster_2_391_i1                                                         | 0           | 0                     | 0                     | 0                    | 0.000          | 0   | 1   | 0    |
| input_to_cluster_6_392_i1                                                            | 0           | 0                     | 1                     | 0                    | 0.000          | 1   | 0   | 0    |
| output_from_cluster_5_387_i1                                                         | 0           | 0                     | 0                     | 0                    | 0.000          | 0   | 1   | 0    |
| input_to_cluster_2_388_i1                                                            | 0           | 0                     | 1                     | 0                    | 0.000          | 1   | 0   | 0    |
| conv7_sd2                                                                            | 8           | 8                     | 1                     | 1                    | 0.000          | 0   | 0   | 1    |
| output_from_cluster_2_393_i1                                                         | 0           | 0                     | 0                     | 0                    | 0.000          | 0   | 1   | 0    |
| input_to_cluster_6_394_i1                                                            | 0           | 0                     | 1                     | 0                    | 0.000          | 1   | 0   | 0    |
| conv7_sdc                                                                            | 1           | 0                     | 1                     | 4                    | 0.000          | 0   | 0   | 1    |
| output_from_cluster_6_395_i1                                                         | 0           | 0                     | 0                     | 0                    | 0.000          | 0   | 1   | 0    |
| input_to_cluster_2_396_i1                                                            | 0           | 0                     | 2                     | 0                    | 0.000          | 1   | 0   | 0    |
| conv_feature_splitter2_1                                                             | 1           | 1                     | 1                     | 1                    | 0.000          | 0   | 0   | 1    |
| output_from_cluster_2_397_i1                                                         | 0           | 0                     | 0                     | 0                    | 0.000          | 0   | 1   | 0    |
| input_to_cluster_1_398_i1                                                            | 0           | 0                     | 1                     | 0                    | 0.000          | 1   | 0   | 0    |
| conv_feature_splitter2_2                                                             | 1           | 1                     | 3                     | 1                    | 0.000          | 0   | 0   | 1    |
| conv9                                                                                | 2           | 2                     | 1                     | 1                    | 0.000          | 0   | 0   | 1    |
| conv10                                                                               | 2           | 1                     | 1                     | 1                    | 0.000          | 0   | 0   | 1    |
| ew_add2                                                                              | 1           | 1                     | 1                     | 2                    | 0.000          | 0   | 0   | 1    |
| output_from_cluster_2_401_i1                                                         | 0           | 0                     | 0                     | 0                    | 0.000          | 0   | 1   | 0    |
| input_to_cluster_1_402_i1                                                            | 0           | 0                     | 1                     | 0                    | 0.000          | 1   | 0   | 0    |
| output_from_cluster_2_399_i1                                                         | 0           | 0                     | 0                     | 0                    | 0.000          | 0   | 1   | 0    |
| input_to_cluster_1_400_i1                                                            | 0           | 0                     | 1                     | 0                    | 0.000          | 1   | 0   | 0    |
| concat2                                                                              | 1           | 0                     | 1                     | 3                    | 0.000          | 0   | 0   | 1    |
| conv11                                                                               | 4           | 4                     | 4                     | 1                    | 0.000          | 0   | 0   | 1    |
| conv12_ws                                                                            | 1           | 0                     | 2                     | 2                    | 0.000          | 0   | 0   | 1    |
| conv12_sd0                                                                           | 8           | 8                     | 1                     | 1                    | 0.000          | 0   | 0   | 1    |
| output_from_cluster_1_404_i1                                                         | 0           | 0                     | 0                     | 0                    | 0.000          | 0   | 1   | 0    |
| input_to_cluster_2_405_i1                                                            | 0           | 0                     | 1                     | 0                    | 0.000          | 1   | 0   | 0    |
| conv12_sd1                                                                           | 8           | 8                     | 1                     | 1                    | 0.000          | 0   | 0   | 1    |
| output_from_cluster_2_406_i1                                                         | 0           | 0                     | 0                     | 0                    | 0.000          | 0   | 1   | 0    |
| input_to_cluster_1_407_i1                                                            | 0           | 0                     | 1                     | 0                    | 0.000          | 1   | 0   | 0    |
| conv12_sdc                                                                           | 1           | 0                     | 4                     | 2                    | 0.000          | 0   | 0   | 1    |
| conv_feature_splitter3_2                                                             | 1           | 1                     | 2                     | 2                    | 0.000          | 0   | 0   | 1    |
| conv14                                                                               | 1           | 1                     | 2                     | 1                    | 0.000          | 0   | 0   | 1    |
| output_from_cluster_1_413_i1                                                         | 0           | 0                     | 0                     | 0                    | 0.000          | 0   | 1   | 0    |
| input_to_cluster_0_414_i1                                                            | 0           | 0                     | 1                     | 0                    | 0.000          | 1   | 0   | 0    |
| conv16                                                                               | 1           | 1                     | 1                     | 1                    | 0.000          | 0   | 0   | 1    |
| output_from_cluster_0_415_i1                                                         | 0           | 0                     | 0                     | 0                    | 0.000          | 0   | 1   | 0    |
| input_to_cluster_6_416_i1                                                            | 0           | 0                     | 1                     | 0                    | 0.000          | 1   | 0   | 0    |
| conv17                                                                               | 1           | 1                     | 1                     | 1                    | 0.000          | 0   | 0   | 1    |
| output_from_cluster_6_417_i1                                                         | 0           | 0                     | 0                     | 0                    | 0.000          | 0   | 1   | 0    |
| input_to_cluster_1_418_i1                                                            | 0           | 0                     | 1                     | 0                    | 0.000          | 1   | 0   | 0    |
| ew_add3                                                                              | 1           | 1                     | 1                     | 2                    | 0.000          | 0   | 0   | 1    |
| output_from_cluster_1_419_i1                                                         | 0           | 0                     | 0                     | 0                    | 0.000          | 0   | 1   | 0    |
| input_to_cluster_5_420_i1                                                            | 0           | 0                     | 2                     | 0                    | 0.000          | 1   | 0   | 0    |
| conv18                                                                               | 1           | 1                     | 1                     | 1                    | 0.000          | 0   | 0   | 1    |
| conv19                                                                               | 1           | 1                     | 1                     | 1                    | 0.000          | 0   | 0   | 1    |
| ew_add4                                                                              | 1           | 1                     | 1                     | 2                    | 0.000          | 0   | 0   | 1    |
| output_from_cluster_1_410_i1                                                         | 0           | 0                     | 0                     | 0                    | 0.000          | 0   | 1   | 0    |
| input_to_cluster_0_411_i1                                                            | 0           | 0                     | 1                     | 0                    | 0.000          | 1   | 0   | 0    |
| input_to_cluster_5_412_i1                                                            | 0           | 0                     | 1                     | 0                    | 0.000          | 1   | 0   | 0    |
| conv15                                                                               | 1           | 1                     | 1                     | 1                    | 0.000          | 0   | 0   | 1    |
| concat3                                                                              | 1           | 0                     | 1                     | 2                    | 0.000          | 0   | 0   | 1    |
| conv20                                                                               | 1           | 1                     | 1                     | 1                    | 0.000          | 0   | 0   | 1    |
| output_from_cluster_5_421_i1                                                         | 0           | 0                     | 0                     | 0                    | 0.000          | 0   | 1   | 0    |
| input_to_cluster_0_422_i1                                                            | 0           | 0                     | 1                     | 0                    | 0.000          | 1   | 0   | 0    |
| output_from_cluster_1_408_i1                                                         | 0           | 0                     | 0                     | 0                    | 0.000          | 0   | 1   | 0    |
| input_to_cluster_0_409_i1                                                            | 0           | 0                     | 2                     | 0                    | 0.000          | 1   | 0   | 0    |
| conv_feature_splitter3_1                                                             | 1           | 1                     | 1                     | 2                    | 0.000          | 0   | 0   | 1    |
| concat4                                                                              | 1           | 0                     | 1                     | 3                    | 0.000          | 0   | 0   | 1    |
| conv21                                                                               | 2           | 2                     | 1                     | 1                    | 0.000          | 0   | 0   | 1    |
| output_from_cluster_0_423_i1                                                         | 0           | 0                     | 0                     | 0                    | 0.000          | 0   | 1   | 0    |
| input_to_cluster_4_424_i1                                                            | 0           | 0                     | 1                     | 0                    | 0.000          | 1   | 0   | 0    |
| conv22                                                                               | 8           | 16                    | 2                     | 1                    | 0.000          | 0   | 0   | 1    |
| conv_feature_splitter4_1                                                             | 1           | 1                     | 1                     | 1                    | 0.000          | 0   | 0   | 1    |
| output_from_cluster_4_427_i1                                                         | 0           | 0                     | 0                     | 0                    | 0.000          | 0   | 1   | 0    |
| input_to_cluster_3_428_i1                                                            | 0           | 0                     | 1                     | 0                    | 0.000          | 1   | 0   | 0    |
| output_from_cluster_4_425_i1                                                         | 0           | 0                     | 0                     | 0                    | 0.000          | 0   | 1   | 0    |
| input_to_cluster_0_426_i1                                                            | 0           | 0                     | 1                     | 0                    | 0.000          | 1   | 0   | 0    |
| conv_feature_splitter4_2                                                             | 1           | 1                     | 3                     | 1                    | 0.000          | 0   | 0   | 1    |
| conv24                                                                               | 1           | 1                     | 1                     | 1                    | 0.000          | 0   | 0   | 1    |
| output_from_cluster_0_431_i1                                                         | 0           | 0                     | 0                     | 0                    | 0.000          | 0   | 1   | 0    |
| input_to_cluster_4_432_i1                                                            | 0           | 0                     | 2                     | 0                    | 0.000          | 1   | 0   | 0    |
| conv26                                                                               | 1           | 2                     | 1                     | 1                    | 0.000          | 0   | 0   | 1    |
| output_from_cluster_4_433_i1                                                         | 0           | 0                     | 0                     | 0                    | 0.000          | 0   | 1   | 0    |
| input_to_cluster_6_434_i1                                                            | 0           | 0                     | 1                     | 0                    | 0.000          | 1   | 0   | 0    |
| conv27                                                                               | 1           | 2                     | 1                     | 1                    | 0.000          | 0   | 0   | 1    |
| output_from_cluster_6_435_i1                                                         | 0           | 0                     | 0                     | 0                    | 0.000          | 0   | 1   | 0    |
| input_to_cluster_4_436_i1                                                            | 0           | 0                     | 1                     | 0                    | 0.000          | 1   | 0   | 0    |
| ew_add5                                                                              | 1           | 1                     | 1                     | 2                    | 0.000          | 0   | 0   | 1    |
| output_from_cluster_4_437_i1                                                         | 0           | 0                     | 0                     | 0                    | 0.000          | 0   | 1   | 0    |
| input_to_cluster_3_438_i1                                                            | 0           | 0                     | 1                     | 0                    | 0.000          | 1   | 0   | 0    |
| input_to_cluster_7_439_i1                                                            | 0           | 0                     | 1                     | 0                    | 0.000          | 1   | 0   | 0    |
| conv28                                                                               | 1           | 2                     | 1                     | 1                    | 0.000          | 0   | 0   | 1    |
| conv29                                                                               | 1           | 2                     | 1                     | 1                    | 0.000          | 0   | 0   | 1    |
| output_from_cluster_7_440_i1                                                         | 0           | 0                     | 0                     | 0                    | 0.000          | 0   | 1   | 0    |
| input_to_cluster_3_441_i1                                                            | 0           | 0                     | 1                     | 0                    | 0.000          | 1   | 0   | 0    |
| ew_add6                                                                              | 1           | 1                     | 1                     | 2                    | 0.000          | 0   | 0   | 1    |
| conv25                                                                               | 1           | 1                     | 1                     | 1                    | 0.000          | 0   | 0   | 1    |
| output_from_cluster_0_442_i1                                                         | 0           | 0                     | 0                     | 0                    | 0.000          | 0   | 1   | 0    |
| input_to_cluster_3_443_i1                                                            | 0           | 0                     | 1                     | 0                    | 0.000          | 1   | 0   | 0    |
| concat5                                                                              | 1           | 0                     | 1                     | 2                    | 0.000          | 0   | 0   | 1    |
| conv30                                                                               | 1           | 1                     | 1                     | 1                    | 0.000          | 0   | 0   | 1    |
| output_from_cluster_0_429_i1                                                         | 0           | 0                     | 0                     | 0                    | 0.000          | 0   | 1   | 0    |
| input_to_cluster_3_430_i1                                                            | 0           | 0                     | 1                     | 0                    | 0.000          | 1   | 0   | 0    |
| concat6                                                                              | 1           | 0                     | 1                     | 3                    | 0.000          | 0   | 0   | 1    |
| conv31                                                                               | 4           | 4                     | 1                     | 1                    | 0.000          | 0   | 0   | 1    |
| conv32                                                                               | 1           | 1                     | 3                     | 1                    | 0.000          | 0   | 0   | 1    |
| maxpool1                                                                             | 1           | 0                     | 2                     | 1                    | 0.000          | 0   | 0   | 1    |
| maxpool2                                                                             | 1           | 0                     | 2                     | 1                    | 0.000          | 0   | 0   | 1    |
| maxpool3                                                                             | 1           | 0                     | 1                     | 1                    | 0.000          | 0   | 0   | 1    |
| concat7                                                                              | 1           | 0                     | 1                     | 5                    | 0.000          | 0   | 0   | 1    |
| conv33                                                                               | 4           | 4                     | 2                     | 1                    | 0.000          | 0   | 0   | 1    |
| conv_feature_splitter5_1                                                             | 1           | 1                     | 1                     | 1                    | 0.000          | 0   | 0   | 1    |
| output_from_cluster_3_444_i1                                                         | 0           | 0                     | 0                     | 0                    | 0.000          | 0   | 1   | 0    |
| gate_rescue_repair_gate_rescue_repair_context_0_to_gate_rescue_repair_context_1_2336 | 0           | 0                     | 0                     | 0                    | 0.500          | 0   | 0   | 0    |
| conv_feature_splitter5_2                                                             | 1           | 1                     | 5                     | 1                    | 0.000          | 0   | 0   | 1    |
| conv_feature_splitter6_1                                                             | 1           | 1                     | 1                     | 1                    | 0.000          | 0   | 0   | 1    |
| output_from_cluster_3_446_i1                                                         | 0           | 0                     | 0                     | 0                    | 0.000          | 0   | 1   | 0    |
| gate_rescue_repair_gate_rescue_repair_context_0_to_gate_rescue_repair_context_1_2340 | 0           | 0                     | 0                     | 0                    | 0.500          | 0   | 0   | 0    |
| conv_feature_splitter6_2                                                             | 1           | 1                     | 1                     | 1                    | 0.000          | 0   | 0   | 1    |
| output_from_cluster_3_447_i1                                                         | 0           | 0                     | 0                     | 0                    | 0.000          | 0   | 1   | 0    |
| gate_rescue_repair_gate_rescue_repair_context_0_to_gate_rescue_repair_context_1_2342 | 0           | 0                     | 0                     | 0                    | 0.500          | 0   | 0   | 0    |
| conv_feature_splitter6_3                                                             | 1           | 1                     | 1                     | 2                    | 0.000          | 0   | 0   | 1    |
| output_from_cluster_3_448_i1                                                         | 0           | 0                     | 0                     | 0                    | 0.000          | 0   | 1   | 0    |
| gate_rescue_repair_gate_rescue_repair_context_0_to_gate_rescue_repair_context_1_2344 | 0           | 0                     | 0                     | 0                    | 0.500          | 0   | 0   | 0    |
| output_from_cluster_3_445_i1                                                         | 0           | 0                     | 0                     | 0                    | 0.000          | 0   | 1   | 0    |
| gate_rescue_repair_gate_rescue_repair_context_0_to_gate_rescue_repair_context_1_2338 | 0           | 0                     | 0                     | 0                    | 0.500          | 0   | 0   | 0    |
| gate_rescue_repair_gate_rescue_repair_context_0_to_gate_rescue_repair_context_1_2334 | 0           | 0                     | 0                     | 0                    | 0.500          | 0   | 0   | 0    |
| output_from_cluster_1_403_i1                                                         | 0           | 0                     | 0                     | 0                    | 0.000          | 0   | 1   | 0    |
| gate_rescue_repair_gate_rescue_repair_context_0_to_gate_rescue_repair_context_1_2332 | 0           | 0                     | 0                     | 0                    | 0.500          | 0   | 0   | 0    |
+--------------------------------------------------------------------------------------+-------------+-----------------------+-----------------------+----------------------+----------------+-----+-----+------+
TOTAL:  LCUs: 77 (60.1562%), Subclusters: 151 (29.4922%), Weight memory cuts: 142 (13.8672%), L3 Output memory cuts: 189 (18.457%), L3 Input memory cuts: 134 (13.0859%), L3 total cuts: 331 (32.3242%), L4 memory cuts: 0 (0%), IBs: 47 (73.4375%), OBs: 48 (75%), APUs: 77 (48.125%)
[2026-09-25 06:03:07.794] [default] [info] Post-Split Buffers for gate_rescue_repair_context_0, iteration 1 (CP) buffers:
+------------------------------+--------------------------------------------------------------------------------------+-------------------------------+
| Src                          | Dst                                                                                  | Buffers                       |
+------------------------------+--------------------------------------------------------------------------------------+-------------------------------+
| input_layer1                 | input_to_cluster_0_358_i1                                                            | 2 (L3 memory cuts: 1)         |
| input_to_cluster_0_358_i1    | normalization1                                                                       | 3 (L3 memory cuts: 1)         |
| normalization1               | conv1_ws                                                                             | 2[RPC] (L3 memory cuts: 2)    |
| conv1_ws                     | conv1_sd0                                                                            | 5 (L3 memory cuts: 1)         |
| conv1_ws                     | conv1_sd1                                                                            | 5 (L3 memory cuts: 1)         |
| conv1_ws                     | output_from_cluster_0_359_i1                                                         | 1 (L3 memory cuts: 1)         |
| conv1_ws                     | conv1_sd3                                                                            | 5 (L3 memory cuts: 1)         |
| conv1_sd0                    | conv1_sdc                                                                            | 3[RPC] (L3 memory cuts: 3)    |
| conv1_sd1                    | conv1_sdc                                                                            | 3[RPC] (L3 memory cuts: 3)    |
| conv1_sd3                    | conv1_sdc                                                                            | 3[RPC] (L3 memory cuts: 3)    |
| output_from_cluster_0_359_i1 | input_to_cluster_6_360_i1                                                            | 2 (L3 memory cuts: 1)         |
| input_to_cluster_6_360_i1    | conv1_sd2                                                                            | 5 (L3 memory cuts: 1)         |
| conv1_sd2                    | output_from_cluster_6_361_i1                                                         | 2[RPC] (L3 memory cuts: 2)    |
| output_from_cluster_6_361_i1 | input_to_cluster_0_362_i1                                                            | 2[RPC] (L3 memory cuts: 2)    |
| input_to_cluster_0_362_i1    | conv1_sdc                                                                            | 2[RPC] (L3 memory cuts: 2)    |
| conv1_sdc                    | output_from_cluster_0_363_i1                                                         | 2[RPC] (L3 memory cuts: 2)    |
| output_from_cluster_0_363_i1 | input_to_cluster_5_364_i1                                                            | 2[RPC][D] (L3 memory cuts: 2) |
| input_to_cluster_5_364_i1    | conv2_ws                                                                             | 2[RPC][D] (L3 memory cuts: 2) |
| conv2_ws                     | conv2_sd0                                                                            | 3[RPC] (L3 memory cuts: 3)    |
| conv2_ws                     | conv2_sd1                                                                            | 3[RPC] (L3 memory cuts: 3)    |
| conv2_ws                     | output_from_cluster_5_365_i1                                                         | 1[RPC] (L3 memory cuts: 1)    |
| conv2_ws                     | conv2_sd3                                                                            | 3[RPC] (L3 memory cuts: 3)    |
| conv2_sd0                    | conv2_sdc                                                                            | 2 (L3 memory cuts: 1)         |
| conv2_sd1                    | conv2_sdc                                                                            | 2 (L3 memory cuts: 1)         |
| conv2_sd3                    | conv2_sdc                                                                            | 2 (L3 memory cuts: 1)         |
| output_from_cluster_5_365_i1 | input_to_cluster_2_366_i1                                                            | 2[RPC] (L3 memory cuts: 2)    |
| input_to_cluster_2_366_i1    | conv2_sd2                                                                            | 3[RPC] (L3 memory cuts: 3)    |
| conv2_sd2                    | output_from_cluster_2_367_i1                                                         | 1 (L3 memory cuts: 1)         |
| output_from_cluster_2_367_i1 | input_to_cluster_5_368_i1                                                            | 2 (L3 memory cuts: 1)         |
| input_to_cluster_5_368_i1    | conv2_sdc                                                                            | 1 (L3 memory cuts: 1)         |
| conv2_sdc                    | output_from_cluster_5_369_i1                                                         | 2[RPC] (L3 memory cuts: 2)    |
| output_from_cluster_5_369_i1 | input_to_cluster_2_371_i1                                                            | 2[RPC] (L3 memory cuts: 2)    |
| output_from_cluster_5_369_i1 | input_to_cluster_7_370_i1                                                            | 2[RPC] (L3 memory cuts: 2)    |
| input_to_cluster_7_370_i1    | conv_feature_splitter1_1                                                             | 2[RPC] (L3 memory cuts: 2)    |
| conv_feature_splitter1_1     | output_from_cluster_7_372_i1                                                         | 2 (L3 memory cuts: 1)         |
| output_from_cluster_7_372_i1 | input_to_cluster_4_373_i1                                                            | 2 (L3 memory cuts: 1)         |
| input_to_cluster_4_373_i1    | concat1                                                                              | 8 (L3 memory cuts: 1)         |
| input_to_cluster_2_371_i1    | conv_feature_splitter1_2                                                             | 2[RPC] (L3 memory cuts: 2)    |
| conv_feature_splitter1_2     | output_from_cluster_2_374_i1                                                         | 2 (L3 memory cuts: 1)         |
| output_from_cluster_2_374_i1 | input_to_cluster_5_376_i1                                                            | 2 (L3 memory cuts: 1)         |
| output_from_cluster_2_374_i1 | input_to_cluster_4_375_i1                                                            | 2 (L3 memory cuts: 1)         |
| input_to_cluster_4_375_i1    | ew_add1                                                                              | 8 (L3 memory cuts: 1)         |
| input_to_cluster_4_375_i1    | concat1                                                                              | 8 (L3 memory cuts: 1)         |
| input_to_cluster_5_376_i1    | conv4                                                                                | 3 (L3 memory cuts: 1)         |
| conv4                        | output_from_cluster_5_377_i1                                                         | 2[RPC] (L3 memory cuts: 2)    |
| output_from_cluster_5_377_i1 | input_to_cluster_7_378_i1                                                            | 2[RPC] (L3 memory cuts: 2)    |
| input_to_cluster_7_378_i1    | conv5                                                                                | 2[RPC] (L3 memory cuts: 2)    |
| conv5                        | output_from_cluster_7_379_i1                                                         | 2[RPC] (L3 memory cuts: 2)    |
| output_from_cluster_7_379_i1 | input_to_cluster_4_380_i1                                                            | 2[RPC] (L3 memory cuts: 2)    |
| input_to_cluster_4_380_i1    | ew_add1                                                                              | 1[RPC] (L3 memory cuts: 1)    |
| ew_add1                      | concat1                                                                              | 3 (L3 memory cuts: 1)         |
| concat1                      | conv6                                                                                | 4[S] (L3 memory cuts: 1)      |
| conv6                        | output_from_cluster_4_381_i1                                                         | 2[RPC] (L3 memory cuts: 2)    |
| output_from_cluster_4_381_i1 | input_to_cluster_5_382_i1                                                            | 2[RPC][D] (L3 memory cuts: 2) |
| input_to_cluster_5_382_i1    | conv7_ws                                                                             | 2[RPC][D] (L3 memory cuts: 2) |
| conv7_ws                     | conv7_sd0                                                                            | 2[RPC] (L3 memory cuts: 2)    |
| conv7_ws                     | output_from_cluster_5_385_i1                                                         | 2[RPC] (L3 memory cuts: 2)    |
| conv7_ws                     | output_from_cluster_5_387_i1                                                         | 1[RPC] (L3 memory cuts: 1)    |
| conv7_ws                     | output_from_cluster_5_383_i1                                                         | 1[RPC] (L3 memory cuts: 1)    |
| conv7_sd0                    | output_from_cluster_5_389_i1                                                         | 1 (L3 memory cuts: 1)         |
| output_from_cluster_5_389_i1 | input_to_cluster_6_390_i1                                                            | 2 (L3 memory cuts: 1)         |
| input_to_cluster_6_390_i1    | conv7_sdc                                                                            | 1 (L3 memory cuts: 1)         |
| output_from_cluster_5_383_i1 | input_to_cluster_6_384_i1                                                            | 2[RPC] (L3 memory cuts: 2)    |
| input_to_cluster_6_384_i1    | conv7_sd3                                                                            | 1[RPC] (L3 memory cuts: 1)    |
| conv7_sd3                    | conv7_sdc                                                                            | 1 (L3 memory cuts: 1)         |
| output_from_cluster_5_385_i1 | input_to_cluster_2_386_i1                                                            | 2[RPC] (L3 memory cuts: 2)    |
| input_to_cluster_2_386_i1    | conv7_sd1                                                                            | 2[RPC] (L3 memory cuts: 2)    |
| conv7_sd1                    | output_from_cluster_2_391_i1                                                         | 1 (L3 memory cuts: 1)         |
| output_from_cluster_2_391_i1 | input_to_cluster_6_392_i1                                                            | 2 (L3 memory cuts: 1)         |
| input_to_cluster_6_392_i1    | conv7_sdc                                                                            | 1 (L3 memory cuts: 1)         |
| output_from_cluster_5_387_i1 | input_to_cluster_2_388_i1                                                            | 2[RPC] (L3 memory cuts: 2)    |
| input_to_cluster_2_388_i1    | conv7_sd2                                                                            | 1[RPC] (L3 memory cuts: 1)    |
| conv7_sd2                    | output_from_cluster_2_393_i1                                                         | 1 (L3 memory cuts: 1)         |
| output_from_cluster_2_393_i1 | input_to_cluster_6_394_i1                                                            | 2 (L3 memory cuts: 1)         |
| input_to_cluster_6_394_i1    | conv7_sdc                                                                            | 1 (L3 memory cuts: 1)         |
| conv7_sdc                    | output_from_cluster_6_395_i1                                                         | 1 (L3 memory cuts: 1)         |
| output_from_cluster_6_395_i1 | input_to_cluster_2_396_i1                                                            | 2 (L3 memory cuts: 1)         |
| input_to_cluster_2_396_i1    | conv_feature_splitter2_1                                                             | 1 (L3 memory cuts: 1)         |
| input_to_cluster_2_396_i1    | conv_feature_splitter2_2                                                             | 1 (L3 memory cuts: 1)         |
| conv_feature_splitter2_1     | output_from_cluster_2_397_i1                                                         | 1 (L3 memory cuts: 1)         |
| output_from_cluster_2_397_i1 | input_to_cluster_1_398_i1                                                            | 2 (L3 memory cuts: 1)         |
| input_to_cluster_1_398_i1    | concat2                                                                              | 6 (L3 memory cuts: 1)         |
| conv_feature_splitter2_2     | conv9                                                                                | 5 (L3 memory cuts: 1)         |
| conv_feature_splitter2_2     | ew_add2                                                                              | 5 (L3 memory cuts: 1)         |
| conv_feature_splitter2_2     | output_from_cluster_2_399_i1                                                         | 5 (L3 memory cuts: 1)         |
| conv9                        | conv10                                                                               | 9[S] (L3 memory cuts: 1)      |
| conv10                       | ew_add2                                                                              | 2 (L3 memory cuts: 1)         |
| ew_add2                      | output_from_cluster_2_401_i1                                                         | 1 (L3 memory cuts: 1)         |
| output_from_cluster_2_401_i1 | input_to_cluster_1_402_i1                                                            | 2 (L3 memory cuts: 1)         |
| input_to_cluster_1_402_i1    | concat2                                                                              | 2 (L3 memory cuts: 1)         |
| output_from_cluster_2_399_i1 | input_to_cluster_1_400_i1                                                            | 2 (L3 memory cuts: 1)         |
| input_to_cluster_1_400_i1    | concat2                                                                              | 6 (L3 memory cuts: 1)         |
| concat2                      | conv11                                                                               | 3[S] (L3 memory cuts: 1)      |
| conv11                       | conv12_ws                                                                            | 2[RPC] (L3 memory cuts: 2)    |
| conv11                       | output_from_cluster_1_403_i1                                                         | 2[RPC] (L3 memory cuts: 2)    |
| conv12_ws                    | conv12_sd0                                                                           | 2 (L3 memory cuts: 1)         |
| conv12_ws                    | output_from_cluster_1_404_i1                                                         | 1 (L3 memory cuts: 1)         |
| conv12_sd0                   | conv12_sdc                                                                           | 1[RPC] (L3 memory cuts: 1)    |
| output_from_cluster_1_404_i1 | input_to_cluster_2_405_i1                                                            | 2 (L3 memory cuts: 1)         |
| input_to_cluster_2_405_i1    | conv12_sd1                                                                           | 2 (L3 memory cuts: 1)         |
| conv12_sd1                   | output_from_cluster_2_406_i1                                                         | 1 (L3 memory cuts: 1)         |
| output_from_cluster_2_406_i1 | input_to_cluster_1_407_i1                                                            | 2 (L3 memory cuts: 1)         |
| input_to_cluster_1_407_i1    | conv12_sdc                                                                           | 1 (L3 memory cuts: 1)         |
| conv12_sdc                   | output_from_cluster_1_408_i1                                                         | 2[RPC] (L3 memory cuts: 2)    |
| conv12_sdc                   | conv_feature_splitter3_2                                                             | 2[RPC] (L3 memory cuts: 2)    |
| conv_feature_splitter3_2     | conv14                                                                               | 1[S] (L3 memory cuts: 1)      |
| conv_feature_splitter3_2     | output_from_cluster_1_410_i1                                                         | 1[S] (L3 memory cuts: 1)      |
| conv14                       | output_from_cluster_1_413_i1                                                         | 5 (L3 memory cuts: 1)         |
| conv14                       | ew_add3                                                                              | 5 (L3 memory cuts: 1)         |
| output_from_cluster_1_413_i1 | input_to_cluster_0_414_i1                                                            | 2 (L3 memory cuts: 1)         |
| input_to_cluster_0_414_i1    | conv16                                                                               | 2 (L3 memory cuts: 1)         |
| conv16                       | output_from_cluster_0_415_i1                                                         | 1[S] (L3 memory cuts: 1)      |
| output_from_cluster_0_415_i1 | input_to_cluster_6_416_i1                                                            | 2[S] (L3 memory cuts: 1)      |
| input_to_cluster_6_416_i1    | conv17                                                                               | 5[S] (L3 memory cuts: 1)      |
| conv17                       | output_from_cluster_6_417_i1                                                         | 1 (L3 memory cuts: 1)         |
| output_from_cluster_6_417_i1 | input_to_cluster_1_418_i1                                                            | 2 (L3 memory cuts: 1)         |
| input_to_cluster_1_418_i1    | ew_add3                                                                              | 1 (L3 memory cuts: 1)         |
| ew_add3                      | output_from_cluster_1_419_i1                                                         | 1 (L3 memory cuts: 1)         |
| output_from_cluster_1_419_i1 | input_to_cluster_5_420_i1                                                            | 2 (L3 memory cuts: 1)         |
| input_to_cluster_5_420_i1    | conv18                                                                               | 4 (L3 memory cuts: 1)         |
| input_to_cluster_5_420_i1    | ew_add4                                                                              | 4 (L3 memory cuts: 1)         |
| conv18                       | conv19                                                                               | 5[S] (L3 memory cuts: 1)      |
| conv19                       | ew_add4                                                                              | 1 (L3 memory cuts: 1)         |
| ew_add4                      | concat3                                                                              | 3 (L3 memory cuts: 1)         |
| output_from_cluster_1_410_i1 | input_to_cluster_5_412_i1                                                            | 2[S] (L3 memory cuts: 1)      |
| output_from_cluster_1_410_i1 | input_to_cluster_0_411_i1                                                            | 2[S] (L3 memory cuts: 1)      |
| input_to_cluster_0_411_i1    | concat4                                                                              | 39[S] (L3 memory cuts: 1)     |
| input_to_cluster_5_412_i1    | conv15                                                                               | 1[S] (L3 memory cuts: 1)      |
| conv15                       | concat3                                                                              | 9 (L3 memory cuts: 1)         |
| concat3                      | conv20                                                                               | 2[S] (L3 memory cuts: 1)      |
| conv20                       | output_from_cluster_5_421_i1                                                         | 1[S] (L3 memory cuts: 1)      |
| output_from_cluster_5_421_i1 | input_to_cluster_0_422_i1                                                            | 2[S] (L3 memory cuts: 1)      |
| input_to_cluster_0_422_i1    | concat4                                                                              | 1[S] (L3 memory cuts: 1)      |
| output_from_cluster_1_408_i1 | input_to_cluster_0_409_i1                                                            | 2[RPC] (L3 memory cuts: 2)    |
| input_to_cluster_0_409_i1    | conv_feature_splitter3_1                                                             | 2[RPC] (L3 memory cuts: 2)    |
| conv_feature_splitter3_1     | concat4                                                                              | 39[S] (L3 memory cuts: 1)     |
| concat4                      | conv21                                                                               | 1[S][RPC] (L3 memory cuts: 1) |
| conv21                       | output_from_cluster_0_423_i1                                                         | 1 (L3 memory cuts: 1)         |
| output_from_cluster_0_423_i1 | gate_rescue_repair_gate_rescue_repair_context_0_to_gate_rescue_repair_context_1_2334 | 2 (L3 memory cuts: 1)         |
| output_from_cluster_0_423_i1 | input_to_cluster_4_424_i1                                                            | 2 (L3 memory cuts: 1)         |
| input_to_cluster_4_424_i1    | conv22                                                                               | 2 (L3 memory cuts: 1)         |
| conv22                       | conv_feature_splitter4_1                                                             | 2 (L3 memory cuts: 1)         |
| conv22                       | output_from_cluster_4_425_i1                                                         | 2 (L3 memory cuts: 1)         |
| conv_feature_splitter4_1     | output_from_cluster_4_427_i1                                                         | 1[S] (L3 memory cuts: 1)      |
| output_from_cluster_4_427_i1 | input_to_cluster_3_428_i1                                                            | 2[S] (L3 memory cuts: 1)      |
| input_to_cluster_3_428_i1    | concat6                                                                              | 30[S] (L3 memory cuts: 1)     |
| output_from_cluster_4_425_i1 | input_to_cluster_0_426_i1                                                            | 2 (L3 memory cuts: 1)         |
| input_to_cluster_0_426_i1    | conv_feature_splitter4_2                                                             | 2 (L3 memory cuts: 1)         |
| conv_feature_splitter4_2     | conv24                                                                               | 1[S] (L3 memory cuts: 1)      |
| conv_feature_splitter4_2     | conv25                                                                               | 1[S] (L3 memory cuts: 1)      |
| conv_feature_splitter4_2     | output_from_cluster_0_429_i1                                                         | 1[S] (L3 memory cuts: 1)      |
| conv24                       | output_from_cluster_0_431_i1                                                         | 1 (L3 memory cuts: 1)         |
| output_from_cluster_0_431_i1 | input_to_cluster_4_432_i1                                                            | 2 (L3 memory cuts: 1)         |
| input_to_cluster_4_432_i1    | conv26                                                                               | 6 (L3 memory cuts: 1)         |
| input_to_cluster_4_432_i1    | ew_add5                                                                              | 6 (L3 memory cuts: 1)         |
| conv26                       | output_from_cluster_4_433_i1                                                         | 1[S] (L3 memory cuts: 1)      |
| output_from_cluster_4_433_i1 | input_to_cluster_6_434_i1                                                            | 2[S] (L3 memory cuts: 1)      |
| input_to_cluster_6_434_i1    | conv27                                                                               | 5[S] (L3 memory cuts: 1)      |
| conv27                       | output_from_cluster_6_435_i1                                                         | 1 (L3 memory cuts: 1)         |
| output_from_cluster_6_435_i1 | input_to_cluster_4_436_i1                                                            | 2 (L3 memory cuts: 1)         |
| input_to_cluster_4_436_i1    | ew_add5                                                                              | 1 (L3 memory cuts: 1)         |
| ew_add5                      | output_from_cluster_4_437_i1                                                         | 1 (L3 memory cuts: 1)         |
| output_from_cluster_4_437_i1 | input_to_cluster_7_439_i1                                                            | 2 (L3 memory cuts: 1)         |
| output_from_cluster_4_437_i1 | input_to_cluster_3_438_i1                                                            | 2 (L3 memory cuts: 1)         |
| input_to_cluster_3_438_i1    | ew_add6                                                                              | 4 (L3 memory cuts: 1)         |
| input_to_cluster_7_439_i1    | conv28                                                                               | 2 (L3 memory cuts: 1)         |
| conv28                       | conv29                                                                               | 6[S] (L3 memory cuts: 1)      |
| conv29                       | output_from_cluster_7_440_i1                                                         | 1 (L3 memory cuts: 1)         |
| output_from_cluster_7_440_i1 | input_to_cluster_3_441_i1                                                            | 2 (L3 memory cuts: 1)         |
| input_to_cluster_3_441_i1    | ew_add6                                                                              | 1 (L3 memory cuts: 1)         |
| ew_add6                      | concat5                                                                              | 2 (L3 memory cuts: 1)         |
| conv25                       | output_from_cluster_0_442_i1                                                         | 1 (L3 memory cuts: 1)         |
| output_from_cluster_0_442_i1 | input_to_cluster_3_443_i1                                                            | 2 (L3 memory cuts: 1)         |
| input_to_cluster_3_443_i1    | concat5                                                                              | 10 (L3 memory cuts: 1)        |
| concat5                      | conv30                                                                               | 2[S] (L3 memory cuts: 1)      |
| conv30                       | concat6                                                                              | 1[S] (L3 memory cuts: 1)      |
| output_from_cluster_0_429_i1 | input_to_cluster_3_430_i1                                                            | 2[S] (L3 memory cuts: 1)      |
| input_to_cluster_3_430_i1    | concat6                                                                              | 30[S] (L3 memory cuts: 1)     |
| concat6                      | conv31                                                                               | 1[S] (L3 memory cuts: 1)      |
| conv31                       | conv32                                                                               | 1[S][RPC] (L3 memory cuts: 1) |
| conv32                       | maxpool1                                                                             | 7 (L3 memory cuts: 1)         |
| conv32                       | concat7                                                                              | 11 (L3 memory cuts: 2)        |
| maxpool1                     | maxpool2                                                                             | 9 (L3 memory cuts: 1)         |
| maxpool1                     | concat7                                                                              | 9 (L3 memory cuts: 1)         |
| maxpool2                     | maxpool3                                                                             | 7 (L3 memory cuts: 1)         |
| maxpool2                     | concat7                                                                              | 7 (L3 memory cuts: 1)         |
| maxpool3                     | concat7                                                                              | 3 (L3 memory cuts: 1)         |
| concat7                      | conv33                                                                               | 2[S] (L3 memory cuts: 1)      |
| conv33                       | conv_feature_splitter5_1                                                             | 1[S] (L3 memory cuts: 1)      |
| conv33                       | conv_feature_splitter5_2                                                             | 1[S] (L3 memory cuts: 1)      |
| conv_feature_splitter5_1     | output_from_cluster_3_444_i1                                                         | 1 (L3 memory cuts: 1)         |
| output_from_cluster_3_444_i1 | gate_rescue_repair_gate_rescue_repair_context_0_to_gate_rescue_repair_context_1_2336 | 1 (L3 memory cuts: 1)         |
| conv_feature_splitter5_2     | conv_feature_splitter6_1                                                             | 1[RPC] (L3 memory cuts: 1)    |
| conv_feature_splitter5_2     | conv_feature_splitter6_2                                                             | 1[RPC] (L3 memory cuts: 1)    |
| conv_feature_splitter5_2     | conv_feature_splitter6_3                                                             | 2[RPC] (L3 memory cuts: 2)    |
| conv_feature_splitter5_2     | output_from_cluster_3_445_i1                                                         | 1[RPC] (L3 memory cuts: 1)    |
| conv_feature_splitter6_1     | output_from_cluster_3_446_i1                                                         | 1 (L3 memory cuts: 1)         |
| output_from_cluster_3_446_i1 | gate_rescue_repair_gate_rescue_repair_context_0_to_gate_rescue_repair_context_1_2340 | 1 (L3 memory cuts: 1)         |
| conv_feature_splitter6_2     | output_from_cluster_3_447_i1                                                         | 1 (L3 memory cuts: 1)         |
| output_from_cluster_3_447_i1 | gate_rescue_repair_gate_rescue_repair_context_0_to_gate_rescue_repair_context_1_2342 | 1 (L3 memory cuts: 1)         |
| conv_feature_splitter6_3     | output_from_cluster_3_448_i1                                                         | 1 (L3 memory cuts: 1)         |
| output_from_cluster_3_448_i1 | gate_rescue_repair_gate_rescue_repair_context_0_to_gate_rescue_repair_context_1_2344 | 1 (L3 memory cuts: 1)         |
| output_from_cluster_3_445_i1 | gate_rescue_repair_gate_rescue_repair_context_0_to_gate_rescue_repair_context_1_2338 | 1 (L3 memory cuts: 1)         |
| output_from_cluster_1_403_i1 | gate_rescue_repair_gate_rescue_repair_context_0_to_gate_rescue_repair_context_1_2332 | 2 (L3 memory cuts: 1)         |
+------------------------------+--------------------------------------------------------------------------------------+-------------------------------+
[2026-09-25 06:03:08.219] [default] [info] Post-Final-Split Resources for gate_rescue_repair_context_0, iteration 4
+--------------------------------------------------------------------------------------+-------------+-----------------------+-----------------------+----------------------+----------------+-----+-----+------+
| Node                                                                                 | Subclusters | L3 Weight Memory Cuts | L3 Output Memory Cuts | L3 Input Memory Cuts | L4 Memory Cuts | IBs | OBs | APUs |
+--------------------------------------------------------------------------------------+-------------+-----------------------+-----------------------+----------------------+----------------+-----+-----+------+
| input_layer1                                                                         | 0           | 0                     | 0                     | 0                    | 0.500          | 0   | 0   | 0    |
| input_to_cluster_0_358_i1                                                            | 0           | 0                     | 1                     | 0                    | 0.000          | 1   | 0   | 0    |
| normalization1                                                                       | 1           | 0                     | 2                     | 1                    | 0.000          | 0   | 0   | 1    |
| conv1_ws                                                                             | 1           | 0                     | 4                     | 2                    | 0.000          | 0   | 0   | 1    |
| conv1_sd0                                                                            | 2           | 2                     | 3                     | 1                    | 0.000          | 0   | 0   | 1    |
| conv1_sd1                                                                            | 2           | 2                     | 3                     | 1                    | 0.000          | 0   | 0   | 1    |
| conv1_sd3                                                                            | 2           | 2                     | 3                     | 1                    | 0.000          | 0   | 0   | 1    |
| output_from_cluster_0_359_i1                                                         | 0           | 0                     | 0                     | 0                    | 0.000          | 0   | 1   | 0    |
| input_to_cluster_6_360_i1                                                            | 0           | 0                     | 1                     | 0                    | 0.000          | 1   | 0   | 0    |
| conv1_sd2                                                                            | 2           | 2                     | 2                     | 1                    | 0.000          | 0   | 0   | 1    |
| output_from_cluster_6_361_i1                                                         | 0           | 0                     | 0                     | 0                    | 0.000          | 0   | 1   | 0    |
| input_to_cluster_0_362_i1                                                            | 0           | 0                     | 2                     | 0                    | 0.000          | 1   | 0   | 0    |
| conv1_sdc                                                                            | 1           | 0                     | 2                     | 11                   | 0.000          | 0   | 0   | 1    |
| output_from_cluster_0_363_i1                                                         | 0           | 0                     | 0                     | 0                    | 0.000          | 0   | 2   | 0    |
| input_to_cluster_5_364_i1                                                            | 0           | 0                     | 2                     | 0                    | 0.000          | 2   | 0   | 0    |
| conv2_ws                                                                             | 1           | 0                     | 10                    | 2                    | 0.000          | 0   | 0   | 1    |
| conv2_sd0                                                                            | 2           | 2                     | 1                     | 3                    | 0.000          | 0   | 0   | 1    |
| conv2_sd1                                                                            | 2           | 2                     | 1                     | 3                    | 0.000          | 0   | 0   | 1    |
| conv2_sd3                                                                            | 2           | 2                     | 1                     | 3                    | 0.000          | 0   | 0   | 1    |
| output_from_cluster_5_365_i1                                                         | 0           | 0                     | 0                     | 0                    | 0.000          | 0   | 1   | 0    |
| input_to_cluster_2_366_i1                                                            | 0           | 0                     | 3                     | 0                    | 0.000          | 1   | 0   | 0    |
| conv2_sd2                                                                            | 2           | 2                     | 1                     | 3                    | 0.000          | 0   | 0   | 1    |
| output_from_cluster_2_367_i1                                                         | 0           | 0                     | 0                     | 0                    | 0.000          | 0   | 1   | 0    |
| input_to_cluster_5_368_i1                                                            | 0           | 0                     | 1                     | 0                    | 0.000          | 1   | 0   | 0    |
| conv2_sdc                                                                            | 1           | 0                     | 2                     | 4                    | 0.000          | 0   | 0   | 1    |
| output_from_cluster_5_369_i1                                                         | 0           | 0                     | 0                     | 0                    | 0.000          | 0   | 1   | 0    |
| input_to_cluster_7_370_i1                                                            | 0           | 0                     | 2                     | 0                    | 0.000          | 1   | 0   | 0    |
| conv_feature_splitter1_1                                                             | 1           | 1                     | 1                     | 2                    | 0.000          | 0   | 0   | 1    |
| output_from_cluster_7_372_i1                                                         | 0           | 0                     | 0                     | 0                    | 0.000          | 0   | 1   | 0    |
| input_to_cluster_4_373_i1                                                            | 0           | 0                     | 1                     | 0                    | 0.000          | 1   | 0   | 0    |
| input_to_cluster_2_371_i1                                                            | 0           | 0                     | 2                     | 0                    | 0.000          | 1   | 0   | 0    |
| conv_feature_splitter1_2                                                             | 1           | 1                     | 1                     | 2                    | 0.000          | 0   | 0   | 1    |
| output_from_cluster_2_374_i1                                                         | 0           | 0                     | 0                     | 0                    | 0.000          | 0   | 1   | 0    |
| input_to_cluster_4_375_i1                                                            | 0           | 0                     | 2                     | 0                    | 0.000          | 1   | 0   | 0    |
| input_to_cluster_5_376_i1                                                            | 0           | 0                     | 1                     | 0                    | 0.000          | 1   | 0   | 0    |
| conv4                                                                                | 2           | 1                     | 2                     | 1                    | 0.000          | 0   | 0   | 1    |
| output_from_cluster_5_377_i1                                                         | 0           | 0                     | 0                     | 0                    | 0.000          | 0   | 1   | 0    |
| input_to_cluster_7_378_i1                                                            | 0           | 0                     | 2                     | 0                    | 0.000          | 1   | 0   | 0    |
| conv5                                                                                | 2           | 2                     | 2                     | 2                    | 0.000          | 0   | 0   | 1    |
| output_from_cluster_7_379_i1                                                         | 0           | 0                     | 0                     | 0                    | 0.000          | 0   | 1   | 0    |
| input_to_cluster_4_380_i1                                                            | 0           | 0                     | 1                     | 0                    | 0.000          | 1   | 0   | 0    |
| ew_add1                                                                              | 1           | 1                     | 1                     | 2                    | 0.000          | 0   | 0   | 1    |
| concat1                                                                              | 1           | 0                     | 1                     | 3                    | 0.000          | 0   | 0   | 1    |
| conv6                                                                                | 4           | 4                     | 2                     | 1                    | 0.000          | 0   | 0   | 1    |
| output_from_cluster_4_381_i1                                                         | 0           | 0                     | 0                     | 0                    | 0.000          | 0   | 2   | 0    |
| input_to_cluster_5_382_i1                                                            | 0           | 0                     | 2                     | 0                    | 0.000          | 2   | 0   | 0    |
| conv7_ws                                                                             | 1           | 0                     | 6                     | 2                    | 0.000          | 0   | 0   | 1    |
| conv7_sd0                                                                            | 8           | 8                     | 1                     | 2                    | 0.000          | 0   | 0   | 1    |
| output_from_cluster_5_389_i1                                                         | 0           | 0                     | 0                     | 0                    | 0.000          | 0   | 1   | 0    |
| input_to_cluster_6_390_i1                                                            | 0           | 0                     | 1                     | 0                    | 0.000          | 1   | 0   | 0    |
| output_from_cluster_5_383_i1                                                         | 0           | 0                     | 0                     | 0                    | 0.000          | 0   | 1   | 0    |
| input_to_cluster_6_384_i1                                                            | 0           | 0                     | 1                     | 0                    | 0.000          | 1   | 0   | 0    |
| conv7_sd3                                                                            | 8           | 8                     | 1                     | 1                    | 0.000          | 0   | 0   | 1    |
| output_from_cluster_5_385_i1                                                         | 0           | 0                     | 0                     | 0                    | 0.000          | 0   | 1   | 0    |
| input_to_cluster_2_386_i1                                                            | 0           | 0                     | 2                     | 0                    | 0.000          | 1   | 0   | 0    |
| conv7_sd1                                                                            | 8           | 8                     | 1                     | 2                    | 0.000          | 0   | 0   | 1    |
| output_from_cluster_2_391_i1                                                         | 0           | 0                     | 0                     | 0                    | 0.000          | 0   | 1   | 0    |
| input_to_cluster_6_392_i1                                                            | 0           | 0                     | 1                     | 0                    | 0.000          | 1   | 0   | 0    |
| output_from_cluster_5_387_i1                                                         | 0           | 0                     | 0                     | 0                    | 0.000          | 0   | 1   | 0    |
| input_to_cluster_2_388_i1                                                            | 0           | 0                     | 1                     | 0                    | 0.000          | 1   | 0   | 0    |
| conv7_sd2                                                                            | 8           | 8                     | 1                     | 1                    | 0.000          | 0   | 0   | 1    |
| output_from_cluster_2_393_i1                                                         | 0           | 0                     | 0                     | 0                    | 0.000          | 0   | 1   | 0    |
| input_to_cluster_6_394_i1                                                            | 0           | 0                     | 1                     | 0                    | 0.000          | 1   | 0   | 0    |
| conv7_sdc                                                                            | 1           | 0                     | 1                     | 4                    | 0.000          | 0   | 0   | 1    |
| output_from_cluster_6_395_i1                                                         | 0           | 0                     | 0                     | 0                    | 0.000          | 0   | 1   | 0    |
| input_to_cluster_2_396_i1                                                            | 0           | 0                     | 2                     | 0                    | 0.000          | 1   | 0   | 0    |
| conv_feature_splitter2_1                                                             | 1           | 1                     | 1                     | 1                    | 0.000          | 0   | 0   | 1    |
| output_from_cluster_2_397_i1                                                         | 0           | 0                     | 0                     | 0                    | 0.000          | 0   | 1   | 0    |
| input_to_cluster_1_398_i1                                                            | 0           | 0                     | 1                     | 0                    | 0.000          | 1   | 0   | 0    |
| conv_feature_splitter2_2                                                             | 1           | 1                     | 3                     | 1                    | 0.000          | 0   | 0   | 1    |
| conv9                                                                                | 2           | 2                     | 1                     | 1                    | 0.000          | 0   | 0   | 1    |
| conv10                                                                               | 2           | 1                     | 1                     | 1                    | 0.000          | 0   | 0   | 1    |
| ew_add2                                                                              | 1           | 1                     | 1                     | 2                    | 0.000          | 0   | 0   | 1    |
| output_from_cluster_2_401_i1                                                         | 0           | 0                     | 0                     | 0                    | 0.000          | 0   | 1   | 0    |
| input_to_cluster_1_402_i1                                                            | 0           | 0                     | 1                     | 0                    | 0.000          | 1   | 0   | 0    |
| output_from_cluster_2_399_i1                                                         | 0           | 0                     | 0                     | 0                    | 0.000          | 0   | 1   | 0    |
| input_to_cluster_1_400_i1                                                            | 0           | 0                     | 1                     | 0                    | 0.000          | 1   | 0   | 0    |
| concat2                                                                              | 1           | 0                     | 1                     | 3                    | 0.000          | 0   | 0   | 1    |
| conv11                                                                               | 4           | 4                     | 4                     | 1                    | 0.000          | 0   | 0   | 1    |
| conv12_ws                                                                            | 1           | 0                     | 2                     | 2                    | 0.000          | 0   | 0   | 1    |
| conv12_sd0                                                                           | 8           | 8                     | 1                     | 1                    | 0.000          | 0   | 0   | 1    |
| output_from_cluster_1_404_i1                                                         | 0           | 0                     | 0                     | 0                    | 0.000          | 0   | 1   | 0    |
| input_to_cluster_2_405_i1                                                            | 0           | 0                     | 1                     | 0                    | 0.000          | 1   | 0   | 0    |
| conv12_sd1                                                                           | 8           | 8                     | 1                     | 1                    | 0.000          | 0   | 0   | 1    |
| output_from_cluster_2_406_i1                                                         | 0           | 0                     | 0                     | 0                    | 0.000          | 0   | 1   | 0    |
| input_to_cluster_1_407_i1                                                            | 0           | 0                     | 1                     | 0                    | 0.000          | 1   | 0   | 0    |
| conv12_sdc                                                                           | 1           | 0                     | 4                     | 2                    | 0.000          | 0   | 0   | 1    |
| conv_feature_splitter3_2                                                             | 1           | 1                     | 2                     | 2                    | 0.000          | 0   | 0   | 1    |
| conv14                                                                               | 1           | 1                     | 2                     | 1                    | 0.000          | 0   | 0   | 1    |
| output_from_cluster_1_413_i1                                                         | 0           | 0                     | 0                     | 0                    | 0.000          | 0   | 1   | 0    |
| input_to_cluster_0_414_i1                                                            | 0           | 0                     | 1                     | 0                    | 0.000          | 1   | 0   | 0    |
| conv16                                                                               | 1           | 1                     | 1                     | 1                    | 0.000          | 0   | 0   | 1    |
| output_from_cluster_0_415_i1                                                         | 0           | 0                     | 0                     | 0                    | 0.000          | 0   | 1   | 0    |
| input_to_cluster_6_416_i1                                                            | 0           | 0                     | 1                     | 0                    | 0.000          | 1   | 0   | 0    |
| conv17                                                                               | 1           | 1                     | 1                     | 1                    | 0.000          | 0   | 0   | 1    |
| output_from_cluster_6_417_i1                                                         | 0           | 0                     | 0                     | 0                    | 0.000          | 0   | 1   | 0    |
| input_to_cluster_1_418_i1                                                            | 0           | 0                     | 1                     | 0                    | 0.000          | 1   | 0   | 0    |
| ew_add3                                                                              | 1           | 1                     | 1                     | 2                    | 0.000          | 0   | 0   | 1    |
| output_from_cluster_1_419_i1                                                         | 0           | 0                     | 0                     | 0                    | 0.000          | 0   | 1   | 0    |
| input_to_cluster_5_420_i1                                                            | 0           | 0                     | 2                     | 0                    | 0.000          | 1   | 0   | 0    |
| conv18                                                                               | 1           | 1                     | 1                     | 1                    | 0.000          | 0   | 0   | 1    |
| conv19                                                                               | 1           | 1                     | 1                     | 1                    | 0.000          | 0   | 0   | 1    |
| ew_add4                                                                              | 1           | 1                     | 1                     | 2                    | 0.000          | 0   | 0   | 1    |
| output_from_cluster_1_410_i1                                                         | 0           | 0                     | 0                     | 0                    | 0.000          | 0   | 1   | 0    |
| input_to_cluster_0_411_i1                                                            | 0           | 0                     | 1                     | 0                    | 0.000          | 1   | 0   | 0    |
| input_to_cluster_5_412_i1                                                            | 0           | 0                     | 1                     | 0                    | 0.000          | 1   | 0   | 0    |
| conv15                                                                               | 1           | 1                     | 1                     | 1                    | 0.000          | 0   | 0   | 1    |
| concat3                                                                              | 1           | 0                     | 1                     | 2                    | 0.000          | 0   | 0   | 1    |
| conv20                                                                               | 1           | 1                     | 1                     | 1                    | 0.000          | 0   | 0   | 1    |
| output_from_cluster_5_421_i1                                                         | 0           | 0                     | 0                     | 0                    | 0.000          | 0   | 1   | 0    |
| input_to_cluster_0_422_i1                                                            | 0           | 0                     | 1                     | 0                    | 0.000          | 1   | 0   | 0    |
| output_from_cluster_1_408_i1                                                         | 0           | 0                     | 0                     | 0                    | 0.000          | 0   | 1   | 0    |
| input_to_cluster_0_409_i1                                                            | 0           | 0                     | 2                     | 0                    | 0.000          | 1   | 0   | 0    |
| conv_feature_splitter3_1                                                             | 1           | 1                     | 1                     | 2                    | 0.000          | 0   | 0   | 1    |
| concat4                                                                              | 1           | 0                     | 1                     | 3                    | 0.000          | 0   | 0   | 1    |
| conv21                                                                               | 2           | 2                     | 1                     | 1                    | 0.000          | 0   | 0   | 1    |
| output_from_cluster_0_423_i1                                                         | 0           | 0                     | 0                     | 0                    | 0.000          | 0   | 1   | 0    |
| input_to_cluster_4_424_i1                                                            | 0           | 0                     | 1                     | 0                    | 0.000          | 1   | 0   | 0    |
| conv22                                                                               | 8           | 16                    | 2                     | 1                    | 0.000          | 0   | 0   | 1    |
| conv_feature_splitter4_1                                                             | 1           | 1                     | 1                     | 1                    | 0.000          | 0   | 0   | 1    |
| output_from_cluster_4_427_i1                                                         | 0           | 0                     | 0                     | 0                    | 0.000          | 0   | 1   | 0    |
| input_to_cluster_3_428_i1                                                            | 0           | 0                     | 1                     | 0                    | 0.000          | 1   | 0   | 0    |
| output_from_cluster_4_425_i1                                                         | 0           | 0                     | 0                     | 0                    | 0.000          | 0   | 1   | 0    |
| input_to_cluster_0_426_i1                                                            | 0           | 0                     | 1                     | 0                    | 0.000          | 1   | 0   | 0    |
| conv_feature_splitter4_2                                                             | 1           | 1                     | 3                     | 1                    | 0.000          | 0   | 0   | 1    |
| conv24                                                                               | 1           | 1                     | 1                     | 1                    | 0.000          | 0   | 0   | 1    |
| output_from_cluster_0_431_i1                                                         | 0           | 0                     | 0                     | 0                    | 0.000          | 0   | 1   | 0    |
| input_to_cluster_4_432_i1                                                            | 0           | 0                     | 2                     | 0                    | 0.000          | 1   | 0   | 0    |
| conv26                                                                               | 1           | 2                     | 1                     | 1                    | 0.000          | 0   | 0   | 1    |
| output_from_cluster_4_433_i1                                                         | 0           | 0                     | 0                     | 0                    | 0.000          | 0   | 1   | 0    |
| input_to_cluster_6_434_i1                                                            | 0           | 0                     | 1                     | 0                    | 0.000          | 1   | 0   | 0    |
| conv27                                                                               | 1           | 2                     | 1                     | 1                    | 0.000          | 0   | 0   | 1    |
| output_from_cluster_6_435_i1                                                         | 0           | 0                     | 0                     | 0                    | 0.000          | 0   | 1   | 0    |
| input_to_cluster_4_436_i1                                                            | 0           | 0                     | 1                     | 0                    | 0.000          | 1   | 0   | 0    |
| ew_add5                                                                              | 1           | 1                     | 1                     | 2                    | 0.000          | 0   | 0   | 1    |
| output_from_cluster_4_437_i1                                                         | 0           | 0                     | 0                     | 0                    | 0.000          | 0   | 1   | 0    |
| input_to_cluster_3_438_i1                                                            | 0           | 0                     | 1                     | 0                    | 0.000          | 1   | 0   | 0    |
| input_to_cluster_7_439_i1                                                            | 0           | 0                     | 1                     | 0                    | 0.000          | 1   | 0   | 0    |
| conv28                                                                               | 1           | 2                     | 1                     | 1                    | 0.000          | 0   | 0   | 1    |
| conv29                                                                               | 1           | 2                     | 1                     | 1                    | 0.000          | 0   | 0   | 1    |
| output_from_cluster_7_440_i1                                                         | 0           | 0                     | 0                     | 0                    | 0.000          | 0   | 1   | 0    |
| input_to_cluster_3_441_i1                                                            | 0           | 0                     | 1                     | 0                    | 0.000          | 1   | 0   | 0    |
| ew_add6                                                                              | 1           | 1                     | 1                     | 2                    | 0.000          | 0   | 0   | 1    |
| conv25                                                                               | 1           | 1                     | 1                     | 1                    | 0.000          | 0   | 0   | 1    |
| output_from_cluster_0_442_i1                                                         | 0           | 0                     | 0                     | 0                    | 0.000          | 0   | 1   | 0    |
| input_to_cluster_3_443_i1                                                            | 0           | 0                     | 1                     | 0                    | 0.000          | 1   | 0   | 0    |
| concat5                                                                              | 1           | 0                     | 1                     | 2                    | 0.000          | 0   | 0   | 1    |
| conv30                                                                               | 1           | 1                     | 1                     | 1                    | 0.000          | 0   | 0   | 1    |
| output_from_cluster_0_429_i1                                                         | 0           | 0                     | 0                     | 0                    | 0.000          | 0   | 1   | 0    |
| input_to_cluster_3_430_i1                                                            | 0           | 0                     | 1                     | 0                    | 0.000          | 1   | 0   | 0    |
| concat6                                                                              | 1           | 0                     | 1                     | 3                    | 0.000          | 0   | 0   | 1    |
| conv31                                                                               | 4           | 4                     | 1                     | 1                    | 0.000          | 0   | 0   | 1    |
| conv32                                                                               | 1           | 1                     | 3                     | 1                    | 0.000          | 0   | 0   | 1    |
| maxpool1                                                                             | 1           | 0                     | 2                     | 1                    | 0.000          | 0   | 0   | 1    |
| maxpool2                                                                             | 1           | 0                     | 2                     | 1                    | 0.000          | 0   | 0   | 1    |
| maxpool3                                                                             | 1           | 0                     | 1                     | 1                    | 0.000          | 0   | 0   | 1    |
| concat7                                                                              | 1           | 0                     | 1                     | 5                    | 0.000          | 0   | 0   | 1    |
| conv33                                                                               | 4           | 4                     | 2                     | 1                    | 0.000          | 0   | 0   | 1    |
| conv_feature_splitter5_1                                                             | 1           | 1                     | 1                     | 1                    | 0.000          | 0   | 0   | 1    |
| output_from_cluster_3_444_i1                                                         | 0           | 0                     | 0                     | 0                    | 0.000          | 0   | 1   | 0    |
| gate_rescue_repair_gate_rescue_repair_context_0_to_gate_rescue_repair_context_1_2336 | 0           | 0                     | 0                     | 0                    | 0.500          | 0   | 0   | 0    |
| conv_feature_splitter5_2                                                             | 1           | 1                     | 5                     | 1                    | 0.000          | 0   | 0   | 1    |
| conv_feature_splitter6_1                                                             | 1           | 1                     | 1                     | 1                    | 0.000          | 0   | 0   | 1    |
| output_from_cluster_3_446_i1                                                         | 0           | 0                     | 0                     | 0                    | 0.000          | 0   | 1   | 0    |
| gate_rescue_repair_gate_rescue_repair_context_0_to_gate_rescue_repair_context_1_2340 | 0           | 0                     | 0                     | 0                    | 0.500          | 0   | 0   | 0    |
| conv_feature_splitter6_2                                                             | 1           | 1                     | 1                     | 1                    | 0.000          | 0   | 0   | 1    |
| output_from_cluster_3_447_i1                                                         | 0           | 0                     | 0                     | 0                    | 0.000          | 0   | 1   | 0    |
| gate_rescue_repair_gate_rescue_repair_context_0_to_gate_rescue_repair_context_1_2342 | 0           | 0                     | 0                     | 0                    | 0.500          | 0   | 0   | 0    |
| conv_feature_splitter6_3                                                             | 1           | 1                     | 1                     | 2                    | 0.000          | 0   | 0   | 1    |
| output_from_cluster_3_448_i1                                                         | 0           | 0                     | 0                     | 0                    | 0.000          | 0   | 1   | 0    |
| gate_rescue_repair_gate_rescue_repair_context_0_to_gate_rescue_repair_context_1_2344 | 0           | 0                     | 0                     | 0                    | 0.500          | 0   | 0   | 0    |
| output_from_cluster_3_445_i1                                                         | 0           | 0                     | 0                     | 0                    | 0.000          | 0   | 1   | 0    |
| gate_rescue_repair_gate_rescue_repair_context_0_to_gate_rescue_repair_context_1_2338 | 0           | 0                     | 0                     | 0                    | 0.500          | 0   | 0   | 0    |
| gate_rescue_repair_gate_rescue_repair_context_0_to_gate_rescue_repair_context_1_2334 | 0           | 0                     | 0                     | 0                    | 0.500          | 0   | 0   | 0    |
| output_from_cluster_1_403_i1                                                         | 0           | 0                     | 0                     | 0                    | 0.000          | 0   | 1   | 0    |
| gate_rescue_repair_gate_rescue_repair_context_0_to_gate_rescue_repair_context_1_2332 | 0           | 0                     | 0                     | 0                    | 0.500          | 0   | 0   | 0    |
+--------------------------------------------------------------------------------------+-------------+-----------------------+-----------------------+----------------------+----------------+-----+-----+------+
TOTAL:  LCUs: 77 (60.1562%), Subclusters: 151 (29.4922%), Weight memory cuts: 142 (13.8672%), L3 Output memory cuts: 189 (18.457%), L3 Input memory cuts: 134 (13.0859%), L3 total cuts: 331 (32.3242%), L4 memory cuts: 0 (0%), IBs: 47 (73.4375%), OBs: 48 (75%), APUs: 77 (48.125%)
[2026-09-25 06:03:08.536] [default] [info] Context:1/2 Iteration 0: Trying parallel splits...   
          cluster_0  cluster_1  cluster_2  cluster_3  cluster_4  cluster_5  cluster_6  cluster_7  prepost 
 worker0                                                                                                  
 worker1                                                                                                  
 worker2                                                                                                  
 worker3                                                                                                  

  00:09
[2026-09-25 06:03:09.025] [default] [info] Context:1/2 Iteration 0: Trying parallel splits...   
          cluster_0  cluster_1  cluster_2  cluster_3  cluster_4  cluster_5  cluster_6  cluster_7  prepost 
 worker0                                                                                                  
 worker1                                                                                                  
 worker2                                                                                                  
 worker3  *          *          *          *          *          *          *          *          V       

  00:09
[2026-09-25 06:03:09.038] [default] [info] Context:1/2 Iteration 0: Trying parallel splits...   
          cluster_0  cluster_1  cluster_2  cluster_3  cluster_4  cluster_5  cluster_6  cluster_7  prepost 
 worker0                                                                                                  
 worker1  *          *          *          *          *          *          *          *          V       
 worker2                                                                                                  
 worker3  *          *          *          *          *          *          *          *          V       

  00:09
[2026-09-25 06:03:09.051] [default] [info] Context:1/2 Iteration 0: Trying parallel splits...   
          cluster_0  cluster_1  cluster_2  cluster_3  cluster_4  cluster_5  cluster_6  cluster_7  prepost 
 worker0                                                                                                  
 worker1  *          *          *          *          *          *          *          *          V       
 worker2  *          *          *          *          *          *          *          *          V       
 worker3  *          *          *          *          *          *          *          *          V       

  00:09
[2026-09-25 06:03:09.109] [default] [info] Context:1/2 Iteration 4: Trying parallel mapping...  
          cluster_0  cluster_1  cluster_2  cluster_3  cluster_4  cluster_5  cluster_6  cluster_7  prepost 
 worker0  *          *          *          *          *          *          *          *          V       
 worker1  *          *          *          *          *          *          *          *          V       
 worker2  *          *          *          *          *          *          *          *          V       
 worker3  *          *          *          *          *          *          *          *          V       

  00:09
[2026-09-25 06:03:09.196] [default] [info] Context:1/2 Iteration 4: Trying parallel mapping...  
          cluster_0  cluster_1  cluster_2  cluster_3  cluster_4  cluster_5  cluster_6  cluster_7  prepost 
 worker0  *          *          *          *          *          *          *          *          V       
 worker1  *          *          *          *          *          *          *          *          V       
 worker2  *          *          *          *          *          *          *          *          V       
 worker3  *          *          *          *          *          *          *          *          V       

  00:09
[2026-09-25 06:03:09.213] [default] [info] Context:1/2 Iteration 4: Trying parallel mapping...  
          cluster_0  cluster_1  cluster_2  cluster_3  cluster_4  cluster_5  cluster_6  cluster_7  prepost 
 worker0  *          *          *          *          *          *          *          *          V       
 worker1  *          *          *          *          *          *          *          V          V       
 worker2  *          *          *          *          *          *          *          *          V       
 worker3  *          *          *          *          *          *          *          *          V       

  00:09
[2026-09-25 06:03:09.229] [default] [info] Context:1/2 Iteration 4: Trying parallel mapping...  
          cluster_0  cluster_1  cluster_2  cluster_3  cluster_4  cluster_5  cluster_6  cluster_7  prepost 
 worker0  *          *          *          *          *          *          *          *          V       
 worker1  *          *          *          V          *          *          *          V          V       
 worker2  *          *          *          *          *          *          *          *          V       
 worker3  *          *          *          *          *          *          *          *          V       

  00:09
[2026-09-25 06:03:09.244] [default] [info] Context:1/2 Iteration 4: Trying parallel mapping...  
          cluster_0  cluster_1  cluster_2  cluster_3  cluster_4  cluster_5  cluster_6  cluster_7  prepost 
 worker0  *          *          *          *          *          *          *          *          V       
 worker1  *          V          *          V          V          V          *          V          V       
 worker2  *          *          *          *          *          *          *          *          V       
 worker3  *          *          *          *          *          *          *          *          V       

  00:09
[2026-09-25 06:03:09.258] [default] [info] Context:1/2 Iteration 4: Trying parallel mapping...  
          cluster_0  cluster_1  cluster_2  cluster_3  cluster_4  cluster_5  cluster_6  cluster_7  prepost 
 worker0  *          *          *          *          *          *          *          *          V       
 worker1  *          V          *          V          V          V          *          V          V       
 worker2  *          *          *          *          *          *          *          *          V       
 worker3  *          *          *          *          *          *          *          *          V       

  00:09
[2026-09-25 06:03:09.271] [default] [info] Context:1/2 Iteration 4: Trying parallel mapping...  
          cluster_0  cluster_1  cluster_2  cluster_3  cluster_4  cluster_5  cluster_6  cluster_7  prepost 
 worker0  *          *          *          *          *          *          *          *          V       
 worker1  *          V          V          V          V          V          *          V          V       
 worker2  *          *          *          *          *          *          *          *          V       
 worker3  *          *          *          *          *          *          *          *          V       

  00:09
[2026-09-25 06:03:09.286] [default] [info] Context:1/2 Iteration 4: Trying parallel mapping...  
          cluster_0  cluster_1  cluster_2  cluster_3  cluster_4  cluster_5  cluster_6  cluster_7  prepost 
 worker0  *          *          *          *          *          *          *          *          V       
 worker1  *          V          V          V          V          V          *          V          V       
 worker2  *          *          *          *          *          *          *          *          V       
 worker3  *          *          *          *          *          *          *          *          V       

  00:09
[2026-09-25 06:03:09.301] [default] [info] Context:1/2 Iteration 4: Trying parallel mapping...  
          cluster_0  cluster_1  cluster_2  cluster_3  cluster_4  cluster_5  cluster_6  cluster_7  prepost 
 worker0  *          *          *          *          *          *          *          *          V       
 worker1  *          V          V          V          V          V          *          V          V       
 worker2  *          *          *          *          *          *          *          V          V       
 worker3  *          *          *          *          *          *          *          *          V       

  00:09
[2026-09-25 06:03:09.317] [default] [info] Context:1/2 Iteration 4: Trying parallel mapping...  
          cluster_0  cluster_1  cluster_2  cluster_3  cluster_4  cluster_5  cluster_6  cluster_7  prepost 
 worker0  *          *          *          *          *          *          *          *          V       
 worker1  *          V          V          V          V          V          *          V          V       
 worker2  *          V          *          *          *          *          *          V          V       
 worker3  *          *          *          *          *          *          *          *          V       

  00:09
[2026-09-25 06:03:09.329] [default] [info] Context:1/2 Iteration 4: Trying parallel mapping...  
          cluster_0  cluster_1  cluster_2  cluster_3  cluster_4  cluster_5  cluster_6  cluster_7  prepost 
 worker0  *          *          *          *          *          *          *          *          V       
 worker1  *          V          V          V          V          V          *          V          V       
 worker2  V          V          V          V          V          V          *          V          V       
 worker3  *          *          *          *          *          *          *          *          V       

  00:09
[2026-09-25 06:03:09.342] [default] [info] Context:1/2 Iteration 4: Trying parallel mapping...  
          cluster_0  cluster_1  cluster_2  cluster_3  cluster_4  cluster_5  cluster_6  cluster_7  prepost 
 worker0  *          *          *          *          *          *          *          *          V       
 worker1  *          V          V          V          V          V          *          V          V       
 worker2  V          V          V          V          V          V          *          V          V       
 worker3  *          *          *          *          *          *          *          *          V       

  00:10
[2026-09-25 06:03:09.355] [default] [info] Context:1/2 Iteration 4: Trying parallel mapping...  
          cluster_0  cluster_1  cluster_2  cluster_3  cluster_4  cluster_5  cluster_6  cluster_7  prepost 
 worker0  *          *          *          *          *          *          *          *          V       
 worker1  *          V          V          V          V          V          *          V          V       
 worker2  V          V          V          V          V          V          *          V          V       
 worker3  *          *          *          *          *          *          *          *          V       

  00:10
[2026-09-25 06:03:09.368] [default] [info] Context:1/2 Iteration 4: Trying parallel mapping...  
          cluster_0  cluster_1  cluster_2  cluster_3  cluster_4  cluster_5  cluster_6  cluster_7  prepost 
 worker0  *          *          *          *          *          *          *          *          V       
 worker1  V          V          V          V          V          V          *          V          V       
 worker2  V          V          V          V          V          V          *          V          V       
 worker3  *          *          *          *          *          *          *          *          V       

  00:10
[2026-09-25 06:03:09.380] [default] [info] Context:1/2 Iteration 4: Trying parallel mapping...  
          cluster_0  cluster_1  cluster_2  cluster_3  cluster_4  cluster_5  cluster_6  cluster_7  prepost 
 worker0  *          *          *          *          *          *          *          *          V       
 worker1  V          V          V          V          V          V          *          V          V       
 worker2  V          V          V          V          V          V          *          V          V       
 worker3  *          *          *          *          *          *          *          *          V       

  00:10
[2026-09-25 06:03:09.393] [default] [info] Context:1/2 Iteration 4: Trying parallel mapping...  
          cluster_0  cluster_1  cluster_2  cluster_3  cluster_4  cluster_5  cluster_6  cluster_7  prepost 
 worker0  *          *          *          *          *          *          *          *          V       
 worker1  V          V          V          V          V          V          *          V          V       
 worker2  V          V          V          V          V          V          *          V          V       
 worker3  *          *          *          *          *          *          *          *          V       

  00:10
[2026-09-25 06:03:09.406] [default] [info] Context:1/2 Iteration 4: Trying parallel mapping...  
          cluster_0  cluster_1  cluster_2  cluster_3  cluster_4  cluster_5  cluster_6  cluster_7  prepost 
 worker0  *          *          *          *          *          *          *          *          V       
 worker1  V          V          V          V          V          V          *          V          V       
 worker2  V          V          V          V          V          V          *          V          V       
 worker3  *          *          *          *          *          *          *          *          V       

  00:10
[2026-09-25 06:03:09.480] [default] [info] Context:1/2 Iteration 4: Trying parallel mapping...  
          cluster_0  cluster_1  cluster_2  cluster_3  cluster_4  cluster_5  cluster_6  cluster_7  prepost 
 worker0  *          *          *          *          *          *          *          *          V       
 worker1  V          V          V          V          V          V          *          V          V       
 worker2  V          V          V          V          V          V          V          V          V       
 worker3  *          *          *          *          *          *          *          *          V       

  00:10
[2026-09-25 06:03:09.525] [default] [info] Context:1/2 Iteration 4: Trying parallel mapping...  
          cluster_0  cluster_1  cluster_2  cluster_3  cluster_4  cluster_5  cluster_6  cluster_7  prepost 
 worker0  *          *          *          *          *          *          *          *          V       
 worker1  V          V          V          V          V          V          *          V          V       
 worker2  V          V          V          V          V          V          V          V          V       
 worker3  *          *          *          *          *          *          *          *          V       

  00:10
[2026-09-25 06:03:09.548] [default] [info] Context:1/2 Iteration 4: Trying parallel mapping...  
          cluster_0  cluster_1  cluster_2  cluster_3  cluster_4  cluster_5  cluster_6  cluster_7  prepost 
 worker0  *          *          *          *          *          *          *          *          V       
 worker1  V          V          V          V          V          V          *          V          V       
 worker2  V          V          V          V          V          V          V          V          V       
 worker3  *          *          *          *          *          *          *          V          V       

  00:10
[2026-09-25 06:03:09.561] [default] [info] Context:1/2 Iteration 4: Trying parallel mapping...  
          cluster_0  cluster_1  cluster_2  cluster_3  cluster_4  cluster_5  cluster_6  cluster_7  prepost 
 worker0  *          *          *          *          *          *          *          *          V       
 worker1  V          V          V          V          V          V          *          V          V       
 worker2  V          V          V          V          V          V          V          V          V       
 worker3  *          V          V          *          V          *          *          V          V       

  00:10
[2026-09-25 06:03:09.574] [default] [info] Context:1/2 Iteration 4: Trying parallel mapping...  
          cluster_0  cluster_1  cluster_2  cluster_3  cluster_4  cluster_5  cluster_6  cluster_7  prepost 
 worker0  *          *          *          *          *          *          *          *          V       
 worker1  V          V          V          V          V          V          *          V          V       
 worker2  V          V          V          V          V          V          V          V          V       
 worker3  V          V          V          *          V          *          *          V          V       

  00:10
[2026-09-25 06:03:09.587] [default] [info] Context:1/2 Iteration 4: Trying parallel mapping...  
          cluster_0  cluster_1  cluster_2  cluster_3  cluster_4  cluster_5  cluster_6  cluster_7  prepost 
 worker0  *          *          *          *          *          *          *          *          V       
 worker1  V          V          V          V          V          V          *          V          V       
 worker2  V          V          V          V          V          V          V          V          V       
 worker3  V          V          V          *          V          V          *          V          V       

  00:10
[2026-09-25 06:03:09.599] [default] [info] Context:1/2 Iteration 4: Trying parallel mapping...  
          cluster_0  cluster_1  cluster_2  cluster_3  cluster_4  cluster_5  cluster_6  cluster_7  prepost 
 worker0  *          *          *          *          *          *          *          *          V       
 worker1  V          V          V          V          V          V          *          V          V       
 worker2  V          V          V          V          V          V          V          V          V       
 worker3  V          V          V          *          V          V          V          V          V       

  00:10
[2026-09-25 06:03:09.612] [default] [info] Context:1/2 Iteration 4: Trying parallel mapping...  
          cluster_0  cluster_1  cluster_2  cluster_3  cluster_4  cluster_5  cluster_6  cluster_7  prepost 
 worker0  *          *          *          *          *          *          *          *          V       
 worker1  V          V          V          V          V          V          *          V          V       
 worker2  V          V          V          V          V          V          V          V          V       
 worker3  V          V          V          *          V          V          V          V          V       

  00:10
[2026-09-25 06:03:09.624] [default] [info] Context:1/2 Iteration 4: Trying parallel mapping...  
          cluster_0  cluster_1  cluster_2  cluster_3  cluster_4  cluster_5  cluster_6  cluster_7  prepost 
 worker0  *          *          *          *          *          *          *          *          V       
 worker1  V          V          V          V          V          V          *          V          V       
 worker2  V          V          V          V          V          V          V          V          V       
 worker3  V          V          V          *          V          V          V          V          V       

  00:10
[2026-09-25 06:03:09.637] [default] [info] Context:1/2 Iteration 4: Trying parallel mapping...  
          cluster_0  cluster_1  cluster_2  cluster_3  cluster_4  cluster_5  cluster_6  cluster_7  prepost 
 worker0  *          *          *          *          *          *          *          *          V       
 worker1  V          V          V          V          V          V          *          V          V       
 worker2  V          V          V          V          V          V          V          V          V       
 worker3  V          V          V          V          V          V          V          V          V       

  00:10
[2026-09-25 06:03:09.916] [default] [info] Context:1/2 Iteration 4: Trying parallel mapping...  
          cluster_0  cluster_1  cluster_2  cluster_3  cluster_4  cluster_5  cluster_6  cluster_7  prepost 
 worker0  *          *          *          *          *          *          *          *          V       
 worker1  V          V          V          V          V          V          *          V          V       
 worker2  V          V          V          V          V          V          V          V          V       
 worker3  V          V          V          V          V          V          V          V          V       

  00:10
[2026-09-25 06:03:09.929] [default] [info] Context:1/2 Iteration 4: Trying parallel mapping...  
          cluster_0  cluster_1  cluster_2  cluster_3  cluster_4  cluster_5  cluster_6  cluster_7  prepost 
 worker0  *          *          *          V          *          *          *          *          V       
 worker1  V          V          V          V          V          V          *          V          V       
 worker2  V          V          V          V          V          V          V          V          V       
 worker3  V          V          V          V          V          V          V          V          V       

  00:10
[2026-09-25 06:03:09.942] [default] [info] Context:1/2 Iteration 4: Trying parallel mapping...  
          cluster_0  cluster_1  cluster_2  cluster_3  cluster_4  cluster_5  cluster_6  cluster_7  prepost 
 worker0  *          *          *          V          *          V          *          *          V       
 worker1  V          V          V          V          V          V          *          V          V       
 worker2  V          V          V          V          V          V          V          V          V       
 worker3  V          V          V          V          V          V          V          V          V       

  00:10
[2026-09-25 06:03:09.955] [default] [info] Context:1/2 Iteration 4: Trying parallel mapping...  
          cluster_0  cluster_1  cluster_2  cluster_3  cluster_4  cluster_5  cluster_6  cluster_7  prepost 
 worker0  *          V          *          V          *          V          *          V          V       
 worker1  V          V          V          V          V          V          *          V          V       
 worker2  V          V          V          V          V          V          V          V          V       
 worker3  V          V          V          V          V          V          V          V          V       

  00:10
[2026-09-25 06:03:09.967] [default] [info] Context:1/2 Iteration 4: Trying parallel mapping...  
          cluster_0  cluster_1  cluster_2  cluster_3  cluster_4  cluster_5  cluster_6  cluster_7  prepost 
 worker0  *          V          V          V          *          V          V          V          V       
 worker1  V          V          V          V          V          V          *          V          V       
 worker2  V          V          V          V          V          V          V          V          V       
 worker3  V          V          V          V          V          V          V          V          V       

  00:10
[2026-09-25 06:03:09.980] [default] [info] Context:1/2 Iteration 4: Trying parallel mapping...  
          cluster_0  cluster_1  cluster_2  cluster_3  cluster_4  cluster_5  cluster_6  cluster_7  prepost 
 worker0  *          V          V          V          *          V          V          V          V       
 worker1  V          V          V          V          V          V          *          V          V       
 worker2  V          V          V          V          V          V          V          V          V       
 worker3  V          V          V          V          V          V          V          V          V       

  00:10
[2026-09-25 06:03:09.993] [default] [info] Context:1/2 Iteration 4: Trying parallel mapping...  
          cluster_0  cluster_1  cluster_2  cluster_3  cluster_4  cluster_5  cluster_6  cluster_7  prepost 
 worker0  *          V          V          V          *          V          V          V          V       
 worker1  V          V          V          V          V          V          *          V          V       
 worker2  V          V          V          V          V          V          V          V          V       
 worker3  V          V          V          V          V          V          V          V          V       

  00:10
[2026-09-25 06:03:10.187] [default] [info] Context:1/2 Iteration 4: Trying parallel mapping...  
          cluster_0  cluster_1  cluster_2  cluster_3  cluster_4  cluster_5  cluster_6  cluster_7  prepost 
 worker0  *          V          V          V          V          V          V          V          V       
 worker1  V          V          V          V          V          V          *          V          V       
 worker2  V          V          V          V          V          V          V          V          V       
 worker3  V          V          V          V          V          V          V          V          V       

  00:10
[2026-09-25 06:03:12.110] [default] [info] Context:1/2 Iteration 4: Trying parallel mapping...  
          cluster_0  cluster_1  cluster_2  cluster_3  cluster_4  cluster_5  cluster_6  cluster_7  prepost 
 worker0  V          V          V          V          V          V          V          V          V       
 worker1  V          V          V          V          V          V          *          V          V       
 worker2  V          V          V          V          V          V          V          V          V       
 worker3  V          V          V          V          V          V          V          V          V       

  00:12
[2026-09-25 06:03:12.308] [default] [info] Context:1/2 Iteration 4: Trying parallel mapping...  
          cluster_0  cluster_1  cluster_2  cluster_3  cluster_4  cluster_5  cluster_6  cluster_7  prepost 
 worker0  V          V          V          V          V          V          V          V          V       
 worker1  V          V          V          V          V          V          V          V          V       
 worker2  V          V          V          V          V          V          V          V          V       
 worker3  V          V          V          V          V          V          V          V          V       

  00:12
[2026-09-25 06:03:12.384] [default] [info] Post-Split Resources for gate_rescue_repair_context_1, iteration 1 (CP)
+--------------------------------------------------------------------------------------+-------------+-----------------------+-----------------------+----------------------+----------------+-----+-----+------+
| Node                                                                                 | Subclusters | L3 Weight Memory Cuts | L3 Output Memory Cuts | L3 Input Memory Cuts | L4 Memory Cuts | IBs | OBs | APUs |
+--------------------------------------------------------------------------------------+-------------+-----------------------+-----------------------+----------------------+----------------+-----+-----+------+
| gate_rescue_repair_gate_rescue_repair_context_0_to_gate_rescue_repair_context_1_2333 | 0           | 0                     | 0                     | 0                    | 0.500          | 0   | 0   | 0    |
| input_to_cluster_4_449_i1                                                            | 0           | 0                     | 5                     | 0                    | 0.000          | 1   | 0   | 0    |
| gate_rescue_repair_gate_rescue_repair_context_0_to_gate_rescue_repair_context_1_2335 | 0           | 0                     | 0                     | 0                    | 0.500          | 0   | 0   | 0    |
| input_to_cluster_5_450_i1                                                            | 0           | 0                     | 1                     | 0                    | 0.000          | 1   | 0   | 0    |
| gate_rescue_repair_gate_rescue_repair_context_0_to_gate_rescue_repair_context_1_2337 | 0           | 0                     | 0                     | 0                    | 0.500          | 0   | 0   | 0    |
| input_to_cluster_5_451_i1                                                            | 0           | 0                     | 1                     | 0                    | 0.000          | 1   | 0   | 0    |
| gate_rescue_repair_gate_rescue_repair_context_0_to_gate_rescue_repair_context_1_2339 | 0           | 0                     | 0                     | 0                    | 0.500          | 0   | 0   | 0    |
| input_to_cluster_1_452_i1                                                            | 0           | 0                     | 1                     | 0                    | 0.000          | 1   | 0   | 0    |
| gate_rescue_repair_gate_rescue_repair_context_0_to_gate_rescue_repair_context_1_2341 | 0           | 0                     | 0                     | 0                    | 0.500          | 0   | 0   | 0    |
| input_to_cluster_6_453_i1                                                            | 0           | 0                     | 1                     | 0                    | 0.000          | 1   | 0   | 0    |
| gate_rescue_repair_gate_rescue_repair_context_0_to_gate_rescue_repair_context_1_2343 | 0           | 0                     | 0                     | 0                    | 0.500          | 0   | 0   | 0    |
| input_to_cluster_6_454_i1                                                            | 0           | 0                     | 2                     | 0                    | 0.000          | 1   | 0   | 0    |
| matmul1                                                                              | 1           | 0                     | 4                     | 1                    | 0.000          | 0   | 0   | 1    |
| reduce_max_softmax1                                                                  | 1           | 0                     | 1                     | 2                    | 0.000          | 0   | 0   | 1    |
| ew_sub_softmax1                                                                      | 1           | 1                     | 2                     | 3                    | 0.000          | 0   | 0   | 1    |
| reduce_sum_softmax1                                                                  | 1           | 0                     | 1                     | 1                    | 0.000          | 0   | 0   | 1    |
| ew_mult_softmax1                                                                     | 1           | 0                     | 2                     | 2                    | 0.000          | 0   | 0   | 1    |
| gate_rescue_repair_gate_rescue_repair_context_0_to_gate_rescue_repair_context_1_2345 | 0           | 0                     | 0                     | 0                    | 0.500          | 0   | 0   | 0    |
| input_to_cluster_3_455_i1                                                            | 0           | 0                     | 1                     | 0                    | 0.000          | 1   | 0   | 0    |
| activation1                                                                          | 1           | 1                     | 1                     | 1                    | 0.000          | 0   | 0   | 1    |
| matmul2_reshape                                                                      | 1           | 0                     | 1                     | 1                    | 0.000          | 0   | 0   | 1    |
| output_from_cluster_3_457_i1                                                         | 0           | 0                     | 0                     | 0                    | 0.000          | 0   | 1   | 0    |
| input_to_cluster_6_458_i1                                                            | 0           | 0                     | 4                     | 0                    | 0.000          | 1   | 0   | 0    |
| matmul2                                                                              | 2           | 0                     | 1                     | 2                    | 0.000          | 0   | 0   | 1    |
| output_from_cluster_6_459_i1                                                         | 0           | 0                     | 0                     | 0                    | 0.000          | 0   | 1   | 0    |
| input_to_cluster_1_460_i1                                                            | 0           | 0                     | 1                     | 0                    | 0.000          | 1   | 0   | 0    |
| input_to_cluster_6_456_i1                                                            | 0           | 0                     | 1                     | 0                    | 0.000          | 1   | 0   | 0    |
| dw1_defuse_width_feature_reshape                                                     | 1           | 0                     | 1                     | 1                    | 0.000          | 0   | 0   | 1    |
| dw1_defuse_reshape_hxf_to_w_transposed                                               | 1           | 0                     | 2                     | 1                    | 0.000          | 0   | 0   | 1    |
| output_from_cluster_6_461_i1                                                         | 0           | 0                     | 0                     | 0                    | 0.000          | 0   | 1   | 0    |
| input_to_cluster_1_462_i1                                                            | 0           | 0                     | 18                    | 0                    | 0.000          | 1   | 0   | 0    |
| dw1_defuse_1x1                                                                       | 1           | 1                     | 1                     | 19                   | 0.000          | 0   | 0   | 1    |
| conv36                                                                               | 1           | 1                     | 1                     | 2                    | 0.000          | 0   | 0   | 1    |
| output_from_cluster_1_463_i1                                                         | 0           | 0                     | 0                     | 0                    | 0.000          | 0   | 1   | 0    |
| input_to_cluster_6_464_i1                                                            | 0           | 0                     | 1                     | 0                    | 0.000          | 1   | 0   | 0    |
| input_to_cluster_4_465_i1                                                            | 0           | 0                     | 1                     | 0                    | 0.000          | 1   | 0   | 0    |
| conv37                                                                               | 1           | 1                     | 1                     | 1                    | 0.000          | 0   | 0   | 1    |
| output_from_cluster_4_466_i1                                                         | 0           | 0                     | 0                     | 0                    | 0.000          | 0   | 1   | 0    |
| input_to_cluster_6_467_i1                                                            | 0           | 0                     | 1                     | 0                    | 0.000          | 1   | 0   | 0    |
| conv38                                                                               | 1           | 1                     | 1                     | 2                    | 0.000          | 0   | 0   | 1    |
| output_from_cluster_6_468_i1                                                         | 0           | 0                     | 0                     | 0                    | 0.000          | 0   | 1   | 0    |
| input_to_cluster_5_469_i1                                                            | 0           | 0                     | 1                     | 0                    | 0.000          | 1   | 0   | 0    |
| concat8                                                                              | 1           | 0                     | 1                     | 2                    | 0.000          | 0   | 0   | 1    |
| output_from_cluster_5_470_i1                                                         | 0           | 0                     | 0                     | 0                    | 0.000          | 0   | 1   | 0    |
| input_to_cluster_2_471_i1                                                            | 0           | 0                     | 1                     | 0                    | 0.000          | 1   | 0   | 0    |
| conv39                                                                               | 2           | 2                     | 2                     | 1                    | 0.000          | 0   | 0   | 1    |
| resize1                                                                              | 1           | 0                     | 1                     | 1                    | 0.000          | 0   | 0   | 1    |
| output_from_cluster_2_474_i1                                                         | 0           | 0                     | 0                     | 0                    | 0.000          | 0   | 1   | 0    |
| input_to_cluster_5_475_i1                                                            | 0           | 0                     | 1                     | 0                    | 0.000          | 1   | 0   | 0    |
| concat9                                                                              | 1           | 0                     | 2                     | 2                    | 0.000          | 0   | 0   | 1    |
| conv_feature_splitter7_1                                                             | 2           | 2                     | 10                    | 1                    | 0.000          | 0   | 0   | 1    |
| conv_feature_splitter7_2                                                             | 2           | 2                     | 11                    | 1                    | 0.000          | 0   | 0   | 1    |
| output_from_cluster_5_476_i1                                                         | 0           | 0                     | 0                     | 0                    | 0.000          | 0   | 1   | 0    |
| input_to_cluster_1_477_i1                                                            | 0           | 0                     | 8                     | 0                    | 0.000          | 1   | 0   | 0    |
| input_to_cluster_2_478_i1                                                            | 0           | 0                     | 5                     | 0                    | 0.000          | 1   | 0   | 0    |
| conv41                                                                               | 2           | 1                     | 1                     | 5                    | 0.000          | 0   | 0   | 1    |
| output_from_cluster_2_479_i1                                                         | 0           | 0                     | 0                     | 0                    | 0.000          | 0   | 1   | 0    |
| input_to_cluster_4_480_i1                                                            | 0           | 0                     | 1                     | 0                    | 0.000          | 1   | 0   | 0    |
| conv42                                                                               | 2           | 1                     | 2                     | 1                    | 0.000          | 0   | 0   | 1    |
| output_from_cluster_4_481_i1                                                         | 0           | 0                     | 0                     | 0                    | 0.000          | 0   | 1   | 0    |
| input_to_cluster_1_482_i1                                                            | 0           | 0                     | 1                     | 0                    | 0.000          | 1   | 0   | 0    |
| ew_add10                                                                             | 1           | 1                     | 1                     | 9                    | 0.000          | 0   | 0   | 1    |
| output_from_cluster_1_483_i1                                                         | 0           | 0                     | 0                     | 0                    | 0.000          | 0   | 1   | 0    |
| input_to_cluster_5_484_i1                                                            | 0           | 0                     | 1                     | 0                    | 0.000          | 1   | 0   | 0    |
| concat10                                                                             | 1           | 0                     | 1                     | 21                   | 0.000          | 0   | 0   | 1    |
| output_from_cluster_5_485_i1                                                         | 0           | 0                     | 0                     | 0                    | 0.000          | 0   | 1   | 0    |
| input_to_cluster_0_486_i1                                                            | 0           | 0                     | 1                     | 0                    | 0.000          | 1   | 0   | 0    |
| conv43                                                                               | 2           | 2                     | 16                    | 1                    | 0.000          | 0   | 0   | 1    |
| output_from_cluster_0_487_i1                                                         | 0           | 0                     | 0                     | 0                    | 0.000          | 0   | 1   | 0    |
| input_to_cluster_1_488_i1                                                            | 0           | 0                     | 2                     | 0                    | 0.000          | 1   | 0   | 0    |
| resize2                                                                              | 1           | 0                     | 2                     | 2                    | 0.000          | 0   | 0   | 1    |
| output_from_cluster_1_489_i1                                                         | 0           | 0                     | 0                     | 0                    | 0.000          | 0   | 1   | 0    |
| input_to_cluster_4_490_i1                                                            | 0           | 0                     | 2                     | 0                    | 0.000          | 1   | 0   | 0    |
| concat11                                                                             | 1           | 0                     | 2                     | 7                    | 0.000          | 0   | 0   | 1    |
| output_from_cluster_4_491_i1                                                         | 0           | 0                     | 0                     | 0                    | 0.000          | 0   | 2   | 0    |
| input_to_cluster_2_492_i1                                                            | 0           | 0                     | 4                     | 0                    | 0.000          | 2   | 0   | 0    |
| conv_feature_splitter8_1                                                             | 4           | 4                     | 1                     | 2                    | 0.000          | 0   | 0   | 1    |
| conv_feature_splitter8_2                                                             | 4           | 2                     | 18                    | 2                    | 0.000          | 0   | 0   | 1    |
| output_from_cluster_2_493_i1                                                         | 0           | 0                     | 0                     | 0                    | 0.000          | 0   | 1   | 0    |
| input_to_cluster_4_494_i1                                                            | 0           | 0                     | 1                     | 0                    | 0.000          | 1   | 0   | 0    |
| conv45                                                                               | 2           | 2                     | 1                     | 1                    | 0.000          | 0   | 0   | 1    |
| conv46                                                                               | 2           | 1                     | 1                     | 1                    | 0.000          | 0   | 0   | 1    |
| output_from_cluster_4_495_i1                                                         | 0           | 0                     | 0                     | 0                    | 0.000          | 0   | 1   | 0    |
| input_to_cluster_2_496_i1                                                            | 0           | 0                     | 1                     | 0                    | 0.000          | 1   | 0   | 0    |
| ew_add11                                                                             | 1           | 1                     | 1                     | 7                    | 0.000          | 0   | 0   | 1    |
| concat12                                                                             | 1           | 0                     | 1                     | 8                    | 0.000          | 0   | 0   | 1    |
| conv47                                                                               | 3           | 3                     | 1                     | 1                    | 0.000          | 0   | 0   | 1    |
| output_from_cluster_2_497_i1                                                         | 0           | 0                     | 0                     | 0                    | 0.000          | 0   | 1   | 0    |
| input_to_cluster_3_498_i1                                                            | 0           | 0                     | 1                     | 0                    | 0.000          | 1   | 0   | 0    |
| sh_from_conv47_to_conv49_d0-1_dw2_sd0-1_2356                                         | 1           | 0                     | 2                     | 1                    | 0.000          | 0   | 0   | 1    |
| conv49_d0                                                                            | 8           | 4                     | 4                     | 1                    | 0.000          | 0   | 0   | 1    |
| output_from_cluster_3_528_i1                                                         | 0           | 0                     | 0                     | 0                    | 0.000          | 0   | 1   | 0    |
| input_to_cluster_2_529_i1                                                            | 0           | 0                     | 5                     | 0                    | 0.000          | 1   | 0   | 0    |
| output_from_cluster_3_544_i1                                                         | 0           | 0                     | 0                     | 0                    | 0.000          | 0   | 1   | 0    |
| input_to_cluster_2_545_i1                                                            | 0           | 0                     | 2                     | 0                    | 0.000          | 1   | 0   | 0    |
| conv49_d1                                                                            | 8           | 4                     | 4                     | 1                    | 0.000          | 0   | 0   | 1    |
| conv49_dc                                                                            | 1           | 0                     | 2                     | 9                    | 0.000          | 0   | 0   | 1    |
| conv50_d0                                                                            | 8           | 4                     | 4                     | 1                    | 0.000          | 0   | 0   | 1    |
| conv50_d1                                                                            | 8           | 4                     | 4                     | 1                    | 0.000          | 0   | 0   | 1    |
| conv50_dc                                                                            | 1           | 0                     | 1                     | 8                    | 0.000          | 0   | 0   | 1    |
| conv51                                                                               | 2           | 1                     | 1                     | 1                    | 0.000          | 0   | 0   | 1    |
| output_from_cluster_2_530_i1                                                         | 0           | 0                     | 0                     | 0                    | 0.000          | 0   | 1   | 0    |
| output_from_conv51_to_yolov8_nms_postprocess                                         | 0           | 0                     | 0                     | 0                    | 0.500          | 0   | 0   | 0    |
| dw2_sd1                                                                              | 2           | 1                     | 1                     | 1                    | 0.000          | 0   | 0   | 1    |
| output_from_cluster_2_533_i1                                                         | 0           | 0                     | 0                     | 0                    | 0.000          | 0   | 1   | 0    |
| input_to_cluster_7_534_i1                                                            | 0           | 0                     | 1                     | 0                    | 0.000          | 1   | 0   | 0    |
| input_to_cluster_4_546_i1                                                            | 0           | 0                     | 1                     | 0                    | 0.000          | 1   | 0   | 0    |
| dw2_sd0                                                                              | 2           | 1                     | 1                     | 1                    | 0.000          | 0   | 0   | 1    |
| output_from_cluster_4_531_i1                                                         | 0           | 0                     | 0                     | 0                    | 0.000          | 0   | 1   | 0    |
| input_to_cluster_7_532_i1                                                            | 0           | 0                     | 1                     | 0                    | 0.000          | 1   | 0   | 0    |
| dw2_sdc                                                                              | 1           | 0                     | 1                     | 2                    | 0.000          | 0   | 0   | 1    |
| output_from_cluster_7_535_i1                                                         | 0           | 0                     | 0                     | 0                    | 0.000          | 0   | 1   | 0    |
| input_to_cluster_0_536_i1                                                            | 0           | 0                     | 1                     | 0                    | 0.000          | 1   | 0   | 0    |
| conv52                                                                               | 2           | 1                     | 2                     | 1                    | 0.000          | 0   | 0   | 1    |
| dw3_sd0                                                                              | 2           | 1                     | 1                     | 1                    | 0.000          | 0   | 0   | 1    |
| output_from_cluster_0_539_i1                                                         | 0           | 0                     | 0                     | 0                    | 0.000          | 0   | 1   | 0    |
| input_to_cluster_5_540_i1                                                            | 0           | 0                     | 1                     | 0                    | 0.000          | 1   | 0   | 0    |
| output_from_cluster_0_537_i1                                                         | 0           | 0                     | 0                     | 0                    | 0.000          | 0   | 1   | 0    |
| input_to_cluster_6_538_i1                                                            | 0           | 0                     | 1                     | 0                    | 0.000          | 1   | 0   | 0    |
| dw3_sd1                                                                              | 2           | 1                     | 1                     | 1                    | 0.000          | 0   | 0   | 1    |
| output_from_cluster_6_541_i1                                                         | 0           | 0                     | 0                     | 0                    | 0.000          | 0   | 1   | 0    |
| input_to_cluster_5_542_i1                                                            | 0           | 0                     | 1                     | 0                    | 0.000          | 1   | 0   | 0    |
| dw3_sdc                                                                              | 1           | 0                     | 1                     | 2                    | 0.000          | 0   | 0   | 1    |
| conv53                                                                               | 2           | 1                     | 3                     | 1                    | 0.000          | 0   | 0   | 1    |
| conv54                                                                               | 1           | 1                     | 1                     | 3                    | 0.000          | 0   | 0   | 1    |
| output_from_cluster_5_543_i1                                                         | 0           | 0                     | 0                     | 0                    | 0.000          | 0   | 1   | 0    |
| output_from_conv54_to_yolov8_nms_postprocess                                         | 0           | 0                     | 0                     | 0                    | 0.500          | 0   | 0   | 0    |
| input_to_cluster_4_499_i1                                                            | 0           | 0                     | 1                     | 0                    | 0.000          | 1   | 0   | 0    |
| conv48                                                                               | 4           | 4                     | 1                     | 1                    | 0.000          | 0   | 0   | 1    |
| output_from_cluster_4_500_i1                                                         | 0           | 0                     | 0                     | 0                    | 0.000          | 0   | 1   | 0    |
| input_to_cluster_0_501_i1                                                            | 0           | 0                     | 1                     | 0                    | 0.000          | 1   | 0   | 0    |
| concat13                                                                             | 1           | 0                     | 1                     | 9                    | 0.000          | 0   | 0   | 1    |
| output_from_cluster_0_502_i1                                                         | 0           | 0                     | 0                     | 0                    | 0.000          | 0   | 1   | 0    |
| input_to_cluster_1_503_i1                                                            | 0           | 0                     | 2                     | 0                    | 0.000          | 1   | 0   | 0    |
| conv_feature_splitter9_1                                                             | 1           | 1                     | 7                     | 1                    | 0.000          | 0   | 0   | 1    |
| conv_feature_splitter9_2                                                             | 1           | 1                     | 14                    | 1                    | 0.000          | 0   | 0   | 1    |
| output_from_cluster_1_504_i1                                                         | 0           | 0                     | 0                     | 0                    | 0.000          | 0   | 1   | 0    |
| input_to_cluster_2_505_i1                                                            | 0           | 0                     | 2                     | 0                    | 0.000          | 1   | 0   | 0    |
| conv56                                                                               | 2           | 1                     | 1                     | 2                    | 0.000          | 0   | 0   | 1    |
| output_from_cluster_2_506_i1                                                         | 0           | 0                     | 0                     | 0                    | 0.000          | 0   | 1   | 0    |
| input_to_cluster_4_507_i1                                                            | 0           | 0                     | 1                     | 0                    | 0.000          | 1   | 0   | 0    |
| conv57                                                                               | 2           | 1                     | 2                     | 1                    | 0.000          | 0   | 0   | 1    |
| output_from_cluster_4_508_i1                                                         | 0           | 0                     | 0                     | 0                    | 0.000          | 0   | 1   | 0    |
| input_to_cluster_1_509_i1                                                            | 0           | 0                     | 1                     | 0                    | 0.000          | 1   | 0   | 0    |
| ew_add12                                                                             | 1           | 1                     | 1                     | 7                    | 0.000          | 0   | 0   | 1    |
| concat14                                                                             | 1           | 0                     | 1                     | 15                   | 0.000          | 0   | 0   | 1    |
| output_from_cluster_1_510_i1                                                         | 0           | 0                     | 0                     | 0                    | 0.000          | 0   | 1   | 0    |
| input_to_cluster_0_511_i1                                                            | 0           | 0                     | 1                     | 0                    | 0.000          | 1   | 0   | 0    |
| conv58                                                                               | 2           | 2                     | 6                     | 1                    | 0.000          | 0   | 0   | 1    |
| conv60                                                                               | 8           | 4                     | 1                     | 3                    | 0.000          | 0   | 0   | 1    |
| output_from_cluster_0_520_i1                                                         | 0           | 0                     | 0                     | 0                    | 0.000          | 0   | 1   | 0    |
| input_to_cluster_7_521_i1                                                            | 0           | 0                     | 1                     | 0                    | 0.000          | 1   | 0   | 0    |
| conv61                                                                               | 4           | 2                     | 4                     | 1                    | 0.000          | 0   | 0   | 1    |
| conv62                                                                               | 1           | 1                     | 1                     | 4                    | 0.000          | 0   | 0   | 1    |
| output_from_cluster_7_522_i1                                                         | 0           | 0                     | 0                     | 0                    | 0.000          | 0   | 1   | 0    |
| output_from_conv62_to_yolov8_nms_postprocess                                         | 0           | 0                     | 0                     | 0                    | 0.500          | 0   | 0   | 0    |
| output_from_cluster_0_512_i1                                                         | 0           | 0                     | 0                     | 0                    | 0.000          | 0   | 1   | 0    |
| input_to_cluster_3_513_i1                                                            | 0           | 0                     | 4                     | 0                    | 0.000          | 1   | 0   | 0    |
| conv59                                                                               | 6           | 6                     | 1                     | 2                    | 0.000          | 0   | 0   | 1    |
| dw4                                                                                  | 2           | 1                     | 1                     | 2                    | 0.000          | 0   | 0   | 1    |
| conv63                                                                               | 1           | 1                     | 1                     | 1                    | 0.000          | 0   | 0   | 1    |
| dw5                                                                                  | 1           | 1                     | 1                     | 1                    | 0.000          | 0   | 0   | 1    |
| output_from_cluster_3_523_i1                                                         | 0           | 0                     | 0                     | 0                    | 0.000          | 0   | 1   | 0    |
| input_to_cluster_5_524_i1                                                            | 0           | 0                     | 1                     | 0                    | 0.000          | 1   | 0   | 0    |
| conv64                                                                               | 1           | 1                     | 1                     | 1                    | 0.000          | 0   | 0   | 1    |
| output_from_cluster_5_525_i1                                                         | 0           | 0                     | 0                     | 0                    | 0.000          | 0   | 1   | 0    |
| input_to_cluster_0_526_i1                                                            | 0           | 0                     | 1                     | 0                    | 0.000          | 1   | 0   | 0    |
| conv65                                                                               | 1           | 1                     | 1                     | 1                    | 0.000          | 0   | 0   | 1    |
| output_from_cluster_0_527_i1                                                         | 0           | 0                     | 0                     | 0                    | 0.000          | 0   | 1   | 0    |
| output_from_conv65_to_yolov8_nms_postprocess                                         | 0           | 0                     | 0                     | 0                    | 0.500          | 0   | 0   | 0    |
| output_from_cluster_2_472_i1                                                         | 0           | 0                     | 0                     | 0                    | 0.000          | 0   | 1   | 0    |
| input_to_cluster_3_473_i1                                                            | 0           | 0                     | 3                     | 0                    | 0.000          | 1   | 0   | 0    |
| concat15                                                                             | 1           | 0                     | 2                     | 4                    | 0.000          | 0   | 0   | 1    |
| conv_feature_splitter10_2                                                            | 2           | 2                     | 3                     | 1                    | 0.000          | 0   | 0   | 1    |
| conv67                                                                               | 1           | 1                     | 2                     | 1                    | 0.000          | 0   | 0   | 1    |
| conv69                                                                               | 2           | 2                     | 1                     | 1                    | 0.000          | 0   | 0   | 1    |
| conv70                                                                               | 2           | 2                     | 1                     | 1                    | 0.000          | 0   | 0   | 1    |
| ew_add13                                                                             | 1           | 1                     | 1                     | 2                    | 0.000          | 0   | 0   | 1    |
| output_from_cluster_3_518_i1                                                         | 0           | 0                     | 0                     | 0                    | 0.000          | 0   | 1   | 0    |
| gate_rescue_repair_gate_rescue_repair_context_1_to_gate_rescue_repair_context_2_2353 | 0           | 0                     | 0                     | 0                    | 0.500          | 0   | 0   | 0    |
| conv68                                                                               | 1           | 1                     | 1                     | 1                    | 0.000          | 0   | 0   | 1    |
| output_from_cluster_3_519_i1                                                         | 0           | 0                     | 0                     | 0                    | 0.000          | 0   | 1   | 0    |
| gate_rescue_repair_gate_rescue_repair_context_1_to_gate_rescue_repair_context_2_2351 | 0           | 0                     | 0                     | 0                    | 0.500          | 0   | 0   | 0    |
| output_from_cluster_3_517_i1                                                         | 0           | 0                     | 0                     | 0                    | 0.000          | 0   | 1   | 0    |
| gate_rescue_repair_gate_rescue_repair_context_1_to_gate_rescue_repair_context_2_2349 | 0           | 0                     | 0                     | 0                    | 0.500          | 0   | 0   | 0    |
| output_from_cluster_3_514_i1                                                         | 0           | 0                     | 0                     | 0                    | 0.000          | 0   | 1   | 0    |
| input_to_cluster_0_515_i1                                                            | 0           | 0                     | 1                     | 0                    | 0.000          | 1   | 0   | 0    |
| conv_feature_splitter10_1                                                            | 2           | 2                     | 1                     | 1                    | 0.000          | 0   | 0   | 1    |
| output_from_cluster_0_516_i1                                                         | 0           | 0                     | 0                     | 0                    | 0.000          | 0   | 1   | 0    |
| gate_rescue_repair_gate_rescue_repair_context_1_to_gate_rescue_repair_context_2_2347 | 0           | 0                     | 0                     | 0                    | 0.500          | 0   | 0   | 0    |
+--------------------------------------------------------------------------------------+-------------+-----------------------+-----------------------+----------------------+----------------+-----+-----+------+
TOTAL:  LCUs: 77 (60.1562%), Subclusters: 155 (30.2734%), Weight memory cuts: 94 (9.17969%), L3 Output memory cuts: 292 (28.5156%), L3 Input memory cuts: 217 (21.1914%), L3 total cuts: 386 (37.6953%), L4 memory cuts: 0 (0%), IBs: 52 (81.25%), OBs: 48 (75%), APUs: 77 (48.125%)
[2026-09-25 06:03:12.412] [default] [info] Post-Split Buffers for gate_rescue_repair_context_1, iteration 1 (CP) buffers:
+--------------------------------------------------------------------------------------+--------------------------------------------------------------------------------------+-------------------------------+
| Src                                                                                  | Dst                                                                                  | Buffers                       |
+--------------------------------------------------------------------------------------+--------------------------------------------------------------------------------------+-------------------------------+
| gate_rescue_repair_gate_rescue_repair_context_0_to_gate_rescue_repair_context_1_2333 | input_to_cluster_4_449_i1                                                            | 2 (L3 memory cuts: 1)         |
| input_to_cluster_4_449_i1                                                            | concat11                                                                             | 13 (L3 memory cuts: 5)        |
| gate_rescue_repair_gate_rescue_repair_context_0_to_gate_rescue_repair_context_1_2335 | input_to_cluster_5_450_i1                                                            | 1 (L3 memory cuts: 1)         |
| input_to_cluster_5_450_i1                                                            | concat9                                                                              | 4 (L3 memory cuts: 1)         |
| gate_rescue_repair_gate_rescue_repair_context_0_to_gate_rescue_repair_context_1_2337 | input_to_cluster_5_451_i1                                                            | 1 (L3 memory cuts: 1)         |
| input_to_cluster_5_451_i1                                                            | concat8                                                                              | 3 (L3 memory cuts: 1)         |
| gate_rescue_repair_gate_rescue_repair_context_0_to_gate_rescue_repair_context_1_2339 | input_to_cluster_1_452_i1                                                            | 1 (L3 memory cuts: 1)         |
| input_to_cluster_1_452_i1                                                            | conv36                                                                               | 3 (L3 memory cuts: 1)         |
| gate_rescue_repair_gate_rescue_repair_context_0_to_gate_rescue_repair_context_1_2341 | input_to_cluster_6_453_i1                                                            | 1 (L3 memory cuts: 1)         |
| input_to_cluster_6_453_i1                                                            | matmul1                                                                              | 2 (L3 memory cuts: 1)         |
| gate_rescue_repair_gate_rescue_repair_context_0_to_gate_rescue_repair_context_1_2343 | input_to_cluster_6_454_i1                                                            | 1 (L3 memory cuts: 1)         |
| input_to_cluster_6_454_i1                                                            | matmul1                                                                              | 40 (L3 memory cuts: 2)        |
| matmul1                                                                              | reduce_max_softmax1                                                                  | 2[RPC] (L3 memory cuts: 2)    |
| matmul1                                                                              | ew_sub_softmax1                                                                      | 2[RPC] (L3 memory cuts: 2)    |
| reduce_max_softmax1                                                                  | ew_sub_softmax1                                                                      | 1 (L3 memory cuts: 1)         |
| ew_sub_softmax1                                                                      | reduce_sum_softmax1                                                                  | 1 (L3 memory cuts: 1)         |
| ew_sub_softmax1                                                                      | ew_mult_softmax1                                                                     | 1 (L3 memory cuts: 1)         |
| reduce_sum_softmax1                                                                  | ew_mult_softmax1                                                                     | 2 (L3 memory cuts: 1)         |
| ew_mult_softmax1                                                                     | matmul2                                                                              | 3 (L3 memory cuts: 2)         |
| gate_rescue_repair_gate_rescue_repair_context_0_to_gate_rescue_repair_context_1_2345 | input_to_cluster_3_455_i1                                                            | 1 (L3 memory cuts: 1)         |
| gate_rescue_repair_gate_rescue_repair_context_0_to_gate_rescue_repair_context_1_2345 | input_to_cluster_6_456_i1                                                            | 1 (L3 memory cuts: 1)         |
| input_to_cluster_3_455_i1                                                            | activation1                                                                          | 2 (L3 memory cuts: 1)         |
| activation1                                                                          | matmul2_reshape                                                                      | 1 (L3 memory cuts: 1)         |
| matmul2_reshape                                                                      | output_from_cluster_3_457_i1                                                         | 1 (L3 memory cuts: 1)         |
| output_from_cluster_3_457_i1                                                         | input_to_cluster_6_458_i1                                                            | 2 (L3 memory cuts: 1)         |
| input_to_cluster_6_458_i1                                                            | matmul2                                                                              | 40 (L3 memory cuts: 4)        |
| matmul2                                                                              | output_from_cluster_6_459_i1                                                         | 1 (L3 memory cuts: 1)         |
| output_from_cluster_6_459_i1                                                         | input_to_cluster_1_460_i1                                                            | 2 (L3 memory cuts: 1)         |
| input_to_cluster_1_460_i1                                                            | dw1_defuse_1x1                                                                       | 2 (L3 memory cuts: 1)         |
| input_to_cluster_6_456_i1                                                            | dw1_defuse_width_feature_reshape                                                     | 1 (L3 memory cuts: 1)         |
| dw1_defuse_width_feature_reshape                                                     | dw1_defuse_reshape_hxf_to_w_transposed                                               | 5 (L3 memory cuts: 1)         |
| dw1_defuse_reshape_hxf_to_w_transposed                                               | output_from_cluster_6_461_i1                                                         | 2 (L3 memory cuts: 2)         |
| output_from_cluster_6_461_i1                                                         | input_to_cluster_1_462_i1                                                            | 2 (L3 memory cuts: 2)         |
| input_to_cluster_1_462_i1                                                            | dw1_defuse_1x1                                                                       | 21 (L3 memory cuts: 18)       |
| dw1_defuse_1x1                                                                       | conv36                                                                               | 4 (L3 memory cuts: 1)         |
| conv36                                                                               | output_from_cluster_1_463_i1                                                         | 1[S] (L3 memory cuts: 1)      |
| output_from_cluster_1_463_i1                                                         | input_to_cluster_4_465_i1                                                            | 2[S] (L3 memory cuts: 1)      |
| output_from_cluster_1_463_i1                                                         | input_to_cluster_6_464_i1                                                            | 2[S] (L3 memory cuts: 1)      |
| input_to_cluster_6_464_i1                                                            | conv38                                                                               | 2[S] (L3 memory cuts: 1)      |
| input_to_cluster_4_465_i1                                                            | conv37                                                                               | 1[S] (L3 memory cuts: 1)      |
| conv37                                                                               | output_from_cluster_4_466_i1                                                         | 1[S] (L3 memory cuts: 1)      |
| output_from_cluster_4_466_i1                                                         | input_to_cluster_6_467_i1                                                            | 2[S] (L3 memory cuts: 1)      |
| input_to_cluster_6_467_i1                                                            | conv38                                                                               | 1[S] (L3 memory cuts: 1)      |
| conv38                                                                               | output_from_cluster_6_468_i1                                                         | 1 (L3 memory cuts: 1)         |
| output_from_cluster_6_468_i1                                                         | input_to_cluster_5_469_i1                                                            | 2 (L3 memory cuts: 1)         |
| input_to_cluster_5_469_i1                                                            | concat8                                                                              | 2 (L3 memory cuts: 1)         |
| concat8                                                                              | output_from_cluster_5_470_i1                                                         | 2[S] (L3 memory cuts: 1)      |
| output_from_cluster_5_470_i1                                                         | input_to_cluster_2_471_i1                                                            | 2[S] (L3 memory cuts: 1)      |
| input_to_cluster_2_471_i1                                                            | conv39                                                                               | 1[S] (L3 memory cuts: 1)      |
| conv39                                                                               | resize1                                                                              | 2 (L3 memory cuts: 1)         |
| conv39                                                                               | output_from_cluster_2_472_i1                                                         | 1 (L3 memory cuts: 1)         |
| resize1                                                                              | output_from_cluster_2_474_i1                                                         | 2 (L3 memory cuts: 1)         |
| output_from_cluster_2_474_i1                                                         | input_to_cluster_5_475_i1                                                            | 2 (L3 memory cuts: 1)         |
| input_to_cluster_5_475_i1                                                            | concat9                                                                              | 2 (L3 memory cuts: 1)         |
| concat9                                                                              | conv_feature_splitter7_1                                                             | 3[S] (L3 memory cuts: 1)      |
| concat9                                                                              | conv_feature_splitter7_2                                                             | 3[S] (L3 memory cuts: 1)      |
| conv_feature_splitter7_1                                                             | concat10                                                                             | 10[RPC] (L3 memory cuts: 10)  |
| conv_feature_splitter7_2                                                             | output_from_cluster_5_476_i1                                                         | 1[RPC] (L3 memory cuts: 1)    |
| conv_feature_splitter7_2                                                             | concat10                                                                             | 10[RPC] (L3 memory cuts: 10)  |
| output_from_cluster_5_476_i1                                                         | input_to_cluster_2_478_i1                                                            | 2[RPC] (L3 memory cuts: 2)    |
| output_from_cluster_5_476_i1                                                         | input_to_cluster_1_477_i1                                                            | 2[RPC] (L3 memory cuts: 2)    |
| input_to_cluster_1_477_i1                                                            | ew_add10                                                                             | 8[RPC] (L3 memory cuts: 8)    |
| input_to_cluster_2_478_i1                                                            | conv41                                                                               | 5[RPC] (L3 memory cuts: 5)    |
| conv41                                                                               | output_from_cluster_2_479_i1                                                         | 4[S] (L3 memory cuts: 1)      |
| output_from_cluster_2_479_i1                                                         | input_to_cluster_4_480_i1                                                            | 2[S] (L3 memory cuts: 1)      |
| input_to_cluster_4_480_i1                                                            | conv42                                                                               | 8[S] (L3 memory cuts: 1)      |
| conv42                                                                               | output_from_cluster_4_481_i1                                                         | 2[RPC] (L3 memory cuts: 2)    |
| output_from_cluster_4_481_i1                                                         | input_to_cluster_1_482_i1                                                            | 2[RPC] (L3 memory cuts: 2)    |
| input_to_cluster_1_482_i1                                                            | ew_add10                                                                             | 1[RPC] (L3 memory cuts: 1)    |
| ew_add10                                                                             | output_from_cluster_1_483_i1                                                         | 1 (L3 memory cuts: 1)         |
| output_from_cluster_1_483_i1                                                         | input_to_cluster_5_484_i1                                                            | 2 (L3 memory cuts: 1)         |
| input_to_cluster_5_484_i1                                                            | concat10                                                                             | 2 (L3 memory cuts: 1)         |
| concat10                                                                             | output_from_cluster_5_485_i1                                                         | 2[S] (L3 memory cuts: 1)      |
| output_from_cluster_5_485_i1                                                         | input_to_cluster_0_486_i1                                                            | 2[S] (L3 memory cuts: 1)      |
| input_to_cluster_0_486_i1                                                            | conv43                                                                               | 2[S] (L3 memory cuts: 1)      |
| conv43                                                                               | output_from_cluster_0_487_i1                                                         | 8[RPC] (L3 memory cuts: 8)    |
| conv43                                                                               | concat13                                                                             | 8[RPC] (L3 memory cuts: 8)    |
| output_from_cluster_0_487_i1                                                         | input_to_cluster_1_488_i1                                                            | 2[RPC] (L3 memory cuts: 2)    |
| input_to_cluster_1_488_i1                                                            | resize2                                                                              | 2[RPC] (L3 memory cuts: 2)    |
| resize2                                                                              | output_from_cluster_1_489_i1                                                         | 2[RPC] (L3 memory cuts: 2)    |
| output_from_cluster_1_489_i1                                                         | input_to_cluster_4_490_i1                                                            | 2[RPC] (L3 memory cuts: 2)    |
| input_to_cluster_4_490_i1                                                            | concat11                                                                             | 2[RPC] (L3 memory cuts: 2)    |
| concat11                                                                             | output_from_cluster_4_491_i1                                                         | 2[RPC] (L3 memory cuts: 2)    |
| output_from_cluster_4_491_i1                                                         | input_to_cluster_2_492_i1                                                            | 2[RPC][D] (L3 memory cuts: 2) |
| input_to_cluster_2_492_i1                                                            | conv_feature_splitter8_1                                                             | 2[RPC][D] (L3 memory cuts: 2) |
| input_to_cluster_2_492_i1                                                            | conv_feature_splitter8_2                                                             | 2[RPC][D] (L3 memory cuts: 2) |
| conv_feature_splitter8_1                                                             | concat12                                                                             | 6 (L3 memory cuts: 1)         |
| conv_feature_splitter8_2                                                             | output_from_cluster_2_493_i1                                                         | 6[RPC] (L3 memory cuts: 6)    |
| conv_feature_splitter8_2                                                             | ew_add11                                                                             | 6[RPC] (L3 memory cuts: 6)    |
| conv_feature_splitter8_2                                                             | concat12                                                                             | 6[RPC] (L3 memory cuts: 6)    |
| output_from_cluster_2_493_i1                                                         | input_to_cluster_4_494_i1                                                            | 2[RPC] (L3 memory cuts: 2)    |
| input_to_cluster_4_494_i1                                                            | conv45                                                                               | 1[RPC] (L3 memory cuts: 1)    |
| conv45                                                                               | conv46                                                                               | 7[S] (L3 memory cuts: 1)      |
| conv46                                                                               | output_from_cluster_4_495_i1                                                         | 2 (L3 memory cuts: 1)         |
| output_from_cluster_4_495_i1                                                         | input_to_cluster_2_496_i1                                                            | 2 (L3 memory cuts: 1)         |
| input_to_cluster_2_496_i1                                                            | ew_add11                                                                             | 1 (L3 memory cuts: 1)         |
| ew_add11                                                                             | concat12                                                                             | 2 (L3 memory cuts: 1)         |
| concat12                                                                             | conv47                                                                               | 2[S] (L3 memory cuts: 1)      |
| conv47                                                                               | output_from_cluster_2_497_i1                                                         | 2 (L3 memory cuts: 1)         |
| output_from_cluster_2_497_i1                                                         | input_to_cluster_4_499_i1                                                            | 2 (L3 memory cuts: 1)         |
| output_from_cluster_2_497_i1                                                         | input_to_cluster_3_498_i1                                                            | 2 (L3 memory cuts: 1)         |
| input_to_cluster_3_498_i1                                                            | sh_from_conv47_to_conv49_d0-1_dw2_sd0-1_2356                                         | 1 (L3 memory cuts: 1)         |
| sh_from_conv47_to_conv49_d0-1_dw2_sd0-1_2356                                         | conv49_d0                                                                            | 2 (L3 memory cuts: 1)         |
| sh_from_conv47_to_conv49_d0-1_dw2_sd0-1_2356                                         | output_from_cluster_3_544_i1                                                         | 2 (L3 memory cuts: 1)         |
| conv49_d0                                                                            | output_from_cluster_3_528_i1                                                         | 4[S][RPC] (L3 memory cuts: 4) |
| output_from_cluster_3_528_i1                                                         | input_to_cluster_2_529_i1                                                            | 2[S][RPC] (L3 memory cuts: 2) |
| input_to_cluster_2_529_i1                                                            | conv49_dc                                                                            | 5[S][RPC] (L3 memory cuts: 5) |
| output_from_cluster_3_544_i1                                                         | input_to_cluster_4_546_i1                                                            | 2 (L3 memory cuts: 1)         |
| output_from_cluster_3_544_i1                                                         | input_to_cluster_2_545_i1                                                            | 2 (L3 memory cuts: 1)         |
| input_to_cluster_2_545_i1                                                            | conv49_d1                                                                            | 2 (L3 memory cuts: 1)         |
| input_to_cluster_2_545_i1                                                            | dw2_sd1                                                                              | 2 (L3 memory cuts: 1)         |
| conv49_d1                                                                            | conv49_dc                                                                            | 4[S][RPC] (L3 memory cuts: 4) |
| conv49_dc                                                                            | conv50_d0                                                                            | 9[S] (L3 memory cuts: 1)      |
| conv49_dc                                                                            | conv50_d1                                                                            | 9[S] (L3 memory cuts: 1)      |
| conv50_d0                                                                            | conv50_dc                                                                            | 4[S][RPC] (L3 memory cuts: 4) |
| conv50_d1                                                                            | conv50_dc                                                                            | 4[S][RPC] (L3 memory cuts: 4) |
| conv50_dc                                                                            | conv51                                                                               | 5[S] (L3 memory cuts: 1)      |
| conv51                                                                               | output_from_cluster_2_530_i1                                                         | 2 (L3 memory cuts: 1)         |
| output_from_cluster_2_530_i1                                                         | output_from_conv51_to_yolov8_nms_postprocess                                         | 1 (L3 memory cuts: 1)         |
| dw2_sd1                                                                              | output_from_cluster_2_533_i1                                                         | 2 (L3 memory cuts: 1)         |
| output_from_cluster_2_533_i1                                                         | input_to_cluster_7_534_i1                                                            | 2 (L3 memory cuts: 1)         |
| input_to_cluster_7_534_i1                                                            | dw2_sdc                                                                              | 1 (L3 memory cuts: 1)         |
| input_to_cluster_4_546_i1                                                            | dw2_sd0                                                                              | 2 (L3 memory cuts: 1)         |
| dw2_sd0                                                                              | output_from_cluster_4_531_i1                                                         | 2 (L3 memory cuts: 1)         |
| output_from_cluster_4_531_i1                                                         | input_to_cluster_7_532_i1                                                            | 2 (L3 memory cuts: 1)         |
| input_to_cluster_7_532_i1                                                            | dw2_sdc                                                                              | 1 (L3 memory cuts: 1)         |
| dw2_sdc                                                                              | output_from_cluster_7_535_i1                                                         | 1 (L3 memory cuts: 1)         |
| output_from_cluster_7_535_i1                                                         | input_to_cluster_0_536_i1                                                            | 2 (L3 memory cuts: 1)         |
| input_to_cluster_0_536_i1                                                            | conv52                                                                               | 2 (L3 memory cuts: 1)         |
| conv52                                                                               | dw3_sd0                                                                              | 2 (L3 memory cuts: 1)         |
| conv52                                                                               | output_from_cluster_0_537_i1                                                         | 2 (L3 memory cuts: 1)         |
| dw3_sd0                                                                              | output_from_cluster_0_539_i1                                                         | 2 (L3 memory cuts: 1)         |
| output_from_cluster_0_539_i1                                                         | input_to_cluster_5_540_i1                                                            | 2 (L3 memory cuts: 1)         |
| input_to_cluster_5_540_i1                                                            | dw3_sdc                                                                              | 2 (L3 memory cuts: 1)         |
| output_from_cluster_0_537_i1                                                         | input_to_cluster_6_538_i1                                                            | 2 (L3 memory cuts: 1)         |
| input_to_cluster_6_538_i1                                                            | dw3_sd1                                                                              | 2 (L3 memory cuts: 1)         |
| dw3_sd1                                                                              | output_from_cluster_6_541_i1                                                         | 2 (L3 memory cuts: 1)         |
| output_from_cluster_6_541_i1                                                         | input_to_cluster_5_542_i1                                                            | 2 (L3 memory cuts: 1)         |
| input_to_cluster_5_542_i1                                                            | dw3_sdc                                                                              | 1 (L3 memory cuts: 1)         |
| dw3_sdc                                                                              | conv53                                                                               | 2 (L3 memory cuts: 1)         |
| conv53                                                                               | conv54                                                                               | 3[S][RPC] (L3 memory cuts: 3) |
| conv54                                                                               | output_from_cluster_5_543_i1                                                         | 1 (L3 memory cuts: 1)         |
| output_from_cluster_5_543_i1                                                         | output_from_conv54_to_yolov8_nms_postprocess                                         | 1 (L3 memory cuts: 1)         |
| input_to_cluster_4_499_i1                                                            | conv48                                                                               | 2 (L3 memory cuts: 1)         |
| conv48                                                                               | output_from_cluster_4_500_i1                                                         | 1 (L3 memory cuts: 1)         |
| output_from_cluster_4_500_i1                                                         | input_to_cluster_0_501_i1                                                            | 2 (L3 memory cuts: 1)         |
| input_to_cluster_0_501_i1                                                            | concat13                                                                             | 2 (L3 memory cuts: 1)         |
| concat13                                                                             | output_from_cluster_0_502_i1                                                         | 2[S] (L3 memory cuts: 1)      |
| output_from_cluster_0_502_i1                                                         | input_to_cluster_1_503_i1                                                            | 2[S] (L3 memory cuts: 1)      |
| input_to_cluster_1_503_i1                                                            | conv_feature_splitter9_1                                                             | 2[S] (L3 memory cuts: 1)      |
| input_to_cluster_1_503_i1                                                            | conv_feature_splitter9_2                                                             | 2[S] (L3 memory cuts: 1)      |
| conv_feature_splitter9_1                                                             | concat14                                                                             | 7[RPC] (L3 memory cuts: 7)    |
| conv_feature_splitter9_2                                                             | output_from_cluster_1_504_i1                                                         | 1[RPC] (L3 memory cuts: 1)    |
| conv_feature_splitter9_2                                                             | ew_add12                                                                             | 6[RPC] (L3 memory cuts: 6)    |
| conv_feature_splitter9_2                                                             | concat14                                                                             | 7[RPC] (L3 memory cuts: 7)    |
| output_from_cluster_1_504_i1                                                         | input_to_cluster_2_505_i1                                                            | 2[RPC] (L3 memory cuts: 2)    |
| input_to_cluster_2_505_i1                                                            | conv56                                                                               | 2[RPC] (L3 memory cuts: 2)    |
| conv56                                                                               | output_from_cluster_2_506_i1                                                         | 4[S] (L3 memory cuts: 1)      |
| output_from_cluster_2_506_i1                                                         | input_to_cluster_4_507_i1                                                            | 2[S] (L3 memory cuts: 1)      |
| input_to_cluster_4_507_i1                                                            | conv57                                                                               | 8[S] (L3 memory cuts: 1)      |
| conv57                                                                               | output_from_cluster_4_508_i1                                                         | 2[RPC] (L3 memory cuts: 2)    |
| output_from_cluster_4_508_i1                                                         | input_to_cluster_1_509_i1                                                            | 2[RPC] (L3 memory cuts: 2)    |
| input_to_cluster_1_509_i1                                                            | ew_add12                                                                             | 1[RPC] (L3 memory cuts: 1)    |
| ew_add12                                                                             | concat14                                                                             | 2 (L3 memory cuts: 1)         |
| concat14                                                                             | output_from_cluster_1_510_i1                                                         | 2[S] (L3 memory cuts: 1)      |
| output_from_cluster_1_510_i1                                                         | input_to_cluster_0_511_i1                                                            | 2[S] (L3 memory cuts: 1)      |
| input_to_cluster_0_511_i1                                                            | conv58                                                                               | 2[S] (L3 memory cuts: 1)      |
| conv58                                                                               | conv60                                                                               | 3[RPC] (L3 memory cuts: 3)    |
| conv58                                                                               | output_from_cluster_0_512_i1                                                         | 3[RPC] (L3 memory cuts: 3)    |
| conv60                                                                               | output_from_cluster_0_520_i1                                                         | 4[S] (L3 memory cuts: 1)      |
| output_from_cluster_0_520_i1                                                         | input_to_cluster_7_521_i1                                                            | 2[S] (L3 memory cuts: 1)      |
| input_to_cluster_7_521_i1                                                            | conv61                                                                               | 8[S] (L3 memory cuts: 1)      |
| conv61                                                                               | conv62                                                                               | 4[S][RPC] (L3 memory cuts: 4) |
| conv62                                                                               | output_from_cluster_7_522_i1                                                         | 1 (L3 memory cuts: 1)         |
| output_from_cluster_7_522_i1                                                         | output_from_conv62_to_yolov8_nms_postprocess                                         | 1 (L3 memory cuts: 1)         |
| output_from_cluster_0_512_i1                                                         | input_to_cluster_3_513_i1                                                            | 2[RPC] (L3 memory cuts: 2)    |
| input_to_cluster_3_513_i1                                                            | conv59                                                                               | 2[RPC] (L3 memory cuts: 2)    |
| input_to_cluster_3_513_i1                                                            | dw4                                                                                  | 2[RPC] (L3 memory cuts: 2)    |
| conv59                                                                               | concat15                                                                             | 2 (L3 memory cuts: 1)         |
| dw4                                                                                  | conv63                                                                               | 2 (L3 memory cuts: 1)         |
| conv63                                                                               | dw5                                                                                  | 4 (L3 memory cuts: 1)         |
| dw5                                                                                  | output_from_cluster_3_523_i1                                                         | 2 (L3 memory cuts: 1)         |
| output_from_cluster_3_523_i1                                                         | input_to_cluster_5_524_i1                                                            | 2 (L3 memory cuts: 1)         |
| input_to_cluster_5_524_i1                                                            | conv64                                                                               | 2 (L3 memory cuts: 1)         |
| conv64                                                                               | output_from_cluster_5_525_i1                                                         | 1[S] (L3 memory cuts: 1)      |
| output_from_cluster_5_525_i1                                                         | input_to_cluster_0_526_i1                                                            | 2[S] (L3 memory cuts: 1)      |
| input_to_cluster_0_526_i1                                                            | conv65                                                                               | 1[S] (L3 memory cuts: 1)      |
| conv65                                                                               | output_from_cluster_0_527_i1                                                         | 1 (L3 memory cuts: 1)         |
| output_from_cluster_0_527_i1                                                         | output_from_conv65_to_yolov8_nms_postprocess                                         | 1 (L3 memory cuts: 1)         |
| output_from_cluster_2_472_i1                                                         | input_to_cluster_3_473_i1                                                            | 2 (L3 memory cuts: 1)         |
| input_to_cluster_3_473_i1                                                            | concat15                                                                             | 14 (L3 memory cuts: 3)        |
| concat15                                                                             | output_from_cluster_3_514_i1                                                         | 2[S] (L3 memory cuts: 1)      |
| concat15                                                                             | conv_feature_splitter10_2                                                            | 2[S] (L3 memory cuts: 1)      |
| conv_feature_splitter10_2                                                            | conv67                                                                               | 1 (L3 memory cuts: 1)         |
| conv_feature_splitter10_2                                                            | conv68                                                                               | 1 (L3 memory cuts: 1)         |
| conv_feature_splitter10_2                                                            | output_from_cluster_3_517_i1                                                         | 1 (L3 memory cuts: 1)         |
| conv67                                                                               | conv69                                                                               | 4 (L3 memory cuts: 1)         |
| conv67                                                                               | ew_add13                                                                             | 4 (L3 memory cuts: 1)         |
| conv69                                                                               | conv70                                                                               | 5[S] (L3 memory cuts: 1)      |
| conv70                                                                               | ew_add13                                                                             | 1 (L3 memory cuts: 1)         |
| ew_add13                                                                             | output_from_cluster_3_518_i1                                                         | 1 (L3 memory cuts: 1)         |
| output_from_cluster_3_518_i1                                                         | gate_rescue_repair_gate_rescue_repair_context_1_to_gate_rescue_repair_context_2_2353 | 1 (L3 memory cuts: 1)         |
| conv68                                                                               | output_from_cluster_3_519_i1                                                         | 1 (L3 memory cuts: 1)         |
| output_from_cluster_3_519_i1                                                         | gate_rescue_repair_gate_rescue_repair_context_1_to_gate_rescue_repair_context_2_2351 | 1 (L3 memory cuts: 1)         |
| output_from_cluster_3_517_i1                                                         | gate_rescue_repair_gate_rescue_repair_context_1_to_gate_rescue_repair_context_2_2349 | 1 (L3 memory cuts: 1)         |
| output_from_cluster_3_514_i1                                                         | input_to_cluster_0_515_i1                                                            | 2[S] (L3 memory cuts: 1)      |
| input_to_cluster_0_515_i1                                                            | conv_feature_splitter10_1                                                            | 1[S] (L3 memory cuts: 1)      |
| conv_feature_splitter10_1                                                            | output_from_cluster_0_516_i1                                                         | 1 (L3 memory cuts: 1)         |
| output_from_cluster_0_516_i1                                                         | gate_rescue_repair_gate_rescue_repair_context_1_to_gate_rescue_repair_context_2_2347 | 1 (L3 memory cuts: 1)         |
+--------------------------------------------------------------------------------------+--------------------------------------------------------------------------------------+-------------------------------+
[2026-09-25 06:03:12.914] [default] [info] Post-Final-Split Resources for gate_rescue_repair_context_1, iteration 4
+--------------------------------------------------------------------------------------+-------------+-----------------------+-----------------------+----------------------+----------------+-----+-----+------+
| Node                                                                                 | Subclusters | L3 Weight Memory Cuts | L3 Output Memory Cuts | L3 Input Memory Cuts | L4 Memory Cuts | IBs | OBs | APUs |
+--------------------------------------------------------------------------------------+-------------+-----------------------+-----------------------+----------------------+----------------+-----+-----+------+
| gate_rescue_repair_gate_rescue_repair_context_0_to_gate_rescue_repair_context_1_2333 | 0           | 0                     | 0                     | 0                    | 0.500          | 0   | 0   | 0    |
| input_to_cluster_4_449_i1                                                            | 0           | 0                     | 5                     | 0                    | 0.000          | 1   | 0   | 0    |
| gate_rescue_repair_gate_rescue_repair_context_0_to_gate_rescue_repair_context_1_2335 | 0           | 0                     | 0                     | 0                    | 0.500          | 0   | 0   | 0    |
| input_to_cluster_5_450_i1                                                            | 0           | 0                     | 1                     | 0                    | 0.000          | 1   | 0   | 0    |
| gate_rescue_repair_gate_rescue_repair_context_0_to_gate_rescue_repair_context_1_2337 | 0           | 0                     | 0                     | 0                    | 0.500          | 0   | 0   | 0    |
| input_to_cluster_5_451_i1                                                            | 0           | 0                     | 1                     | 0                    | 0.000          | 1   | 0   | 0    |
| gate_rescue_repair_gate_rescue_repair_context_0_to_gate_rescue_repair_context_1_2339 | 0           | 0                     | 0                     | 0                    | 0.500          | 0   | 0   | 0    |
| input_to_cluster_1_452_i1                                                            | 0           | 0                     | 1                     | 0                    | 0.000          | 1   | 0   | 0    |
| gate_rescue_repair_gate_rescue_repair_context_0_to_gate_rescue_repair_context_1_2341 | 0           | 0                     | 0                     | 0                    | 0.500          | 0   | 0   | 0    |
| input_to_cluster_6_453_i1                                                            | 0           | 0                     | 1                     | 0                    | 0.000          | 1   | 0   | 0    |
| gate_rescue_repair_gate_rescue_repair_context_0_to_gate_rescue_repair_context_1_2343 | 0           | 0                     | 0                     | 0                    | 0.500          | 0   | 0   | 0    |
| input_to_cluster_6_454_i1                                                            | 0           | 0                     | 2                     | 0                    | 0.000          | 1   | 0   | 0    |
| matmul1                                                                              | 1           | 0                     | 4                     | 1                    | 0.000          | 0   | 0   | 1    |
| reduce_max_softmax1                                                                  | 1           | 0                     | 1                     | 2                    | 0.000          | 0   | 0   | 1    |
| ew_sub_softmax1                                                                      | 1           | 1                     | 2                     | 3                    | 0.000          | 0   | 0   | 1    |
| reduce_sum_softmax1                                                                  | 1           | 0                     | 1                     | 1                    | 0.000          | 0   | 0   | 1    |
| ew_mult_softmax1                                                                     | 1           | 0                     | 2                     | 2                    | 0.000          | 0   | 0   | 1    |
| gate_rescue_repair_gate_rescue_repair_context_0_to_gate_rescue_repair_context_1_2345 | 0           | 0                     | 0                     | 0                    | 0.500          | 0   | 0   | 0    |
| input_to_cluster_3_455_i1                                                            | 0           | 0                     | 1                     | 0                    | 0.000          | 1   | 0   | 0    |
| activation1                                                                          | 1           | 1                     | 1                     | 1                    | 0.000          | 0   | 0   | 1    |
| matmul2_reshape                                                                      | 1           | 0                     | 1                     | 1                    | 0.000          | 0   | 0   | 1    |
| output_from_cluster_3_457_i1                                                         | 0           | 0                     | 0                     | 0                    | 0.000          | 0   | 1   | 0    |
| input_to_cluster_6_458_i1                                                            | 0           | 0                     | 4                     | 0                    | 0.000          | 1   | 0   | 0    |
| matmul2                                                                              | 2           | 0                     | 1                     | 2                    | 0.000          | 0   | 0   | 1    |
| output_from_cluster_6_459_i1                                                         | 0           | 0                     | 0                     | 0                    | 0.000          | 0   | 1   | 0    |
| input_to_cluster_1_460_i1                                                            | 0           | 0                     | 1                     | 0                    | 0.000          | 1   | 0   | 0    |
| input_to_cluster_6_456_i1                                                            | 0           | 0                     | 1                     | 0                    | 0.000          | 1   | 0   | 0    |
| dw1_defuse_width_feature_reshape                                                     | 1           | 0                     | 1                     | 1                    | 0.000          | 0   | 0   | 1    |
| dw1_defuse_reshape_hxf_to_w_transposed                                               | 1           | 0                     | 2                     | 1                    | 0.000          | 0   | 0   | 1    |
| output_from_cluster_6_461_i1                                                         | 0           | 0                     | 0                     | 0                    | 0.000          | 0   | 1   | 0    |
| input_to_cluster_1_462_i1                                                            | 0           | 0                     | 18                    | 0                    | 0.000          | 1   | 0   | 0    |
| dw1_defuse_1x1                                                                       | 1           | 1                     | 1                     | 19                   | 0.000          | 0   | 0   | 1    |
| conv36                                                                               | 1           | 1                     | 1                     | 2                    | 0.000          | 0   | 0   | 1    |
| output_from_cluster_1_463_i1                                                         | 0           | 0                     | 0                     | 0                    | 0.000          | 0   | 1   | 0    |
| input_to_cluster_6_464_i1                                                            | 0           | 0                     | 1                     | 0                    | 0.000          | 1   | 0   | 0    |
| input_to_cluster_4_465_i1                                                            | 0           | 0                     | 1                     | 0                    | 0.000          | 1   | 0   | 0    |
| conv37                                                                               | 1           | 1                     | 1                     | 1                    | 0.000          | 0   | 0   | 1    |
| output_from_cluster_4_466_i1                                                         | 0           | 0                     | 0                     | 0                    | 0.000          | 0   | 1   | 0    |
| input_to_cluster_6_467_i1                                                            | 0           | 0                     | 1                     | 0                    | 0.000          | 1   | 0   | 0    |
| conv38                                                                               | 1           | 1                     | 1                     | 2                    | 0.000          | 0   | 0   | 1    |
| output_from_cluster_6_468_i1                                                         | 0           | 0                     | 0                     | 0                    | 0.000          | 0   | 1   | 0    |
| input_to_cluster_5_469_i1                                                            | 0           | 0                     | 1                     | 0                    | 0.000          | 1   | 0   | 0    |
| concat8                                                                              | 1           | 0                     | 1                     | 2                    | 0.000          | 0   | 0   | 1    |
| output_from_cluster_5_470_i1                                                         | 0           | 0                     | 0                     | 0                    | 0.000          | 0   | 1   | 0    |
| input_to_cluster_2_471_i1                                                            | 0           | 0                     | 1                     | 0                    | 0.000          | 1   | 0   | 0    |
| conv39                                                                               | 2           | 2                     | 2                     | 1                    | 0.000          | 0   | 0   | 1    |
| resize1                                                                              | 1           | 0                     | 1                     | 1                    | 0.000          | 0   | 0   | 1    |
| output_from_cluster_2_474_i1                                                         | 0           | 0                     | 0                     | 0                    | 0.000          | 0   | 1   | 0    |
| input_to_cluster_5_475_i1                                                            | 0           | 0                     | 1                     | 0                    | 0.000          | 1   | 0   | 0    |
| concat9                                                                              | 1           | 0                     | 2                     | 2                    | 0.000          | 0   | 0   | 1    |
| conv_feature_splitter7_1                                                             | 2           | 2                     | 10                    | 1                    | 0.000          | 0   | 0   | 1    |
| conv_feature_splitter7_2                                                             | 2           | 2                     | 11                    | 1                    | 0.000          | 0   | 0   | 1    |
| output_from_cluster_5_476_i1                                                         | 0           | 0                     | 0                     | 0                    | 0.000          | 0   | 1   | 0    |
| input_to_cluster_1_477_i1                                                            | 0           | 0                     | 8                     | 0                    | 0.000          | 1   | 0   | 0    |
| input_to_cluster_2_478_i1                                                            | 0           | 0                     | 5                     | 0                    | 0.000          | 1   | 0   | 0    |
| conv41                                                                               | 2           | 1                     | 1                     | 5                    | 0.000          | 0   | 0   | 1    |
| output_from_cluster_2_479_i1                                                         | 0           | 0                     | 0                     | 0                    | 0.000          | 0   | 1   | 0    |
| input_to_cluster_4_480_i1                                                            | 0           | 0                     | 1                     | 0                    | 0.000          | 1   | 0   | 0    |
| conv42                                                                               | 2           | 1                     | 2                     | 1                    | 0.000          | 0   | 0   | 1    |
| output_from_cluster_4_481_i1                                                         | 0           | 0                     | 0                     | 0                    | 0.000          | 0   | 1   | 0    |
| input_to_cluster_1_482_i1                                                            | 0           | 0                     | 1                     | 0                    | 0.000          | 1   | 0   | 0    |
| ew_add10                                                                             | 1           | 1                     | 1                     | 9                    | 0.000          | 0   | 0   | 1    |
| output_from_cluster_1_483_i1                                                         | 0           | 0                     | 0                     | 0                    | 0.000          | 0   | 1   | 0    |
| input_to_cluster_5_484_i1                                                            | 0           | 0                     | 1                     | 0                    | 0.000          | 1   | 0   | 0    |
| concat10                                                                             | 1           | 0                     | 1                     | 21                   | 0.000          | 0   | 0   | 1    |
| output_from_cluster_5_485_i1                                                         | 0           | 0                     | 0                     | 0                    | 0.000          | 0   | 1   | 0    |
| input_to_cluster_0_486_i1                                                            | 0           | 0                     | 1                     | 0                    | 0.000          | 1   | 0   | 0    |
| conv43                                                                               | 2           | 2                     | 16                    | 1                    | 0.000          | 0   | 0   | 1    |
| output_from_cluster_0_487_i1                                                         | 0           | 0                     | 0                     | 0                    | 0.000          | 0   | 1   | 0    |
| input_to_cluster_1_488_i1                                                            | 0           | 0                     | 2                     | 0                    | 0.000          | 1   | 0   | 0    |
| resize2                                                                              | 1           | 0                     | 2                     | 2                    | 0.000          | 0   | 0   | 1    |
| output_from_cluster_1_489_i1                                                         | 0           | 0                     | 0                     | 0                    | 0.000          | 0   | 1   | 0    |
| input_to_cluster_4_490_i1                                                            | 0           | 0                     | 2                     | 0                    | 0.000          | 1   | 0   | 0    |
| concat11                                                                             | 1           | 0                     | 2                     | 7                    | 0.000          | 0   | 0   | 1    |
| output_from_cluster_4_491_i1                                                         | 0           | 0                     | 0                     | 0                    | 0.000          | 0   | 2   | 0    |
| input_to_cluster_2_492_i1                                                            | 0           | 0                     | 4                     | 0                    | 0.000          | 2   | 0   | 0    |
| conv_feature_splitter8_1                                                             | 4           | 4                     | 1                     | 2                    | 0.000          | 0   | 0   | 1    |
| conv_feature_splitter8_2                                                             | 4           | 2                     | 18                    | 2                    | 0.000          | 0   | 0   | 1    |
| output_from_cluster_2_493_i1                                                         | 0           | 0                     | 0                     | 0                    | 0.000          | 0   | 1   | 0    |
| input_to_cluster_4_494_i1                                                            | 0           | 0                     | 1                     | 0                    | 0.000          | 1   | 0   | 0    |
| conv45                                                                               | 2           | 2                     | 1                     | 1                    | 0.000          | 0   | 0   | 1    |
| conv46                                                                               | 2           | 1                     | 1                     | 1                    | 0.000          | 0   | 0   | 1    |
| output_from_cluster_4_495_i1                                                         | 0           | 0                     | 0                     | 0                    | 0.000          | 0   | 1   | 0    |
| input_to_cluster_2_496_i1                                                            | 0           | 0                     | 1                     | 0                    | 0.000          | 1   | 0   | 0    |
| ew_add11                                                                             | 1           | 1                     | 1                     | 7                    | 0.000          | 0   | 0   | 1    |
| concat12                                                                             | 1           | 0                     | 1                     | 8                    | 0.000          | 0   | 0   | 1    |
| conv47                                                                               | 3           | 3                     | 1                     | 1                    | 0.000          | 0   | 0   | 1    |
| output_from_cluster_2_497_i1                                                         | 0           | 0                     | 0                     | 0                    | 0.000          | 0   | 1   | 0    |
| input_to_cluster_3_498_i1                                                            | 0           | 0                     | 1                     | 0                    | 0.000          | 1   | 0   | 0    |
| sh_from_conv47_to_conv49_d0-1_dw2_sd0-1_2356                                         | 1           | 0                     | 2                     | 1                    | 0.000          | 0   | 0   | 1    |
| conv49_d0                                                                            | 8           | 4                     | 4                     | 1                    | 0.000          | 0   | 0   | 1    |
| output_from_cluster_3_528_i1                                                         | 0           | 0                     | 0                     | 0                    | 0.000          | 0   | 1   | 0    |
| input_to_cluster_2_529_i1                                                            | 0           | 0                     | 5                     | 0                    | 0.000          | 1   | 0   | 0    |
| output_from_cluster_3_544_i1                                                         | 0           | 0                     | 0                     | 0                    | 0.000          | 0   | 1   | 0    |
| input_to_cluster_2_545_i1                                                            | 0           | 0                     | 2                     | 0                    | 0.000          | 1   | 0   | 0    |
| conv49_d1                                                                            | 8           | 4                     | 4                     | 1                    | 0.000          | 0   | 0   | 1    |
| conv49_dc                                                                            | 1           | 0                     | 2                     | 9                    | 0.000          | 0   | 0   | 1    |
| conv50_d0                                                                            | 8           | 4                     | 4                     | 1                    | 0.000          | 0   | 0   | 1    |
| conv50_d1                                                                            | 8           | 4                     | 4                     | 1                    | 0.000          | 0   | 0   | 1    |
| conv50_dc                                                                            | 1           | 0                     | 1                     | 8                    | 0.000          | 0   | 0   | 1    |
| conv51                                                                               | 2           | 1                     | 1                     | 1                    | 0.000          | 0   | 0   | 1    |
| output_from_cluster_2_530_i1                                                         | 0           | 0                     | 0                     | 0                    | 0.000          | 0   | 1   | 0    |
| output_from_conv51_to_yolov8_nms_postprocess                                         | 0           | 0                     | 0                     | 0                    | 0.500          | 0   | 0   | 0    |
| dw2_sd1                                                                              | 2           | 1                     | 1                     | 1                    | 0.000          | 0   | 0   | 1    |
| output_from_cluster_2_533_i1                                                         | 0           | 0                     | 0                     | 0                    | 0.000          | 0   | 1   | 0    |
| input_to_cluster_7_534_i1                                                            | 0           | 0                     | 1                     | 0                    | 0.000          | 1   | 0   | 0    |
| input_to_cluster_4_546_i1                                                            | 0           | 0                     | 1                     | 0                    | 0.000          | 1   | 0   | 0    |
| dw2_sd0                                                                              | 2           | 1                     | 1                     | 1                    | 0.000          | 0   | 0   | 1    |
| output_from_cluster_4_531_i1                                                         | 0           | 0                     | 0                     | 0                    | 0.000          | 0   | 1   | 0    |
| input_to_cluster_7_532_i1                                                            | 0           | 0                     | 1                     | 0                    | 0.000          | 1   | 0   | 0    |
| dw2_sdc                                                                              | 1           | 0                     | 1                     | 2                    | 0.000          | 0   | 0   | 1    |
| output_from_cluster_7_535_i1                                                         | 0           | 0                     | 0                     | 0                    | 0.000          | 0   | 1   | 0    |
| input_to_cluster_0_536_i1                                                            | 0           | 0                     | 1                     | 0                    | 0.000          | 1   | 0   | 0    |
| conv52                                                                               | 2           | 1                     | 2                     | 1                    | 0.000          | 0   | 0   | 1    |
| dw3_sd0                                                                              | 2           | 1                     | 1                     | 1                    | 0.000          | 0   | 0   | 1    |
| output_from_cluster_0_539_i1                                                         | 0           | 0                     | 0                     | 0                    | 0.000          | 0   | 1   | 0    |
| input_to_cluster_5_540_i1                                                            | 0           | 0                     | 1                     | 0                    | 0.000          | 1   | 0   | 0    |
| output_from_cluster_0_537_i1                                                         | 0           | 0                     | 0                     | 0                    | 0.000          | 0   | 1   | 0    |
| input_to_cluster_6_538_i1                                                            | 0           | 0                     | 1                     | 0                    | 0.000          | 1   | 0   | 0    |
| dw3_sd1                                                                              | 2           | 1                     | 1                     | 1                    | 0.000          | 0   | 0   | 1    |
| output_from_cluster_6_541_i1                                                         | 0           | 0                     | 0                     | 0                    | 0.000          | 0   | 1   | 0    |
| input_to_cluster_5_542_i1                                                            | 0           | 0                     | 1                     | 0                    | 0.000          | 1   | 0   | 0    |
| dw3_sdc                                                                              | 1           | 0                     | 1                     | 2                    | 0.000          | 0   | 0   | 1    |
| conv53                                                                               | 2           | 1                     | 3                     | 1                    | 0.000          | 0   | 0   | 1    |
| conv54                                                                               | 1           | 1                     | 1                     | 3                    | 0.000          | 0   | 0   | 1    |
| output_from_cluster_5_543_i1                                                         | 0           | 0                     | 0                     | 0                    | 0.000          | 0   | 1   | 0    |
| output_from_conv54_to_yolov8_nms_postprocess                                         | 0           | 0                     | 0                     | 0                    | 0.500          | 0   | 0   | 0    |
| input_to_cluster_4_499_i1                                                            | 0           | 0                     | 1                     | 0                    | 0.000          | 1   | 0   | 0    |
| conv48                                                                               | 4           | 4                     | 1                     | 1                    | 0.000          | 0   | 0   | 1    |
| output_from_cluster_4_500_i1                                                         | 0           | 0                     | 0                     | 0                    | 0.000          | 0   | 1   | 0    |
| input_to_cluster_0_501_i1                                                            | 0           | 0                     | 1                     | 0                    | 0.000          | 1   | 0   | 0    |
| concat13                                                                             | 1           | 0                     | 1                     | 9                    | 0.000          | 0   | 0   | 1    |
| output_from_cluster_0_502_i1                                                         | 0           | 0                     | 0                     | 0                    | 0.000          | 0   | 1   | 0    |
| input_to_cluster_1_503_i1                                                            | 0           | 0                     | 2                     | 0                    | 0.000          | 1   | 0   | 0    |
| conv_feature_splitter9_1                                                             | 1           | 1                     | 7                     | 1                    | 0.000          | 0   | 0   | 1    |
| conv_feature_splitter9_2                                                             | 1           | 1                     | 14                    | 1                    | 0.000          | 0   | 0   | 1    |
| output_from_cluster_1_504_i1                                                         | 0           | 0                     | 0                     | 0                    | 0.000          | 0   | 1   | 0    |
| input_to_cluster_2_505_i1                                                            | 0           | 0                     | 2                     | 0                    | 0.000          | 1   | 0   | 0    |
| conv56                                                                               | 2           | 1                     | 1                     | 2                    | 0.000          | 0   | 0   | 1    |
| output_from_cluster_2_506_i1                                                         | 0           | 0                     | 0                     | 0                    | 0.000          | 0   | 1   | 0    |
| input_to_cluster_4_507_i1                                                            | 0           | 0                     | 1                     | 0                    | 0.000          | 1   | 0   | 0    |
| conv57                                                                               | 2           | 1                     | 2                     | 1                    | 0.000          | 0   | 0   | 1    |
| output_from_cluster_4_508_i1                                                         | 0           | 0                     | 0                     | 0                    | 0.000          | 0   | 1   | 0    |
| input_to_cluster_1_509_i1                                                            | 0           | 0                     | 1                     | 0                    | 0.000          | 1   | 0   | 0    |
| ew_add12                                                                             | 1           | 1                     | 1                     | 7                    | 0.000          | 0   | 0   | 1    |
| concat14                                                                             | 1           | 0                     | 1                     | 15                   | 0.000          | 0   | 0   | 1    |
| output_from_cluster_1_510_i1                                                         | 0           | 0                     | 0                     | 0                    | 0.000          | 0   | 1   | 0    |
| input_to_cluster_0_511_i1                                                            | 0           | 0                     | 1                     | 0                    | 0.000          | 1   | 0   | 0    |
| conv58                                                                               | 2           | 2                     | 6                     | 1                    | 0.000          | 0   | 0   | 1    |
| conv60                                                                               | 8           | 4                     | 1                     | 3                    | 0.000          | 0   | 0   | 1    |
| output_from_cluster_0_520_i1                                                         | 0           | 0                     | 0                     | 0                    | 0.000          | 0   | 1   | 0    |
| input_to_cluster_7_521_i1                                                            | 0           | 0                     | 1                     | 0                    | 0.000          | 1   | 0   | 0    |
| conv61                                                                               | 4           | 2                     | 4                     | 1                    | 0.000          | 0   | 0   | 1    |
| conv62                                                                               | 1           | 1                     | 1                     | 4                    | 0.000          | 0   | 0   | 1    |
| output_from_cluster_7_522_i1                                                         | 0           | 0                     | 0                     | 0                    | 0.000          | 0   | 1   | 0    |
| output_from_conv62_to_yolov8_nms_postprocess                                         | 0           | 0                     | 0                     | 0                    | 0.500          | 0   | 0   | 0    |
| output_from_cluster_0_512_i1                                                         | 0           | 0                     | 0                     | 0                    | 0.000          | 0   | 1   | 0    |
| input_to_cluster_3_513_i1                                                            | 0           | 0                     | 4                     | 0                    | 0.000          | 1   | 0   | 0    |
| conv59                                                                               | 6           | 6                     | 1                     | 2                    | 0.000          | 0   | 0   | 1    |
| dw4                                                                                  | 2           | 1                     | 1                     | 2                    | 0.000          | 0   | 0   | 1    |
| conv63                                                                               | 1           | 1                     | 1                     | 1                    | 0.000          | 0   | 0   | 1    |
| dw5                                                                                  | 1           | 1                     | 1                     | 1                    | 0.000          | 0   | 0   | 1    |
| output_from_cluster_3_523_i1                                                         | 0           | 0                     | 0                     | 0                    | 0.000          | 0   | 1   | 0    |
| input_to_cluster_5_524_i1                                                            | 0           | 0                     | 1                     | 0                    | 0.000          | 1   | 0   | 0    |
| conv64                                                                               | 1           | 1                     | 1                     | 1                    | 0.000          | 0   | 0   | 1    |
| output_from_cluster_5_525_i1                                                         | 0           | 0                     | 0                     | 0                    | 0.000          | 0   | 1   | 0    |
| input_to_cluster_0_526_i1                                                            | 0           | 0                     | 1                     | 0                    | 0.000          | 1   | 0   | 0    |
| conv65                                                                               | 1           | 1                     | 1                     | 1                    | 0.000          | 0   | 0   | 1    |
| output_from_cluster_0_527_i1                                                         | 0           | 0                     | 0                     | 0                    | 0.000          | 0   | 1   | 0    |
| output_from_conv65_to_yolov8_nms_postprocess                                         | 0           | 0                     | 0                     | 0                    | 0.500          | 0   | 0   | 0    |
| output_from_cluster_2_472_i1                                                         | 0           | 0                     | 0                     | 0                    | 0.000          | 0   | 1   | 0    |
| input_to_cluster_3_473_i1                                                            | 0           | 0                     | 3                     | 0                    | 0.000          | 1   | 0   | 0    |
| concat15                                                                             | 1           | 0                     | 2                     | 4                    | 0.000          | 0   | 0   | 1    |
| conv_feature_splitter10_2                                                            | 2           | 2                     | 3                     | 1                    | 0.000          | 0   | 0   | 1    |
| conv67                                                                               | 1           | 1                     | 2                     | 1                    | 0.000          | 0   | 0   | 1    |
| conv69                                                                               | 2           | 2                     | 1                     | 1                    | 0.000          | 0   | 0   | 1    |
| conv70                                                                               | 2           | 2                     | 1                     | 1                    | 0.000          | 0   | 0   | 1    |
| ew_add13                                                                             | 1           | 1                     | 1                     | 2                    | 0.000          | 0   | 0   | 1    |
| output_from_cluster_3_518_i1                                                         | 0           | 0                     | 0                     | 0                    | 0.000          | 0   | 1   | 0    |
| gate_rescue_repair_gate_rescue_repair_context_1_to_gate_rescue_repair_context_2_2353 | 0           | 0                     | 0                     | 0                    | 0.500          | 0   | 0   | 0    |
| conv68                                                                               | 1           | 1                     | 1                     | 1                    | 0.000          | 0   | 0   | 1    |
| output_from_cluster_3_519_i1                                                         | 0           | 0                     | 0                     | 0                    | 0.000          | 0   | 1   | 0    |
| gate_rescue_repair_gate_rescue_repair_context_1_to_gate_rescue_repair_context_2_2351 | 0           | 0                     | 0                     | 0                    | 0.500          | 0   | 0   | 0    |
| output_from_cluster_3_517_i1                                                         | 0           | 0                     | 0                     | 0                    | 0.000          | 0   | 1   | 0    |
| gate_rescue_repair_gate_rescue_repair_context_1_to_gate_rescue_repair_context_2_2349 | 0           | 0                     | 0                     | 0                    | 0.500          | 0   | 0   | 0    |
| output_from_cluster_3_514_i1                                                         | 0           | 0                     | 0                     | 0                    | 0.000          | 0   | 1   | 0    |
| input_to_cluster_0_515_i1                                                            | 0           | 0                     | 1                     | 0                    | 0.000          | 1   | 0   | 0    |
| conv_feature_splitter10_1                                                            | 2           | 2                     | 1                     | 1                    | 0.000          | 0   | 0   | 1    |
| output_from_cluster_0_516_i1                                                         | 0           | 0                     | 0                     | 0                    | 0.000          | 0   | 1   | 0    |
| gate_rescue_repair_gate_rescue_repair_context_1_to_gate_rescue_repair_context_2_2347 | 0           | 0                     | 0                     | 0                    | 0.500          | 0   | 0   | 0    |
+--------------------------------------------------------------------------------------+-------------+-----------------------+-----------------------+----------------------+----------------+-----+-----+------+
TOTAL:  LCUs: 77 (60.1562%), Subclusters: 155 (30.2734%), Weight memory cuts: 94 (9.17969%), L3 Output memory cuts: 292 (28.5156%), L3 Input memory cuts: 217 (21.1914%), L3 total cuts: 386 (37.6953%), L4 memory cuts: 0 (0%), IBs: 52 (81.25%), OBs: 48 (75%), APUs: 77 (48.125%)
[2026-09-25 06:03:13.014] [default] [info] Context:2/2 Iteration 0: Trying parallel splits...   
          cluster_0  cluster_1  cluster_2  cluster_3  cluster_4  cluster_5  cluster_6  cluster_7  prepost 
 worker0                                                                                                  
 worker1                                                                                                  
 worker2                                                                                                  
 worker3                                                                                                  

  00:13
[2026-09-25 06:03:13.114] [default] [info] Context:2/2 Iteration 4: Trying parallel mapping...  
          cluster_0  cluster_1  cluster_2  cluster_3  cluster_4  cluster_5  cluster_6  cluster_7  prepost 
 worker0  *          *          *          *          *          *          *          *          V       
 worker1                                                                                                  
 worker2                                                                                                  
 worker3                                                                                                  

  00:13
[2026-09-25 06:03:13.127] [default] [info] Context:2/2 Iteration 4: Trying parallel mapping...  
          cluster_0  cluster_1  cluster_2  cluster_3  cluster_4  cluster_5  cluster_6  cluster_7  prepost 
 worker0  *          *          *          *          *          *          *          *          V       
 worker1  *          *          *          *          *          *          *          *          V       
 worker2                                                                                                  
 worker3                                                                                                  

  00:13
[2026-09-25 06:03:13.141] [default] [info] Context:2/2 Iteration 4: Trying parallel mapping...  
          cluster_0  cluster_1  cluster_2  cluster_3  cluster_4  cluster_5  cluster_6  cluster_7  prepost 
 worker0  *          *          *          *          *          *          *          *          V       
 worker1  *          *          *          *          *          *          *          *          V       
 worker2                                                                                                  
 worker3                                                                                                  

  00:13
[2026-09-25 06:03:13.160] [default] [info] Context:2/2 Iteration 4: Trying parallel mapping...  
          cluster_0  cluster_1  cluster_2  cluster_3  cluster_4  cluster_5  cluster_6  cluster_7  prepost 
 worker0  *          *          *          *          *          *          *          *          V       
 worker1  *          *          *          *          *          *          *          *          V       
 worker2                                                                                                  
 worker3                                                                                                  

  00:13
[2026-09-25 06:03:13.172] [default] [info] Context:2/2 Iteration 4: Trying parallel mapping...  
          cluster_0  cluster_1  cluster_2  cluster_3  cluster_4  cluster_5  cluster_6  cluster_7  prepost 
 worker0  *          *          *          *          *          *          *          *          V       
 worker1  V          V          V          V          *          V          V          *          V       
 worker2                                                                                                  
 worker3                                                                                                  

  00:13
[2026-09-25 06:03:13.185] [default] [info] Context:2/2 Iteration 4: Trying parallel mapping...  
          cluster_0  cluster_1  cluster_2  cluster_3  cluster_4  cluster_5  cluster_6  cluster_7  prepost 
 worker0  *          *          V          *          V          *          *          *          V       
 worker1  V          V          V          V          *          V          V          *          V       
 worker2                                                                                                  
 worker3                                                                                                  

  00:13
[2026-09-25 06:03:13.197] [default] [info] Context:2/2 Iteration 4: Trying parallel mapping...  
          cluster_0  cluster_1  cluster_2  cluster_3  cluster_4  cluster_5  cluster_6  cluster_7  prepost 
 worker0  *          *          V          *          V          *          *          *          V       
 worker1  V          V          V          V          *          V          V          *          V       
 worker2                                                                                                  
 worker3                                                                                                  

  00:13
[2026-09-25 06:03:13.210] [default] [info] Context:2/2 Iteration 4: Trying parallel mapping...  
          cluster_0  cluster_1  cluster_2  cluster_3  cluster_4  cluster_5  cluster_6  cluster_7  prepost 
 worker0  *          *          V          *          V          *          *          *          V       
 worker1  V          V          V          V          V          V          V          *          V       
 worker2                                                                                                  
 worker3                                                                                                  

  00:13
[2026-09-25 06:03:13.222] [default] [info] Context:2/2 Iteration 4: Trying parallel mapping...  
          cluster_0  cluster_1  cluster_2  cluster_3  cluster_4  cluster_5  cluster_6  cluster_7  prepost 
 worker0  *          *          V          *          V          *          *          *          V       
 worker1  V          V          V          V          V          V          V          *          V       
 worker2                                                                                                  
 worker3                                                                                                  

  00:13
[2026-09-25 06:03:13.234] [default] [info] Context:2/2 Iteration 4: Trying parallel mapping...  
          cluster_0  cluster_1  cluster_2  cluster_3  cluster_4  cluster_5  cluster_6  cluster_7  prepost 
 worker0  *          *          V          *          V          *          *          *          V       
 worker1  V          V          V          V          V          V          V          *          V       
 worker2                                                                                                  
 worker3                                                                                                  

  00:13
[2026-09-25 06:03:13.246] [default] [info] Context:2/2 Iteration 4: Trying parallel mapping...  
          cluster_0  cluster_1  cluster_2  cluster_3  cluster_4  cluster_5  cluster_6  cluster_7  prepost 
 worker0  *          *          V          *          V          *          *          *          V       
 worker1  V          V          V          V          V          V          V          *          V       
 worker2                                                                                                  
 worker3                                                                                                  

  00:13
[2026-09-25 06:03:13.259] [default] [info] Context:2/2 Iteration 4: Trying parallel mapping...  
          cluster_0  cluster_1  cluster_2  cluster_3  cluster_4  cluster_5  cluster_6  cluster_7  prepost 
 worker0  *          *          V          *          V          *          *          *          V       
 worker1  V          V          V          V          V          V          V          *          V       
 worker2                                                                                                  
 worker3  V          *          *          *          V          *          V          *          V       

  00:13
[2026-09-25 06:03:13.272] [default] [info] Context:2/2 Iteration 4: Trying parallel mapping...  
          cluster_0  cluster_1  cluster_2  cluster_3  cluster_4  cluster_5  cluster_6  cluster_7  prepost 
 worker0  *          *          V          *          V          *          *          *          V       
 worker1  V          V          V          V          V          V          V          *          V       
 worker2                                                                                                  
 worker3  V          *          *          *          V          *          V          *          V       

  00:13
[2026-09-25 06:03:13.277] [default] [info] Post-Split Resources for gate_rescue_repair_context_2, iteration 1 (CP)
+--------------------------------------------------------------------------------------+-------------+-----------------------+-----------------------+----------------------+----------------+-----+-----+------+
| Node                                                                                 | Subclusters | L3 Weight Memory Cuts | L3 Output Memory Cuts | L3 Input Memory Cuts | L4 Memory Cuts | IBs | OBs | APUs |
+--------------------------------------------------------------------------------------+-------------+-----------------------+-----------------------+----------------------+----------------+-----+-----+------+
| gate_rescue_repair_gate_rescue_repair_context_1_to_gate_rescue_repair_context_2_2348 | 0           | 0                     | 0                     | 0                    | 0.500          | 0   | 0   | 0    |
| input_to_cluster_0_547_i1                                                            | 0           | 0                     | 1                     | 0                    | 0.000          | 1   | 0   | 0    |
| gate_rescue_repair_gate_rescue_repair_context_1_to_gate_rescue_repair_context_2_2350 | 0           | 0                     | 0                     | 0                    | 0.500          | 0   | 0   | 0    |
| input_to_cluster_0_548_i1                                                            | 0           | 0                     | 1                     | 0                    | 0.000          | 1   | 0   | 0    |
| gate_rescue_repair_gate_rescue_repair_context_1_to_gate_rescue_repair_context_2_2352 | 0           | 0                     | 0                     | 0                    | 0.500          | 0   | 0   | 0    |
| input_to_cluster_1_549_i1                                                            | 0           | 0                     | 1                     | 0                    | 0.000          | 1   | 0   | 0    |
| gate_rescue_repair_gate_rescue_repair_context_1_to_gate_rescue_repair_context_2_2354 | 0           | 0                     | 0                     | 0                    | 0.500          | 0   | 0   | 0    |
| input_to_cluster_1_550_i1                                                            | 0           | 0                     | 1                     | 0                    | 0.000          | 1   | 0   | 0    |
| conv71                                                                               | 3           | 3                     | 1                     | 1                    | 0.000          | 0   | 0   | 1    |
| conv72                                                                               | 3           | 3                     | 1                     | 1                    | 0.000          | 0   | 0   | 1    |
| gate_rescue_repair_gate_rescue_repair_context_1_to_gate_rescue_repair_context_2_2355 | 0           | 0                     | 0                     | 0                    | 0.500          | 0   | 0   | 0    |
| input_to_cluster_1_551_i1                                                            | 0           | 0                     | 1                     | 0                    | 0.000          | 1   | 0   | 0    |
| ew_add14                                                                             | 1           | 1                     | 1                     | 2                    | 0.000          | 0   | 0   | 1    |
| concat16                                                                             | 1           | 0                     | 1                     | 2                    | 0.000          | 0   | 0   | 1    |
| conv73                                                                               | 1           | 1                     | 1                     | 1                    | 0.000          | 0   | 0   | 1    |
| output_from_cluster_1_552_i1                                                         | 0           | 0                     | 0                     | 0                    | 0.000          | 0   | 1   | 0    |
| input_to_cluster_0_553_i1                                                            | 0           | 0                     | 2                     | 0                    | 0.000          | 1   | 0   | 0    |
| concat17                                                                             | 1           | 0                     | 1                     | 4                    | 0.000          | 0   | 0   | 1    |
| conv74                                                                               | 7           | 7                     | 2                     | 1                    | 0.000          | 0   | 0   | 1    |
| conv75_ws                                                                            | 1           | 0                     | 3                     | 1                    | 0.000          | 0   | 0   | 1    |
| conv75_sd0                                                                           | 8           | 8                     | 1                     | 1                    | 0.000          | 0   | 0   | 1    |
| conv75_sd1                                                                           | 8           | 8                     | 1                     | 2                    | 0.000          | 0   | 0   | 1    |
| conv75_sdc                                                                           | 1           | 0                     | 2                     | 2                    | 0.000          | 0   | 0   | 1    |
| conv76                                                                               | 3           | 3                     | 1                     | 2                    | 0.000          | 0   | 0   | 1    |
| conv77                                                                               | 1           | 1                     | 1                     | 1                    | 0.000          | 0   | 0   | 1    |
| output_from_cluster_0_554_i1                                                         | 0           | 0                     | 0                     | 0                    | 0.000          | 0   | 1   | 0    |
| output_from_conv77_to_yolov8_nms_postprocess                                         | 0           | 0                     | 0                     | 0                    | 0.500          | 0   | 0   | 0    |
| dw6_fs                                                                               | 1           | 0                     | 2                     | 1                    | 0.000          | 0   | 0   | 1    |
| dw6_d0                                                                               | 2           | 1                     | 2                     | 1                    | 0.000          | 0   | 0   | 1    |
| dw6_d1                                                                               | 2           | 1                     | 2                     | 1                    | 0.000          | 0   | 0   | 1    |
| dw6_dc                                                                               | 1           | 0                     | 1                     | 4                    | 0.000          | 0   | 0   | 1    |
| conv78                                                                               | 1           | 1                     | 1                     | 1                    | 0.000          | 0   | 0   | 1    |
| dw7                                                                                  | 1           | 1                     | 1                     | 1                    | 0.000          | 0   | 0   | 1    |
| output_from_cluster_0_555_i1                                                         | 0           | 0                     | 0                     | 0                    | 0.000          | 0   | 1   | 0    |
| input_to_cluster_1_556_i1                                                            | 0           | 0                     | 1                     | 0                    | 0.000          | 1   | 0   | 0    |
| conv79                                                                               | 1           | 1                     | 1                     | 1                    | 0.000          | 0   | 0   | 1    |
| output_from_cluster_1_557_i1                                                         | 0           | 0                     | 0                     | 0                    | 0.000          | 0   | 1   | 0    |
| input_to_cluster_0_558_i1                                                            | 0           | 0                     | 1                     | 0                    | 0.000          | 1   | 0   | 0    |
| conv80                                                                               | 1           | 1                     | 1                     | 1                    | 0.000          | 0   | 0   | 1    |
| output_from_cluster_0_559_i1                                                         | 0           | 0                     | 0                     | 0                    | 0.000          | 0   | 1   | 0    |
| output_from_conv80_to_yolov8_nms_postprocess                                         | 0           | 0                     | 0                     | 0                    | 0.500          | 0   | 0   | 0    |
+--------------------------------------------------------------------------------------+-------------+-----------------------+-----------------------+----------------------+----------------+-----+-----+------+
TOTAL:  LCUs: 21 (16.4062%), Subclusters: 49 (9.57031%), Weight memory cuts: 41 (4.00391%), L3 Output memory cuts: 37 (3.61328%), L3 Input memory cuts: 32 (3.125%), L3 total cuts: 78 (7.61719%), L4 memory cuts: 0 (0%), IBs: 8 (12.5%), OBs: 5 (7.8125%), APUs: 21 (13.125%)
[2026-09-25 06:03:13.282] [default] [info] Post-Split Buffers for gate_rescue_repair_context_2, iteration 1 (CP) buffers:
+--------------------------------------------------------------------------------------+----------------------------------------------+----------------------------+
| Src                                                                                  | Dst                                          | Buffers                    |
+--------------------------------------------------------------------------------------+----------------------------------------------+----------------------------+
| gate_rescue_repair_gate_rescue_repair_context_1_to_gate_rescue_repair_context_2_2348 | input_to_cluster_0_547_i1                    | 1 (L3 memory cuts: 1)      |
| input_to_cluster_0_547_i1                                                            | concat17                                     | 3 (L3 memory cuts: 1)      |
| gate_rescue_repair_gate_rescue_repair_context_1_to_gate_rescue_repair_context_2_2350 | input_to_cluster_0_548_i1                    | 1 (L3 memory cuts: 1)      |
| input_to_cluster_0_548_i1                                                            | concat17                                     | 3 (L3 memory cuts: 1)      |
| gate_rescue_repair_gate_rescue_repair_context_1_to_gate_rescue_repair_context_2_2352 | input_to_cluster_1_549_i1                    | 1 (L3 memory cuts: 1)      |
| input_to_cluster_1_549_i1                                                            | concat16                                     | 3 (L3 memory cuts: 1)      |
| gate_rescue_repair_gate_rescue_repair_context_1_to_gate_rescue_repair_context_2_2354 | input_to_cluster_1_550_i1                    | 1 (L3 memory cuts: 1)      |
| input_to_cluster_1_550_i1                                                            | conv71                                       | 4 (L3 memory cuts: 1)      |
| conv71                                                                               | conv72                                       | 5[S] (L3 memory cuts: 1)   |
| conv72                                                                               | ew_add14                                     | 2 (L3 memory cuts: 1)      |
| gate_rescue_repair_gate_rescue_repair_context_1_to_gate_rescue_repair_context_2_2355 | input_to_cluster_1_551_i1                    | 1 (L3 memory cuts: 1)      |
| input_to_cluster_1_551_i1                                                            | ew_add14                                     | 2 (L3 memory cuts: 1)      |
| ew_add14                                                                             | concat16                                     | 2 (L3 memory cuts: 1)      |
| concat16                                                                             | conv73                                       | 2[S] (L3 memory cuts: 1)   |
| conv73                                                                               | output_from_cluster_1_552_i1                 | 1[RPC] (L3 memory cuts: 1) |
| output_from_cluster_1_552_i1                                                         | input_to_cluster_0_553_i1                    | 2[RPC] (L3 memory cuts: 2) |
| input_to_cluster_0_553_i1                                                            | concat17                                     | 2[RPC] (L3 memory cuts: 2) |
| concat17                                                                             | conv74                                       | 2[S] (L3 memory cuts: 1)   |
| conv74                                                                               | conv75_ws                                    | 1[RPC] (L3 memory cuts: 1) |
| conv74                                                                               | dw6_fs                                       | 1[RPC] (L3 memory cuts: 1) |
| conv75_ws                                                                            | conv75_sd0                                   | 1[RPC] (L3 memory cuts: 1) |
| conv75_ws                                                                            | conv75_sd1                                   | 2[RPC] (L3 memory cuts: 2) |
| conv75_sd0                                                                           | conv75_sdc                                   | 2 (L3 memory cuts: 1)      |
| conv75_sd1                                                                           | conv75_sdc                                   | 1[RPC] (L3 memory cuts: 1) |
| conv75_sdc                                                                           | conv76                                       | 2[RPC] (L3 memory cuts: 2) |
| conv76                                                                               | conv77                                       | 1[S] (L3 memory cuts: 1)   |
| conv77                                                                               | output_from_cluster_0_554_i1                 | 1 (L3 memory cuts: 1)      |
| output_from_cluster_0_554_i1                                                         | output_from_conv77_to_yolov8_nms_postprocess | 1 (L3 memory cuts: 1)      |
| dw6_fs                                                                               | dw6_d0                                       | 1 (L3 memory cuts: 1)      |
| dw6_fs                                                                               | dw6_d1                                       | 1 (L3 memory cuts: 1)      |
| dw6_d0                                                                               | dw6_dc                                       | 2[RPC] (L3 memory cuts: 2) |
| dw6_d1                                                                               | dw6_dc                                       | 2[RPC] (L3 memory cuts: 2) |
| dw6_dc                                                                               | conv78                                       | 2[S] (L3 memory cuts: 1)   |
| conv78                                                                               | dw7                                          | 4 (L3 memory cuts: 1)      |
| dw7                                                                                  | output_from_cluster_0_555_i1                 | 2 (L3 memory cuts: 1)      |
| output_from_cluster_0_555_i1                                                         | input_to_cluster_1_556_i1                    | 2 (L3 memory cuts: 1)      |
| input_to_cluster_1_556_i1                                                            | conv79                                       | 2 (L3 memory cuts: 1)      |
| conv79                                                                               | output_from_cluster_1_557_i1                 | 1[S] (L3 memory cuts: 1)   |
| output_from_cluster_1_557_i1                                                         | input_to_cluster_0_558_i1                    | 2[S] (L3 memory cuts: 1)   |
| input_to_cluster_0_558_i1                                                            | conv80                                       | 1[S] (L3 memory cuts: 1)   |
| conv80                                                                               | output_from_cluster_0_559_i1                 | 1 (L3 memory cuts: 1)      |
| output_from_cluster_0_559_i1                                                         | output_from_conv80_to_yolov8_nms_postprocess | 1 (L3 memory cuts: 1)      |
+--------------------------------------------------------------------------------------+----------------------------------------------+----------------------------+
[2026-09-25 06:03:13.284] [default] [info] Context:2/2 Iteration 4: Trying parallel mapping...  
          cluster_0  cluster_1  cluster_2  cluster_3  cluster_4  cluster_5  cluster_6  cluster_7  prepost 
 worker0  *          *          V          *          V          *          *          *          V       
 worker1  V          V          V          V          V          V          V          *          V       
 worker2                                                                                                  
 worker3  V          *          *          *          V          *          V          *          V       

  00:13
[2026-09-25 06:03:13.297] [default] [info] Context:2/2 Iteration 4: Trying parallel mapping...  
          cluster_0  cluster_1  cluster_2  cluster_3  cluster_4  cluster_5  cluster_6  cluster_7  prepost 
 worker0  *          *          V          *          V          *          *          *          V       
 worker1  V          V          V          V          V          V          V          *          V       
 worker2                                                                                                  
 worker3  V          *          *          *          V          *          V          *          V       

  00:13
[2026-09-25 06:03:13.309] [default] [info] Context:2/2 Iteration 4: Trying parallel mapping...  
          cluster_0  cluster_1  cluster_2  cluster_3  cluster_4  cluster_5  cluster_6  cluster_7  prepost 
 worker0  *          *          V          *          V          *          *          *          V       
 worker1  V          V          V          V          V          V          V          *          V       
 worker2                                                                                                  
 worker3  V          *          *          *          V          *          V          *          V       

  00:13
[2026-09-25 06:03:13.321] [default] [info] Context:2/2 Iteration 4: Trying parallel mapping...  
          cluster_0  cluster_1  cluster_2  cluster_3  cluster_4  cluster_5  cluster_6  cluster_7  prepost 
 worker0  *          *          V          *          V          *          *          *          V       
 worker1  V          V          V          V          V          V          V          *          V       
 worker2                                                                                                  
 worker3  V          *          *          *          V          *          V          *          V       

  00:13
[2026-09-25 06:03:13.334] [default] [info] Context:2/2 Iteration 4: Trying parallel mapping...  
          cluster_0  cluster_1  cluster_2  cluster_3  cluster_4  cluster_5  cluster_6  cluster_7  prepost 
 worker0  *          *          V          *          V          *          *          *          V       
 worker1  V          V          V          V          V          V          V          *          V       
 worker2                                                                                                  
 worker3  V          *          *          *          V          *          V          *          V       

  00:13
[2026-09-25 06:03:13.346] [default] [info] Context:2/2 Iteration 4: Trying parallel mapping...  
          cluster_0  cluster_1  cluster_2  cluster_3  cluster_4  cluster_5  cluster_6  cluster_7  prepost 
 worker0  *          *          V          *          V          *          *          *          V       
 worker1  V          V          V          V          V          V          V          *          V       
 worker2                                                                                                  
 worker3  V          *          *          *          V          *          V          *          V       

  00:14
[2026-09-25 06:03:13.359] [default] [info] Context:2/2 Iteration 4: Trying parallel mapping...  
          cluster_0  cluster_1  cluster_2  cluster_3  cluster_4  cluster_5  cluster_6  cluster_7  prepost 
 worker0  *          *          V          *          V          *          *          *          V       
 worker1  V          V          V          V          V          V          V          *          V       
 worker2                                                                                                  
 worker3  V          *          *          *          V          *          V          *          V       

  00:14
[2026-09-25 06:03:13.371] [default] [info] Context:2/2 Iteration 4: Trying parallel mapping...  
          cluster_0  cluster_1  cluster_2  cluster_3  cluster_4  cluster_5  cluster_6  cluster_7  prepost 
 worker0  *          *          V          *          V          *          *          *          V       
 worker1  V          V          V          V          V          V          V          *          V       
 worker2                                                                                                  
 worker3  V          *          *          *          V          *          V          *          V       

  00:14
[2026-09-25 06:03:13.384] [default] [info] Context:2/2 Iteration 4: Trying parallel mapping...  
          cluster_0  cluster_1  cluster_2  cluster_3  cluster_4  cluster_5  cluster_6  cluster_7  prepost 
 worker0  *          *          V          *          V          *          *          *          V       
 worker1  V          V          V          V          V          V          V          *          V       
 worker2                                                                                                  
 worker3  V          *          *          *          V          *          V          *          V       

  00:14
[2026-09-25 06:03:13.388] [default] [info] Post-Final-Split Resources for gate_rescue_repair_context_2, iteration 4
+--------------------------------------------------------------------------------------+-------------+-----------------------+-----------------------+----------------------+----------------+-----+-----+------+
| Node                                                                                 | Subclusters | L3 Weight Memory Cuts | L3 Output Memory Cuts | L3 Input Memory Cuts | L4 Memory Cuts | IBs | OBs | APUs |
+--------------------------------------------------------------------------------------+-------------+-----------------------+-----------------------+----------------------+----------------+-----+-----+------+
| gate_rescue_repair_gate_rescue_repair_context_1_to_gate_rescue_repair_context_2_2348 | 0           | 0                     | 0                     | 0                    | 0.500          | 0   | 0   | 0    |
| input_to_cluster_0_547_i1                                                            | 0           | 0                     | 1                     | 0                    | 0.000          | 1   | 0   | 0    |
| gate_rescue_repair_gate_rescue_repair_context_1_to_gate_rescue_repair_context_2_2350 | 0           | 0                     | 0                     | 0                    | 0.500          | 0   | 0   | 0    |
| input_to_cluster_0_548_i1                                                            | 0           | 0                     | 1                     | 0                    | 0.000          | 1   | 0   | 0    |
| gate_rescue_repair_gate_rescue_repair_context_1_to_gate_rescue_repair_context_2_2352 | 0           | 0                     | 0                     | 0                    | 0.500          | 0   | 0   | 0    |
| input_to_cluster_1_549_i1                                                            | 0           | 0                     | 1                     | 0                    | 0.000          | 1   | 0   | 0    |
| gate_rescue_repair_gate_rescue_repair_context_1_to_gate_rescue_repair_context_2_2354 | 0           | 0                     | 0                     | 0                    | 0.500          | 0   | 0   | 0    |
| input_to_cluster_1_550_i1                                                            | 0           | 0                     | 1                     | 0                    | 0.000          | 1   | 0   | 0    |
| conv71                                                                               | 3           | 3                     | 1                     | 1                    | 0.000          | 0   | 0   | 1    |
| conv72                                                                               | 3           | 3                     | 1                     | 1                    | 0.000          | 0   | 0   | 1    |
| gate_rescue_repair_gate_rescue_repair_context_1_to_gate_rescue_repair_context_2_2355 | 0           | 0                     | 0                     | 0                    | 0.500          | 0   | 0   | 0    |
| input_to_cluster_1_551_i1                                                            | 0           | 0                     | 1                     | 0                    | 0.000          | 1   | 0   | 0    |
| ew_add14                                                                             | 1           | 1                     | 1                     | 2                    | 0.000          | 0   | 0   | 1    |
| concat16                                                                             | 1           | 0                     | 1                     | 2                    | 0.000          | 0   | 0   | 1    |
| conv73                                                                               | 1           | 1                     | 1                     | 1                    | 0.000          | 0   | 0   | 1    |
| output_from_cluster_1_552_i1                                                         | 0           | 0                     | 0                     | 0                    | 0.000          | 0   | 1   | 0    |
| input_to_cluster_0_553_i1                                                            | 0           | 0                     | 2                     | 0                    | 0.000          | 1   | 0   | 0    |
| concat17                                                                             | 1           | 0                     | 1                     | 4                    | 0.000          | 0   | 0   | 1    |
| conv74                                                                               | 7           | 7                     | 2                     | 1                    | 0.000          | 0   | 0   | 1    |
| conv75_ws                                                                            | 1           | 0                     | 3                     | 1                    | 0.000          | 0   | 0   | 1    |
| conv75_sd0                                                                           | 8           | 8                     | 1                     | 1                    | 0.000          | 0   | 0   | 1    |
| conv75_sd1                                                                           | 8           | 8                     | 1                     | 2                    | 0.000          | 0   | 0   | 1    |
| conv75_sdc                                                                           | 1           | 0                     | 2                     | 2                    | 0.000          | 0   | 0   | 1    |
| conv76                                                                               | 3           | 3                     | 1                     | 2                    | 0.000          | 0   | 0   | 1    |
| conv77                                                                               | 1           | 1                     | 1                     | 1                    | 0.000          | 0   | 0   | 1    |
| output_from_cluster_0_554_i1                                                         | 0           | 0                     | 0                     | 0                    | 0.000          | 0   | 1   | 0    |
| output_from_conv77_to_yolov8_nms_postprocess                                         | 0           | 0                     | 0                     | 0                    | 0.500          | 0   | 0   | 0    |
| dw6_fs                                                                               | 1           | 0                     | 2                     | 1                    | 0.000          | 0   | 0   | 1    |
| dw6_d0                                                                               | 2           | 1                     | 2                     | 1                    | 0.000          | 0   | 0   | 1    |
| dw6_d1                                                                               | 2           | 1                     | 2                     | 1                    | 0.000          | 0   | 0   | 1    |
| dw6_dc                                                                               | 1           | 0                     | 1                     | 4                    | 0.000          | 0   | 0   | 1    |
| conv78                                                                               | 1           | 1                     | 1                     | 1                    | 0.000          | 0   | 0   | 1    |
| dw7                                                                                  | 1           | 1                     | 1                     | 1                    | 0.000          | 0   | 0   | 1    |
| output_from_cluster_0_555_i1                                                         | 0           | 0                     | 0                     | 0                    | 0.000          | 0   | 1   | 0    |
| input_to_cluster_1_556_i1                                                            | 0           | 0                     | 1                     | 0                    | 0.000          | 1   | 0   | 0    |
| conv79                                                                               | 1           | 1                     | 1                     | 1                    | 0.000          | 0   | 0   | 1    |
| output_from_cluster_1_557_i1                                                         | 0           | 0                     | 0                     | 0                    | 0.000          | 0   | 1   | 0    |
| input_to_cluster_0_558_i1                                                            | 0           | 0                     | 1                     | 0                    | 0.000          | 1   | 0   | 0    |
| conv80                                                                               | 1           | 1                     | 1                     | 1                    | 0.000          | 0   | 0   | 1    |
| output_from_cluster_0_559_i1                                                         | 0           | 0                     | 0                     | 0                    | 0.000          | 0   | 1   | 0    |
| output_from_conv80_to_yolov8_nms_postprocess                                         | 0           | 0                     | 0                     | 0                    | 0.500          | 0   | 0   | 0    |
+--------------------------------------------------------------------------------------+-------------+-----------------------+-----------------------+----------------------+----------------+-----+-----+------+
TOTAL:  LCUs: 21 (16.4062%), Subclusters: 49 (9.57031%), Weight memory cuts: 41 (4.00391%), L3 Output memory cuts: 37 (3.61328%), L3 Input memory cuts: 32 (3.125%), L3 total cuts: 78 (7.61719%), L4 memory cuts: 0 (0%), IBs: 8 (12.5%), OBs: 5 (7.8125%), APUs: 21 (13.125%)
[2026-09-25 06:03:13.444] [default] [info] gate_rescue_repair_context_0 (gate_rescue_repair_context_0):
Iterations: 4
Reverts on cluster mapping: 0
Reverts on inter-cluster connectivity: 0
Reverts on pre-mapping validation: 0
Reverts on split failed: 0
[2026-09-25 06:03:13.444] [default] [info] gate_rescue_repair_context_1 (gate_rescue_repair_context_1):
Iterations: 4
Reverts on cluster mapping: 0
Reverts on inter-cluster connectivity: 0
Reverts on pre-mapping validation: 0
Reverts on split failed: 0
[2026-09-25 06:03:13.444] [default] [info] gate_rescue_repair_context_2 (gate_rescue_repair_context_2):
Iterations: 4
Reverts on cluster mapping: 0
Reverts on inter-cluster connectivity: 0
Reverts on pre-mapping validation: 0
Reverts on split failed: 0
[2026-09-25 06:03:13.460] [default] [info] Resolver passed at control_util 0.6 with 153.982 FPS. Setting new partition.
[2026-09-25 06:03:16.092] [default] [info] context gate_rescue_repair_context_0 Post-Allocation FPS from simulation: 924.761
[2026-09-25 06:03:16.311] [default] [info] context gate_rescue_repair_context_1 Post-Allocation FPS from simulation: 1095.8
[2026-09-25 06:03:16.348] [default] [info] context gate_rescue_repair_context_2 Post-Allocation FPS from simulation: 2817.93
[2026-09-25 06:03:16.357] [default] [info] gate_rescue_repair_context_0 utilization: 
[2026-09-25 06:03:16.357] [default] [info] +-----------+---------------------+---------------------+--------------------+
[2026-09-25 06:03:16.357] [default] [info] | Cluster   | Control Utilization | Compute Utilization | Memory Utilization |
[2026-09-25 06:03:16.357] [default] [info] +-----------+---------------------+---------------------+--------------------+
[2026-09-25 06:03:16.357] [default] [info] | cluster_0 | 31.3%               | 20.3%               | 20.3%              |
[2026-09-25 06:03:16.357] [default] [info] | cluster_1 | 62.5%               | 53.1%               | 43.8%              |
[2026-09-25 06:03:16.357] [default] [info] | cluster_2 | 81.3%               | 26.6%               | 37.5%              |
[2026-09-25 06:03:16.357] [default] [info] | cluster_3 | 50%                 | 28.1%               | 28.9%              |
[2026-09-25 06:03:16.357] [default] [info] | cluster_4 | 100%                | 34.4%               | 35.9%              |
[2026-09-25 06:03:16.357] [default] [info] | cluster_5 | 87.5%               | 39.1%               | 46.1%              |
[2026-09-25 06:03:16.357] [default] [info] | cluster_6 | 25%                 | 7.8%                | 13.3%              |
[2026-09-25 06:03:16.357] [default] [info] | cluster_7 | 43.8%               | 26.6%               | 32.8%              |
[2026-09-25 06:03:16.357] [default] [info] +-----------+---------------------+---------------------+--------------------+
[2026-09-25 06:03:16.357] [default] [info] | Total     | 60.2%               | 29.5%               | 32.3%              |
[2026-09-25 06:03:16.357] [default] [info] +-----------+---------------------+---------------------+--------------------+
[2026-09-25 06:03:16.357] [default] [info] gate_rescue_repair_context_1 utilization: 
[2026-09-25 06:03:16.357] [default] [info] +-----------+---------------------+---------------------+--------------------+
[2026-09-25 06:03:16.357] [default] [info] | Cluster   | Control Utilization | Compute Utilization | Memory Utilization |
[2026-09-25 06:03:16.357] [default] [info] +-----------+---------------------+---------------------+--------------------+
[2026-09-25 06:03:16.357] [default] [info] | cluster_0 | 50%                 | 31.3%               | 37.5%              |
[2026-09-25 06:03:16.357] [default] [info] | cluster_1 | 56.3%               | 18.8%               | 35.9%              |
[2026-09-25 06:03:16.357] [default] [info] | cluster_2 | 93.8%               | 48.4%               | 43%                |
[2026-09-25 06:03:16.357] [default] [info] | cluster_3 | 18.8%               | 9.4%                | 9.4%               |
[2026-09-25 06:03:16.357] [default] [info] | cluster_4 | 100%                | 78.1%               | 71.9%              |
[2026-09-25 06:03:16.357] [default] [info] | cluster_5 | 50%                 | 25%                 | 27.3%              |
[2026-09-25 06:03:16.357] [default] [info] | cluster_6 | 50%                 | 12.5%               | 53.1%              |
[2026-09-25 06:03:16.357] [default] [info] | cluster_7 | 62.5%               | 18.8%               | 23.4%              |
[2026-09-25 06:03:16.357] [default] [info] +-----------+---------------------+---------------------+--------------------+
[2026-09-25 06:03:16.357] [default] [info] | Total     | 60.2%               | 30.3%               | 37.7%              |
[2026-09-25 06:03:16.357] [default] [info] +-----------+---------------------+---------------------+--------------------+
[2026-09-25 06:03:16.357] [default] [info] gate_rescue_repair_context_2 utilization: 
[2026-09-25 06:03:16.357] [default] [info] +-----------+---------------------+---------------------+--------------------+
[2026-09-25 06:03:16.357] [default] [info] | Cluster   | Control Utilization | Compute Utilization | Memory Utilization |
[2026-09-25 06:03:16.357] [default] [info] +-----------+---------------------+---------------------+--------------------+
[2026-09-25 06:03:16.357] [default] [info] | cluster_2 | 93.8%               | 60.9%               | 46.1%              |
[2026-09-25 06:03:16.357] [default] [info] | cluster_4 | 37.5%               | 15.6%               | 14.8%              |
[2026-09-25 06:03:16.357] [default] [info] +-----------+---------------------+---------------------+--------------------+
[2026-09-25 06:03:16.357] [default] [info] | Total     | 16.4%               | 9.6%                | 7.6%               |
[2026-09-25 06:03:16.357] [default] [info] +-----------+---------------------+---------------------+--------------------+
[2026-09-25 06:03:16.389] [default] [info] Successful Mapping (allocation time: 12m 57s)
[2026-09-25 06:03:16.432] [default] [info] Compiling kernels of gate_rescue_repair_context_0...
[2026-09-25 06:03:16.706] [default] [info] Microcode violation: DUAL_BUFFER_FLIP_OUT in the next 1 cycles after APU_WRITE_TO_MEM
 in layer conv6, line: 36
[2026-09-25 06:03:16.930] [default] [info] Microcode violation: DUAL_BUFFER_FLIP_OUT in the next 1 cycles after APU_WRITE_TO_MEM
 in layer conv11, line: 37
[2026-09-25 06:03:17.017] [default] [info] Microcode violation: DUAL_BUFFER_FLIP_OUT in the next 1 cycles after APU_WRITE_TO_MEM
 in layer conv14, line: 33
[2026-09-25 06:03:17.352] [default] [info] Microcode violation: DUAL_BUFFER_FLIP_OUT in the next 1 cycles after APU_WRITE_TO_MEM
 in layer conv15, line: 33
[2026-09-25 06:03:17.381] [default] [info] Microcode violation: DUAL_BUFFER_FLIP_OUT in the next 1 cycles after APU_WRITE_TO_MEM
 in layer conv21, line: 37
[2026-09-25 06:03:17.470] [default] [info] Microcode violation: DUAL_BUFFER_FLIP_OUT in the next 1 cycles after APU_WRITE_TO_MEM
 in layer conv24, line: 33
[2026-09-25 06:03:18.335] [default] [info] Microcode violation: DUAL_BUFFER_FLIP_OUT in the next 1 cycles after APU_WRITE_TO_MEM
 in layer conv25, line: 33
[2026-09-25 06:03:18.382] [default] [info] Microcode violation: DUAL_BUFFER_FLIP_OUT in the next 1 cycles after APU_WRITE_TO_MEM
 in layer conv32, line: 51
[2026-09-25 06:03:18.505] [default] [info] Microcode violation: DUAL_BUFFER_FLIP_OUT in the next 1 cycles after APU_WRITE_TO_MEM
 in layer conv_feature_splitter5_1, line: 46
[2026-09-25 06:03:18.536] [default] [info] Microcode violation: DUAL_BUFFER_FLIP_OUT in the next 1 cycles after APU_WRITE_TO_MEM
 in layer conv_feature_splitter5_2, line: 59
[2026-09-25 06:03:18.582] [default] [info] Kernels with microcoder violation: conv6, conv11, conv14, conv15, conv21, conv24, conv25, conv32, conv_feature_splitter5_1, conv_feature_splitter5_2, 
[2026-09-25 06:03:18.746] [default] [info] Compiling kernels of gate_rescue_repair_context_1...
[2026-09-25 06:03:18.865] [default] [info] Microcode violation: DUAL_BUFFER_FLIP_OUT in the next 1 cycles after APU_WRITE_TO_MEM
 in layer dw1_defuse_width_feature_reshape, line: 10
[2026-09-25 06:03:18.866] [default] [info] Microcode violation: DUAL_BUFFER_FLIP_OUT in the next 1 cycles after APU_WRITE_TO_MEM
 in layer dw1_defuse_width_feature_reshape, line: 39
[2026-09-25 06:03:18.986] [default] [info] Microcode violation: DUAL_BUFFER_FLIP_OUT in the next 1 cycles after APU_WRITE_TO_MEM
 in layer conv38, line: 55
[2026-09-25 06:03:19.018] [default] [info] Microcode violation: DUAL_BUFFER_FLIP_OUT in the next 1 cycles after APU_WRITE_TO_MEM
 in layer conv39, line: 53
[2026-09-25 06:03:19.026] [default] [info] Microcode violation: DUAL_BUFFER_FLIP_OUT in the next 1 cycles after APU_WRITE_TO_MEM
 in layer resize1, line: 15
[2026-09-25 06:03:19.042] [default] [info] Microcode violation: DUAL_BUFFER_FLIP_OUT in the next 1 cycles after APU_WRITE_TO_MEM
 in layer conv_feature_splitter7_1, line: 37
[2026-09-25 06:03:19.060] [default] [info] Microcode violation: DUAL_BUFFER_FLIP_OUT in the next 1 cycles after APU_WRITE_TO_MEM
 in layer conv_feature_splitter7_2, line: 42
[2026-09-25 06:03:19.309] [default] [info] Microcode violation: DUAL_BUFFER_FLIP_OUT in the next 1 cycles after APU_WRITE_TO_MEM
 in layer conv43, line: 37
[2026-09-25 06:03:19.315] [default] [info] Microcode violation: DUAL_BUFFER_FLIP_OUT in the next 1 cycles after APU_WRITE_TO_MEM
 in layer resize2, line: 16
[2026-09-25 06:03:19.446] [default] [info] Microcode violation: DUAL_BUFFER_FLIP_OUT in the next 1 cycles after APU_WRITE_TO_MEM
 in layer conv47, line: 37
[2026-09-25 06:03:19.631] [default] [info] Microcode violation: DUAL_BUFFER_FLIP_OUT in the next 1 cycles after APU_WRITE_TO_MEM
 in layer conv51, line: 68
[2026-09-25 06:03:19.855] [default] [info] Microcode violation: DUAL_BUFFER_FLIP_OUT in the next 1 cycles after APU_WRITE_TO_MEM
 in layer conv54, line: 30
[2026-09-25 06:03:19.903] [default] [info] Microcode violation: DUAL_BUFFER_FLIP_OUT in the next 1 cycles after APU_WRITE_TO_MEM
 in layer conv_feature_splitter9_1, line: 33
[2026-09-25 06:03:19.920] [default] [info] Microcode violation: DUAL_BUFFER_FLIP_OUT in the next 1 cycles after APU_WRITE_TO_MEM
 in layer conv_feature_splitter9_2, line: 50
[2026-09-25 06:03:20.163] [default] [info] Microcode violation: DUAL_BUFFER_FLIP_OUT in the next 1 cycles after APU_WRITE_TO_MEM
 in layer conv58, line: 37
[2026-09-25 06:03:20.420] [default] [info] Microcode violation: DUAL_BUFFER_FLIP_OUT in the next 1 cycles after APU_WRITE_TO_MEM
 in layer conv62, line: 33
[2026-09-25 06:03:20.670] [default] [info] Microcode violation: DUAL_BUFFER_FLIP_OUT in the next 1 cycles after APU_WRITE_TO_MEM
 in layer conv65, line: 30
[2026-09-25 06:03:20.698] [default] [info] Microcode violation: DUAL_BUFFER_FLIP_OUT in the next 1 cycles after APU_WRITE_TO_MEM
 in layer conv_feature_splitter10_2, line: 37
[2026-09-25 06:03:20.960] [default] [info] Microcode violation: DUAL_BUFFER_FLIP_OUT in the next 1 cycles after APU_WRITE_TO_MEM
 in layer conv_feature_splitter10_1, line: 37
[2026-09-25 06:03:20.966] [default] [info] Kernels with microcoder violation: dw1_defuse_width_feature_reshape, conv38, conv39, resize1, conv_feature_splitter7_1, conv_feature_splitter7_2, conv43, resize2, conv47, conv51, conv_feature_splitter9_1, conv_feature_splitter9_2, conv54, conv58, conv62, conv_feature_splitter10_1, conv_feature_splitter10_2, conv65, 
[2026-09-25 06:03:21.138] [default] [info] Compiling kernels of gate_rescue_repair_context_2...
[2026-09-25 06:03:21.330] [default] [info] Microcode violation: DUAL_BUFFER_FLIP_OUT in the next 1 cycles after APU_WRITE_TO_MEM
 in layer conv73, line: 46
[2026-09-25 06:03:21.354] [default] [info] Microcode violation: DUAL_BUFFER_FLIP_OUT in the next 1 cycles after APU_WRITE_TO_MEM
 in layer conv74, line: 37
[2026-09-25 06:03:21.633] [default] [info] Microcode violation: DUAL_BUFFER_FLIP_OUT in the next 1 cycles after APU_WRITE_TO_MEM
 in layer conv77, line: 33
[2026-09-25 06:03:21.760] [default] [info] Microcode violation: DUAL_BUFFER_FLIP_OUT in the next 1 cycles after APU_WRITE_TO_MEM
 in layer conv78, line: 33
[2026-09-25 06:03:21.909] [default] [info] Microcode violation: DUAL_BUFFER_FLIP_OUT in the next 1 cycles after APU_WRITE_TO_MEM
 in layer conv80, line: 30
[2026-09-25 06:03:21.912] [default] [info] Kernels with microcoder violation: conv73, conv74, conv77, conv78, conv80, 
[2026-09-25 06:03:21.952] [default] [info] Bandwidth of model inputs: 9.375 Mbps, outputs: 4.29382 Mbps (for a single frame)
[2026-09-25 06:03:21.952] [default] [info] Bandwidth of DDR buffers: 0.0 Mbps (for a single frame)
[2026-09-25 06:03:21.952] [default] [info] Bandwidth of inter context tensors: 21.3013 Mbps (for a single frame)
[2026-09-25 06:03:22.052] [default] [info] Building HEF...
[2026-09-25 06:03:25.577] [default] [info] Successful Compilation (compilation time: 9s)
[2026-09-25 06:03:25.743] [default] [info] Builder successful
